ISO-10303-21;
HEADER;
FILE_DESCRIPTION(('FreeCAD Model'),'2;1');
FILE_NAME('Open CASCADE Shape Model','2026-09-12T16:39:29',('FreeCAD'),(
    'FreeCAD'),'Open CASCADE STEP processor 7.8','FreeCAD','Unknown');
FILE_SCHEMA(('AUTOMOTIVE_DESIGN { 1 0 10303 214 1 1 1 1 }'));
ENDSEC;
DATA;
#1 = APPLICATION_PROTOCOL_DEFINITION('international standard',
  'automotive_design',2000,#2);
#2 = APPLICATION_CONTEXT(
  'core data for automotive mechanical design processes');
#3 = SHAPE_DEFINITION_REPRESENTATION(#4,#10);
#4 = PRODUCT_DEFINITION_SHAPE('','',#5);
#5 = PRODUCT_DEFINITION('design','',#6,#9);
#6 = PRODUCT_DEFINITION_FORMATION('','',#7);
#7 = PRODUCT('Open CASCADE STEP translator 7.8 2',
  'Open CASCADE STEP translator 7.8 2','',(#8));
#8 = PRODUCT_CONTEXT('',#2,'mechanical');
#9 = PRODUCT_DEFINITION_CONTEXT('part definition',#2,'design');
#10 = SHAPE_REPRESENTATION('',(#11,#15,#165,#315,#465,#615,#765,#915,
    #1065,#1215,#1365,#1515,#1665,#1815,#1965,#2115,#2265,#2415,#2468,
    #2618,#2768,#2918,#3068,#3218,#3368,#3518,#3668,#3818,#3968,#4118,
    #4268,#4418,#4568,#4718,#4868,#5018,#5071,#5124,#5274,#5327,#5380,
    #5433,#5486,#5539,#5592,#5742,#5892,#6042,#6192,#6245,#6395,#6545,
    #6695,#6845,#6898,#6951,#7004,#7057,#7110,#7163,#7216,#7269,#7322,
    #7472,#7622,#7772,#7922,#7975,#8125,#8275,#8425,#8575,#8628,#8681,
    #8734,#8787,#8840,#8893,#8946,#8999,#9052,#9202,#9352,#9502,#9652,
    #9705,#9855,#10005,#10155,#10305,#10358,#10508,#10658,#10711,#10764,
    #10801,#10951,#11004,#11154,#11304,#11454,#11604,#11754,#11904,
    #12054,#12204,#12257,#12310,#12363,#12416,#12469,#12522,#12575,
    #12628,#12778,#12928,#13078,#13228,#13265,#13415,#13468,#13521,
    #13574,#13724,#13874,#13911,#13964),#14017);
#11 = AXIS2_PLACEMENT_3D('',#12,#13,#14);
#12 = CARTESIAN_POINT('',(0.,0.,0.));
#13 = DIRECTION('',(0.,0.,1.));
#14 = DIRECTION('',(1.,0.,-0.));
#15 = MANIFOLD_SOLID_BREP('',#16);
#16 = CLOSED_SHELL('',(#17,#57,#97,#119,#141,#153));
#17 = ADVANCED_FACE('',(#18),#52,.F.);
#18 = FACE_BOUND('',#19,.F.);
#19 = EDGE_LOOP('',(#20,#30,#38,#46));
#20 = ORIENTED_EDGE('',*,*,#21,.F.);
#21 = EDGE_CURVE('',#22,#24,#26,.T.);
#22 = VERTEX_POINT('',#23);
#23 = CARTESIAN_POINT('',(6.11E+03,4.128E+03,6.476E+03));
#24 = VERTEX_POINT('',#25);
#25 = CARTESIAN_POINT('',(6.11E+03,4.128E+03,6.496E+03));
#26 = LINE('',#27,#28);
#27 = CARTESIAN_POINT('',(6.11E+03,4.128E+03,6.476E+03));
#28 = VECTOR('',#29,1.);
#29 = DIRECTION('',(0.,0.,1.));
#30 = ORIENTED_EDGE('',*,*,#31,.T.);
#31 = EDGE_CURVE('',#22,#32,#34,.T.);
#32 = VERTEX_POINT('',#33);
#33 = CARTESIAN_POINT('',(6.11E+03,4.728E+03,6.476E+03));
#34 = LINE('',#35,#36);
#35 = CARTESIAN_POINT('',(6.11E+03,4.128E+03,6.476E+03));
#36 = VECTOR('',#37,1.);
#37 = DIRECTION('',(0.,1.,0.));
#38 = ORIENTED_EDGE('',*,*,#39,.T.);
#39 = EDGE_CURVE('',#32,#40,#42,.T.);
#40 = VERTEX_POINT('',#41);
#41 = CARTESIAN_POINT('',(6.11E+03,4.728E+03,6.496E+03));
#42 = LINE('',#43,#44);
#43 = CARTESIAN_POINT('',(6.11E+03,4.728E+03,6.476E+03));
#44 = VECTOR('',#45,1.);
#45 = DIRECTION('',(0.,0.,1.));
#46 = ORIENTED_EDGE('',*,*,#47,.F.);
#47 = EDGE_CURVE('',#24,#40,#48,.T.);
#48 = LINE('',#49,#50);
#49 = CARTESIAN_POINT('',(6.11E+03,4.128E+03,6.496E+03));
#50 = VECTOR('',#51,1.);
#51 = DIRECTION('',(0.,1.,0.));
#52 = PLANE('',#53);
#53 = AXIS2_PLACEMENT_3D('',#54,#55,#56);
#54 = CARTESIAN_POINT('',(6.11E+03,4.128E+03,6.476E+03));
#55 = DIRECTION('',(1.,0.,0.));
#56 = DIRECTION('',(0.,0.,1.));
#57 = ADVANCED_FACE('',(#58),#92,.T.);
#58 = FACE_BOUND('',#59,.T.);
#59 = EDGE_LOOP('',(#60,#70,#78,#86));
#60 = ORIENTED_EDGE('',*,*,#61,.F.);
#61 = EDGE_CURVE('',#62,#64,#66,.T.);
#62 = VERTEX_POINT('',#63);
#63 = CARTESIAN_POINT('',(6.71E+03,4.128E+03,6.476E+03));
#64 = VERTEX_POINT('',#65);
#65 = CARTESIAN_POINT('',(6.71E+03,4.128E+03,6.496E+03));
#66 = LINE('',#67,#68);
#67 = CARTESIAN_POINT('',(6.71E+03,4.128E+03,6.476E+03));
#68 = VECTOR('',#69,1.);
#69 = DIRECTION('',(0.,0.,1.));
#70 = ORIENTED_EDGE('',*,*,#71,.T.);
#71 = EDGE_CURVE('',#62,#72,#74,.T.);
#72 = VERTEX_POINT('',#73);
#73 = CARTESIAN_POINT('',(6.71E+03,4.728E+03,6.476E+03));
#74 = LINE('',#75,#76);
#75 = CARTESIAN_POINT('',(6.71E+03,4.128E+03,6.476E+03));
#76 = VECTOR('',#77,1.);
#77 = DIRECTION('',(0.,1.,0.));
#78 = ORIENTED_EDGE('',*,*,#79,.T.);
#79 = EDGE_CURVE('',#72,#80,#82,.T.);
#80 = VERTEX_POINT('',#81);
#81 = CARTESIAN_POINT('',(6.71E+03,4.728E+03,6.496E+03));
#82 = LINE('',#83,#84);
#83 = CARTESIAN_POINT('',(6.71E+03,4.728E+03,6.476E+03));
#84 = VECTOR('',#85,1.);
#85 = DIRECTION('',(0.,0.,1.));
#86 = ORIENTED_EDGE('',*,*,#87,.F.);
#87 = EDGE_CURVE('',#64,#80,#88,.T.);
#88 = LINE('',#89,#90);
#89 = CARTESIAN_POINT('',(6.71E+03,4.128E+03,6.496E+03));
#90 = VECTOR('',#91,1.);
#91 = DIRECTION('',(0.,1.,0.));
#92 = PLANE('',#93);
#93 = AXIS2_PLACEMENT_3D('',#94,#95,#96);
#94 = CARTESIAN_POINT('',(6.71E+03,4.128E+03,6.476E+03));
#95 = DIRECTION('',(1.,0.,0.));
#96 = DIRECTION('',(0.,0.,1.));
#97 = ADVANCED_FACE('',(#98),#114,.F.);
#98 = FACE_BOUND('',#99,.F.);
#99 = EDGE_LOOP('',(#100,#106,#107,#113));
#100 = ORIENTED_EDGE('',*,*,#101,.F.);
#101 = EDGE_CURVE('',#22,#62,#102,.T.);
#102 = LINE('',#103,#104);
#103 = CARTESIAN_POINT('',(6.11E+03,4.128E+03,6.476E+03));
#104 = VECTOR('',#105,1.);
#105 = DIRECTION('',(1.,0.,0.));
#106 = ORIENTED_EDGE('',*,*,#21,.T.);
#107 = ORIENTED_EDGE('',*,*,#108,.T.);
#108 = EDGE_CURVE('',#24,#64,#109,.T.);
#109 = LINE('',#110,#111);
#110 = CARTESIAN_POINT('',(6.11E+03,4.128E+03,6.496E+03));
#111 = VECTOR('',#112,1.);
#112 = DIRECTION('',(1.,0.,0.));
#113 = ORIENTED_EDGE('',*,*,#61,.F.);
#114 = PLANE('',#115);
#115 = AXIS2_PLACEMENT_3D('',#116,#117,#118);
#116 = CARTESIAN_POINT('',(6.11E+03,4.128E+03,6.476E+03));
#117 = DIRECTION('',(0.,1.,0.));
#118 = DIRECTION('',(0.,0.,1.));
#119 = ADVANCED_FACE('',(#120),#136,.T.);
#120 = FACE_BOUND('',#121,.T.);
#121 = EDGE_LOOP('',(#122,#128,#129,#135));
#122 = ORIENTED_EDGE('',*,*,#123,.F.);
#123 = EDGE_CURVE('',#32,#72,#124,.T.);
#124 = LINE('',#125,#126);
#125 = CARTESIAN_POINT('',(6.11E+03,4.728E+03,6.476E+03));
#126 = VECTOR('',#127,1.);
#127 = DIRECTION('',(1.,0.,0.));
#128 = ORIENTED_EDGE('',*,*,#39,.T.);
#129 = ORIENTED_EDGE('',*,*,#130,.T.);
#130 = EDGE_CURVE('',#40,#80,#131,.T.);
#131 = LINE('',#132,#133);
#132 = CARTESIAN_POINT('',(6.11E+03,4.728E+03,6.496E+03));
#133 = VECTOR('',#134,1.);
#134 = DIRECTION('',(1.,0.,0.));
#135 = ORIENTED_EDGE('',*,*,#79,.F.);
#136 = PLANE('',#137);
#137 = AXIS2_PLACEMENT_3D('',#138,#139,#140);
#138 = CARTESIAN_POINT('',(6.11E+03,4.728E+03,6.476E+03));
#139 = DIRECTION('',(0.,1.,0.));
#140 = DIRECTION('',(0.,0.,1.));
#141 = ADVANCED_FACE('',(#142),#148,.F.);
#142 = FACE_BOUND('',#143,.F.);
#143 = EDGE_LOOP('',(#144,#145,#146,#147));
#144 = ORIENTED_EDGE('',*,*,#31,.F.);
#145 = ORIENTED_EDGE('',*,*,#101,.T.);
#146 = ORIENTED_EDGE('',*,*,#71,.T.);
#147 = ORIENTED_EDGE('',*,*,#123,.F.);
#148 = PLANE('',#149);
#149 = AXIS2_PLACEMENT_3D('',#150,#151,#152);
#150 = CARTESIAN_POINT('',(6.11E+03,4.128E+03,6.476E+03));
#151 = DIRECTION('',(0.,0.,1.));
#152 = DIRECTION('',(1.,0.,0.));
#153 = ADVANCED_FACE('',(#154),#160,.T.);
#154 = FACE_BOUND('',#155,.T.);
#155 = EDGE_LOOP('',(#156,#157,#158,#159));
#156 = ORIENTED_EDGE('',*,*,#47,.F.);
#157 = ORIENTED_EDGE('',*,*,#108,.T.);
#158 = ORIENTED_EDGE('',*,*,#87,.T.);
#159 = ORIENTED_EDGE('',*,*,#130,.F.);
#160 = PLANE('',#161);
#161 = AXIS2_PLACEMENT_3D('',#162,#163,#164);
#162 = CARTESIAN_POINT('',(6.11E+03,4.128E+03,6.496E+03));
#163 = DIRECTION('',(0.,0.,1.));
#164 = DIRECTION('',(1.,0.,0.));
#165 = MANIFOLD_SOLID_BREP('',#166);
#166 = CLOSED_SHELL('',(#167,#207,#247,#269,#291,#303));
#167 = ADVANCED_FACE('',(#168),#202,.F.);
#168 = FACE_BOUND('',#169,.F.);
#169 = EDGE_LOOP('',(#170,#180,#188,#196));
#170 = ORIENTED_EDGE('',*,*,#171,.F.);
#171 = EDGE_CURVE('',#172,#174,#176,.T.);
#172 = VERTEX_POINT('',#173);
#173 = CARTESIAN_POINT('',(7.787E+03,4.128E+03,6.476E+03));
#174 = VERTEX_POINT('',#175);
#175 = CARTESIAN_POINT('',(7.787E+03,4.128E+03,6.496E+03));
#176 = LINE('',#177,#178);
#177 = CARTESIAN_POINT('',(7.787E+03,4.128E+03,6.476E+03));
#178 = VECTOR('',#179,1.);
#179 = DIRECTION('',(0.,0.,1.));
#180 = ORIENTED_EDGE('',*,*,#181,.T.);
#181 = EDGE_CURVE('',#172,#182,#184,.T.);
#182 = VERTEX_POINT('',#183);
#183 = CARTESIAN_POINT('',(7.787E+03,4.728E+03,6.476E+03));
#184 = LINE('',#185,#186);
#185 = CARTESIAN_POINT('',(7.787E+03,4.128E+03,6.476E+03));
#186 = VECTOR('',#187,1.);
#187 = DIRECTION('',(0.,1.,0.));
#188 = ORIENTED_EDGE('',*,*,#189,.T.);
#189 = EDGE_CURVE('',#182,#190,#192,.T.);
#190 = VERTEX_POINT('',#191);
#191 = CARTESIAN_POINT('',(7.787E+03,4.728E+03,6.496E+03));
#192 = LINE('',#193,#194);
#193 = CARTESIAN_POINT('',(7.787E+03,4.728E+03,6.476E+03));
#194 = VECTOR('',#195,1.);
#195 = DIRECTION('',(0.,0.,1.));
#196 = ORIENTED_EDGE('',*,*,#197,.F.);
#197 = EDGE_CURVE('',#174,#190,#198,.T.);
#198 = LINE('',#199,#200);
#199 = CARTESIAN_POINT('',(7.787E+03,4.128E+03,6.496E+03));
#200 = VECTOR('',#201,1.);
#201 = DIRECTION('',(0.,1.,0.));
#202 = PLANE('',#203);
#203 = AXIS2_PLACEMENT_3D('',#204,#205,#206);
#204 = CARTESIAN_POINT('',(7.787E+03,4.128E+03,6.476E+03));
#205 = DIRECTION('',(1.,0.,0.));
#206 = DIRECTION('',(0.,0.,1.));
#207 = ADVANCED_FACE('',(#208),#242,.T.);
#208 = FACE_BOUND('',#209,.T.);
#209 = EDGE_LOOP('',(#210,#220,#228,#236));
#210 = ORIENTED_EDGE('',*,*,#211,.F.);
#211 = EDGE_CURVE('',#212,#214,#216,.T.);
#212 = VERTEX_POINT('',#213);
#213 = CARTESIAN_POINT('',(8.387E+03,4.128E+03,6.476E+03));
#214 = VERTEX_POINT('',#215);
#215 = CARTESIAN_POINT('',(8.387E+03,4.128E+03,6.496E+03));
#216 = LINE('',#217,#218);
#217 = CARTESIAN_POINT('',(8.387E+03,4.128E+03,6.476E+03));
#218 = VECTOR('',#219,1.);
#219 = DIRECTION('',(0.,0.,1.));
#220 = ORIENTED_EDGE('',*,*,#221,.T.);
#221 = EDGE_CURVE('',#212,#222,#224,.T.);
#222 = VERTEX_POINT('',#223);
#223 = CARTESIAN_POINT('',(8.387E+03,4.728E+03,6.476E+03));
#224 = LINE('',#225,#226);
#225 = CARTESIAN_POINT('',(8.387E+03,4.128E+03,6.476E+03));
#226 = VECTOR('',#227,1.);
#227 = DIRECTION('',(0.,1.,0.));
#228 = ORIENTED_EDGE('',*,*,#229,.T.);
#229 = EDGE_CURVE('',#222,#230,#232,.T.);
#230 = VERTEX_POINT('',#231);
#231 = CARTESIAN_POINT('',(8.387E+03,4.728E+03,6.496E+03));
#232 = LINE('',#233,#234);
#233 = CARTESIAN_POINT('',(8.387E+03,4.728E+03,6.476E+03));
#234 = VECTOR('',#235,1.);
#235 = DIRECTION('',(0.,0.,1.));
#236 = ORIENTED_EDGE('',*,*,#237,.F.);
#237 = EDGE_CURVE('',#214,#230,#238,.T.);
#238 = LINE('',#239,#240);
#239 = CARTESIAN_POINT('',(8.387E+03,4.128E+03,6.496E+03));
#240 = VECTOR('',#241,1.);
#241 = DIRECTION('',(0.,1.,0.));
#242 = PLANE('',#243);
#243 = AXIS2_PLACEMENT_3D('',#244,#245,#246);
#244 = CARTESIAN_POINT('',(8.387E+03,4.128E+03,6.476E+03));
#245 = DIRECTION('',(1.,0.,0.));
#246 = DIRECTION('',(0.,0.,1.));
#247 = ADVANCED_FACE('',(#248),#264,.F.);
#248 = FACE_BOUND('',#249,.F.);
#249 = EDGE_LOOP('',(#250,#256,#257,#263));
#250 = ORIENTED_EDGE('',*,*,#251,.F.);
#251 = EDGE_CURVE('',#172,#212,#252,.T.);
#252 = LINE('',#253,#254);
#253 = CARTESIAN_POINT('',(7.787E+03,4.128E+03,6.476E+03));
#254 = VECTOR('',#255,1.);
#255 = DIRECTION('',(1.,0.,0.));
#256 = ORIENTED_EDGE('',*,*,#171,.T.);
#257 = ORIENTED_EDGE('',*,*,#258,.T.);
#258 = EDGE_CURVE('',#174,#214,#259,.T.);
#259 = LINE('',#260,#261);
#260 = CARTESIAN_POINT('',(7.787E+03,4.128E+03,6.496E+03));
#261 = VECTOR('',#262,1.);
#262 = DIRECTION('',(1.,0.,0.));
#263 = ORIENTED_EDGE('',*,*,#211,.F.);
#264 = PLANE('',#265);
#265 = AXIS2_PLACEMENT_3D('',#266,#267,#268);
#266 = CARTESIAN_POINT('',(7.787E+03,4.128E+03,6.476E+03));
#267 = DIRECTION('',(0.,1.,0.));
#268 = DIRECTION('',(0.,0.,1.));
#269 = ADVANCED_FACE('',(#270),#286,.T.);
#270 = FACE_BOUND('',#271,.T.);
#271 = EDGE_LOOP('',(#272,#278,#279,#285));
#272 = ORIENTED_EDGE('',*,*,#273,.F.);
#273 = EDGE_CURVE('',#182,#222,#274,.T.);
#274 = LINE('',#275,#276);
#275 = CARTESIAN_POINT('',(7.787E+03,4.728E+03,6.476E+03));
#276 = VECTOR('',#277,1.);
#277 = DIRECTION('',(1.,0.,0.));
#278 = ORIENTED_EDGE('',*,*,#189,.T.);
#279 = ORIENTED_EDGE('',*,*,#280,.T.);
#280 = EDGE_CURVE('',#190,#230,#281,.T.);
#281 = LINE('',#282,#283);
#282 = CARTESIAN_POINT('',(7.787E+03,4.728E+03,6.496E+03));
#283 = VECTOR('',#284,1.);
#284 = DIRECTION('',(1.,0.,0.));
#285 = ORIENTED_EDGE('',*,*,#229,.F.);
#286 = PLANE('',#287);
#287 = AXIS2_PLACEMENT_3D('',#288,#289,#290);
#288 = CARTESIAN_POINT('',(7.787E+03,4.728E+03,6.476E+03));
#289 = DIRECTION('',(0.,1.,0.));
#290 = DIRECTION('',(0.,0.,1.));
#291 = ADVANCED_FACE('',(#292),#298,.F.);
#292 = FACE_BOUND('',#293,.F.);
#293 = EDGE_LOOP('',(#294,#295,#296,#297));
#294 = ORIENTED_EDGE('',*,*,#181,.F.);
#295 = ORIENTED_EDGE('',*,*,#251,.T.);
#296 = ORIENTED_EDGE('',*,*,#221,.T.);
#297 = ORIENTED_EDGE('',*,*,#273,.F.);
#298 = PLANE('',#299);
#299 = AXIS2_PLACEMENT_3D('',#300,#301,#302);
#300 = CARTESIAN_POINT('',(7.787E+03,4.128E+03,6.476E+03));
#301 = DIRECTION('',(0.,0.,1.));
#302 = DIRECTION('',(1.,0.,0.));
#303 = ADVANCED_FACE('',(#304),#310,.T.);
#304 = FACE_BOUND('',#305,.T.);
#305 = EDGE_LOOP('',(#306,#307,#308,#309));
#306 = ORIENTED_EDGE('',*,*,#197,.F.);
#307 = ORIENTED_EDGE('',*,*,#258,.T.);
#308 = ORIENTED_EDGE('',*,*,#237,.T.);
#309 = ORIENTED_EDGE('',*,*,#280,.F.);
#310 = PLANE('',#311);
#311 = AXIS2_PLACEMENT_3D('',#312,#313,#314);
#312 = CARTESIAN_POINT('',(7.787E+03,4.128E+03,6.496E+03));
#313 = DIRECTION('',(0.,0.,1.));
#314 = DIRECTION('',(1.,0.,0.));
#315 = MANIFOLD_SOLID_BREP('',#316);
#316 = CLOSED_SHELL('',(#317,#357,#397,#419,#441,#453));
#317 = ADVANCED_FACE('',(#318),#352,.F.);
#318 = FACE_BOUND('',#319,.F.);
#319 = EDGE_LOOP('',(#320,#330,#338,#346));
#320 = ORIENTED_EDGE('',*,*,#321,.F.);
#321 = EDGE_CURVE('',#322,#324,#326,.T.);
#322 = VERTEX_POINT('',#323);
#323 = CARTESIAN_POINT('',(7.123E+03,5.485E+03,5.876E+03));
#324 = VERTEX_POINT('',#325);
#325 = CARTESIAN_POINT('',(7.123E+03,5.485E+03,5.896E+03));
#326 = LINE('',#327,#328);
#327 = CARTESIAN_POINT('',(7.123E+03,5.485E+03,5.876E+03));
#328 = VECTOR('',#329,1.);
#329 = DIRECTION('',(0.,0.,1.));
#330 = ORIENTED_EDGE('',*,*,#331,.T.);
#331 = EDGE_CURVE('',#322,#332,#334,.T.);
#332 = VERTEX_POINT('',#333);
#333 = CARTESIAN_POINT('',(7.123E+03,5.735E+03,5.876E+03));
#334 = LINE('',#335,#336);
#335 = CARTESIAN_POINT('',(7.123E+03,5.485E+03,5.876E+03));
#336 = VECTOR('',#337,1.);
#337 = DIRECTION('',(0.,1.,0.));
#338 = ORIENTED_EDGE('',*,*,#339,.T.);
#339 = EDGE_CURVE('',#332,#340,#342,.T.);
#340 = VERTEX_POINT('',#341);
#341 = CARTESIAN_POINT('',(7.123E+03,5.735E+03,5.896E+03));
#342 = LINE('',#343,#344);
#343 = CARTESIAN_POINT('',(7.123E+03,5.735E+03,5.876E+03));
#344 = VECTOR('',#345,1.);
#345 = DIRECTION('',(0.,0.,1.));
#346 = ORIENTED_EDGE('',*,*,#347,.F.);
#347 = EDGE_CURVE('',#324,#340,#348,.T.);
#348 = LINE('',#349,#350);
#349 = CARTESIAN_POINT('',(7.123E+03,5.485E+03,5.896E+03));
#350 = VECTOR('',#351,1.);
#351 = DIRECTION('',(0.,1.,0.));
#352 = PLANE('',#353);
#353 = AXIS2_PLACEMENT_3D('',#354,#355,#356);
#354 = CARTESIAN_POINT('',(7.123E+03,5.485E+03,5.876E+03));
#355 = DIRECTION('',(1.,0.,0.));
#356 = DIRECTION('',(0.,0.,1.));
#357 = ADVANCED_FACE('',(#358),#392,.T.);
#358 = FACE_BOUND('',#359,.T.);
#359 = EDGE_LOOP('',(#360,#370,#378,#386));
#360 = ORIENTED_EDGE('',*,*,#361,.F.);
#361 = EDGE_CURVE('',#362,#364,#366,.T.);
#362 = VERTEX_POINT('',#363);
#363 = CARTESIAN_POINT('',(7.373E+03,5.485E+03,5.876E+03));
#364 = VERTEX_POINT('',#365);
#365 = CARTESIAN_POINT('',(7.373E+03,5.485E+03,5.896E+03));
#366 = LINE('',#367,#368);
#367 = CARTESIAN_POINT('',(7.373E+03,5.485E+03,5.876E+03));
#368 = VECTOR('',#369,1.);
#369 = DIRECTION('',(0.,0.,1.));
#370 = ORIENTED_EDGE('',*,*,#371,.T.);
#371 = EDGE_CURVE('',#362,#372,#374,.T.);
#372 = VERTEX_POINT('',#373);
#373 = CARTESIAN_POINT('',(7.373E+03,5.735E+03,5.876E+03));
#374 = LINE('',#375,#376);
#375 = CARTESIAN_POINT('',(7.373E+03,5.485E+03,5.876E+03));
#376 = VECTOR('',#377,1.);
#377 = DIRECTION('',(0.,1.,0.));
#378 = ORIENTED_EDGE('',*,*,#379,.T.);
#379 = EDGE_CURVE('',#372,#380,#382,.T.);
#380 = VERTEX_POINT('',#381);
#381 = CARTESIAN_POINT('',(7.373E+03,5.735E+03,5.896E+03));
#382 = LINE('',#383,#384);
#383 = CARTESIAN_POINT('',(7.373E+03,5.735E+03,5.876E+03));
#384 = VECTOR('',#385,1.);
#385 = DIRECTION('',(0.,0.,1.));
#386 = ORIENTED_EDGE('',*,*,#387,.F.);
#387 = EDGE_CURVE('',#364,#380,#388,.T.);
#388 = LINE('',#389,#390);
#389 = CARTESIAN_POINT('',(7.373E+03,5.485E+03,5.896E+03));
#390 = VECTOR('',#391,1.);
#391 = DIRECTION('',(0.,1.,0.));
#392 = PLANE('',#393);
#393 = AXIS2_PLACEMENT_3D('',#394,#395,#396);
#394 = CARTESIAN_POINT('',(7.373E+03,5.485E+03,5.876E+03));
#395 = DIRECTION('',(1.,0.,0.));
#396 = DIRECTION('',(0.,0.,1.));
#397 = ADVANCED_FACE('',(#398),#414,.F.);
#398 = FACE_BOUND('',#399,.F.);
#399 = EDGE_LOOP('',(#400,#406,#407,#413));
#400 = ORIENTED_EDGE('',*,*,#401,.F.);
#401 = EDGE_CURVE('',#322,#362,#402,.T.);
#402 = LINE('',#403,#404);
#403 = CARTESIAN_POINT('',(7.123E+03,5.485E+03,5.876E+03));
#404 = VECTOR('',#405,1.);
#405 = DIRECTION('',(1.,0.,0.));
#406 = ORIENTED_EDGE('',*,*,#321,.T.);
#407 = ORIENTED_EDGE('',*,*,#408,.T.);
#408 = EDGE_CURVE('',#324,#364,#409,.T.);
#409 = LINE('',#410,#411);
#410 = CARTESIAN_POINT('',(7.123E+03,5.485E+03,5.896E+03));
#411 = VECTOR('',#412,1.);
#412 = DIRECTION('',(1.,0.,0.));
#413 = ORIENTED_EDGE('',*,*,#361,.F.);
#414 = PLANE('',#415);
#415 = AXIS2_PLACEMENT_3D('',#416,#417,#418);
#416 = CARTESIAN_POINT('',(7.123E+03,5.485E+03,5.876E+03));
#417 = DIRECTION('',(0.,1.,0.));
#418 = DIRECTION('',(0.,0.,1.));
#419 = ADVANCED_FACE('',(#420),#436,.T.);
#420 = FACE_BOUND('',#421,.T.);
#421 = EDGE_LOOP('',(#422,#428,#429,#435));
#422 = ORIENTED_EDGE('',*,*,#423,.F.);
#423 = EDGE_CURVE('',#332,#372,#424,.T.);
#424 = LINE('',#425,#426);
#425 = CARTESIAN_POINT('',(7.123E+03,5.735E+03,5.876E+03));
#426 = VECTOR('',#427,1.);
#427 = DIRECTION('',(1.,0.,0.));
#428 = ORIENTED_EDGE('',*,*,#339,.T.);
#429 = ORIENTED_EDGE('',*,*,#430,.T.);
#430 = EDGE_CURVE('',#340,#380,#431,.T.);
#431 = LINE('',#432,#433);
#432 = CARTESIAN_POINT('',(7.123E+03,5.735E+03,5.896E+03));
#433 = VECTOR('',#434,1.);
#434 = DIRECTION('',(1.,0.,0.));
#435 = ORIENTED_EDGE('',*,*,#379,.F.);
#436 = PLANE('',#437);
#437 = AXIS2_PLACEMENT_3D('',#438,#439,#440);
#438 = CARTESIAN_POINT('',(7.123E+03,5.735E+03,5.876E+03));
#439 = DIRECTION('',(0.,1.,0.));
#440 = DIRECTION('',(0.,0.,1.));
#441 = ADVANCED_FACE('',(#442),#448,.F.);
#442 = FACE_BOUND('',#443,.F.);
#443 = EDGE_LOOP('',(#444,#445,#446,#447));
#444 = ORIENTED_EDGE('',*,*,#331,.F.);
#445 = ORIENTED_EDGE('',*,*,#401,.T.);
#446 = ORIENTED_EDGE('',*,*,#371,.T.);
#447 = ORIENTED_EDGE('',*,*,#423,.F.);
#448 = PLANE('',#449);
#449 = AXIS2_PLACEMENT_3D('',#450,#451,#452);
#450 = CARTESIAN_POINT('',(7.123E+03,5.485E+03,5.876E+03));
#451 = DIRECTION('',(0.,0.,1.));
#452 = DIRECTION('',(1.,0.,0.));
#453 = ADVANCED_FACE('',(#454),#460,.T.);
#454 = FACE_BOUND('',#455,.T.);
#455 = EDGE_LOOP('',(#456,#457,#458,#459));
#456 = ORIENTED_EDGE('',*,*,#347,.F.);
#457 = ORIENTED_EDGE('',*,*,#408,.T.);
#458 = ORIENTED_EDGE('',*,*,#387,.T.);
#459 = ORIENTED_EDGE('',*,*,#430,.F.);
#460 = PLANE('',#461);
#461 = AXIS2_PLACEMENT_3D('',#462,#463,#464);
#462 = CARTESIAN_POINT('',(7.123E+03,5.485E+03,5.896E+03));
#463 = DIRECTION('',(0.,0.,1.));
#464 = DIRECTION('',(1.,0.,0.));
#465 = MANIFOLD_SOLID_BREP('',#466);
#466 = CLOSED_SHELL('',(#467,#507,#547,#569,#591,#603));
#467 = ADVANCED_FACE('',(#468),#502,.F.);
#468 = FACE_BOUND('',#469,.F.);
#469 = EDGE_LOOP('',(#470,#480,#488,#496));
#470 = ORIENTED_EDGE('',*,*,#471,.F.);
#471 = EDGE_CURVE('',#472,#474,#476,.T.);
#472 = VERTEX_POINT('',#473);
#473 = CARTESIAN_POINT('',(-5.393E+03,2.631E+03,6.476E+03));
#474 = VERTEX_POINT('',#475);
#475 = CARTESIAN_POINT('',(-5.393E+03,2.631E+03,6.496E+03));
#476 = LINE('',#477,#478);
#477 = CARTESIAN_POINT('',(-5.393E+03,2.631E+03,6.476E+03));
#478 = VECTOR('',#479,1.);
#479 = DIRECTION('',(0.,0.,1.));
#480 = ORIENTED_EDGE('',*,*,#481,.T.);
#481 = EDGE_CURVE('',#472,#482,#484,.T.);
#482 = VERTEX_POINT('',#483);
#483 = CARTESIAN_POINT('',(-5.393E+03,3.231E+03,6.476E+03));
#484 = LINE('',#485,#486);
#485 = CARTESIAN_POINT('',(-5.393E+03,2.631E+03,6.476E+03));
#486 = VECTOR('',#487,1.);
#487 = DIRECTION('',(0.,1.,0.));
#488 = ORIENTED_EDGE('',*,*,#489,.T.);
#489 = EDGE_CURVE('',#482,#490,#492,.T.);
#490 = VERTEX_POINT('',#491);
#491 = CARTESIAN_POINT('',(-5.393E+03,3.231E+03,6.496E+03));
#492 = LINE('',#493,#494);
#493 = CARTESIAN_POINT('',(-5.393E+03,3.231E+03,6.476E+03));
#494 = VECTOR('',#495,1.);
#495 = DIRECTION('',(0.,0.,1.));
#496 = ORIENTED_EDGE('',*,*,#497,.F.);
#497 = EDGE_CURVE('',#474,#490,#498,.T.);
#498 = LINE('',#499,#500);
#499 = CARTESIAN_POINT('',(-5.393E+03,2.631E+03,6.496E+03));
#500 = VECTOR('',#501,1.);
#501 = DIRECTION('',(0.,1.,0.));
#502 = PLANE('',#503);
#503 = AXIS2_PLACEMENT_3D('',#504,#505,#506);
#504 = CARTESIAN_POINT('',(-5.393E+03,2.631E+03,6.476E+03));
#505 = DIRECTION('',(1.,0.,0.));
#506 = DIRECTION('',(0.,0.,1.));
#507 = ADVANCED_FACE('',(#508),#542,.T.);
#508 = FACE_BOUND('',#509,.T.);
#509 = EDGE_LOOP('',(#510,#520,#528,#536));
#510 = ORIENTED_EDGE('',*,*,#511,.F.);
#511 = EDGE_CURVE('',#512,#514,#516,.T.);
#512 = VERTEX_POINT('',#513);
#513 = CARTESIAN_POINT('',(-4.793E+03,2.631E+03,6.476E+03));
#514 = VERTEX_POINT('',#515);
#515 = CARTESIAN_POINT('',(-4.793E+03,2.631E+03,6.496E+03));
#516 = LINE('',#517,#518);
#517 = CARTESIAN_POINT('',(-4.793E+03,2.631E+03,6.476E+03));
#518 = VECTOR('',#519,1.);
#519 = DIRECTION('',(0.,0.,1.));
#520 = ORIENTED_EDGE('',*,*,#521,.T.);
#521 = EDGE_CURVE('',#512,#522,#524,.T.);
#522 = VERTEX_POINT('',#523);
#523 = CARTESIAN_POINT('',(-4.793E+03,3.231E+03,6.476E+03));
#524 = LINE('',#525,#526);
#525 = CARTESIAN_POINT('',(-4.793E+03,2.631E+03,6.476E+03));
#526 = VECTOR('',#527,1.);
#527 = DIRECTION('',(0.,1.,0.));
#528 = ORIENTED_EDGE('',*,*,#529,.T.);
#529 = EDGE_CURVE('',#522,#530,#532,.T.);
#530 = VERTEX_POINT('',#531);
#531 = CARTESIAN_POINT('',(-4.793E+03,3.231E+03,6.496E+03));
#532 = LINE('',#533,#534);
#533 = CARTESIAN_POINT('',(-4.793E+03,3.231E+03,6.476E+03));
#534 = VECTOR('',#535,1.);
#535 = DIRECTION('',(0.,0.,1.));
#536 = ORIENTED_EDGE('',*,*,#537,.F.);
#537 = EDGE_CURVE('',#514,#530,#538,.T.);
#538 = LINE('',#539,#540);
#539 = CARTESIAN_POINT('',(-4.793E+03,2.631E+03,6.496E+03));
#540 = VECTOR('',#541,1.);
#541 = DIRECTION('',(0.,1.,0.));
#542 = PLANE('',#543);
#543 = AXIS2_PLACEMENT_3D('',#544,#545,#546);
#544 = CARTESIAN_POINT('',(-4.793E+03,2.631E+03,6.476E+03));
#545 = DIRECTION('',(1.,0.,0.));
#546 = DIRECTION('',(0.,0.,1.));
#547 = ADVANCED_FACE('',(#548),#564,.F.);
#548 = FACE_BOUND('',#549,.F.);
#549 = EDGE_LOOP('',(#550,#556,#557,#563));
#550 = ORIENTED_EDGE('',*,*,#551,.F.);
#551 = EDGE_CURVE('',#472,#512,#552,.T.);
#552 = LINE('',#553,#554);
#553 = CARTESIAN_POINT('',(-5.393E+03,2.631E+03,6.476E+03));
#554 = VECTOR('',#555,1.);
#555 = DIRECTION('',(1.,0.,0.));
#556 = ORIENTED_EDGE('',*,*,#471,.T.);
#557 = ORIENTED_EDGE('',*,*,#558,.T.);
#558 = EDGE_CURVE('',#474,#514,#559,.T.);
#559 = LINE('',#560,#561);
#560 = CARTESIAN_POINT('',(-5.393E+03,2.631E+03,6.496E+03));
#561 = VECTOR('',#562,1.);
#562 = DIRECTION('',(1.,0.,0.));
#563 = ORIENTED_EDGE('',*,*,#511,.F.);
#564 = PLANE('',#565);
#565 = AXIS2_PLACEMENT_3D('',#566,#567,#568);
#566 = CARTESIAN_POINT('',(-5.393E+03,2.631E+03,6.476E+03));
#567 = DIRECTION('',(0.,1.,0.));
#568 = DIRECTION('',(0.,0.,1.));
#569 = ADVANCED_FACE('',(#570),#586,.T.);
#570 = FACE_BOUND('',#571,.T.);
#571 = EDGE_LOOP('',(#572,#578,#579,#585));
#572 = ORIENTED_EDGE('',*,*,#573,.F.);
#573 = EDGE_CURVE('',#482,#522,#574,.T.);
#574 = LINE('',#575,#576);
#575 = CARTESIAN_POINT('',(-5.393E+03,3.231E+03,6.476E+03));
#576 = VECTOR('',#577,1.);
#577 = DIRECTION('',(1.,0.,0.));
#578 = ORIENTED_EDGE('',*,*,#489,.T.);
#579 = ORIENTED_EDGE('',*,*,#580,.T.);
#580 = EDGE_CURVE('',#490,#530,#581,.T.);
#581 = LINE('',#582,#583);
#582 = CARTESIAN_POINT('',(-5.393E+03,3.231E+03,6.496E+03));
#583 = VECTOR('',#584,1.);
#584 = DIRECTION('',(1.,0.,0.));
#585 = ORIENTED_EDGE('',*,*,#529,.F.);
#586 = PLANE('',#587);
#587 = AXIS2_PLACEMENT_3D('',#588,#589,#590);
#588 = CARTESIAN_POINT('',(-5.393E+03,3.231E+03,6.476E+03));
#589 = DIRECTION('',(0.,1.,0.));
#590 = DIRECTION('',(0.,0.,1.));
#591 = ADVANCED_FACE('',(#592),#598,.F.);
#592 = FACE_BOUND('',#593,.F.);
#593 = EDGE_LOOP('',(#594,#595,#596,#597));
#594 = ORIENTED_EDGE('',*,*,#481,.F.);
#595 = ORIENTED_EDGE('',*,*,#551,.T.);
#596 = ORIENTED_EDGE('',*,*,#521,.T.);
#597 = ORIENTED_EDGE('',*,*,#573,.F.);
#598 = PLANE('',#599);
#599 = AXIS2_PLACEMENT_3D('',#600,#601,#602);
#600 = CARTESIAN_POINT('',(-5.393E+03,2.631E+03,6.476E+03));
#601 = DIRECTION('',(0.,0.,1.));
#602 = DIRECTION('',(1.,0.,0.));
#603 = ADVANCED_FACE('',(#604),#610,.T.);
#604 = FACE_BOUND('',#605,.T.);
#605 = EDGE_LOOP('',(#606,#607,#608,#609));
#606 = ORIENTED_EDGE('',*,*,#497,.F.);
#607 = ORIENTED_EDGE('',*,*,#558,.T.);
#608 = ORIENTED_EDGE('',*,*,#537,.T.);
#609 = ORIENTED_EDGE('',*,*,#580,.F.);
#610 = PLANE('',#611);
#611 = AXIS2_PLACEMENT_3D('',#612,#613,#614);
#612 = CARTESIAN_POINT('',(-5.393E+03,2.631E+03,6.496E+03));
#613 = DIRECTION('',(0.,0.,1.));
#614 = DIRECTION('',(1.,0.,0.));
#615 = MANIFOLD_SOLID_BREP('',#616);
#616 = CLOSED_SHELL('',(#617,#657,#697,#719,#741,#753));
#617 = ADVANCED_FACE('',(#618),#652,.F.);
#618 = FACE_BOUND('',#619,.F.);
#619 = EDGE_LOOP('',(#620,#630,#638,#646));
#620 = ORIENTED_EDGE('',*,*,#621,.F.);
#621 = EDGE_CURVE('',#622,#624,#626,.T.);
#622 = VERTEX_POINT('',#623);
#623 = CARTESIAN_POINT('',(-3.058E+03,2.631E+03,6.476E+03));
#624 = VERTEX_POINT('',#625);
#625 = CARTESIAN_POINT('',(-3.058E+03,2.631E+03,6.496E+03));
#626 = LINE('',#627,#628);
#627 = CARTESIAN_POINT('',(-3.058E+03,2.631E+03,6.476E+03));
#628 = VECTOR('',#629,1.);
#629 = DIRECTION('',(0.,0.,1.));
#630 = ORIENTED_EDGE('',*,*,#631,.T.);
#631 = EDGE_CURVE('',#622,#632,#634,.T.);
#632 = VERTEX_POINT('',#633);
#633 = CARTESIAN_POINT('',(-3.058E+03,3.231E+03,6.476E+03));
#634 = LINE('',#635,#636);
#635 = CARTESIAN_POINT('',(-3.058E+03,2.631E+03,6.476E+03));
#636 = VECTOR('',#637,1.);
#637 = DIRECTION('',(0.,1.,0.));
#638 = ORIENTED_EDGE('',*,*,#639,.T.);
#639 = EDGE_CURVE('',#632,#640,#642,.T.);
#640 = VERTEX_POINT('',#641);
#641 = CARTESIAN_POINT('',(-3.058E+03,3.231E+03,6.496E+03));
#642 = LINE('',#643,#644);
#643 = CARTESIAN_POINT('',(-3.058E+03,3.231E+03,6.476E+03));
#644 = VECTOR('',#645,1.);
#645 = DIRECTION('',(0.,0.,1.));
#646 = ORIENTED_EDGE('',*,*,#647,.F.);
#647 = EDGE_CURVE('',#624,#640,#648,.T.);
#648 = LINE('',#649,#650);
#649 = CARTESIAN_POINT('',(-3.058E+03,2.631E+03,6.496E+03));
#650 = VECTOR('',#651,1.);
#651 = DIRECTION('',(0.,1.,0.));
#652 = PLANE('',#653);
#653 = AXIS2_PLACEMENT_3D('',#654,#655,#656);
#654 = CARTESIAN_POINT('',(-3.058E+03,2.631E+03,6.476E+03));
#655 = DIRECTION('',(1.,0.,0.));
#656 = DIRECTION('',(0.,0.,1.));
#657 = ADVANCED_FACE('',(#658),#692,.T.);
#658 = FACE_BOUND('',#659,.T.);
#659 = EDGE_LOOP('',(#660,#670,#678,#686));
#660 = ORIENTED_EDGE('',*,*,#661,.F.);
#661 = EDGE_CURVE('',#662,#664,#666,.T.);
#662 = VERTEX_POINT('',#663);
#663 = CARTESIAN_POINT('',(-2.458E+03,2.631E+03,6.476E+03));
#664 = VERTEX_POINT('',#665);
#665 = CARTESIAN_POINT('',(-2.458E+03,2.631E+03,6.496E+03));
#666 = LINE('',#667,#668);
#667 = CARTESIAN_POINT('',(-2.458E+03,2.631E+03,6.476E+03));
#668 = VECTOR('',#669,1.);
#669 = DIRECTION('',(0.,0.,1.));
#670 = ORIENTED_EDGE('',*,*,#671,.T.);
#671 = EDGE_CURVE('',#662,#672,#674,.T.);
#672 = VERTEX_POINT('',#673);
#673 = CARTESIAN_POINT('',(-2.458E+03,3.231E+03,6.476E+03));
#674 = LINE('',#675,#676);
#675 = CARTESIAN_POINT('',(-2.458E+03,2.631E+03,6.476E+03));
#676 = VECTOR('',#677,1.);
#677 = DIRECTION('',(0.,1.,0.));
#678 = ORIENTED_EDGE('',*,*,#679,.T.);
#679 = EDGE_CURVE('',#672,#680,#682,.T.);
#680 = VERTEX_POINT('',#681);
#681 = CARTESIAN_POINT('',(-2.458E+03,3.231E+03,6.496E+03));
#682 = LINE('',#683,#684);
#683 = CARTESIAN_POINT('',(-2.458E+03,3.231E+03,6.476E+03));
#684 = VECTOR('',#685,1.);
#685 = DIRECTION('',(0.,0.,1.));
#686 = ORIENTED_EDGE('',*,*,#687,.F.);
#687 = EDGE_CURVE('',#664,#680,#688,.T.);
#688 = LINE('',#689,#690);
#689 = CARTESIAN_POINT('',(-2.458E+03,2.631E+03,6.496E+03));
#690 = VECTOR('',#691,1.);
#691 = DIRECTION('',(0.,1.,0.));
#692 = PLANE('',#693);
#693 = AXIS2_PLACEMENT_3D('',#694,#695,#696);
#694 = CARTESIAN_POINT('',(-2.458E+03,2.631E+03,6.476E+03));
#695 = DIRECTION('',(1.,0.,0.));
#696 = DIRECTION('',(0.,0.,1.));
#697 = ADVANCED_FACE('',(#698),#714,.F.);
#698 = FACE_BOUND('',#699,.F.);
#699 = EDGE_LOOP('',(#700,#706,#707,#713));
#700 = ORIENTED_EDGE('',*,*,#701,.F.);
#701 = EDGE_CURVE('',#622,#662,#702,.T.);
#702 = LINE('',#703,#704);
#703 = CARTESIAN_POINT('',(-3.058E+03,2.631E+03,6.476E+03));
#704 = VECTOR('',#705,1.);
#705 = DIRECTION('',(1.,0.,0.));
#706 = ORIENTED_EDGE('',*,*,#621,.T.);
#707 = ORIENTED_EDGE('',*,*,#708,.T.);
#708 = EDGE_CURVE('',#624,#664,#709,.T.);
#709 = LINE('',#710,#711);
#710 = CARTESIAN_POINT('',(-3.058E+03,2.631E+03,6.496E+03));
#711 = VECTOR('',#712,1.);
#712 = DIRECTION('',(1.,0.,0.));
#713 = ORIENTED_EDGE('',*,*,#661,.F.);
#714 = PLANE('',#715);
#715 = AXIS2_PLACEMENT_3D('',#716,#717,#718);
#716 = CARTESIAN_POINT('',(-3.058E+03,2.631E+03,6.476E+03));
#717 = DIRECTION('',(0.,1.,0.));
#718 = DIRECTION('',(0.,0.,1.));
#719 = ADVANCED_FACE('',(#720),#736,.T.);
#720 = FACE_BOUND('',#721,.T.);
#721 = EDGE_LOOP('',(#722,#728,#729,#735));
#722 = ORIENTED_EDGE('',*,*,#723,.F.);
#723 = EDGE_CURVE('',#632,#672,#724,.T.);
#724 = LINE('',#725,#726);
#725 = CARTESIAN_POINT('',(-3.058E+03,3.231E+03,6.476E+03));
#726 = VECTOR('',#727,1.);
#727 = DIRECTION('',(1.,0.,0.));
#728 = ORIENTED_EDGE('',*,*,#639,.T.);
#729 = ORIENTED_EDGE('',*,*,#730,.T.);
#730 = EDGE_CURVE('',#640,#680,#731,.T.);
#731 = LINE('',#732,#733);
#732 = CARTESIAN_POINT('',(-3.058E+03,3.231E+03,6.496E+03));
#733 = VECTOR('',#734,1.);
#734 = DIRECTION('',(1.,0.,0.));
#735 = ORIENTED_EDGE('',*,*,#679,.F.);
#736 = PLANE('',#737);
#737 = AXIS2_PLACEMENT_3D('',#738,#739,#740);
#738 = CARTESIAN_POINT('',(-3.058E+03,3.231E+03,6.476E+03));
#739 = DIRECTION('',(0.,1.,0.));
#740 = DIRECTION('',(0.,0.,1.));
#741 = ADVANCED_FACE('',(#742),#748,.F.);
#742 = FACE_BOUND('',#743,.F.);
#743 = EDGE_LOOP('',(#744,#745,#746,#747));
#744 = ORIENTED_EDGE('',*,*,#631,.F.);
#745 = ORIENTED_EDGE('',*,*,#701,.T.);
#746 = ORIENTED_EDGE('',*,*,#671,.T.);
#747 = ORIENTED_EDGE('',*,*,#723,.F.);
#748 = PLANE('',#749);
#749 = AXIS2_PLACEMENT_3D('',#750,#751,#752);
#750 = CARTESIAN_POINT('',(-3.058E+03,2.631E+03,6.476E+03));
#751 = DIRECTION('',(0.,0.,1.));
#752 = DIRECTION('',(1.,0.,0.));
#753 = ADVANCED_FACE('',(#754),#760,.T.);
#754 = FACE_BOUND('',#755,.T.);
#755 = EDGE_LOOP('',(#756,#757,#758,#759));
#756 = ORIENTED_EDGE('',*,*,#647,.F.);
#757 = ORIENTED_EDGE('',*,*,#708,.T.);
#758 = ORIENTED_EDGE('',*,*,#687,.T.);
#759 = ORIENTED_EDGE('',*,*,#730,.F.);
#760 = PLANE('',#761);
#761 = AXIS2_PLACEMENT_3D('',#762,#763,#764);
#762 = CARTESIAN_POINT('',(-3.058E+03,2.631E+03,6.496E+03));
#763 = DIRECTION('',(0.,0.,1.));
#764 = DIRECTION('',(1.,0.,0.));
#765 = MANIFOLD_SOLID_BREP('',#766);
#766 = CLOSED_SHELL('',(#767,#807,#847,#869,#891,#903));
#767 = ADVANCED_FACE('',(#768),#802,.F.);
#768 = FACE_BOUND('',#769,.F.);
#769 = EDGE_LOOP('',(#770,#780,#788,#796));
#770 = ORIENTED_EDGE('',*,*,#771,.F.);
#771 = EDGE_CURVE('',#772,#774,#776,.T.);
#772 = VERTEX_POINT('',#773);
#773 = CARTESIAN_POINT('',(-5.393E+03,794.,6.476E+03));
#774 = VERTEX_POINT('',#775);
#775 = CARTESIAN_POINT('',(-5.393E+03,794.,6.496E+03));
#776 = LINE('',#777,#778);
#777 = CARTESIAN_POINT('',(-5.393E+03,794.,6.476E+03));
#778 = VECTOR('',#779,1.);
#779 = DIRECTION('',(0.,0.,1.));
#780 = ORIENTED_EDGE('',*,*,#781,.T.);
#781 = EDGE_CURVE('',#772,#782,#784,.T.);
#782 = VERTEX_POINT('',#783);
#783 = CARTESIAN_POINT('',(-5.393E+03,1.394E+03,6.476E+03));
#784 = LINE('',#785,#786);
#785 = CARTESIAN_POINT('',(-5.393E+03,794.,6.476E+03));
#786 = VECTOR('',#787,1.);
#787 = DIRECTION('',(0.,1.,0.));
#788 = ORIENTED_EDGE('',*,*,#789,.T.);
#789 = EDGE_CURVE('',#782,#790,#792,.T.);
#790 = VERTEX_POINT('',#791);
#791 = CARTESIAN_POINT('',(-5.393E+03,1.394E+03,6.496E+03));
#792 = LINE('',#793,#794);
#793 = CARTESIAN_POINT('',(-5.393E+03,1.394E+03,6.476E+03));
#794 = VECTOR('',#795,1.);
#795 = DIRECTION('',(0.,0.,1.));
#796 = ORIENTED_EDGE('',*,*,#797,.F.);
#797 = EDGE_CURVE('',#774,#790,#798,.T.);
#798 = LINE('',#799,#800);
#799 = CARTESIAN_POINT('',(-5.393E+03,794.,6.496E+03));
#800 = VECTOR('',#801,1.);
#801 = DIRECTION('',(0.,1.,0.));
#802 = PLANE('',#803);
#803 = AXIS2_PLACEMENT_3D('',#804,#805,#806);
#804 = CARTESIAN_POINT('',(-5.393E+03,794.,6.476E+03));
#805 = DIRECTION('',(1.,0.,0.));
#806 = DIRECTION('',(0.,0.,1.));
#807 = ADVANCED_FACE('',(#808),#842,.T.);
#808 = FACE_BOUND('',#809,.T.);
#809 = EDGE_LOOP('',(#810,#820,#828,#836));
#810 = ORIENTED_EDGE('',*,*,#811,.F.);
#811 = EDGE_CURVE('',#812,#814,#816,.T.);
#812 = VERTEX_POINT('',#813);
#813 = CARTESIAN_POINT('',(-4.793E+03,794.,6.476E+03));
#814 = VERTEX_POINT('',#815);
#815 = CARTESIAN_POINT('',(-4.793E+03,794.,6.496E+03));
#816 = LINE('',#817,#818);
#817 = CARTESIAN_POINT('',(-4.793E+03,794.,6.476E+03));
#818 = VECTOR('',#819,1.);
#819 = DIRECTION('',(0.,0.,1.));
#820 = ORIENTED_EDGE('',*,*,#821,.T.);
#821 = EDGE_CURVE('',#812,#822,#824,.T.);
#822 = VERTEX_POINT('',#823);
#823 = CARTESIAN_POINT('',(-4.793E+03,1.394E+03,6.476E+03));
#824 = LINE('',#825,#826);
#825 = CARTESIAN_POINT('',(-4.793E+03,794.,6.476E+03));
#826 = VECTOR('',#827,1.);
#827 = DIRECTION('',(0.,1.,0.));
#828 = ORIENTED_EDGE('',*,*,#829,.T.);
#829 = EDGE_CURVE('',#822,#830,#832,.T.);
#830 = VERTEX_POINT('',#831);
#831 = CARTESIAN_POINT('',(-4.793E+03,1.394E+03,6.496E+03));
#832 = LINE('',#833,#834);
#833 = CARTESIAN_POINT('',(-4.793E+03,1.394E+03,6.476E+03));
#834 = VECTOR('',#835,1.);
#835 = DIRECTION('',(0.,0.,1.));
#836 = ORIENTED_EDGE('',*,*,#837,.F.);
#837 = EDGE_CURVE('',#814,#830,#838,.T.);
#838 = LINE('',#839,#840);
#839 = CARTESIAN_POINT('',(-4.793E+03,794.,6.496E+03));
#840 = VECTOR('',#841,1.);
#841 = DIRECTION('',(0.,1.,0.));
#842 = PLANE('',#843);
#843 = AXIS2_PLACEMENT_3D('',#844,#845,#846);
#844 = CARTESIAN_POINT('',(-4.793E+03,794.,6.476E+03));
#845 = DIRECTION('',(1.,0.,0.));
#846 = DIRECTION('',(0.,0.,1.));
#847 = ADVANCED_FACE('',(#848),#864,.F.);
#848 = FACE_BOUND('',#849,.F.);
#849 = EDGE_LOOP('',(#850,#856,#857,#863));
#850 = ORIENTED_EDGE('',*,*,#851,.F.);
#851 = EDGE_CURVE('',#772,#812,#852,.T.);
#852 = LINE('',#853,#854);
#853 = CARTESIAN_POINT('',(-5.393E+03,794.,6.476E+03));
#854 = VECTOR('',#855,1.);
#855 = DIRECTION('',(1.,0.,0.));
#856 = ORIENTED_EDGE('',*,*,#771,.T.);
#857 = ORIENTED_EDGE('',*,*,#858,.T.);
#858 = EDGE_CURVE('',#774,#814,#859,.T.);
#859 = LINE('',#860,#861);
#860 = CARTESIAN_POINT('',(-5.393E+03,794.,6.496E+03));
#861 = VECTOR('',#862,1.);
#862 = DIRECTION('',(1.,0.,0.));
#863 = ORIENTED_EDGE('',*,*,#811,.F.);
#864 = PLANE('',#865);
#865 = AXIS2_PLACEMENT_3D('',#866,#867,#868);
#866 = CARTESIAN_POINT('',(-5.393E+03,794.,6.476E+03));
#867 = DIRECTION('',(0.,1.,0.));
#868 = DIRECTION('',(0.,0.,1.));
#869 = ADVANCED_FACE('',(#870),#886,.T.);
#870 = FACE_BOUND('',#871,.T.);
#871 = EDGE_LOOP('',(#872,#878,#879,#885));
#872 = ORIENTED_EDGE('',*,*,#873,.F.);
#873 = EDGE_CURVE('',#782,#822,#874,.T.);
#874 = LINE('',#875,#876);
#875 = CARTESIAN_POINT('',(-5.393E+03,1.394E+03,6.476E+03));
#876 = VECTOR('',#877,1.);
#877 = DIRECTION('',(1.,0.,0.));
#878 = ORIENTED_EDGE('',*,*,#789,.T.);
#879 = ORIENTED_EDGE('',*,*,#880,.T.);
#880 = EDGE_CURVE('',#790,#830,#881,.T.);
#881 = LINE('',#882,#883);
#882 = CARTESIAN_POINT('',(-5.393E+03,1.394E+03,6.496E+03));
#883 = VECTOR('',#884,1.);
#884 = DIRECTION('',(1.,0.,0.));
#885 = ORIENTED_EDGE('',*,*,#829,.F.);
#886 = PLANE('',#887);
#887 = AXIS2_PLACEMENT_3D('',#888,#889,#890);
#888 = CARTESIAN_POINT('',(-5.393E+03,1.394E+03,6.476E+03));
#889 = DIRECTION('',(0.,1.,0.));
#890 = DIRECTION('',(0.,0.,1.));
#891 = ADVANCED_FACE('',(#892),#898,.F.);
#892 = FACE_BOUND('',#893,.F.);
#893 = EDGE_LOOP('',(#894,#895,#896,#897));
#894 = ORIENTED_EDGE('',*,*,#781,.F.);
#895 = ORIENTED_EDGE('',*,*,#851,.T.);
#896 = ORIENTED_EDGE('',*,*,#821,.T.);
#897 = ORIENTED_EDGE('',*,*,#873,.F.);
#898 = PLANE('',#899);
#899 = AXIS2_PLACEMENT_3D('',#900,#901,#902);
#900 = CARTESIAN_POINT('',(-5.393E+03,794.,6.476E+03));
#901 = DIRECTION('',(0.,0.,1.));
#902 = DIRECTION('',(1.,0.,0.));
#903 = ADVANCED_FACE('',(#904),#910,.T.);
#904 = FACE_BOUND('',#905,.T.);
#905 = EDGE_LOOP('',(#906,#907,#908,#909));
#906 = ORIENTED_EDGE('',*,*,#797,.F.);
#907 = ORIENTED_EDGE('',*,*,#858,.T.);
#908 = ORIENTED_EDGE('',*,*,#837,.T.);
#909 = ORIENTED_EDGE('',*,*,#880,.F.);
#910 = PLANE('',#911);
#911 = AXIS2_PLACEMENT_3D('',#912,#913,#914);
#912 = CARTESIAN_POINT('',(-5.393E+03,794.,6.496E+03));
#913 = DIRECTION('',(0.,0.,1.));
#914 = DIRECTION('',(1.,0.,0.));
#915 = MANIFOLD_SOLID_BREP('',#916);
#916 = CLOSED_SHELL('',(#917,#957,#997,#1019,#1041,#1053));
#917 = ADVANCED_FACE('',(#918),#952,.F.);
#918 = FACE_BOUND('',#919,.F.);
#919 = EDGE_LOOP('',(#920,#930,#938,#946));
#920 = ORIENTED_EDGE('',*,*,#921,.F.);
#921 = EDGE_CURVE('',#922,#924,#926,.T.);
#922 = VERTEX_POINT('',#923);
#923 = CARTESIAN_POINT('',(-3.058E+03,794.,6.476E+03));
#924 = VERTEX_POINT('',#925);
#925 = CARTESIAN_POINT('',(-3.058E+03,794.,6.496E+03));
#926 = LINE('',#927,#928);
#927 = CARTESIAN_POINT('',(-3.058E+03,794.,6.476E+03));
#928 = VECTOR('',#929,1.);
#929 = DIRECTION('',(0.,0.,1.));
#930 = ORIENTED_EDGE('',*,*,#931,.T.);
#931 = EDGE_CURVE('',#922,#932,#934,.T.);
#932 = VERTEX_POINT('',#933);
#933 = CARTESIAN_POINT('',(-3.058E+03,1.394E+03,6.476E+03));
#934 = LINE('',#935,#936);
#935 = CARTESIAN_POINT('',(-3.058E+03,794.,6.476E+03));
#936 = VECTOR('',#937,1.);
#937 = DIRECTION('',(0.,1.,0.));
#938 = ORIENTED_EDGE('',*,*,#939,.T.);
#939 = EDGE_CURVE('',#932,#940,#942,.T.);
#940 = VERTEX_POINT('',#941);
#941 = CARTESIAN_POINT('',(-3.058E+03,1.394E+03,6.496E+03));
#942 = LINE('',#943,#944);
#943 = CARTESIAN_POINT('',(-3.058E+03,1.394E+03,6.476E+03));
#944 = VECTOR('',#945,1.);
#945 = DIRECTION('',(0.,0.,1.));
#946 = ORIENTED_EDGE('',*,*,#947,.F.);
#947 = EDGE_CURVE('',#924,#940,#948,.T.);
#948 = LINE('',#949,#950);
#949 = CARTESIAN_POINT('',(-3.058E+03,794.,6.496E+03));
#950 = VECTOR('',#951,1.);
#951 = DIRECTION('',(0.,1.,0.));
#952 = PLANE('',#953);
#953 = AXIS2_PLACEMENT_3D('',#954,#955,#956);
#954 = CARTESIAN_POINT('',(-3.058E+03,794.,6.476E+03));
#955 = DIRECTION('',(1.,0.,0.));
#956 = DIRECTION('',(0.,0.,1.));
#957 = ADVANCED_FACE('',(#958),#992,.T.);
#958 = FACE_BOUND('',#959,.T.);
#959 = EDGE_LOOP('',(#960,#970,#978,#986));
#960 = ORIENTED_EDGE('',*,*,#961,.F.);
#961 = EDGE_CURVE('',#962,#964,#966,.T.);
#962 = VERTEX_POINT('',#963);
#963 = CARTESIAN_POINT('',(-2.458E+03,794.,6.476E+03));
#964 = VERTEX_POINT('',#965);
#965 = CARTESIAN_POINT('',(-2.458E+03,794.,6.496E+03));
#966 = LINE('',#967,#968);
#967 = CARTESIAN_POINT('',(-2.458E+03,794.,6.476E+03));
#968 = VECTOR('',#969,1.);
#969 = DIRECTION('',(0.,0.,1.));
#970 = ORIENTED_EDGE('',*,*,#971,.T.);
#971 = EDGE_CURVE('',#962,#972,#974,.T.);
#972 = VERTEX_POINT('',#973);
#973 = CARTESIAN_POINT('',(-2.458E+03,1.394E+03,6.476E+03));
#974 = LINE('',#975,#976);
#975 = CARTESIAN_POINT('',(-2.458E+03,794.,6.476E+03));
#976 = VECTOR('',#977,1.);
#977 = DIRECTION('',(0.,1.,0.));
#978 = ORIENTED_EDGE('',*,*,#979,.T.);
#979 = EDGE_CURVE('',#972,#980,#982,.T.);
#980 = VERTEX_POINT('',#981);
#981 = CARTESIAN_POINT('',(-2.458E+03,1.394E+03,6.496E+03));
#982 = LINE('',#983,#984);
#983 = CARTESIAN_POINT('',(-2.458E+03,1.394E+03,6.476E+03));
#984 = VECTOR('',#985,1.);
#985 = DIRECTION('',(0.,0.,1.));
#986 = ORIENTED_EDGE('',*,*,#987,.F.);
#987 = EDGE_CURVE('',#964,#980,#988,.T.);
#988 = LINE('',#989,#990);
#989 = CARTESIAN_POINT('',(-2.458E+03,794.,6.496E+03));
#990 = VECTOR('',#991,1.);
#991 = DIRECTION('',(0.,1.,0.));
#992 = PLANE('',#993);
#993 = AXIS2_PLACEMENT_3D('',#994,#995,#996);
#994 = CARTESIAN_POINT('',(-2.458E+03,794.,6.476E+03));
#995 = DIRECTION('',(1.,0.,0.));
#996 = DIRECTION('',(0.,0.,1.));
#997 = ADVANCED_FACE('',(#998),#1014,.F.);
#998 = FACE_BOUND('',#999,.F.);
#999 = EDGE_LOOP('',(#1000,#1006,#1007,#1013));
#1000 = ORIENTED_EDGE('',*,*,#1001,.F.);
#1001 = EDGE_CURVE('',#922,#962,#1002,.T.);
#1002 = LINE('',#1003,#1004);
#1003 = CARTESIAN_POINT('',(-3.058E+03,794.,6.476E+03));
#1004 = VECTOR('',#1005,1.);
#1005 = DIRECTION('',(1.,0.,0.));
#1006 = ORIENTED_EDGE('',*,*,#921,.T.);
#1007 = ORIENTED_EDGE('',*,*,#1008,.T.);
#1008 = EDGE_CURVE('',#924,#964,#1009,.T.);
#1009 = LINE('',#1010,#1011);
#1010 = CARTESIAN_POINT('',(-3.058E+03,794.,6.496E+03));
#1011 = VECTOR('',#1012,1.);
#1012 = DIRECTION('',(1.,0.,0.));
#1013 = ORIENTED_EDGE('',*,*,#961,.F.);
#1014 = PLANE('',#1015);
#1015 = AXIS2_PLACEMENT_3D('',#1016,#1017,#1018);
#1016 = CARTESIAN_POINT('',(-3.058E+03,794.,6.476E+03));
#1017 = DIRECTION('',(0.,1.,0.));
#1018 = DIRECTION('',(0.,0.,1.));
#1019 = ADVANCED_FACE('',(#1020),#1036,.T.);
#1020 = FACE_BOUND('',#1021,.T.);
#1021 = EDGE_LOOP('',(#1022,#1028,#1029,#1035));
#1022 = ORIENTED_EDGE('',*,*,#1023,.F.);
#1023 = EDGE_CURVE('',#932,#972,#1024,.T.);
#1024 = LINE('',#1025,#1026);
#1025 = CARTESIAN_POINT('',(-3.058E+03,1.394E+03,6.476E+03));
#1026 = VECTOR('',#1027,1.);
#1027 = DIRECTION('',(1.,0.,0.));
#1028 = ORIENTED_EDGE('',*,*,#939,.T.);
#1029 = ORIENTED_EDGE('',*,*,#1030,.T.);
#1030 = EDGE_CURVE('',#940,#980,#1031,.T.);
#1031 = LINE('',#1032,#1033);
#1032 = CARTESIAN_POINT('',(-3.058E+03,1.394E+03,6.496E+03));
#1033 = VECTOR('',#1034,1.);
#1034 = DIRECTION('',(1.,0.,0.));
#1035 = ORIENTED_EDGE('',*,*,#979,.F.);
#1036 = PLANE('',#1037);
#1037 = AXIS2_PLACEMENT_3D('',#1038,#1039,#1040);
#1038 = CARTESIAN_POINT('',(-3.058E+03,1.394E+03,6.476E+03));
#1039 = DIRECTION('',(0.,1.,0.));
#1040 = DIRECTION('',(0.,0.,1.));
#1041 = ADVANCED_FACE('',(#1042),#1048,.F.);
#1042 = FACE_BOUND('',#1043,.F.);
#1043 = EDGE_LOOP('',(#1044,#1045,#1046,#1047));
#1044 = ORIENTED_EDGE('',*,*,#931,.F.);
#1045 = ORIENTED_EDGE('',*,*,#1001,.T.);
#1046 = ORIENTED_EDGE('',*,*,#971,.T.);
#1047 = ORIENTED_EDGE('',*,*,#1023,.F.);
#1048 = PLANE('',#1049);
#1049 = AXIS2_PLACEMENT_3D('',#1050,#1051,#1052);
#1050 = CARTESIAN_POINT('',(-3.058E+03,794.,6.476E+03));
#1051 = DIRECTION('',(0.,0.,1.));
#1052 = DIRECTION('',(1.,0.,0.));
#1053 = ADVANCED_FACE('',(#1054),#1060,.T.);
#1054 = FACE_BOUND('',#1055,.T.);
#1055 = EDGE_LOOP('',(#1056,#1057,#1058,#1059));
#1056 = ORIENTED_EDGE('',*,*,#947,.F.);
#1057 = ORIENTED_EDGE('',*,*,#1008,.T.);
#1058 = ORIENTED_EDGE('',*,*,#987,.T.);
#1059 = ORIENTED_EDGE('',*,*,#1030,.F.);
#1060 = PLANE('',#1061);
#1061 = AXIS2_PLACEMENT_3D('',#1062,#1063,#1064);
#1062 = CARTESIAN_POINT('',(-3.058E+03,794.,6.496E+03));
#1063 = DIRECTION('',(0.,0.,1.));
#1064 = DIRECTION('',(1.,0.,0.));
#1065 = MANIFOLD_SOLID_BREP('',#1066);
#1066 = CLOSED_SHELL('',(#1067,#1107,#1147,#1169,#1191,#1203));
#1067 = ADVANCED_FACE('',(#1068),#1102,.F.);
#1068 = FACE_BOUND('',#1069,.F.);
#1069 = EDGE_LOOP('',(#1070,#1080,#1088,#1096));
#1070 = ORIENTED_EDGE('',*,*,#1071,.F.);
#1071 = EDGE_CURVE('',#1072,#1074,#1076,.T.);
#1072 = VERTEX_POINT('',#1073);
#1073 = CARTESIAN_POINT('',(-5.393E+03,4.467E+03,6.476E+03));
#1074 = VERTEX_POINT('',#1075);
#1075 = CARTESIAN_POINT('',(-5.393E+03,4.467E+03,6.496E+03));
#1076 = LINE('',#1077,#1078);
#1077 = CARTESIAN_POINT('',(-5.393E+03,4.467E+03,6.476E+03));
#1078 = VECTOR('',#1079,1.);
#1079 = DIRECTION('',(0.,0.,1.));
#1080 = ORIENTED_EDGE('',*,*,#1081,.T.);
#1081 = EDGE_CURVE('',#1072,#1082,#1084,.T.);
#1082 = VERTEX_POINT('',#1083);
#1083 = CARTESIAN_POINT('',(-5.393E+03,5.067E+03,6.476E+03));
#1084 = LINE('',#1085,#1086);
#1085 = CARTESIAN_POINT('',(-5.393E+03,4.467E+03,6.476E+03));
#1086 = VECTOR('',#1087,1.);
#1087 = DIRECTION('',(0.,1.,0.));
#1088 = ORIENTED_EDGE('',*,*,#1089,.T.);
#1089 = EDGE_CURVE('',#1082,#1090,#1092,.T.);
#1090 = VERTEX_POINT('',#1091);
#1091 = CARTESIAN_POINT('',(-5.393E+03,5.067E+03,6.496E+03));
#1092 = LINE('',#1093,#1094);
#1093 = CARTESIAN_POINT('',(-5.393E+03,5.067E+03,6.476E+03));
#1094 = VECTOR('',#1095,1.);
#1095 = DIRECTION('',(0.,0.,1.));
#1096 = ORIENTED_EDGE('',*,*,#1097,.F.);
#1097 = EDGE_CURVE('',#1074,#1090,#1098,.T.);
#1098 = LINE('',#1099,#1100);
#1099 = CARTESIAN_POINT('',(-5.393E+03,4.467E+03,6.496E+03));
#1100 = VECTOR('',#1101,1.);
#1101 = DIRECTION('',(0.,1.,0.));
#1102 = PLANE('',#1103);
#1103 = AXIS2_PLACEMENT_3D('',#1104,#1105,#1106);
#1104 = CARTESIAN_POINT('',(-5.393E+03,4.467E+03,6.476E+03));
#1105 = DIRECTION('',(1.,0.,0.));
#1106 = DIRECTION('',(0.,0.,1.));
#1107 = ADVANCED_FACE('',(#1108),#1142,.T.);
#1108 = FACE_BOUND('',#1109,.T.);
#1109 = EDGE_LOOP('',(#1110,#1120,#1128,#1136));
#1110 = ORIENTED_EDGE('',*,*,#1111,.F.);
#1111 = EDGE_CURVE('',#1112,#1114,#1116,.T.);
#1112 = VERTEX_POINT('',#1113);
#1113 = CARTESIAN_POINT('',(-4.793E+03,4.467E+03,6.476E+03));
#1114 = VERTEX_POINT('',#1115);
#1115 = CARTESIAN_POINT('',(-4.793E+03,4.467E+03,6.496E+03));
#1116 = LINE('',#1117,#1118);
#1117 = CARTESIAN_POINT('',(-4.793E+03,4.467E+03,6.476E+03));
#1118 = VECTOR('',#1119,1.);
#1119 = DIRECTION('',(0.,0.,1.));
#1120 = ORIENTED_EDGE('',*,*,#1121,.T.);
#1121 = EDGE_CURVE('',#1112,#1122,#1124,.T.);
#1122 = VERTEX_POINT('',#1123);
#1123 = CARTESIAN_POINT('',(-4.793E+03,5.067E+03,6.476E+03));
#1124 = LINE('',#1125,#1126);
#1125 = CARTESIAN_POINT('',(-4.793E+03,4.467E+03,6.476E+03));
#1126 = VECTOR('',#1127,1.);
#1127 = DIRECTION('',(0.,1.,0.));
#1128 = ORIENTED_EDGE('',*,*,#1129,.T.);
#1129 = EDGE_CURVE('',#1122,#1130,#1132,.T.);
#1130 = VERTEX_POINT('',#1131);
#1131 = CARTESIAN_POINT('',(-4.793E+03,5.067E+03,6.496E+03));
#1132 = LINE('',#1133,#1134);
#1133 = CARTESIAN_POINT('',(-4.793E+03,5.067E+03,6.476E+03));
#1134 = VECTOR('',#1135,1.);
#1135 = DIRECTION('',(0.,0.,1.));
#1136 = ORIENTED_EDGE('',*,*,#1137,.F.);
#1137 = EDGE_CURVE('',#1114,#1130,#1138,.T.);
#1138 = LINE('',#1139,#1140);
#1139 = CARTESIAN_POINT('',(-4.793E+03,4.467E+03,6.496E+03));
#1140 = VECTOR('',#1141,1.);
#1141 = DIRECTION('',(0.,1.,0.));
#1142 = PLANE('',#1143);
#1143 = AXIS2_PLACEMENT_3D('',#1144,#1145,#1146);
#1144 = CARTESIAN_POINT('',(-4.793E+03,4.467E+03,6.476E+03));
#1145 = DIRECTION('',(1.,0.,0.));
#1146 = DIRECTION('',(0.,0.,1.));
#1147 = ADVANCED_FACE('',(#1148),#1164,.F.);
#1148 = FACE_BOUND('',#1149,.F.);
#1149 = EDGE_LOOP('',(#1150,#1156,#1157,#1163));
#1150 = ORIENTED_EDGE('',*,*,#1151,.F.);
#1151 = EDGE_CURVE('',#1072,#1112,#1152,.T.);
#1152 = LINE('',#1153,#1154);
#1153 = CARTESIAN_POINT('',(-5.393E+03,4.467E+03,6.476E+03));
#1154 = VECTOR('',#1155,1.);
#1155 = DIRECTION('',(1.,0.,0.));
#1156 = ORIENTED_EDGE('',*,*,#1071,.T.);
#1157 = ORIENTED_EDGE('',*,*,#1158,.T.);
#1158 = EDGE_CURVE('',#1074,#1114,#1159,.T.);
#1159 = LINE('',#1160,#1161);
#1160 = CARTESIAN_POINT('',(-5.393E+03,4.467E+03,6.496E+03));
#1161 = VECTOR('',#1162,1.);
#1162 = DIRECTION('',(1.,0.,0.));
#1163 = ORIENTED_EDGE('',*,*,#1111,.F.);
#1164 = PLANE('',#1165);
#1165 = AXIS2_PLACEMENT_3D('',#1166,#1167,#1168);
#1166 = CARTESIAN_POINT('',(-5.393E+03,4.467E+03,6.476E+03));
#1167 = DIRECTION('',(0.,1.,0.));
#1168 = DIRECTION('',(0.,0.,1.));
#1169 = ADVANCED_FACE('',(#1170),#1186,.T.);
#1170 = FACE_BOUND('',#1171,.T.);
#1171 = EDGE_LOOP('',(#1172,#1178,#1179,#1185));
#1172 = ORIENTED_EDGE('',*,*,#1173,.F.);
#1173 = EDGE_CURVE('',#1082,#1122,#1174,.T.);
#1174 = LINE('',#1175,#1176);
#1175 = CARTESIAN_POINT('',(-5.393E+03,5.067E+03,6.476E+03));
#1176 = VECTOR('',#1177,1.);
#1177 = DIRECTION('',(1.,0.,0.));
#1178 = ORIENTED_EDGE('',*,*,#1089,.T.);
#1179 = ORIENTED_EDGE('',*,*,#1180,.T.);
#1180 = EDGE_CURVE('',#1090,#1130,#1181,.T.);
#1181 = LINE('',#1182,#1183);
#1182 = CARTESIAN_POINT('',(-5.393E+03,5.067E+03,6.496E+03));
#1183 = VECTOR('',#1184,1.);
#1184 = DIRECTION('',(1.,0.,0.));
#1185 = ORIENTED_EDGE('',*,*,#1129,.F.);
#1186 = PLANE('',#1187);
#1187 = AXIS2_PLACEMENT_3D('',#1188,#1189,#1190);
#1188 = CARTESIAN_POINT('',(-5.393E+03,5.067E+03,6.476E+03));
#1189 = DIRECTION('',(0.,1.,0.));
#1190 = DIRECTION('',(0.,0.,1.));
#1191 = ADVANCED_FACE('',(#1192),#1198,.F.);
#1192 = FACE_BOUND('',#1193,.F.);
#1193 = EDGE_LOOP('',(#1194,#1195,#1196,#1197));
#1194 = ORIENTED_EDGE('',*,*,#1081,.F.);
#1195 = ORIENTED_EDGE('',*,*,#1151,.T.);
#1196 = ORIENTED_EDGE('',*,*,#1121,.T.);
#1197 = ORIENTED_EDGE('',*,*,#1173,.F.);
#1198 = PLANE('',#1199);
#1199 = AXIS2_PLACEMENT_3D('',#1200,#1201,#1202);
#1200 = CARTESIAN_POINT('',(-5.393E+03,4.467E+03,6.476E+03));
#1201 = DIRECTION('',(0.,0.,1.));
#1202 = DIRECTION('',(1.,0.,0.));
#1203 = ADVANCED_FACE('',(#1204),#1210,.T.);
#1204 = FACE_BOUND('',#1205,.T.);
#1205 = EDGE_LOOP('',(#1206,#1207,#1208,#1209));
#1206 = ORIENTED_EDGE('',*,*,#1097,.F.);
#1207 = ORIENTED_EDGE('',*,*,#1158,.T.);
#1208 = ORIENTED_EDGE('',*,*,#1137,.T.);
#1209 = ORIENTED_EDGE('',*,*,#1180,.F.);
#1210 = PLANE('',#1211);
#1211 = AXIS2_PLACEMENT_3D('',#1212,#1213,#1214);
#1212 = CARTESIAN_POINT('',(-5.393E+03,4.467E+03,6.496E+03));
#1213 = DIRECTION('',(0.,0.,1.));
#1214 = DIRECTION('',(1.,0.,0.));
#1215 = MANIFOLD_SOLID_BREP('',#1216);
#1216 = CLOSED_SHELL('',(#1217,#1257,#1297,#1319,#1341,#1353));
#1217 = ADVANCED_FACE('',(#1218),#1252,.F.);
#1218 = FACE_BOUND('',#1219,.F.);
#1219 = EDGE_LOOP('',(#1220,#1230,#1238,#1246));
#1220 = ORIENTED_EDGE('',*,*,#1221,.F.);
#1221 = EDGE_CURVE('',#1222,#1224,#1226,.T.);
#1222 = VERTEX_POINT('',#1223);
#1223 = CARTESIAN_POINT('',(-316.,-507.,6.476E+03));
#1224 = VERTEX_POINT('',#1225);
#1225 = CARTESIAN_POINT('',(-316.,-507.,6.496E+03));
#1226 = LINE('',#1227,#1228);
#1227 = CARTESIAN_POINT('',(-316.,-507.,6.476E+03));
#1228 = VECTOR('',#1229,1.);
#1229 = DIRECTION('',(0.,0.,1.));
#1230 = ORIENTED_EDGE('',*,*,#1231,.T.);
#1231 = EDGE_CURVE('',#1222,#1232,#1234,.T.);
#1232 = VERTEX_POINT('',#1233);
#1233 = CARTESIAN_POINT('',(-316.,93.,6.476E+03));
#1234 = LINE('',#1235,#1236);
#1235 = CARTESIAN_POINT('',(-316.,-507.,6.476E+03));
#1236 = VECTOR('',#1237,1.);
#1237 = DIRECTION('',(0.,1.,0.));
#1238 = ORIENTED_EDGE('',*,*,#1239,.T.);
#1239 = EDGE_CURVE('',#1232,#1240,#1242,.T.);
#1240 = VERTEX_POINT('',#1241);
#1241 = CARTESIAN_POINT('',(-316.,93.,6.496E+03));
#1242 = LINE('',#1243,#1244);
#1243 = CARTESIAN_POINT('',(-316.,93.,6.476E+03));
#1244 = VECTOR('',#1245,1.);
#1245 = DIRECTION('',(0.,0.,1.));
#1246 = ORIENTED_EDGE('',*,*,#1247,.F.);
#1247 = EDGE_CURVE('',#1224,#1240,#1248,.T.);
#1248 = LINE('',#1249,#1250);
#1249 = CARTESIAN_POINT('',(-316.,-507.,6.496E+03));
#1250 = VECTOR('',#1251,1.);
#1251 = DIRECTION('',(0.,1.,0.));
#1252 = PLANE('',#1253);
#1253 = AXIS2_PLACEMENT_3D('',#1254,#1255,#1256);
#1254 = CARTESIAN_POINT('',(-316.,-507.,6.476E+03));
#1255 = DIRECTION('',(1.,0.,0.));
#1256 = DIRECTION('',(0.,0.,1.));
#1257 = ADVANCED_FACE('',(#1258),#1292,.T.);
#1258 = FACE_BOUND('',#1259,.T.);
#1259 = EDGE_LOOP('',(#1260,#1270,#1278,#1286));
#1260 = ORIENTED_EDGE('',*,*,#1261,.F.);
#1261 = EDGE_CURVE('',#1262,#1264,#1266,.T.);
#1262 = VERTEX_POINT('',#1263);
#1263 = CARTESIAN_POINT('',(284.,-507.,6.476E+03));
#1264 = VERTEX_POINT('',#1265);
#1265 = CARTESIAN_POINT('',(284.,-507.,6.496E+03));
#1266 = LINE('',#1267,#1268);
#1267 = CARTESIAN_POINT('',(284.,-507.,6.476E+03));
#1268 = VECTOR('',#1269,1.);
#1269 = DIRECTION('',(0.,0.,1.));
#1270 = ORIENTED_EDGE('',*,*,#1271,.T.);
#1271 = EDGE_CURVE('',#1262,#1272,#1274,.T.);
#1272 = VERTEX_POINT('',#1273);
#1273 = CARTESIAN_POINT('',(284.,93.,6.476E+03));
#1274 = LINE('',#1275,#1276);
#1275 = CARTESIAN_POINT('',(284.,-507.,6.476E+03));
#1276 = VECTOR('',#1277,1.);
#1277 = DIRECTION('',(0.,1.,0.));
#1278 = ORIENTED_EDGE('',*,*,#1279,.T.);
#1279 = EDGE_CURVE('',#1272,#1280,#1282,.T.);
#1280 = VERTEX_POINT('',#1281);
#1281 = CARTESIAN_POINT('',(284.,93.,6.496E+03));
#1282 = LINE('',#1283,#1284);
#1283 = CARTESIAN_POINT('',(284.,93.,6.476E+03));
#1284 = VECTOR('',#1285,1.);
#1285 = DIRECTION('',(0.,0.,1.));
#1286 = ORIENTED_EDGE('',*,*,#1287,.F.);
#1287 = EDGE_CURVE('',#1264,#1280,#1288,.T.);
#1288 = LINE('',#1289,#1290);
#1289 = CARTESIAN_POINT('',(284.,-507.,6.496E+03));
#1290 = VECTOR('',#1291,1.);
#1291 = DIRECTION('',(0.,1.,0.));
#1292 = PLANE('',#1293);
#1293 = AXIS2_PLACEMENT_3D('',#1294,#1295,#1296);
#1294 = CARTESIAN_POINT('',(284.,-507.,6.476E+03));
#1295 = DIRECTION('',(1.,0.,0.));
#1296 = DIRECTION('',(0.,0.,1.));
#1297 = ADVANCED_FACE('',(#1298),#1314,.F.);
#1298 = FACE_BOUND('',#1299,.F.);
#1299 = EDGE_LOOP('',(#1300,#1306,#1307,#1313));
#1300 = ORIENTED_EDGE('',*,*,#1301,.F.);
#1301 = EDGE_CURVE('',#1222,#1262,#1302,.T.);
#1302 = LINE('',#1303,#1304);
#1303 = CARTESIAN_POINT('',(-316.,-507.,6.476E+03));
#1304 = VECTOR('',#1305,1.);
#1305 = DIRECTION('',(1.,0.,0.));
#1306 = ORIENTED_EDGE('',*,*,#1221,.T.);
#1307 = ORIENTED_EDGE('',*,*,#1308,.T.);
#1308 = EDGE_CURVE('',#1224,#1264,#1309,.T.);
#1309 = LINE('',#1310,#1311);
#1310 = CARTESIAN_POINT('',(-316.,-507.,6.496E+03));
#1311 = VECTOR('',#1312,1.);
#1312 = DIRECTION('',(1.,0.,0.));
#1313 = ORIENTED_EDGE('',*,*,#1261,.F.);
#1314 = PLANE('',#1315);
#1315 = AXIS2_PLACEMENT_3D('',#1316,#1317,#1318);
#1316 = CARTESIAN_POINT('',(-316.,-507.,6.476E+03));
#1317 = DIRECTION('',(0.,1.,0.));
#1318 = DIRECTION('',(0.,0.,1.));
#1319 = ADVANCED_FACE('',(#1320),#1336,.T.);
#1320 = FACE_BOUND('',#1321,.T.);
#1321 = EDGE_LOOP('',(#1322,#1328,#1329,#1335));
#1322 = ORIENTED_EDGE('',*,*,#1323,.F.);
#1323 = EDGE_CURVE('',#1232,#1272,#1324,.T.);
#1324 = LINE('',#1325,#1326);
#1325 = CARTESIAN_POINT('',(-316.,93.,6.476E+03));
#1326 = VECTOR('',#1327,1.);
#1327 = DIRECTION('',(1.,0.,0.));
#1328 = ORIENTED_EDGE('',*,*,#1239,.T.);
#1329 = ORIENTED_EDGE('',*,*,#1330,.T.);
#1330 = EDGE_CURVE('',#1240,#1280,#1331,.T.);
#1331 = LINE('',#1332,#1333);
#1332 = CARTESIAN_POINT('',(-316.,93.,6.496E+03));
#1333 = VECTOR('',#1334,1.);
#1334 = DIRECTION('',(1.,0.,0.));
#1335 = ORIENTED_EDGE('',*,*,#1279,.F.);
#1336 = PLANE('',#1337);
#1337 = AXIS2_PLACEMENT_3D('',#1338,#1339,#1340);
#1338 = CARTESIAN_POINT('',(-316.,93.,6.476E+03));
#1339 = DIRECTION('',(0.,1.,0.));
#1340 = DIRECTION('',(0.,0.,1.));
#1341 = ADVANCED_FACE('',(#1342),#1348,.F.);
#1342 = FACE_BOUND('',#1343,.F.);
#1343 = EDGE_LOOP('',(#1344,#1345,#1346,#1347));
#1344 = ORIENTED_EDGE('',*,*,#1231,.F.);
#1345 = ORIENTED_EDGE('',*,*,#1301,.T.);
#1346 = ORIENTED_EDGE('',*,*,#1271,.T.);
#1347 = ORIENTED_EDGE('',*,*,#1323,.F.);
#1348 = PLANE('',#1349);
#1349 = AXIS2_PLACEMENT_3D('',#1350,#1351,#1352);
#1350 = CARTESIAN_POINT('',(-316.,-507.,6.476E+03));
#1351 = DIRECTION('',(0.,0.,1.));
#1352 = DIRECTION('',(1.,0.,0.));
#1353 = ADVANCED_FACE('',(#1354),#1360,.T.);
#1354 = FACE_BOUND('',#1355,.T.);
#1355 = EDGE_LOOP('',(#1356,#1357,#1358,#1359));
#1356 = ORIENTED_EDGE('',*,*,#1247,.F.);
#1357 = ORIENTED_EDGE('',*,*,#1308,.T.);
#1358 = ORIENTED_EDGE('',*,*,#1287,.T.);
#1359 = ORIENTED_EDGE('',*,*,#1330,.F.);
#1360 = PLANE('',#1361);
#1361 = AXIS2_PLACEMENT_3D('',#1362,#1363,#1364);
#1362 = CARTESIAN_POINT('',(-316.,-507.,6.496E+03));
#1363 = DIRECTION('',(0.,0.,1.));
#1364 = DIRECTION('',(1.,0.,0.));
#1365 = MANIFOLD_SOLID_BREP('',#1366);
#1366 = CLOSED_SHELL('',(#1367,#1407,#1447,#1469,#1491,#1503));
#1367 = ADVANCED_FACE('',(#1368),#1402,.F.);
#1368 = FACE_BOUND('',#1369,.F.);
#1369 = EDGE_LOOP('',(#1370,#1380,#1388,#1396));
#1370 = ORIENTED_EDGE('',*,*,#1371,.F.);
#1371 = EDGE_CURVE('',#1372,#1374,#1376,.T.);
#1372 = VERTEX_POINT('',#1373);
#1373 = CARTESIAN_POINT('',(1.168E+03,-507.,6.476E+03));
#1374 = VERTEX_POINT('',#1375);
#1375 = CARTESIAN_POINT('',(1.168E+03,-507.,6.496E+03));
#1376 = LINE('',#1377,#1378);
#1377 = CARTESIAN_POINT('',(1.168E+03,-507.,6.476E+03));
#1378 = VECTOR('',#1379,1.);
#1379 = DIRECTION('',(0.,0.,1.));
#1380 = ORIENTED_EDGE('',*,*,#1381,.T.);
#1381 = EDGE_CURVE('',#1372,#1382,#1384,.T.);
#1382 = VERTEX_POINT('',#1383);
#1383 = CARTESIAN_POINT('',(1.168E+03,93.,6.476E+03));
#1384 = LINE('',#1385,#1386);
#1385 = CARTESIAN_POINT('',(1.168E+03,-507.,6.476E+03));
#1386 = VECTOR('',#1387,1.);
#1387 = DIRECTION('',(0.,1.,0.));
#1388 = ORIENTED_EDGE('',*,*,#1389,.T.);
#1389 = EDGE_CURVE('',#1382,#1390,#1392,.T.);
#1390 = VERTEX_POINT('',#1391);
#1391 = CARTESIAN_POINT('',(1.168E+03,93.,6.496E+03));
#1392 = LINE('',#1393,#1394);
#1393 = CARTESIAN_POINT('',(1.168E+03,93.,6.476E+03));
#1394 = VECTOR('',#1395,1.);
#1395 = DIRECTION('',(0.,0.,1.));
#1396 = ORIENTED_EDGE('',*,*,#1397,.F.);
#1397 = EDGE_CURVE('',#1374,#1390,#1398,.T.);
#1398 = LINE('',#1399,#1400);
#1399 = CARTESIAN_POINT('',(1.168E+03,-507.,6.496E+03));
#1400 = VECTOR('',#1401,1.);
#1401 = DIRECTION('',(0.,1.,0.));
#1402 = PLANE('',#1403);
#1403 = AXIS2_PLACEMENT_3D('',#1404,#1405,#1406);
#1404 = CARTESIAN_POINT('',(1.168E+03,-507.,6.476E+03));
#1405 = DIRECTION('',(1.,0.,0.));
#1406 = DIRECTION('',(0.,0.,1.));
#1407 = ADVANCED_FACE('',(#1408),#1442,.T.);
#1408 = FACE_BOUND('',#1409,.T.);
#1409 = EDGE_LOOP('',(#1410,#1420,#1428,#1436));
#1410 = ORIENTED_EDGE('',*,*,#1411,.F.);
#1411 = EDGE_CURVE('',#1412,#1414,#1416,.T.);
#1412 = VERTEX_POINT('',#1413);
#1413 = CARTESIAN_POINT('',(1.768E+03,-507.,6.476E+03));
#1414 = VERTEX_POINT('',#1415);
#1415 = CARTESIAN_POINT('',(1.768E+03,-507.,6.496E+03));
#1416 = LINE('',#1417,#1418);
#1417 = CARTESIAN_POINT('',(1.768E+03,-507.,6.476E+03));
#1418 = VECTOR('',#1419,1.);
#1419 = DIRECTION('',(0.,0.,1.));
#1420 = ORIENTED_EDGE('',*,*,#1421,.T.);
#1421 = EDGE_CURVE('',#1412,#1422,#1424,.T.);
#1422 = VERTEX_POINT('',#1423);
#1423 = CARTESIAN_POINT('',(1.768E+03,93.,6.476E+03));
#1424 = LINE('',#1425,#1426);
#1425 = CARTESIAN_POINT('',(1.768E+03,-507.,6.476E+03));
#1426 = VECTOR('',#1427,1.);
#1427 = DIRECTION('',(0.,1.,0.));
#1428 = ORIENTED_EDGE('',*,*,#1429,.T.);
#1429 = EDGE_CURVE('',#1422,#1430,#1432,.T.);
#1430 = VERTEX_POINT('',#1431);
#1431 = CARTESIAN_POINT('',(1.768E+03,93.,6.496E+03));
#1432 = LINE('',#1433,#1434);
#1433 = CARTESIAN_POINT('',(1.768E+03,93.,6.476E+03));
#1434 = VECTOR('',#1435,1.);
#1435 = DIRECTION('',(0.,0.,1.));
#1436 = ORIENTED_EDGE('',*,*,#1437,.F.);
#1437 = EDGE_CURVE('',#1414,#1430,#1438,.T.);
#1438 = LINE('',#1439,#1440);
#1439 = CARTESIAN_POINT('',(1.768E+03,-507.,6.496E+03));
#1440 = VECTOR('',#1441,1.);
#1441 = DIRECTION('',(0.,1.,0.));
#1442 = PLANE('',#1443);
#1443 = AXIS2_PLACEMENT_3D('',#1444,#1445,#1446);
#1444 = CARTESIAN_POINT('',(1.768E+03,-507.,6.476E+03));
#1445 = DIRECTION('',(1.,0.,0.));
#1446 = DIRECTION('',(0.,0.,1.));
#1447 = ADVANCED_FACE('',(#1448),#1464,.F.);
#1448 = FACE_BOUND('',#1449,.F.);
#1449 = EDGE_LOOP('',(#1450,#1456,#1457,#1463));
#1450 = ORIENTED_EDGE('',*,*,#1451,.F.);
#1451 = EDGE_CURVE('',#1372,#1412,#1452,.T.);
#1452 = LINE('',#1453,#1454);
#1453 = CARTESIAN_POINT('',(1.168E+03,-507.,6.476E+03));
#1454 = VECTOR('',#1455,1.);
#1455 = DIRECTION('',(1.,0.,0.));
#1456 = ORIENTED_EDGE('',*,*,#1371,.T.);
#1457 = ORIENTED_EDGE('',*,*,#1458,.T.);
#1458 = EDGE_CURVE('',#1374,#1414,#1459,.T.);
#1459 = LINE('',#1460,#1461);
#1460 = CARTESIAN_POINT('',(1.168E+03,-507.,6.496E+03));
#1461 = VECTOR('',#1462,1.);
#1462 = DIRECTION('',(1.,0.,0.));
#1463 = ORIENTED_EDGE('',*,*,#1411,.F.);
#1464 = PLANE('',#1465);
#1465 = AXIS2_PLACEMENT_3D('',#1466,#1467,#1468);
#1466 = CARTESIAN_POINT('',(1.168E+03,-507.,6.476E+03));
#1467 = DIRECTION('',(0.,1.,0.));
#1468 = DIRECTION('',(0.,0.,1.));
#1469 = ADVANCED_FACE('',(#1470),#1486,.T.);
#1470 = FACE_BOUND('',#1471,.T.);
#1471 = EDGE_LOOP('',(#1472,#1478,#1479,#1485));
#1472 = ORIENTED_EDGE('',*,*,#1473,.F.);
#1473 = EDGE_CURVE('',#1382,#1422,#1474,.T.);
#1474 = LINE('',#1475,#1476);
#1475 = CARTESIAN_POINT('',(1.168E+03,93.,6.476E+03));
#1476 = VECTOR('',#1477,1.);
#1477 = DIRECTION('',(1.,0.,0.));
#1478 = ORIENTED_EDGE('',*,*,#1389,.T.);
#1479 = ORIENTED_EDGE('',*,*,#1480,.T.);
#1480 = EDGE_CURVE('',#1390,#1430,#1481,.T.);
#1481 = LINE('',#1482,#1483);
#1482 = CARTESIAN_POINT('',(1.168E+03,93.,6.496E+03));
#1483 = VECTOR('',#1484,1.);
#1484 = DIRECTION('',(1.,0.,0.));
#1485 = ORIENTED_EDGE('',*,*,#1429,.F.);
#1486 = PLANE('',#1487);
#1487 = AXIS2_PLACEMENT_3D('',#1488,#1489,#1490);
#1488 = CARTESIAN_POINT('',(1.168E+03,93.,6.476E+03));
#1489 = DIRECTION('',(0.,1.,0.));
#1490 = DIRECTION('',(0.,0.,1.));
#1491 = ADVANCED_FACE('',(#1492),#1498,.F.);
#1492 = FACE_BOUND('',#1493,.F.);
#1493 = EDGE_LOOP('',(#1494,#1495,#1496,#1497));
#1494 = ORIENTED_EDGE('',*,*,#1381,.F.);
#1495 = ORIENTED_EDGE('',*,*,#1451,.T.);
#1496 = ORIENTED_EDGE('',*,*,#1421,.T.);
#1497 = ORIENTED_EDGE('',*,*,#1473,.F.);
#1498 = PLANE('',#1499);
#1499 = AXIS2_PLACEMENT_3D('',#1500,#1501,#1502);
#1500 = CARTESIAN_POINT('',(1.168E+03,-507.,6.476E+03));
#1501 = DIRECTION('',(0.,0.,1.));
#1502 = DIRECTION('',(1.,0.,0.));
#1503 = ADVANCED_FACE('',(#1504),#1510,.T.);
#1504 = FACE_BOUND('',#1505,.T.);
#1505 = EDGE_LOOP('',(#1506,#1507,#1508,#1509));
#1506 = ORIENTED_EDGE('',*,*,#1397,.F.);
#1507 = ORIENTED_EDGE('',*,*,#1458,.T.);
#1508 = ORIENTED_EDGE('',*,*,#1437,.T.);
#1509 = ORIENTED_EDGE('',*,*,#1480,.F.);
#1510 = PLANE('',#1511);
#1511 = AXIS2_PLACEMENT_3D('',#1512,#1513,#1514);
#1512 = CARTESIAN_POINT('',(1.168E+03,-507.,6.496E+03));
#1513 = DIRECTION('',(0.,0.,1.));
#1514 = DIRECTION('',(1.,0.,0.));
#1515 = MANIFOLD_SOLID_BREP('',#1516);
#1516 = CLOSED_SHELL('',(#1517,#1557,#1597,#1619,#1641,#1653));
#1517 = ADVANCED_FACE('',(#1518),#1552,.F.);
#1518 = FACE_BOUND('',#1519,.F.);
#1519 = EDGE_LOOP('',(#1520,#1530,#1538,#1546));
#1520 = ORIENTED_EDGE('',*,*,#1521,.F.);
#1521 = EDGE_CURVE('',#1522,#1524,#1526,.T.);
#1522 = VERTEX_POINT('',#1523);
#1523 = CARTESIAN_POINT('',(-316.,2.897E+03,6.476E+03));
#1524 = VERTEX_POINT('',#1525);
#1525 = CARTESIAN_POINT('',(-316.,2.897E+03,6.496E+03));
#1526 = LINE('',#1527,#1528);
#1527 = CARTESIAN_POINT('',(-316.,2.897E+03,6.476E+03));
#1528 = VECTOR('',#1529,1.);
#1529 = DIRECTION('',(0.,0.,1.));
#1530 = ORIENTED_EDGE('',*,*,#1531,.T.);
#1531 = EDGE_CURVE('',#1522,#1532,#1534,.T.);
#1532 = VERTEX_POINT('',#1533);
#1533 = CARTESIAN_POINT('',(-316.,3.497E+03,6.476E+03));
#1534 = LINE('',#1535,#1536);
#1535 = CARTESIAN_POINT('',(-316.,2.897E+03,6.476E+03));
#1536 = VECTOR('',#1537,1.);
#1537 = DIRECTION('',(0.,1.,0.));
#1538 = ORIENTED_EDGE('',*,*,#1539,.T.);
#1539 = EDGE_CURVE('',#1532,#1540,#1542,.T.);
#1540 = VERTEX_POINT('',#1541);
#1541 = CARTESIAN_POINT('',(-316.,3.497E+03,6.496E+03));
#1542 = LINE('',#1543,#1544);
#1543 = CARTESIAN_POINT('',(-316.,3.497E+03,6.476E+03));
#1544 = VECTOR('',#1545,1.);
#1545 = DIRECTION('',(0.,0.,1.));
#1546 = ORIENTED_EDGE('',*,*,#1547,.F.);
#1547 = EDGE_CURVE('',#1524,#1540,#1548,.T.);
#1548 = LINE('',#1549,#1550);
#1549 = CARTESIAN_POINT('',(-316.,2.897E+03,6.496E+03));
#1550 = VECTOR('',#1551,1.);
#1551 = DIRECTION('',(0.,1.,0.));
#1552 = PLANE('',#1553);
#1553 = AXIS2_PLACEMENT_3D('',#1554,#1555,#1556);
#1554 = CARTESIAN_POINT('',(-316.,2.897E+03,6.476E+03));
#1555 = DIRECTION('',(1.,0.,0.));
#1556 = DIRECTION('',(0.,0.,1.));
#1557 = ADVANCED_FACE('',(#1558),#1592,.T.);
#1558 = FACE_BOUND('',#1559,.T.);
#1559 = EDGE_LOOP('',(#1560,#1570,#1578,#1586));
#1560 = ORIENTED_EDGE('',*,*,#1561,.F.);
#1561 = EDGE_CURVE('',#1562,#1564,#1566,.T.);
#1562 = VERTEX_POINT('',#1563);
#1563 = CARTESIAN_POINT('',(284.,2.897E+03,6.476E+03));
#1564 = VERTEX_POINT('',#1565);
#1565 = CARTESIAN_POINT('',(284.,2.897E+03,6.496E+03));
#1566 = LINE('',#1567,#1568);
#1567 = CARTESIAN_POINT('',(284.,2.897E+03,6.476E+03));
#1568 = VECTOR('',#1569,1.);
#1569 = DIRECTION('',(0.,0.,1.));
#1570 = ORIENTED_EDGE('',*,*,#1571,.T.);
#1571 = EDGE_CURVE('',#1562,#1572,#1574,.T.);
#1572 = VERTEX_POINT('',#1573);
#1573 = CARTESIAN_POINT('',(284.,3.497E+03,6.476E+03));
#1574 = LINE('',#1575,#1576);
#1575 = CARTESIAN_POINT('',(284.,2.897E+03,6.476E+03));
#1576 = VECTOR('',#1577,1.);
#1577 = DIRECTION('',(0.,1.,0.));
#1578 = ORIENTED_EDGE('',*,*,#1579,.T.);
#1579 = EDGE_CURVE('',#1572,#1580,#1582,.T.);
#1580 = VERTEX_POINT('',#1581);
#1581 = CARTESIAN_POINT('',(284.,3.497E+03,6.496E+03));
#1582 = LINE('',#1583,#1584);
#1583 = CARTESIAN_POINT('',(284.,3.497E+03,6.476E+03));
#1584 = VECTOR('',#1585,1.);
#1585 = DIRECTION('',(0.,0.,1.));
#1586 = ORIENTED_EDGE('',*,*,#1587,.F.);
#1587 = EDGE_CURVE('',#1564,#1580,#1588,.T.);
#1588 = LINE('',#1589,#1590);
#1589 = CARTESIAN_POINT('',(284.,2.897E+03,6.496E+03));
#1590 = VECTOR('',#1591,1.);
#1591 = DIRECTION('',(0.,1.,0.));
#1592 = PLANE('',#1593);
#1593 = AXIS2_PLACEMENT_3D('',#1594,#1595,#1596);
#1594 = CARTESIAN_POINT('',(284.,2.897E+03,6.476E+03));
#1595 = DIRECTION('',(1.,0.,0.));
#1596 = DIRECTION('',(0.,0.,1.));
#1597 = ADVANCED_FACE('',(#1598),#1614,.F.);
#1598 = FACE_BOUND('',#1599,.F.);
#1599 = EDGE_LOOP('',(#1600,#1606,#1607,#1613));
#1600 = ORIENTED_EDGE('',*,*,#1601,.F.);
#1601 = EDGE_CURVE('',#1522,#1562,#1602,.T.);
#1602 = LINE('',#1603,#1604);
#1603 = CARTESIAN_POINT('',(-316.,2.897E+03,6.476E+03));
#1604 = VECTOR('',#1605,1.);
#1605 = DIRECTION('',(1.,0.,0.));
#1606 = ORIENTED_EDGE('',*,*,#1521,.T.);
#1607 = ORIENTED_EDGE('',*,*,#1608,.T.);
#1608 = EDGE_CURVE('',#1524,#1564,#1609,.T.);
#1609 = LINE('',#1610,#1611);
#1610 = CARTESIAN_POINT('',(-316.,2.897E+03,6.496E+03));
#1611 = VECTOR('',#1612,1.);
#1612 = DIRECTION('',(1.,0.,0.));
#1613 = ORIENTED_EDGE('',*,*,#1561,.F.);
#1614 = PLANE('',#1615);
#1615 = AXIS2_PLACEMENT_3D('',#1616,#1617,#1618);
#1616 = CARTESIAN_POINT('',(-316.,2.897E+03,6.476E+03));
#1617 = DIRECTION('',(0.,1.,0.));
#1618 = DIRECTION('',(0.,0.,1.));
#1619 = ADVANCED_FACE('',(#1620),#1636,.T.);
#1620 = FACE_BOUND('',#1621,.T.);
#1621 = EDGE_LOOP('',(#1622,#1628,#1629,#1635));
#1622 = ORIENTED_EDGE('',*,*,#1623,.F.);
#1623 = EDGE_CURVE('',#1532,#1572,#1624,.T.);
#1624 = LINE('',#1625,#1626);
#1625 = CARTESIAN_POINT('',(-316.,3.497E+03,6.476E+03));
#1626 = VECTOR('',#1627,1.);
#1627 = DIRECTION('',(1.,0.,0.));
#1628 = ORIENTED_EDGE('',*,*,#1539,.T.);
#1629 = ORIENTED_EDGE('',*,*,#1630,.T.);
#1630 = EDGE_CURVE('',#1540,#1580,#1631,.T.);
#1631 = LINE('',#1632,#1633);
#1632 = CARTESIAN_POINT('',(-316.,3.497E+03,6.496E+03));
#1633 = VECTOR('',#1634,1.);
#1634 = DIRECTION('',(1.,0.,0.));
#1635 = ORIENTED_EDGE('',*,*,#1579,.F.);
#1636 = PLANE('',#1637);
#1637 = AXIS2_PLACEMENT_3D('',#1638,#1639,#1640);
#1638 = CARTESIAN_POINT('',(-316.,3.497E+03,6.476E+03));
#1639 = DIRECTION('',(0.,1.,0.));
#1640 = DIRECTION('',(0.,0.,1.));
#1641 = ADVANCED_FACE('',(#1642),#1648,.F.);
#1642 = FACE_BOUND('',#1643,.F.);
#1643 = EDGE_LOOP('',(#1644,#1645,#1646,#1647));
#1644 = ORIENTED_EDGE('',*,*,#1531,.F.);
#1645 = ORIENTED_EDGE('',*,*,#1601,.T.);
#1646 = ORIENTED_EDGE('',*,*,#1571,.T.);
#1647 = ORIENTED_EDGE('',*,*,#1623,.F.);
#1648 = PLANE('',#1649);
#1649 = AXIS2_PLACEMENT_3D('',#1650,#1651,#1652);
#1650 = CARTESIAN_POINT('',(-316.,2.897E+03,6.476E+03));
#1651 = DIRECTION('',(0.,0.,1.));
#1652 = DIRECTION('',(1.,0.,0.));
#1653 = ADVANCED_FACE('',(#1654),#1660,.T.);
#1654 = FACE_BOUND('',#1655,.T.);
#1655 = EDGE_LOOP('',(#1656,#1657,#1658,#1659));
#1656 = ORIENTED_EDGE('',*,*,#1547,.F.);
#1657 = ORIENTED_EDGE('',*,*,#1608,.T.);
#1658 = ORIENTED_EDGE('',*,*,#1587,.T.);
#1659 = ORIENTED_EDGE('',*,*,#1630,.F.);
#1660 = PLANE('',#1661);
#1661 = AXIS2_PLACEMENT_3D('',#1662,#1663,#1664);
#1662 = CARTESIAN_POINT('',(-316.,2.897E+03,6.496E+03));
#1663 = DIRECTION('',(0.,0.,1.));
#1664 = DIRECTION('',(1.,0.,0.));
#1665 = MANIFOLD_SOLID_BREP('',#1666);
#1666 = CLOSED_SHELL('',(#1667,#1707,#1747,#1769,#1791,#1803));
#1667 = ADVANCED_FACE('',(#1668),#1702,.F.);
#1668 = FACE_BOUND('',#1669,.F.);
#1669 = EDGE_LOOP('',(#1670,#1680,#1688,#1696));
#1670 = ORIENTED_EDGE('',*,*,#1671,.F.);
#1671 = EDGE_CURVE('',#1672,#1674,#1676,.T.);
#1672 = VERTEX_POINT('',#1673);
#1673 = CARTESIAN_POINT('',(1.168E+03,2.897E+03,6.476E+03));
#1674 = VERTEX_POINT('',#1675);
#1675 = CARTESIAN_POINT('',(1.168E+03,2.897E+03,6.496E+03));
#1676 = LINE('',#1677,#1678);
#1677 = CARTESIAN_POINT('',(1.168E+03,2.897E+03,6.476E+03));
#1678 = VECTOR('',#1679,1.);
#1679 = DIRECTION('',(0.,0.,1.));
#1680 = ORIENTED_EDGE('',*,*,#1681,.T.);
#1681 = EDGE_CURVE('',#1672,#1682,#1684,.T.);
#1682 = VERTEX_POINT('',#1683);
#1683 = CARTESIAN_POINT('',(1.168E+03,3.497E+03,6.476E+03));
#1684 = LINE('',#1685,#1686);
#1685 = CARTESIAN_POINT('',(1.168E+03,2.897E+03,6.476E+03));
#1686 = VECTOR('',#1687,1.);
#1687 = DIRECTION('',(0.,1.,0.));
#1688 = ORIENTED_EDGE('',*,*,#1689,.T.);
#1689 = EDGE_CURVE('',#1682,#1690,#1692,.T.);
#1690 = VERTEX_POINT('',#1691);
#1691 = CARTESIAN_POINT('',(1.168E+03,3.497E+03,6.496E+03));
#1692 = LINE('',#1693,#1694);
#1693 = CARTESIAN_POINT('',(1.168E+03,3.497E+03,6.476E+03));
#1694 = VECTOR('',#1695,1.);
#1695 = DIRECTION('',(0.,0.,1.));
#1696 = ORIENTED_EDGE('',*,*,#1697,.F.);
#1697 = EDGE_CURVE('',#1674,#1690,#1698,.T.);
#1698 = LINE('',#1699,#1700);
#1699 = CARTESIAN_POINT('',(1.168E+03,2.897E+03,6.496E+03));
#1700 = VECTOR('',#1701,1.);
#1701 = DIRECTION('',(0.,1.,0.));
#1702 = PLANE('',#1703);
#1703 = AXIS2_PLACEMENT_3D('',#1704,#1705,#1706);
#1704 = CARTESIAN_POINT('',(1.168E+03,2.897E+03,6.476E+03));
#1705 = DIRECTION('',(1.,0.,0.));
#1706 = DIRECTION('',(0.,0.,1.));
#1707 = ADVANCED_FACE('',(#1708),#1742,.T.);
#1708 = FACE_BOUND('',#1709,.T.);
#1709 = EDGE_LOOP('',(#1710,#1720,#1728,#1736));
#1710 = ORIENTED_EDGE('',*,*,#1711,.F.);
#1711 = EDGE_CURVE('',#1712,#1714,#1716,.T.);
#1712 = VERTEX_POINT('',#1713);
#1713 = CARTESIAN_POINT('',(1.768E+03,2.897E+03,6.476E+03));
#1714 = VERTEX_POINT('',#1715);
#1715 = CARTESIAN_POINT('',(1.768E+03,2.897E+03,6.496E+03));
#1716 = LINE('',#1717,#1718);
#1717 = CARTESIAN_POINT('',(1.768E+03,2.897E+03,6.476E+03));
#1718 = VECTOR('',#1719,1.);
#1719 = DIRECTION('',(0.,0.,1.));
#1720 = ORIENTED_EDGE('',*,*,#1721,.T.);
#1721 = EDGE_CURVE('',#1712,#1722,#1724,.T.);
#1722 = VERTEX_POINT('',#1723);
#1723 = CARTESIAN_POINT('',(1.768E+03,3.497E+03,6.476E+03));
#1724 = LINE('',#1725,#1726);
#1725 = CARTESIAN_POINT('',(1.768E+03,2.897E+03,6.476E+03));
#1726 = VECTOR('',#1727,1.);
#1727 = DIRECTION('',(0.,1.,0.));
#1728 = ORIENTED_EDGE('',*,*,#1729,.T.);
#1729 = EDGE_CURVE('',#1722,#1730,#1732,.T.);
#1730 = VERTEX_POINT('',#1731);
#1731 = CARTESIAN_POINT('',(1.768E+03,3.497E+03,6.496E+03));
#1732 = LINE('',#1733,#1734);
#1733 = CARTESIAN_POINT('',(1.768E+03,3.497E+03,6.476E+03));
#1734 = VECTOR('',#1735,1.);
#1735 = DIRECTION('',(0.,0.,1.));
#1736 = ORIENTED_EDGE('',*,*,#1737,.F.);
#1737 = EDGE_CURVE('',#1714,#1730,#1738,.T.);
#1738 = LINE('',#1739,#1740);
#1739 = CARTESIAN_POINT('',(1.768E+03,2.897E+03,6.496E+03));
#1740 = VECTOR('',#1741,1.);
#1741 = DIRECTION('',(0.,1.,0.));
#1742 = PLANE('',#1743);
#1743 = AXIS2_PLACEMENT_3D('',#1744,#1745,#1746);
#1744 = CARTESIAN_POINT('',(1.768E+03,2.897E+03,6.476E+03));
#1745 = DIRECTION('',(1.,0.,0.));
#1746 = DIRECTION('',(0.,0.,1.));
#1747 = ADVANCED_FACE('',(#1748),#1764,.F.);
#1748 = FACE_BOUND('',#1749,.F.);
#1749 = EDGE_LOOP('',(#1750,#1756,#1757,#1763));
#1750 = ORIENTED_EDGE('',*,*,#1751,.F.);
#1751 = EDGE_CURVE('',#1672,#1712,#1752,.T.);
#1752 = LINE('',#1753,#1754);
#1753 = CARTESIAN_POINT('',(1.168E+03,2.897E+03,6.476E+03));
#1754 = VECTOR('',#1755,1.);
#1755 = DIRECTION('',(1.,0.,0.));
#1756 = ORIENTED_EDGE('',*,*,#1671,.T.);
#1757 = ORIENTED_EDGE('',*,*,#1758,.T.);
#1758 = EDGE_CURVE('',#1674,#1714,#1759,.T.);
#1759 = LINE('',#1760,#1761);
#1760 = CARTESIAN_POINT('',(1.168E+03,2.897E+03,6.496E+03));
#1761 = VECTOR('',#1762,1.);
#1762 = DIRECTION('',(1.,0.,0.));
#1763 = ORIENTED_EDGE('',*,*,#1711,.F.);
#1764 = PLANE('',#1765);
#1765 = AXIS2_PLACEMENT_3D('',#1766,#1767,#1768);
#1766 = CARTESIAN_POINT('',(1.168E+03,2.897E+03,6.476E+03));
#1767 = DIRECTION('',(0.,1.,0.));
#1768 = DIRECTION('',(0.,0.,1.));
#1769 = ADVANCED_FACE('',(#1770),#1786,.T.);
#1770 = FACE_BOUND('',#1771,.T.);
#1771 = EDGE_LOOP('',(#1772,#1778,#1779,#1785));
#1772 = ORIENTED_EDGE('',*,*,#1773,.F.);
#1773 = EDGE_CURVE('',#1682,#1722,#1774,.T.);
#1774 = LINE('',#1775,#1776);
#1775 = CARTESIAN_POINT('',(1.168E+03,3.497E+03,6.476E+03));
#1776 = VECTOR('',#1777,1.);
#1777 = DIRECTION('',(1.,0.,0.));
#1778 = ORIENTED_EDGE('',*,*,#1689,.T.);
#1779 = ORIENTED_EDGE('',*,*,#1780,.T.);
#1780 = EDGE_CURVE('',#1690,#1730,#1781,.T.);
#1781 = LINE('',#1782,#1783);
#1782 = CARTESIAN_POINT('',(1.168E+03,3.497E+03,6.496E+03));
#1783 = VECTOR('',#1784,1.);
#1784 = DIRECTION('',(1.,0.,0.));
#1785 = ORIENTED_EDGE('',*,*,#1729,.F.);
#1786 = PLANE('',#1787);
#1787 = AXIS2_PLACEMENT_3D('',#1788,#1789,#1790);
#1788 = CARTESIAN_POINT('',(1.168E+03,3.497E+03,6.476E+03));
#1789 = DIRECTION('',(0.,1.,0.));
#1790 = DIRECTION('',(0.,0.,1.));
#1791 = ADVANCED_FACE('',(#1792),#1798,.F.);
#1792 = FACE_BOUND('',#1793,.F.);
#1793 = EDGE_LOOP('',(#1794,#1795,#1796,#1797));
#1794 = ORIENTED_EDGE('',*,*,#1681,.F.);
#1795 = ORIENTED_EDGE('',*,*,#1751,.T.);
#1796 = ORIENTED_EDGE('',*,*,#1721,.T.);
#1797 = ORIENTED_EDGE('',*,*,#1773,.F.);
#1798 = PLANE('',#1799);
#1799 = AXIS2_PLACEMENT_3D('',#1800,#1801,#1802);
#1800 = CARTESIAN_POINT('',(1.168E+03,2.897E+03,6.476E+03));
#1801 = DIRECTION('',(0.,0.,1.));
#1802 = DIRECTION('',(1.,0.,0.));
#1803 = ADVANCED_FACE('',(#1804),#1810,.T.);
#1804 = FACE_BOUND('',#1805,.T.);
#1805 = EDGE_LOOP('',(#1806,#1807,#1808,#1809));
#1806 = ORIENTED_EDGE('',*,*,#1697,.F.);
#1807 = ORIENTED_EDGE('',*,*,#1758,.T.);
#1808 = ORIENTED_EDGE('',*,*,#1737,.T.);
#1809 = ORIENTED_EDGE('',*,*,#1780,.F.);
#1810 = PLANE('',#1811);
#1811 = AXIS2_PLACEMENT_3D('',#1812,#1813,#1814);
#1812 = CARTESIAN_POINT('',(1.168E+03,2.897E+03,6.496E+03));
#1813 = DIRECTION('',(0.,0.,1.));
#1814 = DIRECTION('',(1.,0.,0.));
#1815 = MANIFOLD_SOLID_BREP('',#1816);
#1816 = CLOSED_SHELL('',(#1817,#1857,#1897,#1919,#1941,#1953));
#1817 = ADVANCED_FACE('',(#1818),#1852,.F.);
#1818 = FACE_BOUND('',#1819,.F.);
#1819 = EDGE_LOOP('',(#1820,#1830,#1838,#1846));
#1820 = ORIENTED_EDGE('',*,*,#1821,.F.);
#1821 = EDGE_CURVE('',#1822,#1824,#1826,.T.);
#1822 = VERTEX_POINT('',#1823);
#1823 = CARTESIAN_POINT('',(-1.799E+03,-507.,6.476E+03));
#1824 = VERTEX_POINT('',#1825);
#1825 = CARTESIAN_POINT('',(-1.799E+03,-507.,6.496E+03));
#1826 = LINE('',#1827,#1828);
#1827 = CARTESIAN_POINT('',(-1.799E+03,-507.,6.476E+03));
#1828 = VECTOR('',#1829,1.);
#1829 = DIRECTION('',(0.,0.,1.));
#1830 = ORIENTED_EDGE('',*,*,#1831,.T.);
#1831 = EDGE_CURVE('',#1822,#1832,#1834,.T.);
#1832 = VERTEX_POINT('',#1833);
#1833 = CARTESIAN_POINT('',(-1.799E+03,93.,6.476E+03));
#1834 = LINE('',#1835,#1836);
#1835 = CARTESIAN_POINT('',(-1.799E+03,-507.,6.476E+03));
#1836 = VECTOR('',#1837,1.);
#1837 = DIRECTION('',(0.,1.,0.));
#1838 = ORIENTED_EDGE('',*,*,#1839,.T.);
#1839 = EDGE_CURVE('',#1832,#1840,#1842,.T.);
#1840 = VERTEX_POINT('',#1841);
#1841 = CARTESIAN_POINT('',(-1.799E+03,93.,6.496E+03));
#1842 = LINE('',#1843,#1844);
#1843 = CARTESIAN_POINT('',(-1.799E+03,93.,6.476E+03));
#1844 = VECTOR('',#1845,1.);
#1845 = DIRECTION('',(0.,0.,1.));
#1846 = ORIENTED_EDGE('',*,*,#1847,.F.);
#1847 = EDGE_CURVE('',#1824,#1840,#1848,.T.);
#1848 = LINE('',#1849,#1850);
#1849 = CARTESIAN_POINT('',(-1.799E+03,-507.,6.496E+03));
#1850 = VECTOR('',#1851,1.);
#1851 = DIRECTION('',(0.,1.,0.));
#1852 = PLANE('',#1853);
#1853 = AXIS2_PLACEMENT_3D('',#1854,#1855,#1856);
#1854 = CARTESIAN_POINT('',(-1.799E+03,-507.,6.476E+03));
#1855 = DIRECTION('',(1.,0.,0.));
#1856 = DIRECTION('',(0.,0.,1.));
#1857 = ADVANCED_FACE('',(#1858),#1892,.T.);
#1858 = FACE_BOUND('',#1859,.T.);
#1859 = EDGE_LOOP('',(#1860,#1870,#1878,#1886));
#1860 = ORIENTED_EDGE('',*,*,#1861,.F.);
#1861 = EDGE_CURVE('',#1862,#1864,#1866,.T.);
#1862 = VERTEX_POINT('',#1863);
#1863 = CARTESIAN_POINT('',(-1.199E+03,-507.,6.476E+03));
#1864 = VERTEX_POINT('',#1865);
#1865 = CARTESIAN_POINT('',(-1.199E+03,-507.,6.496E+03));
#1866 = LINE('',#1867,#1868);
#1867 = CARTESIAN_POINT('',(-1.199E+03,-507.,6.476E+03));
#1868 = VECTOR('',#1869,1.);
#1869 = DIRECTION('',(0.,0.,1.));
#1870 = ORIENTED_EDGE('',*,*,#1871,.T.);
#1871 = EDGE_CURVE('',#1862,#1872,#1874,.T.);
#1872 = VERTEX_POINT('',#1873);
#1873 = CARTESIAN_POINT('',(-1.199E+03,93.,6.476E+03));
#1874 = LINE('',#1875,#1876);
#1875 = CARTESIAN_POINT('',(-1.199E+03,-507.,6.476E+03));
#1876 = VECTOR('',#1877,1.);
#1877 = DIRECTION('',(0.,1.,0.));
#1878 = ORIENTED_EDGE('',*,*,#1879,.T.);
#1879 = EDGE_CURVE('',#1872,#1880,#1882,.T.);
#1880 = VERTEX_POINT('',#1881);
#1881 = CARTESIAN_POINT('',(-1.199E+03,93.,6.496E+03));
#1882 = LINE('',#1883,#1884);
#1883 = CARTESIAN_POINT('',(-1.199E+03,93.,6.476E+03));
#1884 = VECTOR('',#1885,1.);
#1885 = DIRECTION('',(0.,0.,1.));
#1886 = ORIENTED_EDGE('',*,*,#1887,.F.);
#1887 = EDGE_CURVE('',#1864,#1880,#1888,.T.);
#1888 = LINE('',#1889,#1890);
#1889 = CARTESIAN_POINT('',(-1.199E+03,-507.,6.496E+03));
#1890 = VECTOR('',#1891,1.);
#1891 = DIRECTION('',(0.,1.,0.));
#1892 = PLANE('',#1893);
#1893 = AXIS2_PLACEMENT_3D('',#1894,#1895,#1896);
#1894 = CARTESIAN_POINT('',(-1.199E+03,-507.,6.476E+03));
#1895 = DIRECTION('',(1.,0.,0.));
#1896 = DIRECTION('',(0.,0.,1.));
#1897 = ADVANCED_FACE('',(#1898),#1914,.F.);
#1898 = FACE_BOUND('',#1899,.F.);
#1899 = EDGE_LOOP('',(#1900,#1906,#1907,#1913));
#1900 = ORIENTED_EDGE('',*,*,#1901,.F.);
#1901 = EDGE_CURVE('',#1822,#1862,#1902,.T.);
#1902 = LINE('',#1903,#1904);
#1903 = CARTESIAN_POINT('',(-1.799E+03,-507.,6.476E+03));
#1904 = VECTOR('',#1905,1.);
#1905 = DIRECTION('',(1.,0.,0.));
#1906 = ORIENTED_EDGE('',*,*,#1821,.T.);
#1907 = ORIENTED_EDGE('',*,*,#1908,.T.);
#1908 = EDGE_CURVE('',#1824,#1864,#1909,.T.);
#1909 = LINE('',#1910,#1911);
#1910 = CARTESIAN_POINT('',(-1.799E+03,-507.,6.496E+03));
#1911 = VECTOR('',#1912,1.);
#1912 = DIRECTION('',(1.,0.,0.));
#1913 = ORIENTED_EDGE('',*,*,#1861,.F.);
#1914 = PLANE('',#1915);
#1915 = AXIS2_PLACEMENT_3D('',#1916,#1917,#1918);
#1916 = CARTESIAN_POINT('',(-1.799E+03,-507.,6.476E+03));
#1917 = DIRECTION('',(0.,1.,0.));
#1918 = DIRECTION('',(0.,0.,1.));
#1919 = ADVANCED_FACE('',(#1920),#1936,.T.);
#1920 = FACE_BOUND('',#1921,.T.);
#1921 = EDGE_LOOP('',(#1922,#1928,#1929,#1935));
#1922 = ORIENTED_EDGE('',*,*,#1923,.F.);
#1923 = EDGE_CURVE('',#1832,#1872,#1924,.T.);
#1924 = LINE('',#1925,#1926);
#1925 = CARTESIAN_POINT('',(-1.799E+03,93.,6.476E+03));
#1926 = VECTOR('',#1927,1.);
#1927 = DIRECTION('',(1.,0.,0.));
#1928 = ORIENTED_EDGE('',*,*,#1839,.T.);
#1929 = ORIENTED_EDGE('',*,*,#1930,.T.);
#1930 = EDGE_CURVE('',#1840,#1880,#1931,.T.);
#1931 = LINE('',#1932,#1933);
#1932 = CARTESIAN_POINT('',(-1.799E+03,93.,6.496E+03));
#1933 = VECTOR('',#1934,1.);
#1934 = DIRECTION('',(1.,0.,0.));
#1935 = ORIENTED_EDGE('',*,*,#1879,.F.);
#1936 = PLANE('',#1937);
#1937 = AXIS2_PLACEMENT_3D('',#1938,#1939,#1940);
#1938 = CARTESIAN_POINT('',(-1.799E+03,93.,6.476E+03));
#1939 = DIRECTION('',(0.,1.,0.));
#1940 = DIRECTION('',(0.,0.,1.));
#1941 = ADVANCED_FACE('',(#1942),#1948,.F.);
#1942 = FACE_BOUND('',#1943,.F.);
#1943 = EDGE_LOOP('',(#1944,#1945,#1946,#1947));
#1944 = ORIENTED_EDGE('',*,*,#1831,.F.);
#1945 = ORIENTED_EDGE('',*,*,#1901,.T.);
#1946 = ORIENTED_EDGE('',*,*,#1871,.T.);
#1947 = ORIENTED_EDGE('',*,*,#1923,.F.);
#1948 = PLANE('',#1949);
#1949 = AXIS2_PLACEMENT_3D('',#1950,#1951,#1952);
#1950 = CARTESIAN_POINT('',(-1.799E+03,-507.,6.476E+03));
#1951 = DIRECTION('',(0.,0.,1.));
#1952 = DIRECTION('',(1.,0.,0.));
#1953 = ADVANCED_FACE('',(#1954),#1960,.T.);
#1954 = FACE_BOUND('',#1955,.T.);
#1955 = EDGE_LOOP('',(#1956,#1957,#1958,#1959));
#1956 = ORIENTED_EDGE('',*,*,#1847,.F.);
#1957 = ORIENTED_EDGE('',*,*,#1908,.T.);
#1958 = ORIENTED_EDGE('',*,*,#1887,.T.);
#1959 = ORIENTED_EDGE('',*,*,#1930,.F.);
#1960 = PLANE('',#1961);
#1961 = AXIS2_PLACEMENT_3D('',#1962,#1963,#1964);
#1962 = CARTESIAN_POINT('',(-1.799E+03,-507.,6.496E+03));
#1963 = DIRECTION('',(0.,0.,1.));
#1964 = DIRECTION('',(1.,0.,0.));
#1965 = MANIFOLD_SOLID_BREP('',#1966);
#1966 = CLOSED_SHELL('',(#1967,#2007,#2047,#2069,#2091,#2103));
#1967 = ADVANCED_FACE('',(#1968),#2002,.F.);
#1968 = FACE_BOUND('',#1969,.F.);
#1969 = EDGE_LOOP('',(#1970,#1980,#1988,#1996));
#1970 = ORIENTED_EDGE('',*,*,#1971,.F.);
#1971 = EDGE_CURVE('',#1972,#1974,#1976,.T.);
#1972 = VERTEX_POINT('',#1973);
#1973 = CARTESIAN_POINT('',(2.651E+03,-507.,6.476E+03));
#1974 = VERTEX_POINT('',#1975);
#1975 = CARTESIAN_POINT('',(2.651E+03,-507.,6.496E+03));
#1976 = LINE('',#1977,#1978);
#1977 = CARTESIAN_POINT('',(2.651E+03,-507.,6.476E+03));
#1978 = VECTOR('',#1979,1.);
#1979 = DIRECTION('',(0.,0.,1.));
#1980 = ORIENTED_EDGE('',*,*,#1981,.T.);
#1981 = EDGE_CURVE('',#1972,#1982,#1984,.T.);
#1982 = VERTEX_POINT('',#1983);
#1983 = CARTESIAN_POINT('',(2.651E+03,93.,6.476E+03));
#1984 = LINE('',#1985,#1986);
#1985 = CARTESIAN_POINT('',(2.651E+03,-507.,6.476E+03));
#1986 = VECTOR('',#1987,1.);
#1987 = DIRECTION('',(0.,1.,0.));
#1988 = ORIENTED_EDGE('',*,*,#1989,.T.);
#1989 = EDGE_CURVE('',#1982,#1990,#1992,.T.);
#1990 = VERTEX_POINT('',#1991);
#1991 = CARTESIAN_POINT('',(2.651E+03,93.,6.496E+03));
#1992 = LINE('',#1993,#1994);
#1993 = CARTESIAN_POINT('',(2.651E+03,93.,6.476E+03));
#1994 = VECTOR('',#1995,1.);
#1995 = DIRECTION('',(0.,0.,1.));
#1996 = ORIENTED_EDGE('',*,*,#1997,.F.);
#1997 = EDGE_CURVE('',#1974,#1990,#1998,.T.);
#1998 = LINE('',#1999,#2000);
#1999 = CARTESIAN_POINT('',(2.651E+03,-507.,6.496E+03));
#2000 = VECTOR('',#2001,1.);
#2001 = DIRECTION('',(0.,1.,0.));
#2002 = PLANE('',#2003);
#2003 = AXIS2_PLACEMENT_3D('',#2004,#2005,#2006);
#2004 = CARTESIAN_POINT('',(2.651E+03,-507.,6.476E+03));
#2005 = DIRECTION('',(1.,0.,0.));
#2006 = DIRECTION('',(0.,0.,1.));
#2007 = ADVANCED_FACE('',(#2008),#2042,.T.);
#2008 = FACE_BOUND('',#2009,.T.);
#2009 = EDGE_LOOP('',(#2010,#2020,#2028,#2036));
#2010 = ORIENTED_EDGE('',*,*,#2011,.F.);
#2011 = EDGE_CURVE('',#2012,#2014,#2016,.T.);
#2012 = VERTEX_POINT('',#2013);
#2013 = CARTESIAN_POINT('',(3.251E+03,-507.,6.476E+03));
#2014 = VERTEX_POINT('',#2015);
#2015 = CARTESIAN_POINT('',(3.251E+03,-507.,6.496E+03));
#2016 = LINE('',#2017,#2018);
#2017 = CARTESIAN_POINT('',(3.251E+03,-507.,6.476E+03));
#2018 = VECTOR('',#2019,1.);
#2019 = DIRECTION('',(0.,0.,1.));
#2020 = ORIENTED_EDGE('',*,*,#2021,.T.);
#2021 = EDGE_CURVE('',#2012,#2022,#2024,.T.);
#2022 = VERTEX_POINT('',#2023);
#2023 = CARTESIAN_POINT('',(3.251E+03,93.,6.476E+03));
#2024 = LINE('',#2025,#2026);
#2025 = CARTESIAN_POINT('',(3.251E+03,-507.,6.476E+03));
#2026 = VECTOR('',#2027,1.);
#2027 = DIRECTION('',(0.,1.,0.));
#2028 = ORIENTED_EDGE('',*,*,#2029,.T.);
#2029 = EDGE_CURVE('',#2022,#2030,#2032,.T.);
#2030 = VERTEX_POINT('',#2031);
#2031 = CARTESIAN_POINT('',(3.251E+03,93.,6.496E+03));
#2032 = LINE('',#2033,#2034);
#2033 = CARTESIAN_POINT('',(3.251E+03,93.,6.476E+03));
#2034 = VECTOR('',#2035,1.);
#2035 = DIRECTION('',(0.,0.,1.));
#2036 = ORIENTED_EDGE('',*,*,#2037,.F.);
#2037 = EDGE_CURVE('',#2014,#2030,#2038,.T.);
#2038 = LINE('',#2039,#2040);
#2039 = CARTESIAN_POINT('',(3.251E+03,-507.,6.496E+03));
#2040 = VECTOR('',#2041,1.);
#2041 = DIRECTION('',(0.,1.,0.));
#2042 = PLANE('',#2043);
#2043 = AXIS2_PLACEMENT_3D('',#2044,#2045,#2046);
#2044 = CARTESIAN_POINT('',(3.251E+03,-507.,6.476E+03));
#2045 = DIRECTION('',(1.,0.,0.));
#2046 = DIRECTION('',(0.,0.,1.));
#2047 = ADVANCED_FACE('',(#2048),#2064,.F.);
#2048 = FACE_BOUND('',#2049,.F.);
#2049 = EDGE_LOOP('',(#2050,#2056,#2057,#2063));
#2050 = ORIENTED_EDGE('',*,*,#2051,.F.);
#2051 = EDGE_CURVE('',#1972,#2012,#2052,.T.);
#2052 = LINE('',#2053,#2054);
#2053 = CARTESIAN_POINT('',(2.651E+03,-507.,6.476E+03));
#2054 = VECTOR('',#2055,1.);
#2055 = DIRECTION('',(1.,0.,0.));
#2056 = ORIENTED_EDGE('',*,*,#1971,.T.);
#2057 = ORIENTED_EDGE('',*,*,#2058,.T.);
#2058 = EDGE_CURVE('',#1974,#2014,#2059,.T.);
#2059 = LINE('',#2060,#2061);
#2060 = CARTESIAN_POINT('',(2.651E+03,-507.,6.496E+03));
#2061 = VECTOR('',#2062,1.);
#2062 = DIRECTION('',(1.,0.,0.));
#2063 = ORIENTED_EDGE('',*,*,#2011,.F.);
#2064 = PLANE('',#2065);
#2065 = AXIS2_PLACEMENT_3D('',#2066,#2067,#2068);
#2066 = CARTESIAN_POINT('',(2.651E+03,-507.,6.476E+03));
#2067 = DIRECTION('',(0.,1.,0.));
#2068 = DIRECTION('',(0.,0.,1.));
#2069 = ADVANCED_FACE('',(#2070),#2086,.T.);
#2070 = FACE_BOUND('',#2071,.T.);
#2071 = EDGE_LOOP('',(#2072,#2078,#2079,#2085));
#2072 = ORIENTED_EDGE('',*,*,#2073,.F.);
#2073 = EDGE_CURVE('',#1982,#2022,#2074,.T.);
#2074 = LINE('',#2075,#2076);
#2075 = CARTESIAN_POINT('',(2.651E+03,93.,6.476E+03));
#2076 = VECTOR('',#2077,1.);
#2077 = DIRECTION('',(1.,0.,0.));
#2078 = ORIENTED_EDGE('',*,*,#1989,.T.);
#2079 = ORIENTED_EDGE('',*,*,#2080,.T.);
#2080 = EDGE_CURVE('',#1990,#2030,#2081,.T.);
#2081 = LINE('',#2082,#2083);
#2082 = CARTESIAN_POINT('',(2.651E+03,93.,6.496E+03));
#2083 = VECTOR('',#2084,1.);
#2084 = DIRECTION('',(1.,0.,0.));
#2085 = ORIENTED_EDGE('',*,*,#2029,.F.);
#2086 = PLANE('',#2087);
#2087 = AXIS2_PLACEMENT_3D('',#2088,#2089,#2090);
#2088 = CARTESIAN_POINT('',(2.651E+03,93.,6.476E+03));
#2089 = DIRECTION('',(0.,1.,0.));
#2090 = DIRECTION('',(0.,0.,1.));
#2091 = ADVANCED_FACE('',(#2092),#2098,.F.);
#2092 = FACE_BOUND('',#2093,.F.);
#2093 = EDGE_LOOP('',(#2094,#2095,#2096,#2097));
#2094 = ORIENTED_EDGE('',*,*,#1981,.F.);
#2095 = ORIENTED_EDGE('',*,*,#2051,.T.);
#2096 = ORIENTED_EDGE('',*,*,#2021,.T.);
#2097 = ORIENTED_EDGE('',*,*,#2073,.F.);
#2098 = PLANE('',#2099);
#2099 = AXIS2_PLACEMENT_3D('',#2100,#2101,#2102);
#2100 = CARTESIAN_POINT('',(2.651E+03,-507.,6.476E+03));
#2101 = DIRECTION('',(0.,0.,1.));
#2102 = DIRECTION('',(1.,0.,0.));
#2103 = ADVANCED_FACE('',(#2104),#2110,.T.);
#2104 = FACE_BOUND('',#2105,.T.);
#2105 = EDGE_LOOP('',(#2106,#2107,#2108,#2109));
#2106 = ORIENTED_EDGE('',*,*,#1997,.F.);
#2107 = ORIENTED_EDGE('',*,*,#2058,.T.);
#2108 = ORIENTED_EDGE('',*,*,#2037,.T.);
#2109 = ORIENTED_EDGE('',*,*,#2080,.F.);
#2110 = PLANE('',#2111);
#2111 = AXIS2_PLACEMENT_3D('',#2112,#2113,#2114);
#2112 = CARTESIAN_POINT('',(2.651E+03,-507.,6.496E+03));
#2113 = DIRECTION('',(0.,0.,1.));
#2114 = DIRECTION('',(1.,0.,0.));
#2115 = MANIFOLD_SOLID_BREP('',#2116);
#2116 = CLOSED_SHELL('',(#2117,#2157,#2197,#2219,#2241,#2253));
#2117 = ADVANCED_FACE('',(#2118),#2152,.F.);
#2118 = FACE_BOUND('',#2119,.F.);
#2119 = EDGE_LOOP('',(#2120,#2130,#2138,#2146));
#2120 = ORIENTED_EDGE('',*,*,#2121,.F.);
#2121 = EDGE_CURVE('',#2122,#2124,#2126,.T.);
#2122 = VERTEX_POINT('',#2123);
#2123 = CARTESIAN_POINT('',(-1.799E+03,2.897E+03,6.476E+03));
#2124 = VERTEX_POINT('',#2125);
#2125 = CARTESIAN_POINT('',(-1.799E+03,2.897E+03,6.496E+03));
#2126 = LINE('',#2127,#2128);
#2127 = CARTESIAN_POINT('',(-1.799E+03,2.897E+03,6.476E+03));
#2128 = VECTOR('',#2129,1.);
#2129 = DIRECTION('',(0.,0.,1.));
#2130 = ORIENTED_EDGE('',*,*,#2131,.T.);
#2131 = EDGE_CURVE('',#2122,#2132,#2134,.T.);
#2132 = VERTEX_POINT('',#2133);
#2133 = CARTESIAN_POINT('',(-1.799E+03,3.497E+03,6.476E+03));
#2134 = LINE('',#2135,#2136);
#2135 = CARTESIAN_POINT('',(-1.799E+03,2.897E+03,6.476E+03));
#2136 = VECTOR('',#2137,1.);
#2137 = DIRECTION('',(0.,1.,0.));
#2138 = ORIENTED_EDGE('',*,*,#2139,.T.);
#2139 = EDGE_CURVE('',#2132,#2140,#2142,.T.);
#2140 = VERTEX_POINT('',#2141);
#2141 = CARTESIAN_POINT('',(-1.799E+03,3.497E+03,6.496E+03));
#2142 = LINE('',#2143,#2144);
#2143 = CARTESIAN_POINT('',(-1.799E+03,3.497E+03,6.476E+03));
#2144 = VECTOR('',#2145,1.);
#2145 = DIRECTION('',(0.,0.,1.));
#2146 = ORIENTED_EDGE('',*,*,#2147,.F.);
#2147 = EDGE_CURVE('',#2124,#2140,#2148,.T.);
#2148 = LINE('',#2149,#2150);
#2149 = CARTESIAN_POINT('',(-1.799E+03,2.897E+03,6.496E+03));
#2150 = VECTOR('',#2151,1.);
#2151 = DIRECTION('',(0.,1.,0.));
#2152 = PLANE('',#2153);
#2153 = AXIS2_PLACEMENT_3D('',#2154,#2155,#2156);
#2154 = CARTESIAN_POINT('',(-1.799E+03,2.897E+03,6.476E+03));
#2155 = DIRECTION('',(1.,0.,0.));
#2156 = DIRECTION('',(0.,0.,1.));
#2157 = ADVANCED_FACE('',(#2158),#2192,.T.);
#2158 = FACE_BOUND('',#2159,.T.);
#2159 = EDGE_LOOP('',(#2160,#2170,#2178,#2186));
#2160 = ORIENTED_EDGE('',*,*,#2161,.F.);
#2161 = EDGE_CURVE('',#2162,#2164,#2166,.T.);
#2162 = VERTEX_POINT('',#2163);
#2163 = CARTESIAN_POINT('',(-1.199E+03,2.897E+03,6.476E+03));
#2164 = VERTEX_POINT('',#2165);
#2165 = CARTESIAN_POINT('',(-1.199E+03,2.897E+03,6.496E+03));
#2166 = LINE('',#2167,#2168);
#2167 = CARTESIAN_POINT('',(-1.199E+03,2.897E+03,6.476E+03));
#2168 = VECTOR('',#2169,1.);
#2169 = DIRECTION('',(0.,0.,1.));
#2170 = ORIENTED_EDGE('',*,*,#2171,.T.);
#2171 = EDGE_CURVE('',#2162,#2172,#2174,.T.);
#2172 = VERTEX_POINT('',#2173);
#2173 = CARTESIAN_POINT('',(-1.199E+03,3.497E+03,6.476E+03));
#2174 = LINE('',#2175,#2176);
#2175 = CARTESIAN_POINT('',(-1.199E+03,2.897E+03,6.476E+03));
#2176 = VECTOR('',#2177,1.);
#2177 = DIRECTION('',(0.,1.,0.));
#2178 = ORIENTED_EDGE('',*,*,#2179,.T.);
#2179 = EDGE_CURVE('',#2172,#2180,#2182,.T.);
#2180 = VERTEX_POINT('',#2181);
#2181 = CARTESIAN_POINT('',(-1.199E+03,3.497E+03,6.496E+03));
#2182 = LINE('',#2183,#2184);
#2183 = CARTESIAN_POINT('',(-1.199E+03,3.497E+03,6.476E+03));
#2184 = VECTOR('',#2185,1.);
#2185 = DIRECTION('',(0.,0.,1.));
#2186 = ORIENTED_EDGE('',*,*,#2187,.F.);
#2187 = EDGE_CURVE('',#2164,#2180,#2188,.T.);
#2188 = LINE('',#2189,#2190);
#2189 = CARTESIAN_POINT('',(-1.199E+03,2.897E+03,6.496E+03));
#2190 = VECTOR('',#2191,1.);
#2191 = DIRECTION('',(0.,1.,0.));
#2192 = PLANE('',#2193);
#2193 = AXIS2_PLACEMENT_3D('',#2194,#2195,#2196);
#2194 = CARTESIAN_POINT('',(-1.199E+03,2.897E+03,6.476E+03));
#2195 = DIRECTION('',(1.,0.,0.));
#2196 = DIRECTION('',(0.,0.,1.));
#2197 = ADVANCED_FACE('',(#2198),#2214,.F.);
#2198 = FACE_BOUND('',#2199,.F.);
#2199 = EDGE_LOOP('',(#2200,#2206,#2207,#2213));
#2200 = ORIENTED_EDGE('',*,*,#2201,.F.);
#2201 = EDGE_CURVE('',#2122,#2162,#2202,.T.);
#2202 = LINE('',#2203,#2204);
#2203 = CARTESIAN_POINT('',(-1.799E+03,2.897E+03,6.476E+03));
#2204 = VECTOR('',#2205,1.);
#2205 = DIRECTION('',(1.,0.,0.));
#2206 = ORIENTED_EDGE('',*,*,#2121,.T.);
#2207 = ORIENTED_EDGE('',*,*,#2208,.T.);
#2208 = EDGE_CURVE('',#2124,#2164,#2209,.T.);
#2209 = LINE('',#2210,#2211);
#2210 = CARTESIAN_POINT('',(-1.799E+03,2.897E+03,6.496E+03));
#2211 = VECTOR('',#2212,1.);
#2212 = DIRECTION('',(1.,0.,0.));
#2213 = ORIENTED_EDGE('',*,*,#2161,.F.);
#2214 = PLANE('',#2215);
#2215 = AXIS2_PLACEMENT_3D('',#2216,#2217,#2218);
#2216 = CARTESIAN_POINT('',(-1.799E+03,2.897E+03,6.476E+03));
#2217 = DIRECTION('',(0.,1.,0.));
#2218 = DIRECTION('',(0.,0.,1.));
#2219 = ADVANCED_FACE('',(#2220),#2236,.T.);
#2220 = FACE_BOUND('',#2221,.T.);
#2221 = EDGE_LOOP('',(#2222,#2228,#2229,#2235));
#2222 = ORIENTED_EDGE('',*,*,#2223,.F.);
#2223 = EDGE_CURVE('',#2132,#2172,#2224,.T.);
#2224 = LINE('',#2225,#2226);
#2225 = CARTESIAN_POINT('',(-1.799E+03,3.497E+03,6.476E+03));
#2226 = VECTOR('',#2227,1.);
#2227 = DIRECTION('',(1.,0.,0.));
#2228 = ORIENTED_EDGE('',*,*,#2139,.T.);
#2229 = ORIENTED_EDGE('',*,*,#2230,.T.);
#2230 = EDGE_CURVE('',#2140,#2180,#2231,.T.);
#2231 = LINE('',#2232,#2233);
#2232 = CARTESIAN_POINT('',(-1.799E+03,3.497E+03,6.496E+03));
#2233 = VECTOR('',#2234,1.);
#2234 = DIRECTION('',(1.,0.,0.));
#2235 = ORIENTED_EDGE('',*,*,#2179,.F.);
#2236 = PLANE('',#2237);
#2237 = AXIS2_PLACEMENT_3D('',#2238,#2239,#2240);
#2238 = CARTESIAN_POINT('',(-1.799E+03,3.497E+03,6.476E+03));
#2239 = DIRECTION('',(0.,1.,0.));
#2240 = DIRECTION('',(0.,0.,1.));
#2241 = ADVANCED_FACE('',(#2242),#2248,.F.);
#2242 = FACE_BOUND('',#2243,.F.);
#2243 = EDGE_LOOP('',(#2244,#2245,#2246,#2247));
#2244 = ORIENTED_EDGE('',*,*,#2131,.F.);
#2245 = ORIENTED_EDGE('',*,*,#2201,.T.);
#2246 = ORIENTED_EDGE('',*,*,#2171,.T.);
#2247 = ORIENTED_EDGE('',*,*,#2223,.F.);
#2248 = PLANE('',#2249);
#2249 = AXIS2_PLACEMENT_3D('',#2250,#2251,#2252);
#2250 = CARTESIAN_POINT('',(-1.799E+03,2.897E+03,6.476E+03));
#2251 = DIRECTION('',(0.,0.,1.));
#2252 = DIRECTION('',(1.,0.,0.));
#2253 = ADVANCED_FACE('',(#2254),#2260,.T.);
#2254 = FACE_BOUND('',#2255,.T.);
#2255 = EDGE_LOOP('',(#2256,#2257,#2258,#2259));
#2256 = ORIENTED_EDGE('',*,*,#2147,.F.);
#2257 = ORIENTED_EDGE('',*,*,#2208,.T.);
#2258 = ORIENTED_EDGE('',*,*,#2187,.T.);
#2259 = ORIENTED_EDGE('',*,*,#2230,.F.);
#2260 = PLANE('',#2261);
#2261 = AXIS2_PLACEMENT_3D('',#2262,#2263,#2264);
#2262 = CARTESIAN_POINT('',(-1.799E+03,2.897E+03,6.496E+03));
#2263 = DIRECTION('',(0.,0.,1.));
#2264 = DIRECTION('',(1.,0.,0.));
#2265 = MANIFOLD_SOLID_BREP('',#2266);
#2266 = CLOSED_SHELL('',(#2267,#2307,#2347,#2369,#2391,#2403));
#2267 = ADVANCED_FACE('',(#2268),#2302,.F.);
#2268 = FACE_BOUND('',#2269,.F.);
#2269 = EDGE_LOOP('',(#2270,#2280,#2288,#2296));
#2270 = ORIENTED_EDGE('',*,*,#2271,.F.);
#2271 = EDGE_CURVE('',#2272,#2274,#2276,.T.);
#2272 = VERTEX_POINT('',#2273);
#2273 = CARTESIAN_POINT('',(2.651E+03,2.897E+03,6.476E+03));
#2274 = VERTEX_POINT('',#2275);
#2275 = CARTESIAN_POINT('',(2.651E+03,2.897E+03,6.496E+03));
#2276 = LINE('',#2277,#2278);
#2277 = CARTESIAN_POINT('',(2.651E+03,2.897E+03,6.476E+03));
#2278 = VECTOR('',#2279,1.);
#2279 = DIRECTION('',(0.,0.,1.));
#2280 = ORIENTED_EDGE('',*,*,#2281,.T.);
#2281 = EDGE_CURVE('',#2272,#2282,#2284,.T.);
#2282 = VERTEX_POINT('',#2283);
#2283 = CARTESIAN_POINT('',(2.651E+03,3.497E+03,6.476E+03));
#2284 = LINE('',#2285,#2286);
#2285 = CARTESIAN_POINT('',(2.651E+03,2.897E+03,6.476E+03));
#2286 = VECTOR('',#2287,1.);
#2287 = DIRECTION('',(0.,1.,0.));
#2288 = ORIENTED_EDGE('',*,*,#2289,.T.);
#2289 = EDGE_CURVE('',#2282,#2290,#2292,.T.);
#2290 = VERTEX_POINT('',#2291);
#2291 = CARTESIAN_POINT('',(2.651E+03,3.497E+03,6.496E+03));
#2292 = LINE('',#2293,#2294);
#2293 = CARTESIAN_POINT('',(2.651E+03,3.497E+03,6.476E+03));
#2294 = VECTOR('',#2295,1.);
#2295 = DIRECTION('',(0.,0.,1.));
#2296 = ORIENTED_EDGE('',*,*,#2297,.F.);
#2297 = EDGE_CURVE('',#2274,#2290,#2298,.T.);
#2298 = LINE('',#2299,#2300);
#2299 = CARTESIAN_POINT('',(2.651E+03,2.897E+03,6.496E+03));
#2300 = VECTOR('',#2301,1.);
#2301 = DIRECTION('',(0.,1.,0.));
#2302 = PLANE('',#2303);
#2303 = AXIS2_PLACEMENT_3D('',#2304,#2305,#2306);
#2304 = CARTESIAN_POINT('',(2.651E+03,2.897E+03,6.476E+03));
#2305 = DIRECTION('',(1.,0.,0.));
#2306 = DIRECTION('',(0.,0.,1.));
#2307 = ADVANCED_FACE('',(#2308),#2342,.T.);
#2308 = FACE_BOUND('',#2309,.T.);
#2309 = EDGE_LOOP('',(#2310,#2320,#2328,#2336));
#2310 = ORIENTED_EDGE('',*,*,#2311,.F.);
#2311 = EDGE_CURVE('',#2312,#2314,#2316,.T.);
#2312 = VERTEX_POINT('',#2313);
#2313 = CARTESIAN_POINT('',(3.251E+03,2.897E+03,6.476E+03));
#2314 = VERTEX_POINT('',#2315);
#2315 = CARTESIAN_POINT('',(3.251E+03,2.897E+03,6.496E+03));
#2316 = LINE('',#2317,#2318);
#2317 = CARTESIAN_POINT('',(3.251E+03,2.897E+03,6.476E+03));
#2318 = VECTOR('',#2319,1.);
#2319 = DIRECTION('',(0.,0.,1.));
#2320 = ORIENTED_EDGE('',*,*,#2321,.T.);
#2321 = EDGE_CURVE('',#2312,#2322,#2324,.T.);
#2322 = VERTEX_POINT('',#2323);
#2323 = CARTESIAN_POINT('',(3.251E+03,3.497E+03,6.476E+03));
#2324 = LINE('',#2325,#2326);
#2325 = CARTESIAN_POINT('',(3.251E+03,2.897E+03,6.476E+03));
#2326 = VECTOR('',#2327,1.);
#2327 = DIRECTION('',(0.,1.,0.));
#2328 = ORIENTED_EDGE('',*,*,#2329,.T.);
#2329 = EDGE_CURVE('',#2322,#2330,#2332,.T.);
#2330 = VERTEX_POINT('',#2331);
#2331 = CARTESIAN_POINT('',(3.251E+03,3.497E+03,6.496E+03));
#2332 = LINE('',#2333,#2334);
#2333 = CARTESIAN_POINT('',(3.251E+03,3.497E+03,6.476E+03));
#2334 = VECTOR('',#2335,1.);
#2335 = DIRECTION('',(0.,0.,1.));
#2336 = ORIENTED_EDGE('',*,*,#2337,.F.);
#2337 = EDGE_CURVE('',#2314,#2330,#2338,.T.);
#2338 = LINE('',#2339,#2340);
#2339 = CARTESIAN_POINT('',(3.251E+03,2.897E+03,6.496E+03));
#2340 = VECTOR('',#2341,1.);
#2341 = DIRECTION('',(0.,1.,0.));
#2342 = PLANE('',#2343);
#2343 = AXIS2_PLACEMENT_3D('',#2344,#2345,#2346);
#2344 = CARTESIAN_POINT('',(3.251E+03,2.897E+03,6.476E+03));
#2345 = DIRECTION('',(1.,0.,0.));
#2346 = DIRECTION('',(0.,0.,1.));
#2347 = ADVANCED_FACE('',(#2348),#2364,.F.);
#2348 = FACE_BOUND('',#2349,.F.);
#2349 = EDGE_LOOP('',(#2350,#2356,#2357,#2363));
#2350 = ORIENTED_EDGE('',*,*,#2351,.F.);
#2351 = EDGE_CURVE('',#2272,#2312,#2352,.T.);
#2352 = LINE('',#2353,#2354);
#2353 = CARTESIAN_POINT('',(2.651E+03,2.897E+03,6.476E+03));
#2354 = VECTOR('',#2355,1.);
#2355 = DIRECTION('',(1.,0.,0.));
#2356 = ORIENTED_EDGE('',*,*,#2271,.T.);
#2357 = ORIENTED_EDGE('',*,*,#2358,.T.);
#2358 = EDGE_CURVE('',#2274,#2314,#2359,.T.);
#2359 = LINE('',#2360,#2361);
#2360 = CARTESIAN_POINT('',(2.651E+03,2.897E+03,6.496E+03));
#2361 = VECTOR('',#2362,1.);
#2362 = DIRECTION('',(1.,0.,0.));
#2363 = ORIENTED_EDGE('',*,*,#2311,.F.);
#2364 = PLANE('',#2365);
#2365 = AXIS2_PLACEMENT_3D('',#2366,#2367,#2368);
#2366 = CARTESIAN_POINT('',(2.651E+03,2.897E+03,6.476E+03));
#2367 = DIRECTION('',(0.,1.,0.));
#2368 = DIRECTION('',(0.,0.,1.));
#2369 = ADVANCED_FACE('',(#2370),#2386,.T.);
#2370 = FACE_BOUND('',#2371,.T.);
#2371 = EDGE_LOOP('',(#2372,#2378,#2379,#2385));
#2372 = ORIENTED_EDGE('',*,*,#2373,.F.);
#2373 = EDGE_CURVE('',#2282,#2322,#2374,.T.);
#2374 = LINE('',#2375,#2376);
#2375 = CARTESIAN_POINT('',(2.651E+03,3.497E+03,6.476E+03));
#2376 = VECTOR('',#2377,1.);
#2377 = DIRECTION('',(1.,0.,0.));
#2378 = ORIENTED_EDGE('',*,*,#2289,.T.);
#2379 = ORIENTED_EDGE('',*,*,#2380,.T.);
#2380 = EDGE_CURVE('',#2290,#2330,#2381,.T.);
#2381 = LINE('',#2382,#2383);
#2382 = CARTESIAN_POINT('',(2.651E+03,3.497E+03,6.496E+03));
#2383 = VECTOR('',#2384,1.);
#2384 = DIRECTION('',(1.,0.,0.));
#2385 = ORIENTED_EDGE('',*,*,#2329,.F.);
#2386 = PLANE('',#2387);
#2387 = AXIS2_PLACEMENT_3D('',#2388,#2389,#2390);
#2388 = CARTESIAN_POINT('',(2.651E+03,3.497E+03,6.476E+03));
#2389 = DIRECTION('',(0.,1.,0.));
#2390 = DIRECTION('',(0.,0.,1.));
#2391 = ADVANCED_FACE('',(#2392),#2398,.F.);
#2392 = FACE_BOUND('',#2393,.F.);
#2393 = EDGE_LOOP('',(#2394,#2395,#2396,#2397));
#2394 = ORIENTED_EDGE('',*,*,#2281,.F.);
#2395 = ORIENTED_EDGE('',*,*,#2351,.T.);
#2396 = ORIENTED_EDGE('',*,*,#2321,.T.);
#2397 = ORIENTED_EDGE('',*,*,#2373,.F.);
#2398 = PLANE('',#2399);
#2399 = AXIS2_PLACEMENT_3D('',#2400,#2401,#2402);
#2400 = CARTESIAN_POINT('',(2.651E+03,2.897E+03,6.476E+03));
#2401 = DIRECTION('',(0.,0.,1.));
#2402 = DIRECTION('',(1.,0.,0.));
#2403 = ADVANCED_FACE('',(#2404),#2410,.T.);
#2404 = FACE_BOUND('',#2405,.T.);
#2405 = EDGE_LOOP('',(#2406,#2407,#2408,#2409));
#2406 = ORIENTED_EDGE('',*,*,#2297,.F.);
#2407 = ORIENTED_EDGE('',*,*,#2358,.T.);
#2408 = ORIENTED_EDGE('',*,*,#2337,.T.);
#2409 = ORIENTED_EDGE('',*,*,#2380,.F.);
#2410 = PLANE('',#2411);
#2411 = AXIS2_PLACEMENT_3D('',#2412,#2413,#2414);
#2412 = CARTESIAN_POINT('',(2.651E+03,2.897E+03,6.496E+03));
#2413 = DIRECTION('',(0.,0.,1.));
#2414 = DIRECTION('',(1.,0.,0.));
#2415 = MANIFOLD_SOLID_BREP('',#2416);
#2416 = CLOSED_SHELL('',(#2417,#2450,#2459));
#2417 = ADVANCED_FACE('',(#2418),#2445,.T.);
#2418 = FACE_BOUND('',#2419,.T.);
#2419 = EDGE_LOOP('',(#2420,#2429,#2437,#2444));
#2420 = ORIENTED_EDGE('',*,*,#2421,.F.);
#2421 = EDGE_CURVE('',#2422,#2422,#2424,.T.);
#2422 = VERTEX_POINT('',#2423);
#2423 = CARTESIAN_POINT('',(584.,1.494E+03,6.396E+03));
#2424 = CIRCLE('',#2425,600.);
#2425 = AXIS2_PLACEMENT_3D('',#2426,#2427,#2428);
#2426 = CARTESIAN_POINT('',(-16.,1.494E+03,6.396E+03));
#2427 = DIRECTION('',(0.,0.,1.));
#2428 = DIRECTION('',(1.,0.,0.));
#2429 = ORIENTED_EDGE('',*,*,#2430,.F.);
#2430 = EDGE_CURVE('',#2431,#2422,#2433,.T.);
#2431 = VERTEX_POINT('',#2432);
#2432 = CARTESIAN_POINT('',(584.,1.494E+03,6.376E+03));
#2433 = LINE('',#2434,#2435);
#2434 = CARTESIAN_POINT('',(584.,1.494E+03,6.376E+03));
#2435 = VECTOR('',#2436,1.);
#2436 = DIRECTION('',(0.,0.,1.));
#2437 = ORIENTED_EDGE('',*,*,#2438,.T.);
#2438 = EDGE_CURVE('',#2431,#2431,#2439,.T.);
#2439 = CIRCLE('',#2440,600.);
#2440 = AXIS2_PLACEMENT_3D('',#2441,#2442,#2443);
#2441 = CARTESIAN_POINT('',(-16.,1.494E+03,6.376E+03));
#2442 = DIRECTION('',(0.,0.,1.));
#2443 = DIRECTION('',(1.,0.,0.));
#2444 = ORIENTED_EDGE('',*,*,#2430,.T.);
#2445 = CYLINDRICAL_SURFACE('',#2446,600.);
#2446 = AXIS2_PLACEMENT_3D('',#2447,#2448,#2449);
#2447 = CARTESIAN_POINT('',(-16.,1.494E+03,6.376E+03));
#2448 = DIRECTION('',(0.,0.,1.));
#2449 = DIRECTION('',(1.,0.,0.));
#2450 = ADVANCED_FACE('',(#2451),#2454,.T.);
#2451 = FACE_BOUND('',#2452,.T.);
#2452 = EDGE_LOOP('',(#2453));
#2453 = ORIENTED_EDGE('',*,*,#2421,.T.);
#2454 = PLANE('',#2455);
#2455 = AXIS2_PLACEMENT_3D('',#2456,#2457,#2458);
#2456 = CARTESIAN_POINT('',(-16.,1.494E+03,6.396E+03));
#2457 = DIRECTION('',(0.,0.,1.));
#2458 = DIRECTION('',(1.,0.,0.));
#2459 = ADVANCED_FACE('',(#2460),#2463,.F.);
#2460 = FACE_BOUND('',#2461,.T.);
#2461 = EDGE_LOOP('',(#2462));
#2462 = ORIENTED_EDGE('',*,*,#2438,.F.);
#2463 = PLANE('',#2464);
#2464 = AXIS2_PLACEMENT_3D('',#2465,#2466,#2467);
#2465 = CARTESIAN_POINT('',(-16.,1.494E+03,6.376E+03));
#2466 = DIRECTION('',(0.,0.,1.));
#2467 = DIRECTION('',(1.,0.,0.));
#2468 = MANIFOLD_SOLID_BREP('',#2469);
#2469 = CLOSED_SHELL('',(#2470,#2510,#2550,#2572,#2594,#2606));
#2470 = ADVANCED_FACE('',(#2471),#2505,.F.);
#2471 = FACE_BOUND('',#2472,.F.);
#2472 = EDGE_LOOP('',(#2473,#2483,#2491,#2499));
#2473 = ORIENTED_EDGE('',*,*,#2474,.F.);
#2474 = EDGE_CURVE('',#2475,#2477,#2479,.T.);
#2475 = VERTEX_POINT('',#2476);
#2476 = CARTESIAN_POINT('',(-3.4E+03,4.725E+03,6.476E+03));
#2477 = VERTEX_POINT('',#2478);
#2478 = CARTESIAN_POINT('',(-3.4E+03,4.725E+03,6.496E+03));
#2479 = LINE('',#2480,#2481);
#2480 = CARTESIAN_POINT('',(-3.4E+03,4.725E+03,6.476E+03));
#2481 = VECTOR('',#2482,1.);
#2482 = DIRECTION('',(0.,0.,1.));
#2483 = ORIENTED_EDGE('',*,*,#2484,.T.);
#2484 = EDGE_CURVE('',#2475,#2485,#2487,.T.);
#2485 = VERTEX_POINT('',#2486);
#2486 = CARTESIAN_POINT('',(-3.4E+03,5.325E+03,6.476E+03));
#2487 = LINE('',#2488,#2489);
#2488 = CARTESIAN_POINT('',(-3.4E+03,4.725E+03,6.476E+03));
#2489 = VECTOR('',#2490,1.);
#2490 = DIRECTION('',(0.,1.,0.));
#2491 = ORIENTED_EDGE('',*,*,#2492,.T.);
#2492 = EDGE_CURVE('',#2485,#2493,#2495,.T.);
#2493 = VERTEX_POINT('',#2494);
#2494 = CARTESIAN_POINT('',(-3.4E+03,5.325E+03,6.496E+03));
#2495 = LINE('',#2496,#2497);
#2496 = CARTESIAN_POINT('',(-3.4E+03,5.325E+03,6.476E+03));
#2497 = VECTOR('',#2498,1.);
#2498 = DIRECTION('',(0.,0.,1.));
#2499 = ORIENTED_EDGE('',*,*,#2500,.F.);
#2500 = EDGE_CURVE('',#2477,#2493,#2501,.T.);
#2501 = LINE('',#2502,#2503);
#2502 = CARTESIAN_POINT('',(-3.4E+03,4.725E+03,6.496E+03));
#2503 = VECTOR('',#2504,1.);
#2504 = DIRECTION('',(0.,1.,0.));
#2505 = PLANE('',#2506);
#2506 = AXIS2_PLACEMENT_3D('',#2507,#2508,#2509);
#2507 = CARTESIAN_POINT('',(-3.4E+03,4.725E+03,6.476E+03));
#2508 = DIRECTION('',(1.,0.,0.));
#2509 = DIRECTION('',(0.,0.,1.));
#2510 = ADVANCED_FACE('',(#2511),#2545,.T.);
#2511 = FACE_BOUND('',#2512,.T.);
#2512 = EDGE_LOOP('',(#2513,#2523,#2531,#2539));
#2513 = ORIENTED_EDGE('',*,*,#2514,.F.);
#2514 = EDGE_CURVE('',#2515,#2517,#2519,.T.);
#2515 = VERTEX_POINT('',#2516);
#2516 = CARTESIAN_POINT('',(-2.8E+03,4.725E+03,6.476E+03));
#2517 = VERTEX_POINT('',#2518);
#2518 = CARTESIAN_POINT('',(-2.8E+03,4.725E+03,6.496E+03));
#2519 = LINE('',#2520,#2521);
#2520 = CARTESIAN_POINT('',(-2.8E+03,4.725E+03,6.476E+03));
#2521 = VECTOR('',#2522,1.);
#2522 = DIRECTION('',(0.,0.,1.));
#2523 = ORIENTED_EDGE('',*,*,#2524,.T.);
#2524 = EDGE_CURVE('',#2515,#2525,#2527,.T.);
#2525 = VERTEX_POINT('',#2526);
#2526 = CARTESIAN_POINT('',(-2.8E+03,5.325E+03,6.476E+03));
#2527 = LINE('',#2528,#2529);
#2528 = CARTESIAN_POINT('',(-2.8E+03,4.725E+03,6.476E+03));
#2529 = VECTOR('',#2530,1.);
#2530 = DIRECTION('',(0.,1.,0.));
#2531 = ORIENTED_EDGE('',*,*,#2532,.T.);
#2532 = EDGE_CURVE('',#2525,#2533,#2535,.T.);
#2533 = VERTEX_POINT('',#2534);
#2534 = CARTESIAN_POINT('',(-2.8E+03,5.325E+03,6.496E+03));
#2535 = LINE('',#2536,#2537);
#2536 = CARTESIAN_POINT('',(-2.8E+03,5.325E+03,6.476E+03));
#2537 = VECTOR('',#2538,1.);
#2538 = DIRECTION('',(0.,0.,1.));
#2539 = ORIENTED_EDGE('',*,*,#2540,.F.);
#2540 = EDGE_CURVE('',#2517,#2533,#2541,.T.);
#2541 = LINE('',#2542,#2543);
#2542 = CARTESIAN_POINT('',(-2.8E+03,4.725E+03,6.496E+03));
#2543 = VECTOR('',#2544,1.);
#2544 = DIRECTION('',(0.,1.,0.));
#2545 = PLANE('',#2546);
#2546 = AXIS2_PLACEMENT_3D('',#2547,#2548,#2549);
#2547 = CARTESIAN_POINT('',(-2.8E+03,4.725E+03,6.476E+03));
#2548 = DIRECTION('',(1.,0.,0.));
#2549 = DIRECTION('',(0.,0.,1.));
#2550 = ADVANCED_FACE('',(#2551),#2567,.F.);
#2551 = FACE_BOUND('',#2552,.F.);
#2552 = EDGE_LOOP('',(#2553,#2559,#2560,#2566));
#2553 = ORIENTED_EDGE('',*,*,#2554,.F.);
#2554 = EDGE_CURVE('',#2475,#2515,#2555,.T.);
#2555 = LINE('',#2556,#2557);
#2556 = CARTESIAN_POINT('',(-3.4E+03,4.725E+03,6.476E+03));
#2557 = VECTOR('',#2558,1.);
#2558 = DIRECTION('',(1.,0.,0.));
#2559 = ORIENTED_EDGE('',*,*,#2474,.T.);
#2560 = ORIENTED_EDGE('',*,*,#2561,.T.);
#2561 = EDGE_CURVE('',#2477,#2517,#2562,.T.);
#2562 = LINE('',#2563,#2564);
#2563 = CARTESIAN_POINT('',(-3.4E+03,4.725E+03,6.496E+03));
#2564 = VECTOR('',#2565,1.);
#2565 = DIRECTION('',(1.,0.,0.));
#2566 = ORIENTED_EDGE('',*,*,#2514,.F.);
#2567 = PLANE('',#2568);
#2568 = AXIS2_PLACEMENT_3D('',#2569,#2570,#2571);
#2569 = CARTESIAN_POINT('',(-3.4E+03,4.725E+03,6.476E+03));
#2570 = DIRECTION('',(0.,1.,0.));
#2571 = DIRECTION('',(0.,0.,1.));
#2572 = ADVANCED_FACE('',(#2573),#2589,.T.);
#2573 = FACE_BOUND('',#2574,.T.);
#2574 = EDGE_LOOP('',(#2575,#2581,#2582,#2588));
#2575 = ORIENTED_EDGE('',*,*,#2576,.F.);
#2576 = EDGE_CURVE('',#2485,#2525,#2577,.T.);
#2577 = LINE('',#2578,#2579);
#2578 = CARTESIAN_POINT('',(-3.4E+03,5.325E+03,6.476E+03));
#2579 = VECTOR('',#2580,1.);
#2580 = DIRECTION('',(1.,0.,0.));
#2581 = ORIENTED_EDGE('',*,*,#2492,.T.);
#2582 = ORIENTED_EDGE('',*,*,#2583,.T.);
#2583 = EDGE_CURVE('',#2493,#2533,#2584,.T.);
#2584 = LINE('',#2585,#2586);
#2585 = CARTESIAN_POINT('',(-3.4E+03,5.325E+03,6.496E+03));
#2586 = VECTOR('',#2587,1.);
#2587 = DIRECTION('',(1.,0.,0.));
#2588 = ORIENTED_EDGE('',*,*,#2532,.F.);
#2589 = PLANE('',#2590);
#2590 = AXIS2_PLACEMENT_3D('',#2591,#2592,#2593);
#2591 = CARTESIAN_POINT('',(-3.4E+03,5.325E+03,6.476E+03));
#2592 = DIRECTION('',(0.,1.,0.));
#2593 = DIRECTION('',(0.,0.,1.));
#2594 = ADVANCED_FACE('',(#2595),#2601,.F.);
#2595 = FACE_BOUND('',#2596,.F.);
#2596 = EDGE_LOOP('',(#2597,#2598,#2599,#2600));
#2597 = ORIENTED_EDGE('',*,*,#2484,.F.);
#2598 = ORIENTED_EDGE('',*,*,#2554,.T.);
#2599 = ORIENTED_EDGE('',*,*,#2524,.T.);
#2600 = ORIENTED_EDGE('',*,*,#2576,.F.);
#2601 = PLANE('',#2602);
#2602 = AXIS2_PLACEMENT_3D('',#2603,#2604,#2605);
#2603 = CARTESIAN_POINT('',(-3.4E+03,4.725E+03,6.476E+03));
#2604 = DIRECTION('',(0.,0.,1.));
#2605 = DIRECTION('',(1.,0.,0.));
#2606 = ADVANCED_FACE('',(#2607),#2613,.T.);
#2607 = FACE_BOUND('',#2608,.T.);
#2608 = EDGE_LOOP('',(#2609,#2610,#2611,#2612));
#2609 = ORIENTED_EDGE('',*,*,#2500,.F.);
#2610 = ORIENTED_EDGE('',*,*,#2561,.T.);
#2611 = ORIENTED_EDGE('',*,*,#2540,.T.);
#2612 = ORIENTED_EDGE('',*,*,#2583,.F.);
#2613 = PLANE('',#2614);
#2614 = AXIS2_PLACEMENT_3D('',#2615,#2616,#2617);
#2615 = CARTESIAN_POINT('',(-3.4E+03,4.725E+03,6.496E+03));
#2616 = DIRECTION('',(0.,0.,1.));
#2617 = DIRECTION('',(1.,0.,0.));
#2618 = MANIFOLD_SOLID_BREP('',#2619);
#2619 = CLOSED_SHELL('',(#2620,#2660,#2700,#2722,#2744,#2756));
#2620 = ADVANCED_FACE('',(#2621),#2655,.F.);
#2621 = FACE_BOUND('',#2622,.F.);
#2622 = EDGE_LOOP('',(#2623,#2633,#2641,#2649));
#2623 = ORIENTED_EDGE('',*,*,#2624,.F.);
#2624 = EDGE_CURVE('',#2625,#2627,#2629,.T.);
#2625 = VERTEX_POINT('',#2626);
#2626 = CARTESIAN_POINT('',(-3.225E+03,5.561E+03,5.876E+03));
#2627 = VERTEX_POINT('',#2628);
#2628 = CARTESIAN_POINT('',(-3.225E+03,5.561E+03,5.896E+03));
#2629 = LINE('',#2630,#2631);
#2630 = CARTESIAN_POINT('',(-3.225E+03,5.561E+03,5.876E+03));
#2631 = VECTOR('',#2632,1.);
#2632 = DIRECTION('',(0.,0.,1.));
#2633 = ORIENTED_EDGE('',*,*,#2634,.T.);
#2634 = EDGE_CURVE('',#2625,#2635,#2637,.T.);
#2635 = VERTEX_POINT('',#2636);
#2636 = CARTESIAN_POINT('',(-3.225E+03,5.811E+03,5.876E+03));
#2637 = LINE('',#2638,#2639);
#2638 = CARTESIAN_POINT('',(-3.225E+03,5.561E+03,5.876E+03));
#2639 = VECTOR('',#2640,1.);
#2640 = DIRECTION('',(0.,1.,0.));
#2641 = ORIENTED_EDGE('',*,*,#2642,.T.);
#2642 = EDGE_CURVE('',#2635,#2643,#2645,.T.);
#2643 = VERTEX_POINT('',#2644);
#2644 = CARTESIAN_POINT('',(-3.225E+03,5.811E+03,5.896E+03));
#2645 = LINE('',#2646,#2647);
#2646 = CARTESIAN_POINT('',(-3.225E+03,5.811E+03,5.876E+03));
#2647 = VECTOR('',#2648,1.);
#2648 = DIRECTION('',(0.,0.,1.));
#2649 = ORIENTED_EDGE('',*,*,#2650,.F.);
#2650 = EDGE_CURVE('',#2627,#2643,#2651,.T.);
#2651 = LINE('',#2652,#2653);
#2652 = CARTESIAN_POINT('',(-3.225E+03,5.561E+03,5.896E+03));
#2653 = VECTOR('',#2654,1.);
#2654 = DIRECTION('',(0.,1.,0.));
#2655 = PLANE('',#2656);
#2656 = AXIS2_PLACEMENT_3D('',#2657,#2658,#2659);
#2657 = CARTESIAN_POINT('',(-3.225E+03,5.561E+03,5.876E+03));
#2658 = DIRECTION('',(1.,0.,0.));
#2659 = DIRECTION('',(0.,0.,1.));
#2660 = ADVANCED_FACE('',(#2661),#2695,.T.);
#2661 = FACE_BOUND('',#2662,.T.);
#2662 = EDGE_LOOP('',(#2663,#2673,#2681,#2689));
#2663 = ORIENTED_EDGE('',*,*,#2664,.F.);
#2664 = EDGE_CURVE('',#2665,#2667,#2669,.T.);
#2665 = VERTEX_POINT('',#2666);
#2666 = CARTESIAN_POINT('',(-2.975E+03,5.561E+03,5.876E+03));
#2667 = VERTEX_POINT('',#2668);
#2668 = CARTESIAN_POINT('',(-2.975E+03,5.561E+03,5.896E+03));
#2669 = LINE('',#2670,#2671);
#2670 = CARTESIAN_POINT('',(-2.975E+03,5.561E+03,5.876E+03));
#2671 = VECTOR('',#2672,1.);
#2672 = DIRECTION('',(0.,0.,1.));
#2673 = ORIENTED_EDGE('',*,*,#2674,.T.);
#2674 = EDGE_CURVE('',#2665,#2675,#2677,.T.);
#2675 = VERTEX_POINT('',#2676);
#2676 = CARTESIAN_POINT('',(-2.975E+03,5.811E+03,5.876E+03));
#2677 = LINE('',#2678,#2679);
#2678 = CARTESIAN_POINT('',(-2.975E+03,5.561E+03,5.876E+03));
#2679 = VECTOR('',#2680,1.);
#2680 = DIRECTION('',(0.,1.,0.));
#2681 = ORIENTED_EDGE('',*,*,#2682,.T.);
#2682 = EDGE_CURVE('',#2675,#2683,#2685,.T.);
#2683 = VERTEX_POINT('',#2684);
#2684 = CARTESIAN_POINT('',(-2.975E+03,5.811E+03,5.896E+03));
#2685 = LINE('',#2686,#2687);
#2686 = CARTESIAN_POINT('',(-2.975E+03,5.811E+03,5.876E+03));
#2687 = VECTOR('',#2688,1.);
#2688 = DIRECTION('',(0.,0.,1.));
#2689 = ORIENTED_EDGE('',*,*,#2690,.F.);
#2690 = EDGE_CURVE('',#2667,#2683,#2691,.T.);
#2691 = LINE('',#2692,#2693);
#2692 = CARTESIAN_POINT('',(-2.975E+03,5.561E+03,5.896E+03));
#2693 = VECTOR('',#2694,1.);
#2694 = DIRECTION('',(0.,1.,0.));
#2695 = PLANE('',#2696);
#2696 = AXIS2_PLACEMENT_3D('',#2697,#2698,#2699);
#2697 = CARTESIAN_POINT('',(-2.975E+03,5.561E+03,5.876E+03));
#2698 = DIRECTION('',(1.,0.,0.));
#2699 = DIRECTION('',(0.,0.,1.));
#2700 = ADVANCED_FACE('',(#2701),#2717,.F.);
#2701 = FACE_BOUND('',#2702,.F.);
#2702 = EDGE_LOOP('',(#2703,#2709,#2710,#2716));
#2703 = ORIENTED_EDGE('',*,*,#2704,.F.);
#2704 = EDGE_CURVE('',#2625,#2665,#2705,.T.);
#2705 = LINE('',#2706,#2707);
#2706 = CARTESIAN_POINT('',(-3.225E+03,5.561E+03,5.876E+03));
#2707 = VECTOR('',#2708,1.);
#2708 = DIRECTION('',(1.,0.,0.));
#2709 = ORIENTED_EDGE('',*,*,#2624,.T.);
#2710 = ORIENTED_EDGE('',*,*,#2711,.T.);
#2711 = EDGE_CURVE('',#2627,#2667,#2712,.T.);
#2712 = LINE('',#2713,#2714);
#2713 = CARTESIAN_POINT('',(-3.225E+03,5.561E+03,5.896E+03));
#2714 = VECTOR('',#2715,1.);
#2715 = DIRECTION('',(1.,0.,0.));
#2716 = ORIENTED_EDGE('',*,*,#2664,.F.);
#2717 = PLANE('',#2718);
#2718 = AXIS2_PLACEMENT_3D('',#2719,#2720,#2721);
#2719 = CARTESIAN_POINT('',(-3.225E+03,5.561E+03,5.876E+03));
#2720 = DIRECTION('',(0.,1.,0.));
#2721 = DIRECTION('',(0.,0.,1.));
#2722 = ADVANCED_FACE('',(#2723),#2739,.T.);
#2723 = FACE_BOUND('',#2724,.T.);
#2724 = EDGE_LOOP('',(#2725,#2731,#2732,#2738));
#2725 = ORIENTED_EDGE('',*,*,#2726,.F.);
#2726 = EDGE_CURVE('',#2635,#2675,#2727,.T.);
#2727 = LINE('',#2728,#2729);
#2728 = CARTESIAN_POINT('',(-3.225E+03,5.811E+03,5.876E+03));
#2729 = VECTOR('',#2730,1.);
#2730 = DIRECTION('',(1.,0.,0.));
#2731 = ORIENTED_EDGE('',*,*,#2642,.T.);
#2732 = ORIENTED_EDGE('',*,*,#2733,.T.);
#2733 = EDGE_CURVE('',#2643,#2683,#2734,.T.);
#2734 = LINE('',#2735,#2736);
#2735 = CARTESIAN_POINT('',(-3.225E+03,5.811E+03,5.896E+03));
#2736 = VECTOR('',#2737,1.);
#2737 = DIRECTION('',(1.,0.,0.));
#2738 = ORIENTED_EDGE('',*,*,#2682,.F.);
#2739 = PLANE('',#2740);
#2740 = AXIS2_PLACEMENT_3D('',#2741,#2742,#2743);
#2741 = CARTESIAN_POINT('',(-3.225E+03,5.811E+03,5.876E+03));
#2742 = DIRECTION('',(0.,1.,0.));
#2743 = DIRECTION('',(0.,0.,1.));
#2744 = ADVANCED_FACE('',(#2745),#2751,.F.);
#2745 = FACE_BOUND('',#2746,.F.);
#2746 = EDGE_LOOP('',(#2747,#2748,#2749,#2750));
#2747 = ORIENTED_EDGE('',*,*,#2634,.F.);
#2748 = ORIENTED_EDGE('',*,*,#2704,.T.);
#2749 = ORIENTED_EDGE('',*,*,#2674,.T.);
#2750 = ORIENTED_EDGE('',*,*,#2726,.F.);
#2751 = PLANE('',#2752);
#2752 = AXIS2_PLACEMENT_3D('',#2753,#2754,#2755);
#2753 = CARTESIAN_POINT('',(-3.225E+03,5.561E+03,5.876E+03));
#2754 = DIRECTION('',(0.,0.,1.));
#2755 = DIRECTION('',(1.,0.,0.));
#2756 = ADVANCED_FACE('',(#2757),#2763,.T.);
#2757 = FACE_BOUND('',#2758,.T.);
#2758 = EDGE_LOOP('',(#2759,#2760,#2761,#2762));
#2759 = ORIENTED_EDGE('',*,*,#2650,.F.);
#2760 = ORIENTED_EDGE('',*,*,#2711,.T.);
#2761 = ORIENTED_EDGE('',*,*,#2690,.T.);
#2762 = ORIENTED_EDGE('',*,*,#2733,.F.);
#2763 = PLANE('',#2764);
#2764 = AXIS2_PLACEMENT_3D('',#2765,#2766,#2767);
#2765 = CARTESIAN_POINT('',(-3.225E+03,5.561E+03,5.896E+03));
#2766 = DIRECTION('',(0.,0.,1.));
#2767 = DIRECTION('',(1.,0.,0.));
#2768 = MANIFOLD_SOLID_BREP('',#2769);
#2769 = CLOSED_SHELL('',(#2770,#2810,#2850,#2872,#2894,#2906));
#2770 = ADVANCED_FACE('',(#2771),#2805,.F.);
#2771 = FACE_BOUND('',#2772,.F.);
#2772 = EDGE_LOOP('',(#2773,#2783,#2791,#2799));
#2773 = ORIENTED_EDGE('',*,*,#2774,.F.);
#2774 = EDGE_CURVE('',#2775,#2777,#2779,.T.);
#2775 = VERTEX_POINT('',#2776);
#2776 = CARTESIAN_POINT('',(4.931E+03,880.,6.476E+03));
#2777 = VERTEX_POINT('',#2778);
#2778 = CARTESIAN_POINT('',(4.931E+03,880.,6.496E+03));
#2779 = LINE('',#2780,#2781);
#2780 = CARTESIAN_POINT('',(4.931E+03,880.,6.476E+03));
#2781 = VECTOR('',#2782,1.);
#2782 = DIRECTION('',(0.,0.,1.));
#2783 = ORIENTED_EDGE('',*,*,#2784,.T.);
#2784 = EDGE_CURVE('',#2775,#2785,#2787,.T.);
#2785 = VERTEX_POINT('',#2786);
#2786 = CARTESIAN_POINT('',(4.931E+03,1.48E+03,6.476E+03));
#2787 = LINE('',#2788,#2789);
#2788 = CARTESIAN_POINT('',(4.931E+03,880.,6.476E+03));
#2789 = VECTOR('',#2790,1.);
#2790 = DIRECTION('',(0.,1.,0.));
#2791 = ORIENTED_EDGE('',*,*,#2792,.T.);
#2792 = EDGE_CURVE('',#2785,#2793,#2795,.T.);
#2793 = VERTEX_POINT('',#2794);
#2794 = CARTESIAN_POINT('',(4.931E+03,1.48E+03,6.496E+03));
#2795 = LINE('',#2796,#2797);
#2796 = CARTESIAN_POINT('',(4.931E+03,1.48E+03,6.476E+03));
#2797 = VECTOR('',#2798,1.);
#2798 = DIRECTION('',(0.,0.,1.));
#2799 = ORIENTED_EDGE('',*,*,#2800,.F.);
#2800 = EDGE_CURVE('',#2777,#2793,#2801,.T.);
#2801 = LINE('',#2802,#2803);
#2802 = CARTESIAN_POINT('',(4.931E+03,880.,6.496E+03));
#2803 = VECTOR('',#2804,1.);
#2804 = DIRECTION('',(0.,1.,0.));
#2805 = PLANE('',#2806);
#2806 = AXIS2_PLACEMENT_3D('',#2807,#2808,#2809);
#2807 = CARTESIAN_POINT('',(4.931E+03,880.,6.476E+03));
#2808 = DIRECTION('',(1.,0.,0.));
#2809 = DIRECTION('',(0.,0.,1.));
#2810 = ADVANCED_FACE('',(#2811),#2845,.T.);
#2811 = FACE_BOUND('',#2812,.T.);
#2812 = EDGE_LOOP('',(#2813,#2823,#2831,#2839));
#2813 = ORIENTED_EDGE('',*,*,#2814,.F.);
#2814 = EDGE_CURVE('',#2815,#2817,#2819,.T.);
#2815 = VERTEX_POINT('',#2816);
#2816 = CARTESIAN_POINT('',(5.531E+03,880.,6.476E+03));
#2817 = VERTEX_POINT('',#2818);
#2818 = CARTESIAN_POINT('',(5.531E+03,880.,6.496E+03));
#2819 = LINE('',#2820,#2821);
#2820 = CARTESIAN_POINT('',(5.531E+03,880.,6.476E+03));
#2821 = VECTOR('',#2822,1.);
#2822 = DIRECTION('',(0.,0.,1.));
#2823 = ORIENTED_EDGE('',*,*,#2824,.T.);
#2824 = EDGE_CURVE('',#2815,#2825,#2827,.T.);
#2825 = VERTEX_POINT('',#2826);
#2826 = CARTESIAN_POINT('',(5.531E+03,1.48E+03,6.476E+03));
#2827 = LINE('',#2828,#2829);
#2828 = CARTESIAN_POINT('',(5.531E+03,880.,6.476E+03));
#2829 = VECTOR('',#2830,1.);
#2830 = DIRECTION('',(0.,1.,0.));
#2831 = ORIENTED_EDGE('',*,*,#2832,.T.);
#2832 = EDGE_CURVE('',#2825,#2833,#2835,.T.);
#2833 = VERTEX_POINT('',#2834);
#2834 = CARTESIAN_POINT('',(5.531E+03,1.48E+03,6.496E+03));
#2835 = LINE('',#2836,#2837);
#2836 = CARTESIAN_POINT('',(5.531E+03,1.48E+03,6.476E+03));
#2837 = VECTOR('',#2838,1.);
#2838 = DIRECTION('',(0.,0.,1.));
#2839 = ORIENTED_EDGE('',*,*,#2840,.F.);
#2840 = EDGE_CURVE('',#2817,#2833,#2841,.T.);
#2841 = LINE('',#2842,#2843);
#2842 = CARTESIAN_POINT('',(5.531E+03,880.,6.496E+03));
#2843 = VECTOR('',#2844,1.);
#2844 = DIRECTION('',(0.,1.,0.));
#2845 = PLANE('',#2846);
#2846 = AXIS2_PLACEMENT_3D('',#2847,#2848,#2849);
#2847 = CARTESIAN_POINT('',(5.531E+03,880.,6.476E+03));
#2848 = DIRECTION('',(1.,0.,0.));
#2849 = DIRECTION('',(0.,0.,1.));
#2850 = ADVANCED_FACE('',(#2851),#2867,.F.);
#2851 = FACE_BOUND('',#2852,.F.);
#2852 = EDGE_LOOP('',(#2853,#2859,#2860,#2866));
#2853 = ORIENTED_EDGE('',*,*,#2854,.F.);
#2854 = EDGE_CURVE('',#2775,#2815,#2855,.T.);
#2855 = LINE('',#2856,#2857);
#2856 = CARTESIAN_POINT('',(4.931E+03,880.,6.476E+03));
#2857 = VECTOR('',#2858,1.);
#2858 = DIRECTION('',(1.,0.,0.));
#2859 = ORIENTED_EDGE('',*,*,#2774,.T.);
#2860 = ORIENTED_EDGE('',*,*,#2861,.T.);
#2861 = EDGE_CURVE('',#2777,#2817,#2862,.T.);
#2862 = LINE('',#2863,#2864);
#2863 = CARTESIAN_POINT('',(4.931E+03,880.,6.496E+03));
#2864 = VECTOR('',#2865,1.);
#2865 = DIRECTION('',(1.,0.,0.));
#2866 = ORIENTED_EDGE('',*,*,#2814,.F.);
#2867 = PLANE('',#2868);
#2868 = AXIS2_PLACEMENT_3D('',#2869,#2870,#2871);
#2869 = CARTESIAN_POINT('',(4.931E+03,880.,6.476E+03));
#2870 = DIRECTION('',(0.,1.,0.));
#2871 = DIRECTION('',(0.,0.,1.));
#2872 = ADVANCED_FACE('',(#2873),#2889,.T.);
#2873 = FACE_BOUND('',#2874,.T.);
#2874 = EDGE_LOOP('',(#2875,#2881,#2882,#2888));
#2875 = ORIENTED_EDGE('',*,*,#2876,.F.);
#2876 = EDGE_CURVE('',#2785,#2825,#2877,.T.);
#2877 = LINE('',#2878,#2879);
#2878 = CARTESIAN_POINT('',(4.931E+03,1.48E+03,6.476E+03));
#2879 = VECTOR('',#2880,1.);
#2880 = DIRECTION('',(1.,0.,0.));
#2881 = ORIENTED_EDGE('',*,*,#2792,.T.);
#2882 = ORIENTED_EDGE('',*,*,#2883,.T.);
#2883 = EDGE_CURVE('',#2793,#2833,#2884,.T.);
#2884 = LINE('',#2885,#2886);
#2885 = CARTESIAN_POINT('',(4.931E+03,1.48E+03,6.496E+03));
#2886 = VECTOR('',#2887,1.);
#2887 = DIRECTION('',(1.,0.,0.));
#2888 = ORIENTED_EDGE('',*,*,#2832,.F.);
#2889 = PLANE('',#2890);
#2890 = AXIS2_PLACEMENT_3D('',#2891,#2892,#2893);
#2891 = CARTESIAN_POINT('',(4.931E+03,1.48E+03,6.476E+03));
#2892 = DIRECTION('',(0.,1.,0.));
#2893 = DIRECTION('',(0.,0.,1.));
#2894 = ADVANCED_FACE('',(#2895),#2901,.F.);
#2895 = FACE_BOUND('',#2896,.F.);
#2896 = EDGE_LOOP('',(#2897,#2898,#2899,#2900));
#2897 = ORIENTED_EDGE('',*,*,#2784,.F.);
#2898 = ORIENTED_EDGE('',*,*,#2854,.T.);
#2899 = ORIENTED_EDGE('',*,*,#2824,.T.);
#2900 = ORIENTED_EDGE('',*,*,#2876,.F.);
#2901 = PLANE('',#2902);
#2902 = AXIS2_PLACEMENT_3D('',#2903,#2904,#2905);
#2903 = CARTESIAN_POINT('',(4.931E+03,880.,6.476E+03));
#2904 = DIRECTION('',(0.,0.,1.));
#2905 = DIRECTION('',(1.,0.,0.));
#2906 = ADVANCED_FACE('',(#2907),#2913,.T.);
#2907 = FACE_BOUND('',#2908,.T.);
#2908 = EDGE_LOOP('',(#2909,#2910,#2911,#2912));
#2909 = ORIENTED_EDGE('',*,*,#2800,.F.);
#2910 = ORIENTED_EDGE('',*,*,#2861,.T.);
#2911 = ORIENTED_EDGE('',*,*,#2840,.T.);
#2912 = ORIENTED_EDGE('',*,*,#2883,.F.);
#2913 = PLANE('',#2914);
#2914 = AXIS2_PLACEMENT_3D('',#2915,#2916,#2917);
#2915 = CARTESIAN_POINT('',(4.931E+03,880.,6.496E+03));
#2916 = DIRECTION('',(0.,0.,1.));
#2917 = DIRECTION('',(1.,0.,0.));
#2918 = MANIFOLD_SOLID_BREP('',#2919);
#2919 = CLOSED_SHELL('',(#2920,#2960,#3000,#3022,#3044,#3056));
#2920 = ADVANCED_FACE('',(#2921),#2955,.F.);
#2921 = FACE_BOUND('',#2922,.F.);
#2922 = EDGE_LOOP('',(#2923,#2933,#2941,#2949));
#2923 = ORIENTED_EDGE('',*,*,#2924,.F.);
#2924 = EDGE_CURVE('',#2925,#2927,#2929,.T.);
#2925 = VERTEX_POINT('',#2926);
#2926 = CARTESIAN_POINT('',(4.931E+03,2.652E+03,6.476E+03));
#2927 = VERTEX_POINT('',#2928);
#2928 = CARTESIAN_POINT('',(4.931E+03,2.652E+03,6.496E+03));
#2929 = LINE('',#2930,#2931);
#2930 = CARTESIAN_POINT('',(4.931E+03,2.652E+03,6.476E+03));
#2931 = VECTOR('',#2932,1.);
#2932 = DIRECTION('',(0.,0.,1.));
#2933 = ORIENTED_EDGE('',*,*,#2934,.T.);
#2934 = EDGE_CURVE('',#2925,#2935,#2937,.T.);
#2935 = VERTEX_POINT('',#2936);
#2936 = CARTESIAN_POINT('',(4.931E+03,3.252E+03,6.476E+03));
#2937 = LINE('',#2938,#2939);
#2938 = CARTESIAN_POINT('',(4.931E+03,2.652E+03,6.476E+03));
#2939 = VECTOR('',#2940,1.);
#2940 = DIRECTION('',(0.,1.,0.));
#2941 = ORIENTED_EDGE('',*,*,#2942,.T.);
#2942 = EDGE_CURVE('',#2935,#2943,#2945,.T.);
#2943 = VERTEX_POINT('',#2944);
#2944 = CARTESIAN_POINT('',(4.931E+03,3.252E+03,6.496E+03));
#2945 = LINE('',#2946,#2947);
#2946 = CARTESIAN_POINT('',(4.931E+03,3.252E+03,6.476E+03));
#2947 = VECTOR('',#2948,1.);
#2948 = DIRECTION('',(0.,0.,1.));
#2949 = ORIENTED_EDGE('',*,*,#2950,.F.);
#2950 = EDGE_CURVE('',#2927,#2943,#2951,.T.);
#2951 = LINE('',#2952,#2953);
#2952 = CARTESIAN_POINT('',(4.931E+03,2.652E+03,6.496E+03));
#2953 = VECTOR('',#2954,1.);
#2954 = DIRECTION('',(0.,1.,0.));
#2955 = PLANE('',#2956);
#2956 = AXIS2_PLACEMENT_3D('',#2957,#2958,#2959);
#2957 = CARTESIAN_POINT('',(4.931E+03,2.652E+03,6.476E+03));
#2958 = DIRECTION('',(1.,0.,0.));
#2959 = DIRECTION('',(0.,0.,1.));
#2960 = ADVANCED_FACE('',(#2961),#2995,.T.);
#2961 = FACE_BOUND('',#2962,.T.);
#2962 = EDGE_LOOP('',(#2963,#2973,#2981,#2989));
#2963 = ORIENTED_EDGE('',*,*,#2964,.F.);
#2964 = EDGE_CURVE('',#2965,#2967,#2969,.T.);
#2965 = VERTEX_POINT('',#2966);
#2966 = CARTESIAN_POINT('',(5.531E+03,2.652E+03,6.476E+03));
#2967 = VERTEX_POINT('',#2968);
#2968 = CARTESIAN_POINT('',(5.531E+03,2.652E+03,6.496E+03));
#2969 = LINE('',#2970,#2971);
#2970 = CARTESIAN_POINT('',(5.531E+03,2.652E+03,6.476E+03));
#2971 = VECTOR('',#2972,1.);
#2972 = DIRECTION('',(0.,0.,1.));
#2973 = ORIENTED_EDGE('',*,*,#2974,.T.);
#2974 = EDGE_CURVE('',#2965,#2975,#2977,.T.);
#2975 = VERTEX_POINT('',#2976);
#2976 = CARTESIAN_POINT('',(5.531E+03,3.252E+03,6.476E+03));
#2977 = LINE('',#2978,#2979);
#2978 = CARTESIAN_POINT('',(5.531E+03,2.652E+03,6.476E+03));
#2979 = VECTOR('',#2980,1.);
#2980 = DIRECTION('',(0.,1.,0.));
#2981 = ORIENTED_EDGE('',*,*,#2982,.T.);
#2982 = EDGE_CURVE('',#2975,#2983,#2985,.T.);
#2983 = VERTEX_POINT('',#2984);
#2984 = CARTESIAN_POINT('',(5.531E+03,3.252E+03,6.496E+03));
#2985 = LINE('',#2986,#2987);
#2986 = CARTESIAN_POINT('',(5.531E+03,3.252E+03,6.476E+03));
#2987 = VECTOR('',#2988,1.);
#2988 = DIRECTION('',(0.,0.,1.));
#2989 = ORIENTED_EDGE('',*,*,#2990,.F.);
#2990 = EDGE_CURVE('',#2967,#2983,#2991,.T.);
#2991 = LINE('',#2992,#2993);
#2992 = CARTESIAN_POINT('',(5.531E+03,2.652E+03,6.496E+03));
#2993 = VECTOR('',#2994,1.);
#2994 = DIRECTION('',(0.,1.,0.));
#2995 = PLANE('',#2996);
#2996 = AXIS2_PLACEMENT_3D('',#2997,#2998,#2999);
#2997 = CARTESIAN_POINT('',(5.531E+03,2.652E+03,6.476E+03));
#2998 = DIRECTION('',(1.,0.,0.));
#2999 = DIRECTION('',(0.,0.,1.));
#3000 = ADVANCED_FACE('',(#3001),#3017,.F.);
#3001 = FACE_BOUND('',#3002,.F.);
#3002 = EDGE_LOOP('',(#3003,#3009,#3010,#3016));
#3003 = ORIENTED_EDGE('',*,*,#3004,.F.);
#3004 = EDGE_CURVE('',#2925,#2965,#3005,.T.);
#3005 = LINE('',#3006,#3007);
#3006 = CARTESIAN_POINT('',(4.931E+03,2.652E+03,6.476E+03));
#3007 = VECTOR('',#3008,1.);
#3008 = DIRECTION('',(1.,0.,0.));
#3009 = ORIENTED_EDGE('',*,*,#2924,.T.);
#3010 = ORIENTED_EDGE('',*,*,#3011,.T.);
#3011 = EDGE_CURVE('',#2927,#2967,#3012,.T.);
#3012 = LINE('',#3013,#3014);
#3013 = CARTESIAN_POINT('',(4.931E+03,2.652E+03,6.496E+03));
#3014 = VECTOR('',#3015,1.);
#3015 = DIRECTION('',(1.,0.,0.));
#3016 = ORIENTED_EDGE('',*,*,#2964,.F.);
#3017 = PLANE('',#3018);
#3018 = AXIS2_PLACEMENT_3D('',#3019,#3020,#3021);
#3019 = CARTESIAN_POINT('',(4.931E+03,2.652E+03,6.476E+03));
#3020 = DIRECTION('',(0.,1.,0.));
#3021 = DIRECTION('',(0.,0.,1.));
#3022 = ADVANCED_FACE('',(#3023),#3039,.T.);
#3023 = FACE_BOUND('',#3024,.T.);
#3024 = EDGE_LOOP('',(#3025,#3031,#3032,#3038));
#3025 = ORIENTED_EDGE('',*,*,#3026,.F.);
#3026 = EDGE_CURVE('',#2935,#2975,#3027,.T.);
#3027 = LINE('',#3028,#3029);
#3028 = CARTESIAN_POINT('',(4.931E+03,3.252E+03,6.476E+03));
#3029 = VECTOR('',#3030,1.);
#3030 = DIRECTION('',(1.,0.,0.));
#3031 = ORIENTED_EDGE('',*,*,#2942,.T.);
#3032 = ORIENTED_EDGE('',*,*,#3033,.T.);
#3033 = EDGE_CURVE('',#2943,#2983,#3034,.T.);
#3034 = LINE('',#3035,#3036);
#3035 = CARTESIAN_POINT('',(4.931E+03,3.252E+03,6.496E+03));
#3036 = VECTOR('',#3037,1.);
#3037 = DIRECTION('',(1.,0.,0.));
#3038 = ORIENTED_EDGE('',*,*,#2982,.F.);
#3039 = PLANE('',#3040);
#3040 = AXIS2_PLACEMENT_3D('',#3041,#3042,#3043);
#3041 = CARTESIAN_POINT('',(4.931E+03,3.252E+03,6.476E+03));
#3042 = DIRECTION('',(0.,1.,0.));
#3043 = DIRECTION('',(0.,0.,1.));
#3044 = ADVANCED_FACE('',(#3045),#3051,.F.);
#3045 = FACE_BOUND('',#3046,.F.);
#3046 = EDGE_LOOP('',(#3047,#3048,#3049,#3050));
#3047 = ORIENTED_EDGE('',*,*,#2934,.F.);
#3048 = ORIENTED_EDGE('',*,*,#3004,.T.);
#3049 = ORIENTED_EDGE('',*,*,#2974,.T.);
#3050 = ORIENTED_EDGE('',*,*,#3026,.F.);
#3051 = PLANE('',#3052);
#3052 = AXIS2_PLACEMENT_3D('',#3053,#3054,#3055);
#3053 = CARTESIAN_POINT('',(4.931E+03,2.652E+03,6.476E+03));
#3054 = DIRECTION('',(0.,0.,1.));
#3055 = DIRECTION('',(1.,0.,0.));
#3056 = ADVANCED_FACE('',(#3057),#3063,.T.);
#3057 = FACE_BOUND('',#3058,.T.);
#3058 = EDGE_LOOP('',(#3059,#3060,#3061,#3062));
#3059 = ORIENTED_EDGE('',*,*,#2950,.F.);
#3060 = ORIENTED_EDGE('',*,*,#3011,.T.);
#3061 = ORIENTED_EDGE('',*,*,#2990,.T.);
#3062 = ORIENTED_EDGE('',*,*,#3033,.F.);
#3063 = PLANE('',#3064);
#3064 = AXIS2_PLACEMENT_3D('',#3065,#3066,#3067);
#3065 = CARTESIAN_POINT('',(4.931E+03,2.652E+03,6.496E+03));
#3066 = DIRECTION('',(0.,0.,1.));
#3067 = DIRECTION('',(1.,0.,0.));
#3068 = MANIFOLD_SOLID_BREP('',#3069);
#3069 = CLOSED_SHELL('',(#3070,#3110,#3150,#3172,#3194,#3206));
#3070 = ADVANCED_FACE('',(#3071),#3105,.F.);
#3071 = FACE_BOUND('',#3072,.F.);
#3072 = EDGE_LOOP('',(#3073,#3083,#3091,#3099));
#3073 = ORIENTED_EDGE('',*,*,#3074,.F.);
#3074 = EDGE_CURVE('',#3075,#3077,#3079,.T.);
#3075 = VERTEX_POINT('',#3076);
#3076 = CARTESIAN_POINT('',(8.007E+03,880.,6.476E+03));
#3077 = VERTEX_POINT('',#3078);
#3078 = CARTESIAN_POINT('',(8.007E+03,880.,6.496E+03));
#3079 = LINE('',#3080,#3081);
#3080 = CARTESIAN_POINT('',(8.007E+03,880.,6.476E+03));
#3081 = VECTOR('',#3082,1.);
#3082 = DIRECTION('',(0.,0.,1.));
#3083 = ORIENTED_EDGE('',*,*,#3084,.T.);
#3084 = EDGE_CURVE('',#3075,#3085,#3087,.T.);
#3085 = VERTEX_POINT('',#3086);
#3086 = CARTESIAN_POINT('',(8.007E+03,1.48E+03,6.476E+03));
#3087 = LINE('',#3088,#3089);
#3088 = CARTESIAN_POINT('',(8.007E+03,880.,6.476E+03));
#3089 = VECTOR('',#3090,1.);
#3090 = DIRECTION('',(0.,1.,0.));
#3091 = ORIENTED_EDGE('',*,*,#3092,.T.);
#3092 = EDGE_CURVE('',#3085,#3093,#3095,.T.);
#3093 = VERTEX_POINT('',#3094);
#3094 = CARTESIAN_POINT('',(8.007E+03,1.48E+03,6.496E+03));
#3095 = LINE('',#3096,#3097);
#3096 = CARTESIAN_POINT('',(8.007E+03,1.48E+03,6.476E+03));
#3097 = VECTOR('',#3098,1.);
#3098 = DIRECTION('',(0.,0.,1.));
#3099 = ORIENTED_EDGE('',*,*,#3100,.F.);
#3100 = EDGE_CURVE('',#3077,#3093,#3101,.T.);
#3101 = LINE('',#3102,#3103);
#3102 = CARTESIAN_POINT('',(8.007E+03,880.,6.496E+03));
#3103 = VECTOR('',#3104,1.);
#3104 = DIRECTION('',(0.,1.,0.));
#3105 = PLANE('',#3106);
#3106 = AXIS2_PLACEMENT_3D('',#3107,#3108,#3109);
#3107 = CARTESIAN_POINT('',(8.007E+03,880.,6.476E+03));
#3108 = DIRECTION('',(1.,0.,0.));
#3109 = DIRECTION('',(0.,0.,1.));
#3110 = ADVANCED_FACE('',(#3111),#3145,.T.);
#3111 = FACE_BOUND('',#3112,.T.);
#3112 = EDGE_LOOP('',(#3113,#3123,#3131,#3139));
#3113 = ORIENTED_EDGE('',*,*,#3114,.F.);
#3114 = EDGE_CURVE('',#3115,#3117,#3119,.T.);
#3115 = VERTEX_POINT('',#3116);
#3116 = CARTESIAN_POINT('',(8.607E+03,880.,6.476E+03));
#3117 = VERTEX_POINT('',#3118);
#3118 = CARTESIAN_POINT('',(8.607E+03,880.,6.496E+03));
#3119 = LINE('',#3120,#3121);
#3120 = CARTESIAN_POINT('',(8.607E+03,880.,6.476E+03));
#3121 = VECTOR('',#3122,1.);
#3122 = DIRECTION('',(0.,0.,1.));
#3123 = ORIENTED_EDGE('',*,*,#3124,.T.);
#3124 = EDGE_CURVE('',#3115,#3125,#3127,.T.);
#3125 = VERTEX_POINT('',#3126);
#3126 = CARTESIAN_POINT('',(8.607E+03,1.48E+03,6.476E+03));
#3127 = LINE('',#3128,#3129);
#3128 = CARTESIAN_POINT('',(8.607E+03,880.,6.476E+03));
#3129 = VECTOR('',#3130,1.);
#3130 = DIRECTION('',(0.,1.,0.));
#3131 = ORIENTED_EDGE('',*,*,#3132,.T.);
#3132 = EDGE_CURVE('',#3125,#3133,#3135,.T.);
#3133 = VERTEX_POINT('',#3134);
#3134 = CARTESIAN_POINT('',(8.607E+03,1.48E+03,6.496E+03));
#3135 = LINE('',#3136,#3137);
#3136 = CARTESIAN_POINT('',(8.607E+03,1.48E+03,6.476E+03));
#3137 = VECTOR('',#3138,1.);
#3138 = DIRECTION('',(0.,0.,1.));
#3139 = ORIENTED_EDGE('',*,*,#3140,.F.);
#3140 = EDGE_CURVE('',#3117,#3133,#3141,.T.);
#3141 = LINE('',#3142,#3143);
#3142 = CARTESIAN_POINT('',(8.607E+03,880.,6.496E+03));
#3143 = VECTOR('',#3144,1.);
#3144 = DIRECTION('',(0.,1.,0.));
#3145 = PLANE('',#3146);
#3146 = AXIS2_PLACEMENT_3D('',#3147,#3148,#3149);
#3147 = CARTESIAN_POINT('',(8.607E+03,880.,6.476E+03));
#3148 = DIRECTION('',(1.,0.,0.));
#3149 = DIRECTION('',(0.,0.,1.));
#3150 = ADVANCED_FACE('',(#3151),#3167,.F.);
#3151 = FACE_BOUND('',#3152,.F.);
#3152 = EDGE_LOOP('',(#3153,#3159,#3160,#3166));
#3153 = ORIENTED_EDGE('',*,*,#3154,.F.);
#3154 = EDGE_CURVE('',#3075,#3115,#3155,.T.);
#3155 = LINE('',#3156,#3157);
#3156 = CARTESIAN_POINT('',(8.007E+03,880.,6.476E+03));
#3157 = VECTOR('',#3158,1.);
#3158 = DIRECTION('',(1.,0.,0.));
#3159 = ORIENTED_EDGE('',*,*,#3074,.T.);
#3160 = ORIENTED_EDGE('',*,*,#3161,.T.);
#3161 = EDGE_CURVE('',#3077,#3117,#3162,.T.);
#3162 = LINE('',#3163,#3164);
#3163 = CARTESIAN_POINT('',(8.007E+03,880.,6.496E+03));
#3164 = VECTOR('',#3165,1.);
#3165 = DIRECTION('',(1.,0.,0.));
#3166 = ORIENTED_EDGE('',*,*,#3114,.F.);
#3167 = PLANE('',#3168);
#3168 = AXIS2_PLACEMENT_3D('',#3169,#3170,#3171);
#3169 = CARTESIAN_POINT('',(8.007E+03,880.,6.476E+03));
#3170 = DIRECTION('',(0.,1.,0.));
#3171 = DIRECTION('',(0.,0.,1.));
#3172 = ADVANCED_FACE('',(#3173),#3189,.T.);
#3173 = FACE_BOUND('',#3174,.T.);
#3174 = EDGE_LOOP('',(#3175,#3181,#3182,#3188));
#3175 = ORIENTED_EDGE('',*,*,#3176,.F.);
#3176 = EDGE_CURVE('',#3085,#3125,#3177,.T.);
#3177 = LINE('',#3178,#3179);
#3178 = CARTESIAN_POINT('',(8.007E+03,1.48E+03,6.476E+03));
#3179 = VECTOR('',#3180,1.);
#3180 = DIRECTION('',(1.,0.,0.));
#3181 = ORIENTED_EDGE('',*,*,#3092,.T.);
#3182 = ORIENTED_EDGE('',*,*,#3183,.T.);
#3183 = EDGE_CURVE('',#3093,#3133,#3184,.T.);
#3184 = LINE('',#3185,#3186);
#3185 = CARTESIAN_POINT('',(8.007E+03,1.48E+03,6.496E+03));
#3186 = VECTOR('',#3187,1.);
#3187 = DIRECTION('',(1.,0.,0.));
#3188 = ORIENTED_EDGE('',*,*,#3132,.F.);
#3189 = PLANE('',#3190);
#3190 = AXIS2_PLACEMENT_3D('',#3191,#3192,#3193);
#3191 = CARTESIAN_POINT('',(8.007E+03,1.48E+03,6.476E+03));
#3192 = DIRECTION('',(0.,1.,0.));
#3193 = DIRECTION('',(0.,0.,1.));
#3194 = ADVANCED_FACE('',(#3195),#3201,.F.);
#3195 = FACE_BOUND('',#3196,.F.);
#3196 = EDGE_LOOP('',(#3197,#3198,#3199,#3200));
#3197 = ORIENTED_EDGE('',*,*,#3084,.F.);
#3198 = ORIENTED_EDGE('',*,*,#3154,.T.);
#3199 = ORIENTED_EDGE('',*,*,#3124,.T.);
#3200 = ORIENTED_EDGE('',*,*,#3176,.F.);
#3201 = PLANE('',#3202);
#3202 = AXIS2_PLACEMENT_3D('',#3203,#3204,#3205);
#3203 = CARTESIAN_POINT('',(8.007E+03,880.,6.476E+03));
#3204 = DIRECTION('',(0.,0.,1.));
#3205 = DIRECTION('',(1.,0.,0.));
#3206 = ADVANCED_FACE('',(#3207),#3213,.T.);
#3207 = FACE_BOUND('',#3208,.T.);
#3208 = EDGE_LOOP('',(#3209,#3210,#3211,#3212));
#3209 = ORIENTED_EDGE('',*,*,#3100,.F.);
#3210 = ORIENTED_EDGE('',*,*,#3161,.T.);
#3211 = ORIENTED_EDGE('',*,*,#3140,.T.);
#3212 = ORIENTED_EDGE('',*,*,#3183,.F.);
#3213 = PLANE('',#3214);
#3214 = AXIS2_PLACEMENT_3D('',#3215,#3216,#3217);
#3215 = CARTESIAN_POINT('',(8.007E+03,880.,6.496E+03));
#3216 = DIRECTION('',(0.,0.,1.));
#3217 = DIRECTION('',(1.,0.,0.));
#3218 = MANIFOLD_SOLID_BREP('',#3219);
#3219 = CLOSED_SHELL('',(#3220,#3260,#3300,#3322,#3344,#3356));
#3220 = ADVANCED_FACE('',(#3221),#3255,.F.);
#3221 = FACE_BOUND('',#3222,.F.);
#3222 = EDGE_LOOP('',(#3223,#3233,#3241,#3249));
#3223 = ORIENTED_EDGE('',*,*,#3224,.F.);
#3224 = EDGE_CURVE('',#3225,#3227,#3229,.T.);
#3225 = VERTEX_POINT('',#3226);
#3226 = CARTESIAN_POINT('',(4.931E+03,-891.,6.476E+03));
#3227 = VERTEX_POINT('',#3228);
#3228 = CARTESIAN_POINT('',(4.931E+03,-891.,6.496E+03));
#3229 = LINE('',#3230,#3231);
#3230 = CARTESIAN_POINT('',(4.931E+03,-891.,6.476E+03));
#3231 = VECTOR('',#3232,1.);
#3232 = DIRECTION('',(0.,0.,1.));
#3233 = ORIENTED_EDGE('',*,*,#3234,.T.);
#3234 = EDGE_CURVE('',#3225,#3235,#3237,.T.);
#3235 = VERTEX_POINT('',#3236);
#3236 = CARTESIAN_POINT('',(4.931E+03,-291.,6.476E+03));
#3237 = LINE('',#3238,#3239);
#3238 = CARTESIAN_POINT('',(4.931E+03,-891.,6.476E+03));
#3239 = VECTOR('',#3240,1.);
#3240 = DIRECTION('',(0.,1.,0.));
#3241 = ORIENTED_EDGE('',*,*,#3242,.T.);
#3242 = EDGE_CURVE('',#3235,#3243,#3245,.T.);
#3243 = VERTEX_POINT('',#3244);
#3244 = CARTESIAN_POINT('',(4.931E+03,-291.,6.496E+03));
#3245 = LINE('',#3246,#3247);
#3246 = CARTESIAN_POINT('',(4.931E+03,-291.,6.476E+03));
#3247 = VECTOR('',#3248,1.);
#3248 = DIRECTION('',(0.,0.,1.));
#3249 = ORIENTED_EDGE('',*,*,#3250,.F.);
#3250 = EDGE_CURVE('',#3227,#3243,#3251,.T.);
#3251 = LINE('',#3252,#3253);
#3252 = CARTESIAN_POINT('',(4.931E+03,-891.,6.496E+03));
#3253 = VECTOR('',#3254,1.);
#3254 = DIRECTION('',(0.,1.,0.));
#3255 = PLANE('',#3256);
#3256 = AXIS2_PLACEMENT_3D('',#3257,#3258,#3259);
#3257 = CARTESIAN_POINT('',(4.931E+03,-891.,6.476E+03));
#3258 = DIRECTION('',(1.,0.,0.));
#3259 = DIRECTION('',(0.,0.,1.));
#3260 = ADVANCED_FACE('',(#3261),#3295,.T.);
#3261 = FACE_BOUND('',#3262,.T.);
#3262 = EDGE_LOOP('',(#3263,#3273,#3281,#3289));
#3263 = ORIENTED_EDGE('',*,*,#3264,.F.);
#3264 = EDGE_CURVE('',#3265,#3267,#3269,.T.);
#3265 = VERTEX_POINT('',#3266);
#3266 = CARTESIAN_POINT('',(5.531E+03,-891.,6.476E+03));
#3267 = VERTEX_POINT('',#3268);
#3268 = CARTESIAN_POINT('',(5.531E+03,-891.,6.496E+03));
#3269 = LINE('',#3270,#3271);
#3270 = CARTESIAN_POINT('',(5.531E+03,-891.,6.476E+03));
#3271 = VECTOR('',#3272,1.);
#3272 = DIRECTION('',(0.,0.,1.));
#3273 = ORIENTED_EDGE('',*,*,#3274,.T.);
#3274 = EDGE_CURVE('',#3265,#3275,#3277,.T.);
#3275 = VERTEX_POINT('',#3276);
#3276 = CARTESIAN_POINT('',(5.531E+03,-291.,6.476E+03));
#3277 = LINE('',#3278,#3279);
#3278 = CARTESIAN_POINT('',(5.531E+03,-891.,6.476E+03));
#3279 = VECTOR('',#3280,1.);
#3280 = DIRECTION('',(0.,1.,0.));
#3281 = ORIENTED_EDGE('',*,*,#3282,.T.);
#3282 = EDGE_CURVE('',#3275,#3283,#3285,.T.);
#3283 = VERTEX_POINT('',#3284);
#3284 = CARTESIAN_POINT('',(5.531E+03,-291.,6.496E+03));
#3285 = LINE('',#3286,#3287);
#3286 = CARTESIAN_POINT('',(5.531E+03,-291.,6.476E+03));
#3287 = VECTOR('',#3288,1.);
#3288 = DIRECTION('',(0.,0.,1.));
#3289 = ORIENTED_EDGE('',*,*,#3290,.F.);
#3290 = EDGE_CURVE('',#3267,#3283,#3291,.T.);
#3291 = LINE('',#3292,#3293);
#3292 = CARTESIAN_POINT('',(5.531E+03,-891.,6.496E+03));
#3293 = VECTOR('',#3294,1.);
#3294 = DIRECTION('',(0.,1.,0.));
#3295 = PLANE('',#3296);
#3296 = AXIS2_PLACEMENT_3D('',#3297,#3298,#3299);
#3297 = CARTESIAN_POINT('',(5.531E+03,-891.,6.476E+03));
#3298 = DIRECTION('',(1.,0.,0.));
#3299 = DIRECTION('',(0.,0.,1.));
#3300 = ADVANCED_FACE('',(#3301),#3317,.F.);
#3301 = FACE_BOUND('',#3302,.F.);
#3302 = EDGE_LOOP('',(#3303,#3309,#3310,#3316));
#3303 = ORIENTED_EDGE('',*,*,#3304,.F.);
#3304 = EDGE_CURVE('',#3225,#3265,#3305,.T.);
#3305 = LINE('',#3306,#3307);
#3306 = CARTESIAN_POINT('',(4.931E+03,-891.,6.476E+03));
#3307 = VECTOR('',#3308,1.);
#3308 = DIRECTION('',(1.,0.,0.));
#3309 = ORIENTED_EDGE('',*,*,#3224,.T.);
#3310 = ORIENTED_EDGE('',*,*,#3311,.T.);
#3311 = EDGE_CURVE('',#3227,#3267,#3312,.T.);
#3312 = LINE('',#3313,#3314);
#3313 = CARTESIAN_POINT('',(4.931E+03,-891.,6.496E+03));
#3314 = VECTOR('',#3315,1.);
#3315 = DIRECTION('',(1.,0.,0.));
#3316 = ORIENTED_EDGE('',*,*,#3264,.F.);
#3317 = PLANE('',#3318);
#3318 = AXIS2_PLACEMENT_3D('',#3319,#3320,#3321);
#3319 = CARTESIAN_POINT('',(4.931E+03,-891.,6.476E+03));
#3320 = DIRECTION('',(0.,1.,0.));
#3321 = DIRECTION('',(0.,0.,1.));
#3322 = ADVANCED_FACE('',(#3323),#3339,.T.);
#3323 = FACE_BOUND('',#3324,.T.);
#3324 = EDGE_LOOP('',(#3325,#3331,#3332,#3338));
#3325 = ORIENTED_EDGE('',*,*,#3326,.F.);
#3326 = EDGE_CURVE('',#3235,#3275,#3327,.T.);
#3327 = LINE('',#3328,#3329);
#3328 = CARTESIAN_POINT('',(4.931E+03,-291.,6.476E+03));
#3329 = VECTOR('',#3330,1.);
#3330 = DIRECTION('',(1.,0.,0.));
#3331 = ORIENTED_EDGE('',*,*,#3242,.T.);
#3332 = ORIENTED_EDGE('',*,*,#3333,.T.);
#3333 = EDGE_CURVE('',#3243,#3283,#3334,.T.);
#3334 = LINE('',#3335,#3336);
#3335 = CARTESIAN_POINT('',(4.931E+03,-291.,6.496E+03));
#3336 = VECTOR('',#3337,1.);
#3337 = DIRECTION('',(1.,0.,0.));
#3338 = ORIENTED_EDGE('',*,*,#3282,.F.);
#3339 = PLANE('',#3340);
#3340 = AXIS2_PLACEMENT_3D('',#3341,#3342,#3343);
#3341 = CARTESIAN_POINT('',(4.931E+03,-291.,6.476E+03));
#3342 = DIRECTION('',(0.,1.,0.));
#3343 = DIRECTION('',(0.,0.,1.));
#3344 = ADVANCED_FACE('',(#3345),#3351,.F.);
#3345 = FACE_BOUND('',#3346,.F.);
#3346 = EDGE_LOOP('',(#3347,#3348,#3349,#3350));
#3347 = ORIENTED_EDGE('',*,*,#3234,.F.);
#3348 = ORIENTED_EDGE('',*,*,#3304,.T.);
#3349 = ORIENTED_EDGE('',*,*,#3274,.T.);
#3350 = ORIENTED_EDGE('',*,*,#3326,.F.);
#3351 = PLANE('',#3352);
#3352 = AXIS2_PLACEMENT_3D('',#3353,#3354,#3355);
#3353 = CARTESIAN_POINT('',(4.931E+03,-891.,6.476E+03));
#3354 = DIRECTION('',(0.,0.,1.));
#3355 = DIRECTION('',(1.,0.,0.));
#3356 = ADVANCED_FACE('',(#3357),#3363,.T.);
#3357 = FACE_BOUND('',#3358,.T.);
#3358 = EDGE_LOOP('',(#3359,#3360,#3361,#3362));
#3359 = ORIENTED_EDGE('',*,*,#3250,.F.);
#3360 = ORIENTED_EDGE('',*,*,#3311,.T.);
#3361 = ORIENTED_EDGE('',*,*,#3290,.T.);
#3362 = ORIENTED_EDGE('',*,*,#3333,.F.);
#3363 = PLANE('',#3364);
#3364 = AXIS2_PLACEMENT_3D('',#3365,#3366,#3367);
#3365 = CARTESIAN_POINT('',(4.931E+03,-891.,6.496E+03));
#3366 = DIRECTION('',(0.,0.,1.));
#3367 = DIRECTION('',(1.,0.,0.));
#3368 = MANIFOLD_SOLID_BREP('',#3369);
#3369 = CLOSED_SHELL('',(#3370,#3410,#3450,#3472,#3494,#3506));
#3370 = ADVANCED_FACE('',(#3371),#3405,.F.);
#3371 = FACE_BOUND('',#3372,.F.);
#3372 = EDGE_LOOP('',(#3373,#3383,#3391,#3399));
#3373 = ORIENTED_EDGE('',*,*,#3374,.F.);
#3374 = EDGE_CURVE('',#3375,#3377,#3379,.T.);
#3375 = VERTEX_POINT('',#3376);
#3376 = CARTESIAN_POINT('',(8.007E+03,2.652E+03,6.476E+03));
#3377 = VERTEX_POINT('',#3378);
#3378 = CARTESIAN_POINT('',(8.007E+03,2.652E+03,6.496E+03));
#3379 = LINE('',#3380,#3381);
#3380 = CARTESIAN_POINT('',(8.007E+03,2.652E+03,6.476E+03));
#3381 = VECTOR('',#3382,1.);
#3382 = DIRECTION('',(0.,0.,1.));
#3383 = ORIENTED_EDGE('',*,*,#3384,.T.);
#3384 = EDGE_CURVE('',#3375,#3385,#3387,.T.);
#3385 = VERTEX_POINT('',#3386);
#3386 = CARTESIAN_POINT('',(8.007E+03,3.252E+03,6.476E+03));
#3387 = LINE('',#3388,#3389);
#3388 = CARTESIAN_POINT('',(8.007E+03,2.652E+03,6.476E+03));
#3389 = VECTOR('',#3390,1.);
#3390 = DIRECTION('',(0.,1.,0.));
#3391 = ORIENTED_EDGE('',*,*,#3392,.T.);
#3392 = EDGE_CURVE('',#3385,#3393,#3395,.T.);
#3393 = VERTEX_POINT('',#3394);
#3394 = CARTESIAN_POINT('',(8.007E+03,3.252E+03,6.496E+03));
#3395 = LINE('',#3396,#3397);
#3396 = CARTESIAN_POINT('',(8.007E+03,3.252E+03,6.476E+03));
#3397 = VECTOR('',#3398,1.);
#3398 = DIRECTION('',(0.,0.,1.));
#3399 = ORIENTED_EDGE('',*,*,#3400,.F.);
#3400 = EDGE_CURVE('',#3377,#3393,#3401,.T.);
#3401 = LINE('',#3402,#3403);
#3402 = CARTESIAN_POINT('',(8.007E+03,2.652E+03,6.496E+03));
#3403 = VECTOR('',#3404,1.);
#3404 = DIRECTION('',(0.,1.,0.));
#3405 = PLANE('',#3406);
#3406 = AXIS2_PLACEMENT_3D('',#3407,#3408,#3409);
#3407 = CARTESIAN_POINT('',(8.007E+03,2.652E+03,6.476E+03));
#3408 = DIRECTION('',(1.,0.,0.));
#3409 = DIRECTION('',(0.,0.,1.));
#3410 = ADVANCED_FACE('',(#3411),#3445,.T.);
#3411 = FACE_BOUND('',#3412,.T.);
#3412 = EDGE_LOOP('',(#3413,#3423,#3431,#3439));
#3413 = ORIENTED_EDGE('',*,*,#3414,.F.);
#3414 = EDGE_CURVE('',#3415,#3417,#3419,.T.);
#3415 = VERTEX_POINT('',#3416);
#3416 = CARTESIAN_POINT('',(8.607E+03,2.652E+03,6.476E+03));
#3417 = VERTEX_POINT('',#3418);
#3418 = CARTESIAN_POINT('',(8.607E+03,2.652E+03,6.496E+03));
#3419 = LINE('',#3420,#3421);
#3420 = CARTESIAN_POINT('',(8.607E+03,2.652E+03,6.476E+03));
#3421 = VECTOR('',#3422,1.);
#3422 = DIRECTION('',(0.,0.,1.));
#3423 = ORIENTED_EDGE('',*,*,#3424,.T.);
#3424 = EDGE_CURVE('',#3415,#3425,#3427,.T.);
#3425 = VERTEX_POINT('',#3426);
#3426 = CARTESIAN_POINT('',(8.607E+03,3.252E+03,6.476E+03));
#3427 = LINE('',#3428,#3429);
#3428 = CARTESIAN_POINT('',(8.607E+03,2.652E+03,6.476E+03));
#3429 = VECTOR('',#3430,1.);
#3430 = DIRECTION('',(0.,1.,0.));
#3431 = ORIENTED_EDGE('',*,*,#3432,.T.);
#3432 = EDGE_CURVE('',#3425,#3433,#3435,.T.);
#3433 = VERTEX_POINT('',#3434);
#3434 = CARTESIAN_POINT('',(8.607E+03,3.252E+03,6.496E+03));
#3435 = LINE('',#3436,#3437);
#3436 = CARTESIAN_POINT('',(8.607E+03,3.252E+03,6.476E+03));
#3437 = VECTOR('',#3438,1.);
#3438 = DIRECTION('',(0.,0.,1.));
#3439 = ORIENTED_EDGE('',*,*,#3440,.F.);
#3440 = EDGE_CURVE('',#3417,#3433,#3441,.T.);
#3441 = LINE('',#3442,#3443);
#3442 = CARTESIAN_POINT('',(8.607E+03,2.652E+03,6.496E+03));
#3443 = VECTOR('',#3444,1.);
#3444 = DIRECTION('',(0.,1.,0.));
#3445 = PLANE('',#3446);
#3446 = AXIS2_PLACEMENT_3D('',#3447,#3448,#3449);
#3447 = CARTESIAN_POINT('',(8.607E+03,2.652E+03,6.476E+03));
#3448 = DIRECTION('',(1.,0.,0.));
#3449 = DIRECTION('',(0.,0.,1.));
#3450 = ADVANCED_FACE('',(#3451),#3467,.F.);
#3451 = FACE_BOUND('',#3452,.F.);
#3452 = EDGE_LOOP('',(#3453,#3459,#3460,#3466));
#3453 = ORIENTED_EDGE('',*,*,#3454,.F.);
#3454 = EDGE_CURVE('',#3375,#3415,#3455,.T.);
#3455 = LINE('',#3456,#3457);
#3456 = CARTESIAN_POINT('',(8.007E+03,2.652E+03,6.476E+03));
#3457 = VECTOR('',#3458,1.);
#3458 = DIRECTION('',(1.,0.,0.));
#3459 = ORIENTED_EDGE('',*,*,#3374,.T.);
#3460 = ORIENTED_EDGE('',*,*,#3461,.T.);
#3461 = EDGE_CURVE('',#3377,#3417,#3462,.T.);
#3462 = LINE('',#3463,#3464);
#3463 = CARTESIAN_POINT('',(8.007E+03,2.652E+03,6.496E+03));
#3464 = VECTOR('',#3465,1.);
#3465 = DIRECTION('',(1.,0.,0.));
#3466 = ORIENTED_EDGE('',*,*,#3414,.F.);
#3467 = PLANE('',#3468);
#3468 = AXIS2_PLACEMENT_3D('',#3469,#3470,#3471);
#3469 = CARTESIAN_POINT('',(8.007E+03,2.652E+03,6.476E+03));
#3470 = DIRECTION('',(0.,1.,0.));
#3471 = DIRECTION('',(0.,0.,1.));
#3472 = ADVANCED_FACE('',(#3473),#3489,.T.);
#3473 = FACE_BOUND('',#3474,.T.);
#3474 = EDGE_LOOP('',(#3475,#3481,#3482,#3488));
#3475 = ORIENTED_EDGE('',*,*,#3476,.F.);
#3476 = EDGE_CURVE('',#3385,#3425,#3477,.T.);
#3477 = LINE('',#3478,#3479);
#3478 = CARTESIAN_POINT('',(8.007E+03,3.252E+03,6.476E+03));
#3479 = VECTOR('',#3480,1.);
#3480 = DIRECTION('',(1.,0.,0.));
#3481 = ORIENTED_EDGE('',*,*,#3392,.T.);
#3482 = ORIENTED_EDGE('',*,*,#3483,.T.);
#3483 = EDGE_CURVE('',#3393,#3433,#3484,.T.);
#3484 = LINE('',#3485,#3486);
#3485 = CARTESIAN_POINT('',(8.007E+03,3.252E+03,6.496E+03));
#3486 = VECTOR('',#3487,1.);
#3487 = DIRECTION('',(1.,0.,0.));
#3488 = ORIENTED_EDGE('',*,*,#3432,.F.);
#3489 = PLANE('',#3490);
#3490 = AXIS2_PLACEMENT_3D('',#3491,#3492,#3493);
#3491 = CARTESIAN_POINT('',(8.007E+03,3.252E+03,6.476E+03));
#3492 = DIRECTION('',(0.,1.,0.));
#3493 = DIRECTION('',(0.,0.,1.));
#3494 = ADVANCED_FACE('',(#3495),#3501,.F.);
#3495 = FACE_BOUND('',#3496,.F.);
#3496 = EDGE_LOOP('',(#3497,#3498,#3499,#3500));
#3497 = ORIENTED_EDGE('',*,*,#3384,.F.);
#3498 = ORIENTED_EDGE('',*,*,#3454,.T.);
#3499 = ORIENTED_EDGE('',*,*,#3424,.T.);
#3500 = ORIENTED_EDGE('',*,*,#3476,.F.);
#3501 = PLANE('',#3502);
#3502 = AXIS2_PLACEMENT_3D('',#3503,#3504,#3505);
#3503 = CARTESIAN_POINT('',(8.007E+03,2.652E+03,6.476E+03));
#3504 = DIRECTION('',(0.,0.,1.));
#3505 = DIRECTION('',(1.,0.,0.));
#3506 = ADVANCED_FACE('',(#3507),#3513,.T.);
#3507 = FACE_BOUND('',#3508,.T.);
#3508 = EDGE_LOOP('',(#3509,#3510,#3511,#3512));
#3509 = ORIENTED_EDGE('',*,*,#3400,.F.);
#3510 = ORIENTED_EDGE('',*,*,#3461,.T.);
#3511 = ORIENTED_EDGE('',*,*,#3440,.T.);
#3512 = ORIENTED_EDGE('',*,*,#3483,.F.);
#3513 = PLANE('',#3514);
#3514 = AXIS2_PLACEMENT_3D('',#3515,#3516,#3517);
#3515 = CARTESIAN_POINT('',(8.007E+03,2.652E+03,6.496E+03));
#3516 = DIRECTION('',(0.,0.,1.));
#3517 = DIRECTION('',(1.,0.,0.));
#3518 = MANIFOLD_SOLID_BREP('',#3519);
#3519 = CLOSED_SHELL('',(#3520,#3560,#3600,#3622,#3644,#3656));
#3520 = ADVANCED_FACE('',(#3521),#3555,.F.);
#3521 = FACE_BOUND('',#3522,.F.);
#3522 = EDGE_LOOP('',(#3523,#3533,#3541,#3549));
#3523 = ORIENTED_EDGE('',*,*,#3524,.F.);
#3524 = EDGE_CURVE('',#3525,#3527,#3529,.T.);
#3525 = VERTEX_POINT('',#3526);
#3526 = CARTESIAN_POINT('',(8.007E+03,-891.,6.476E+03));
#3527 = VERTEX_POINT('',#3528);
#3528 = CARTESIAN_POINT('',(8.007E+03,-891.,6.496E+03));
#3529 = LINE('',#3530,#3531);
#3530 = CARTESIAN_POINT('',(8.007E+03,-891.,6.476E+03));
#3531 = VECTOR('',#3532,1.);
#3532 = DIRECTION('',(0.,0.,1.));
#3533 = ORIENTED_EDGE('',*,*,#3534,.T.);
#3534 = EDGE_CURVE('',#3525,#3535,#3537,.T.);
#3535 = VERTEX_POINT('',#3536);
#3536 = CARTESIAN_POINT('',(8.007E+03,-291.,6.476E+03));
#3537 = LINE('',#3538,#3539);
#3538 = CARTESIAN_POINT('',(8.007E+03,-891.,6.476E+03));
#3539 = VECTOR('',#3540,1.);
#3540 = DIRECTION('',(0.,1.,0.));
#3541 = ORIENTED_EDGE('',*,*,#3542,.T.);
#3542 = EDGE_CURVE('',#3535,#3543,#3545,.T.);
#3543 = VERTEX_POINT('',#3544);
#3544 = CARTESIAN_POINT('',(8.007E+03,-291.,6.496E+03));
#3545 = LINE('',#3546,#3547);
#3546 = CARTESIAN_POINT('',(8.007E+03,-291.,6.476E+03));
#3547 = VECTOR('',#3548,1.);
#3548 = DIRECTION('',(0.,0.,1.));
#3549 = ORIENTED_EDGE('',*,*,#3550,.F.);
#3550 = EDGE_CURVE('',#3527,#3543,#3551,.T.);
#3551 = LINE('',#3552,#3553);
#3552 = CARTESIAN_POINT('',(8.007E+03,-891.,6.496E+03));
#3553 = VECTOR('',#3554,1.);
#3554 = DIRECTION('',(0.,1.,0.));
#3555 = PLANE('',#3556);
#3556 = AXIS2_PLACEMENT_3D('',#3557,#3558,#3559);
#3557 = CARTESIAN_POINT('',(8.007E+03,-891.,6.476E+03));
#3558 = DIRECTION('',(1.,0.,0.));
#3559 = DIRECTION('',(0.,0.,1.));
#3560 = ADVANCED_FACE('',(#3561),#3595,.T.);
#3561 = FACE_BOUND('',#3562,.T.);
#3562 = EDGE_LOOP('',(#3563,#3573,#3581,#3589));
#3563 = ORIENTED_EDGE('',*,*,#3564,.F.);
#3564 = EDGE_CURVE('',#3565,#3567,#3569,.T.);
#3565 = VERTEX_POINT('',#3566);
#3566 = CARTESIAN_POINT('',(8.607E+03,-891.,6.476E+03));
#3567 = VERTEX_POINT('',#3568);
#3568 = CARTESIAN_POINT('',(8.607E+03,-891.,6.496E+03));
#3569 = LINE('',#3570,#3571);
#3570 = CARTESIAN_POINT('',(8.607E+03,-891.,6.476E+03));
#3571 = VECTOR('',#3572,1.);
#3572 = DIRECTION('',(0.,0.,1.));
#3573 = ORIENTED_EDGE('',*,*,#3574,.T.);
#3574 = EDGE_CURVE('',#3565,#3575,#3577,.T.);
#3575 = VERTEX_POINT('',#3576);
#3576 = CARTESIAN_POINT('',(8.607E+03,-291.,6.476E+03));
#3577 = LINE('',#3578,#3579);
#3578 = CARTESIAN_POINT('',(8.607E+03,-891.,6.476E+03));
#3579 = VECTOR('',#3580,1.);
#3580 = DIRECTION('',(0.,1.,0.));
#3581 = ORIENTED_EDGE('',*,*,#3582,.T.);
#3582 = EDGE_CURVE('',#3575,#3583,#3585,.T.);
#3583 = VERTEX_POINT('',#3584);
#3584 = CARTESIAN_POINT('',(8.607E+03,-291.,6.496E+03));
#3585 = LINE('',#3586,#3587);
#3586 = CARTESIAN_POINT('',(8.607E+03,-291.,6.476E+03));
#3587 = VECTOR('',#3588,1.);
#3588 = DIRECTION('',(0.,0.,1.));
#3589 = ORIENTED_EDGE('',*,*,#3590,.F.);
#3590 = EDGE_CURVE('',#3567,#3583,#3591,.T.);
#3591 = LINE('',#3592,#3593);
#3592 = CARTESIAN_POINT('',(8.607E+03,-891.,6.496E+03));
#3593 = VECTOR('',#3594,1.);
#3594 = DIRECTION('',(0.,1.,0.));
#3595 = PLANE('',#3596);
#3596 = AXIS2_PLACEMENT_3D('',#3597,#3598,#3599);
#3597 = CARTESIAN_POINT('',(8.607E+03,-891.,6.476E+03));
#3598 = DIRECTION('',(1.,0.,0.));
#3599 = DIRECTION('',(0.,0.,1.));
#3600 = ADVANCED_FACE('',(#3601),#3617,.F.);
#3601 = FACE_BOUND('',#3602,.F.);
#3602 = EDGE_LOOP('',(#3603,#3609,#3610,#3616));
#3603 = ORIENTED_EDGE('',*,*,#3604,.F.);
#3604 = EDGE_CURVE('',#3525,#3565,#3605,.T.);
#3605 = LINE('',#3606,#3607);
#3606 = CARTESIAN_POINT('',(8.007E+03,-891.,6.476E+03));
#3607 = VECTOR('',#3608,1.);
#3608 = DIRECTION('',(1.,0.,0.));
#3609 = ORIENTED_EDGE('',*,*,#3524,.T.);
#3610 = ORIENTED_EDGE('',*,*,#3611,.T.);
#3611 = EDGE_CURVE('',#3527,#3567,#3612,.T.);
#3612 = LINE('',#3613,#3614);
#3613 = CARTESIAN_POINT('',(8.007E+03,-891.,6.496E+03));
#3614 = VECTOR('',#3615,1.);
#3615 = DIRECTION('',(1.,0.,0.));
#3616 = ORIENTED_EDGE('',*,*,#3564,.F.);
#3617 = PLANE('',#3618);
#3618 = AXIS2_PLACEMENT_3D('',#3619,#3620,#3621);
#3619 = CARTESIAN_POINT('',(8.007E+03,-891.,6.476E+03));
#3620 = DIRECTION('',(0.,1.,0.));
#3621 = DIRECTION('',(0.,0.,1.));
#3622 = ADVANCED_FACE('',(#3623),#3639,.T.);
#3623 = FACE_BOUND('',#3624,.T.);
#3624 = EDGE_LOOP('',(#3625,#3631,#3632,#3638));
#3625 = ORIENTED_EDGE('',*,*,#3626,.F.);
#3626 = EDGE_CURVE('',#3535,#3575,#3627,.T.);
#3627 = LINE('',#3628,#3629);
#3628 = CARTESIAN_POINT('',(8.007E+03,-291.,6.476E+03));
#3629 = VECTOR('',#3630,1.);
#3630 = DIRECTION('',(1.,0.,0.));
#3631 = ORIENTED_EDGE('',*,*,#3542,.T.);
#3632 = ORIENTED_EDGE('',*,*,#3633,.T.);
#3633 = EDGE_CURVE('',#3543,#3583,#3634,.T.);
#3634 = LINE('',#3635,#3636);
#3635 = CARTESIAN_POINT('',(8.007E+03,-291.,6.496E+03));
#3636 = VECTOR('',#3637,1.);
#3637 = DIRECTION('',(1.,0.,0.));
#3638 = ORIENTED_EDGE('',*,*,#3582,.F.);
#3639 = PLANE('',#3640);
#3640 = AXIS2_PLACEMENT_3D('',#3641,#3642,#3643);
#3641 = CARTESIAN_POINT('',(8.007E+03,-291.,6.476E+03));
#3642 = DIRECTION('',(0.,1.,0.));
#3643 = DIRECTION('',(0.,0.,1.));
#3644 = ADVANCED_FACE('',(#3645),#3651,.F.);
#3645 = FACE_BOUND('',#3646,.F.);
#3646 = EDGE_LOOP('',(#3647,#3648,#3649,#3650));
#3647 = ORIENTED_EDGE('',*,*,#3534,.F.);
#3648 = ORIENTED_EDGE('',*,*,#3604,.T.);
#3649 = ORIENTED_EDGE('',*,*,#3574,.T.);
#3650 = ORIENTED_EDGE('',*,*,#3626,.F.);
#3651 = PLANE('',#3652);
#3652 = AXIS2_PLACEMENT_3D('',#3653,#3654,#3655);
#3653 = CARTESIAN_POINT('',(8.007E+03,-891.,6.476E+03));
#3654 = DIRECTION('',(0.,0.,1.));
#3655 = DIRECTION('',(1.,0.,0.));
#3656 = ADVANCED_FACE('',(#3657),#3663,.T.);
#3657 = FACE_BOUND('',#3658,.T.);
#3658 = EDGE_LOOP('',(#3659,#3660,#3661,#3662));
#3659 = ORIENTED_EDGE('',*,*,#3550,.F.);
#3660 = ORIENTED_EDGE('',*,*,#3611,.T.);
#3661 = ORIENTED_EDGE('',*,*,#3590,.T.);
#3662 = ORIENTED_EDGE('',*,*,#3633,.F.);
#3663 = PLANE('',#3664);
#3664 = AXIS2_PLACEMENT_3D('',#3665,#3666,#3667);
#3665 = CARTESIAN_POINT('',(8.007E+03,-891.,6.496E+03));
#3666 = DIRECTION('',(0.,0.,1.));
#3667 = DIRECTION('',(1.,0.,0.));
#3668 = MANIFOLD_SOLID_BREP('',#3669);
#3669 = CLOSED_SHELL('',(#3670,#3710,#3750,#3772,#3794,#3806));
#3670 = ADVANCED_FACE('',(#3671),#3705,.F.);
#3671 = FACE_BOUND('',#3672,.F.);
#3672 = EDGE_LOOP('',(#3673,#3683,#3691,#3699));
#3673 = ORIENTED_EDGE('',*,*,#3674,.F.);
#3674 = EDGE_CURVE('',#3675,#3677,#3679,.T.);
#3675 = VERTEX_POINT('',#3676);
#3676 = CARTESIAN_POINT('',(4.931E+03,4.424E+03,6.476E+03));
#3677 = VERTEX_POINT('',#3678);
#3678 = CARTESIAN_POINT('',(4.931E+03,4.424E+03,6.496E+03));
#3679 = LINE('',#3680,#3681);
#3680 = CARTESIAN_POINT('',(4.931E+03,4.424E+03,6.476E+03));
#3681 = VECTOR('',#3682,1.);
#3682 = DIRECTION('',(0.,0.,1.));
#3683 = ORIENTED_EDGE('',*,*,#3684,.T.);
#3684 = EDGE_CURVE('',#3675,#3685,#3687,.T.);
#3685 = VERTEX_POINT('',#3686);
#3686 = CARTESIAN_POINT('',(4.931E+03,5.024E+03,6.476E+03));
#3687 = LINE('',#3688,#3689);
#3688 = CARTESIAN_POINT('',(4.931E+03,4.424E+03,6.476E+03));
#3689 = VECTOR('',#3690,1.);
#3690 = DIRECTION('',(0.,1.,0.));
#3691 = ORIENTED_EDGE('',*,*,#3692,.T.);
#3692 = EDGE_CURVE('',#3685,#3693,#3695,.T.);
#3693 = VERTEX_POINT('',#3694);
#3694 = CARTESIAN_POINT('',(4.931E+03,5.024E+03,6.496E+03));
#3695 = LINE('',#3696,#3697);
#3696 = CARTESIAN_POINT('',(4.931E+03,5.024E+03,6.476E+03));
#3697 = VECTOR('',#3698,1.);
#3698 = DIRECTION('',(0.,0.,1.));
#3699 = ORIENTED_EDGE('',*,*,#3700,.F.);
#3700 = EDGE_CURVE('',#3677,#3693,#3701,.T.);
#3701 = LINE('',#3702,#3703);
#3702 = CARTESIAN_POINT('',(4.931E+03,4.424E+03,6.496E+03));
#3703 = VECTOR('',#3704,1.);
#3704 = DIRECTION('',(0.,1.,0.));
#3705 = PLANE('',#3706);
#3706 = AXIS2_PLACEMENT_3D('',#3707,#3708,#3709);
#3707 = CARTESIAN_POINT('',(4.931E+03,4.424E+03,6.476E+03));
#3708 = DIRECTION('',(1.,0.,0.));
#3709 = DIRECTION('',(0.,0.,1.));
#3710 = ADVANCED_FACE('',(#3711),#3745,.T.);
#3711 = FACE_BOUND('',#3712,.T.);
#3712 = EDGE_LOOP('',(#3713,#3723,#3731,#3739));
#3713 = ORIENTED_EDGE('',*,*,#3714,.F.);
#3714 = EDGE_CURVE('',#3715,#3717,#3719,.T.);
#3715 = VERTEX_POINT('',#3716);
#3716 = CARTESIAN_POINT('',(5.531E+03,4.424E+03,6.476E+03));
#3717 = VERTEX_POINT('',#3718);
#3718 = CARTESIAN_POINT('',(5.531E+03,4.424E+03,6.496E+03));
#3719 = LINE('',#3720,#3721);
#3720 = CARTESIAN_POINT('',(5.531E+03,4.424E+03,6.476E+03));
#3721 = VECTOR('',#3722,1.);
#3722 = DIRECTION('',(0.,0.,1.));
#3723 = ORIENTED_EDGE('',*,*,#3724,.T.);
#3724 = EDGE_CURVE('',#3715,#3725,#3727,.T.);
#3725 = VERTEX_POINT('',#3726);
#3726 = CARTESIAN_POINT('',(5.531E+03,5.024E+03,6.476E+03));
#3727 = LINE('',#3728,#3729);
#3728 = CARTESIAN_POINT('',(5.531E+03,4.424E+03,6.476E+03));
#3729 = VECTOR('',#3730,1.);
#3730 = DIRECTION('',(0.,1.,0.));
#3731 = ORIENTED_EDGE('',*,*,#3732,.T.);
#3732 = EDGE_CURVE('',#3725,#3733,#3735,.T.);
#3733 = VERTEX_POINT('',#3734);
#3734 = CARTESIAN_POINT('',(5.531E+03,5.024E+03,6.496E+03));
#3735 = LINE('',#3736,#3737);
#3736 = CARTESIAN_POINT('',(5.531E+03,5.024E+03,6.476E+03));
#3737 = VECTOR('',#3738,1.);
#3738 = DIRECTION('',(0.,0.,1.));
#3739 = ORIENTED_EDGE('',*,*,#3740,.F.);
#3740 = EDGE_CURVE('',#3717,#3733,#3741,.T.);
#3741 = LINE('',#3742,#3743);
#3742 = CARTESIAN_POINT('',(5.531E+03,4.424E+03,6.496E+03));
#3743 = VECTOR('',#3744,1.);
#3744 = DIRECTION('',(0.,1.,0.));
#3745 = PLANE('',#3746);
#3746 = AXIS2_PLACEMENT_3D('',#3747,#3748,#3749);
#3747 = CARTESIAN_POINT('',(5.531E+03,4.424E+03,6.476E+03));
#3748 = DIRECTION('',(1.,0.,0.));
#3749 = DIRECTION('',(0.,0.,1.));
#3750 = ADVANCED_FACE('',(#3751),#3767,.F.);
#3751 = FACE_BOUND('',#3752,.F.);
#3752 = EDGE_LOOP('',(#3753,#3759,#3760,#3766));
#3753 = ORIENTED_EDGE('',*,*,#3754,.F.);
#3754 = EDGE_CURVE('',#3675,#3715,#3755,.T.);
#3755 = LINE('',#3756,#3757);
#3756 = CARTESIAN_POINT('',(4.931E+03,4.424E+03,6.476E+03));
#3757 = VECTOR('',#3758,1.);
#3758 = DIRECTION('',(1.,0.,0.));
#3759 = ORIENTED_EDGE('',*,*,#3674,.T.);
#3760 = ORIENTED_EDGE('',*,*,#3761,.T.);
#3761 = EDGE_CURVE('',#3677,#3717,#3762,.T.);
#3762 = LINE('',#3763,#3764);
#3763 = CARTESIAN_POINT('',(4.931E+03,4.424E+03,6.496E+03));
#3764 = VECTOR('',#3765,1.);
#3765 = DIRECTION('',(1.,0.,0.));
#3766 = ORIENTED_EDGE('',*,*,#3714,.F.);
#3767 = PLANE('',#3768);
#3768 = AXIS2_PLACEMENT_3D('',#3769,#3770,#3771);
#3769 = CARTESIAN_POINT('',(4.931E+03,4.424E+03,6.476E+03));
#3770 = DIRECTION('',(0.,1.,0.));
#3771 = DIRECTION('',(0.,0.,1.));
#3772 = ADVANCED_FACE('',(#3773),#3789,.T.);
#3773 = FACE_BOUND('',#3774,.T.);
#3774 = EDGE_LOOP('',(#3775,#3781,#3782,#3788));
#3775 = ORIENTED_EDGE('',*,*,#3776,.F.);
#3776 = EDGE_CURVE('',#3685,#3725,#3777,.T.);
#3777 = LINE('',#3778,#3779);
#3778 = CARTESIAN_POINT('',(4.931E+03,5.024E+03,6.476E+03));
#3779 = VECTOR('',#3780,1.);
#3780 = DIRECTION('',(1.,0.,0.));
#3781 = ORIENTED_EDGE('',*,*,#3692,.T.);
#3782 = ORIENTED_EDGE('',*,*,#3783,.T.);
#3783 = EDGE_CURVE('',#3693,#3733,#3784,.T.);
#3784 = LINE('',#3785,#3786);
#3785 = CARTESIAN_POINT('',(4.931E+03,5.024E+03,6.496E+03));
#3786 = VECTOR('',#3787,1.);
#3787 = DIRECTION('',(1.,0.,0.));
#3788 = ORIENTED_EDGE('',*,*,#3732,.F.);
#3789 = PLANE('',#3790);
#3790 = AXIS2_PLACEMENT_3D('',#3791,#3792,#3793);
#3791 = CARTESIAN_POINT('',(4.931E+03,5.024E+03,6.476E+03));
#3792 = DIRECTION('',(0.,1.,0.));
#3793 = DIRECTION('',(0.,0.,1.));
#3794 = ADVANCED_FACE('',(#3795),#3801,.F.);
#3795 = FACE_BOUND('',#3796,.F.);
#3796 = EDGE_LOOP('',(#3797,#3798,#3799,#3800));
#3797 = ORIENTED_EDGE('',*,*,#3684,.F.);
#3798 = ORIENTED_EDGE('',*,*,#3754,.T.);
#3799 = ORIENTED_EDGE('',*,*,#3724,.T.);
#3800 = ORIENTED_EDGE('',*,*,#3776,.F.);
#3801 = PLANE('',#3802);
#3802 = AXIS2_PLACEMENT_3D('',#3803,#3804,#3805);
#3803 = CARTESIAN_POINT('',(4.931E+03,4.424E+03,6.476E+03));
#3804 = DIRECTION('',(0.,0.,1.));
#3805 = DIRECTION('',(1.,0.,0.));
#3806 = ADVANCED_FACE('',(#3807),#3813,.T.);
#3807 = FACE_BOUND('',#3808,.T.);
#3808 = EDGE_LOOP('',(#3809,#3810,#3811,#3812));
#3809 = ORIENTED_EDGE('',*,*,#3700,.F.);
#3810 = ORIENTED_EDGE('',*,*,#3761,.T.);
#3811 = ORIENTED_EDGE('',*,*,#3740,.T.);
#3812 = ORIENTED_EDGE('',*,*,#3783,.F.);
#3813 = PLANE('',#3814);
#3814 = AXIS2_PLACEMENT_3D('',#3815,#3816,#3817);
#3815 = CARTESIAN_POINT('',(4.931E+03,4.424E+03,6.496E+03));
#3816 = DIRECTION('',(0.,0.,1.));
#3817 = DIRECTION('',(1.,0.,0.));
#3818 = MANIFOLD_SOLID_BREP('',#3819);
#3819 = CLOSED_SHELL('',(#3820,#3860,#3900,#3922,#3944,#3956));
#3820 = ADVANCED_FACE('',(#3821),#3855,.F.);
#3821 = FACE_BOUND('',#3822,.F.);
#3822 = EDGE_LOOP('',(#3823,#3833,#3841,#3849));
#3823 = ORIENTED_EDGE('',*,*,#3824,.F.);
#3824 = EDGE_CURVE('',#3825,#3827,#3829,.T.);
#3825 = VERTEX_POINT('',#3826);
#3826 = CARTESIAN_POINT('',(-6.424E+03,-3.261E+03,6.476E+03));
#3827 = VERTEX_POINT('',#3828);
#3828 = CARTESIAN_POINT('',(-6.424E+03,-3.261E+03,6.496E+03));
#3829 = LINE('',#3830,#3831);
#3830 = CARTESIAN_POINT('',(-6.424E+03,-3.261E+03,6.476E+03));
#3831 = VECTOR('',#3832,1.);
#3832 = DIRECTION('',(0.,0.,1.));
#3833 = ORIENTED_EDGE('',*,*,#3834,.T.);
#3834 = EDGE_CURVE('',#3825,#3835,#3837,.T.);
#3835 = VERTEX_POINT('',#3836);
#3836 = CARTESIAN_POINT('',(-6.424E+03,-2.661E+03,6.476E+03));
#3837 = LINE('',#3838,#3839);
#3838 = CARTESIAN_POINT('',(-6.424E+03,-3.261E+03,6.476E+03));
#3839 = VECTOR('',#3840,1.);
#3840 = DIRECTION('',(0.,1.,0.));
#3841 = ORIENTED_EDGE('',*,*,#3842,.T.);
#3842 = EDGE_CURVE('',#3835,#3843,#3845,.T.);
#3843 = VERTEX_POINT('',#3844);
#3844 = CARTESIAN_POINT('',(-6.424E+03,-2.661E+03,6.496E+03));
#3845 = LINE('',#3846,#3847);
#3846 = CARTESIAN_POINT('',(-6.424E+03,-2.661E+03,6.476E+03));
#3847 = VECTOR('',#3848,1.);
#3848 = DIRECTION('',(0.,0.,1.));
#3849 = ORIENTED_EDGE('',*,*,#3850,.F.);
#3850 = EDGE_CURVE('',#3827,#3843,#3851,.T.);
#3851 = LINE('',#3852,#3853);
#3852 = CARTESIAN_POINT('',(-6.424E+03,-3.261E+03,6.496E+03));
#3853 = VECTOR('',#3854,1.);
#3854 = DIRECTION('',(0.,1.,0.));
#3855 = PLANE('',#3856);
#3856 = AXIS2_PLACEMENT_3D('',#3857,#3858,#3859);
#3857 = CARTESIAN_POINT('',(-6.424E+03,-3.261E+03,6.476E+03));
#3858 = DIRECTION('',(1.,0.,0.));
#3859 = DIRECTION('',(0.,0.,1.));
#3860 = ADVANCED_FACE('',(#3861),#3895,.T.);
#3861 = FACE_BOUND('',#3862,.T.);
#3862 = EDGE_LOOP('',(#3863,#3873,#3881,#3889));
#3863 = ORIENTED_EDGE('',*,*,#3864,.F.);
#3864 = EDGE_CURVE('',#3865,#3867,#3869,.T.);
#3865 = VERTEX_POINT('',#3866);
#3866 = CARTESIAN_POINT('',(-5.824E+03,-3.261E+03,6.476E+03));
#3867 = VERTEX_POINT('',#3868);
#3868 = CARTESIAN_POINT('',(-5.824E+03,-3.261E+03,6.496E+03));
#3869 = LINE('',#3870,#3871);
#3870 = CARTESIAN_POINT('',(-5.824E+03,-3.261E+03,6.476E+03));
#3871 = VECTOR('',#3872,1.);
#3872 = DIRECTION('',(0.,0.,1.));
#3873 = ORIENTED_EDGE('',*,*,#3874,.T.);
#3874 = EDGE_CURVE('',#3865,#3875,#3877,.T.);
#3875 = VERTEX_POINT('',#3876);
#3876 = CARTESIAN_POINT('',(-5.824E+03,-2.661E+03,6.476E+03));
#3877 = LINE('',#3878,#3879);
#3878 = CARTESIAN_POINT('',(-5.824E+03,-3.261E+03,6.476E+03));
#3879 = VECTOR('',#3880,1.);
#3880 = DIRECTION('',(0.,1.,0.));
#3881 = ORIENTED_EDGE('',*,*,#3882,.T.);
#3882 = EDGE_CURVE('',#3875,#3883,#3885,.T.);
#3883 = VERTEX_POINT('',#3884);
#3884 = CARTESIAN_POINT('',(-5.824E+03,-2.661E+03,6.496E+03));
#3885 = LINE('',#3886,#3887);
#3886 = CARTESIAN_POINT('',(-5.824E+03,-2.661E+03,6.476E+03));
#3887 = VECTOR('',#3888,1.);
#3888 = DIRECTION('',(0.,0.,1.));
#3889 = ORIENTED_EDGE('',*,*,#3890,.F.);
#3890 = EDGE_CURVE('',#3867,#3883,#3891,.T.);
#3891 = LINE('',#3892,#3893);
#3892 = CARTESIAN_POINT('',(-5.824E+03,-3.261E+03,6.496E+03));
#3893 = VECTOR('',#3894,1.);
#3894 = DIRECTION('',(0.,1.,0.));
#3895 = PLANE('',#3896);
#3896 = AXIS2_PLACEMENT_3D('',#3897,#3898,#3899);
#3897 = CARTESIAN_POINT('',(-5.824E+03,-3.261E+03,6.476E+03));
#3898 = DIRECTION('',(1.,0.,0.));
#3899 = DIRECTION('',(0.,0.,1.));
#3900 = ADVANCED_FACE('',(#3901),#3917,.F.);
#3901 = FACE_BOUND('',#3902,.F.);
#3902 = EDGE_LOOP('',(#3903,#3909,#3910,#3916));
#3903 = ORIENTED_EDGE('',*,*,#3904,.F.);
#3904 = EDGE_CURVE('',#3825,#3865,#3905,.T.);
#3905 = LINE('',#3906,#3907);
#3906 = CARTESIAN_POINT('',(-6.424E+03,-3.261E+03,6.476E+03));
#3907 = VECTOR('',#3908,1.);
#3908 = DIRECTION('',(1.,0.,0.));
#3909 = ORIENTED_EDGE('',*,*,#3824,.T.);
#3910 = ORIENTED_EDGE('',*,*,#3911,.T.);
#3911 = EDGE_CURVE('',#3827,#3867,#3912,.T.);
#3912 = LINE('',#3913,#3914);
#3913 = CARTESIAN_POINT('',(-6.424E+03,-3.261E+03,6.496E+03));
#3914 = VECTOR('',#3915,1.);
#3915 = DIRECTION('',(1.,0.,0.));
#3916 = ORIENTED_EDGE('',*,*,#3864,.F.);
#3917 = PLANE('',#3918);
#3918 = AXIS2_PLACEMENT_3D('',#3919,#3920,#3921);
#3919 = CARTESIAN_POINT('',(-6.424E+03,-3.261E+03,6.476E+03));
#3920 = DIRECTION('',(0.,1.,0.));
#3921 = DIRECTION('',(0.,0.,1.));
#3922 = ADVANCED_FACE('',(#3923),#3939,.T.);
#3923 = FACE_BOUND('',#3924,.T.);
#3924 = EDGE_LOOP('',(#3925,#3931,#3932,#3938));
#3925 = ORIENTED_EDGE('',*,*,#3926,.F.);
#3926 = EDGE_CURVE('',#3835,#3875,#3927,.T.);
#3927 = LINE('',#3928,#3929);
#3928 = CARTESIAN_POINT('',(-6.424E+03,-2.661E+03,6.476E+03));
#3929 = VECTOR('',#3930,1.);
#3930 = DIRECTION('',(1.,0.,0.));
#3931 = ORIENTED_EDGE('',*,*,#3842,.T.);
#3932 = ORIENTED_EDGE('',*,*,#3933,.T.);
#3933 = EDGE_CURVE('',#3843,#3883,#3934,.T.);
#3934 = LINE('',#3935,#3936);
#3935 = CARTESIAN_POINT('',(-6.424E+03,-2.661E+03,6.496E+03));
#3936 = VECTOR('',#3937,1.);
#3937 = DIRECTION('',(1.,0.,0.));
#3938 = ORIENTED_EDGE('',*,*,#3882,.F.);
#3939 = PLANE('',#3940);
#3940 = AXIS2_PLACEMENT_3D('',#3941,#3942,#3943);
#3941 = CARTESIAN_POINT('',(-6.424E+03,-2.661E+03,6.476E+03));
#3942 = DIRECTION('',(0.,1.,0.));
#3943 = DIRECTION('',(0.,0.,1.));
#3944 = ADVANCED_FACE('',(#3945),#3951,.F.);
#3945 = FACE_BOUND('',#3946,.F.);
#3946 = EDGE_LOOP('',(#3947,#3948,#3949,#3950));
#3947 = ORIENTED_EDGE('',*,*,#3834,.F.);
#3948 = ORIENTED_EDGE('',*,*,#3904,.T.);
#3949 = ORIENTED_EDGE('',*,*,#3874,.T.);
#3950 = ORIENTED_EDGE('',*,*,#3926,.F.);
#3951 = PLANE('',#3952);
#3952 = AXIS2_PLACEMENT_3D('',#3953,#3954,#3955);
#3953 = CARTESIAN_POINT('',(-6.424E+03,-3.261E+03,6.476E+03));
#3954 = DIRECTION('',(0.,0.,1.));
#3955 = DIRECTION('',(1.,0.,0.));
#3956 = ADVANCED_FACE('',(#3957),#3963,.T.);
#3957 = FACE_BOUND('',#3958,.T.);
#3958 = EDGE_LOOP('',(#3959,#3960,#3961,#3962));
#3959 = ORIENTED_EDGE('',*,*,#3850,.F.);
#3960 = ORIENTED_EDGE('',*,*,#3911,.T.);
#3961 = ORIENTED_EDGE('',*,*,#3890,.T.);
#3962 = ORIENTED_EDGE('',*,*,#3933,.F.);
#3963 = PLANE('',#3964);
#3964 = AXIS2_PLACEMENT_3D('',#3965,#3966,#3967);
#3965 = CARTESIAN_POINT('',(-6.424E+03,-3.261E+03,6.496E+03));
#3966 = DIRECTION('',(0.,0.,1.));
#3967 = DIRECTION('',(1.,0.,0.));
#3968 = MANIFOLD_SOLID_BREP('',#3969);
#3969 = CLOSED_SHELL('',(#3970,#4010,#4050,#4072,#4094,#4106));
#3970 = ADVANCED_FACE('',(#3971),#4005,.F.);
#3971 = FACE_BOUND('',#3972,.F.);
#3972 = EDGE_LOOP('',(#3973,#3983,#3991,#3999));
#3973 = ORIENTED_EDGE('',*,*,#3974,.F.);
#3974 = EDGE_CURVE('',#3975,#3977,#3979,.T.);
#3975 = VERTEX_POINT('',#3976);
#3976 = CARTESIAN_POINT('',(-4.824E+03,-3.261E+03,6.476E+03));
#3977 = VERTEX_POINT('',#3978);
#3978 = CARTESIAN_POINT('',(-4.824E+03,-3.261E+03,6.496E+03));
#3979 = LINE('',#3980,#3981);
#3980 = CARTESIAN_POINT('',(-4.824E+03,-3.261E+03,6.476E+03));
#3981 = VECTOR('',#3982,1.);
#3982 = DIRECTION('',(0.,0.,1.));
#3983 = ORIENTED_EDGE('',*,*,#3984,.T.);
#3984 = EDGE_CURVE('',#3975,#3985,#3987,.T.);
#3985 = VERTEX_POINT('',#3986);
#3986 = CARTESIAN_POINT('',(-4.824E+03,-2.661E+03,6.476E+03));
#3987 = LINE('',#3988,#3989);
#3988 = CARTESIAN_POINT('',(-4.824E+03,-3.261E+03,6.476E+03));
#3989 = VECTOR('',#3990,1.);
#3990 = DIRECTION('',(0.,1.,0.));
#3991 = ORIENTED_EDGE('',*,*,#3992,.T.);
#3992 = EDGE_CURVE('',#3985,#3993,#3995,.T.);
#3993 = VERTEX_POINT('',#3994);
#3994 = CARTESIAN_POINT('',(-4.824E+03,-2.661E+03,6.496E+03));
#3995 = LINE('',#3996,#3997);
#3996 = CARTESIAN_POINT('',(-4.824E+03,-2.661E+03,6.476E+03));
#3997 = VECTOR('',#3998,1.);
#3998 = DIRECTION('',(0.,0.,1.));
#3999 = ORIENTED_EDGE('',*,*,#4000,.F.);
#4000 = EDGE_CURVE('',#3977,#3993,#4001,.T.);
#4001 = LINE('',#4002,#4003);
#4002 = CARTESIAN_POINT('',(-4.824E+03,-3.261E+03,6.496E+03));
#4003 = VECTOR('',#4004,1.);
#4004 = DIRECTION('',(0.,1.,0.));
#4005 = PLANE('',#4006);
#4006 = AXIS2_PLACEMENT_3D('',#4007,#4008,#4009);
#4007 = CARTESIAN_POINT('',(-4.824E+03,-3.261E+03,6.476E+03));
#4008 = DIRECTION('',(1.,0.,0.));
#4009 = DIRECTION('',(0.,0.,1.));
#4010 = ADVANCED_FACE('',(#4011),#4045,.T.);
#4011 = FACE_BOUND('',#4012,.T.);
#4012 = EDGE_LOOP('',(#4013,#4023,#4031,#4039));
#4013 = ORIENTED_EDGE('',*,*,#4014,.F.);
#4014 = EDGE_CURVE('',#4015,#4017,#4019,.T.);
#4015 = VERTEX_POINT('',#4016);
#4016 = CARTESIAN_POINT('',(-4.224E+03,-3.261E+03,6.476E+03));
#4017 = VERTEX_POINT('',#4018);
#4018 = CARTESIAN_POINT('',(-4.224E+03,-3.261E+03,6.496E+03));
#4019 = LINE('',#4020,#4021);
#4020 = CARTESIAN_POINT('',(-4.224E+03,-3.261E+03,6.476E+03));
#4021 = VECTOR('',#4022,1.);
#4022 = DIRECTION('',(0.,0.,1.));
#4023 = ORIENTED_EDGE('',*,*,#4024,.T.);
#4024 = EDGE_CURVE('',#4015,#4025,#4027,.T.);
#4025 = VERTEX_POINT('',#4026);
#4026 = CARTESIAN_POINT('',(-4.224E+03,-2.661E+03,6.476E+03));
#4027 = LINE('',#4028,#4029);
#4028 = CARTESIAN_POINT('',(-4.224E+03,-3.261E+03,6.476E+03));
#4029 = VECTOR('',#4030,1.);
#4030 = DIRECTION('',(0.,1.,0.));
#4031 = ORIENTED_EDGE('',*,*,#4032,.T.);
#4032 = EDGE_CURVE('',#4025,#4033,#4035,.T.);
#4033 = VERTEX_POINT('',#4034);
#4034 = CARTESIAN_POINT('',(-4.224E+03,-2.661E+03,6.496E+03));
#4035 = LINE('',#4036,#4037);
#4036 = CARTESIAN_POINT('',(-4.224E+03,-2.661E+03,6.476E+03));
#4037 = VECTOR('',#4038,1.);
#4038 = DIRECTION('',(0.,0.,1.));
#4039 = ORIENTED_EDGE('',*,*,#4040,.F.);
#4040 = EDGE_CURVE('',#4017,#4033,#4041,.T.);
#4041 = LINE('',#4042,#4043);
#4042 = CARTESIAN_POINT('',(-4.224E+03,-3.261E+03,6.496E+03));
#4043 = VECTOR('',#4044,1.);
#4044 = DIRECTION('',(0.,1.,0.));
#4045 = PLANE('',#4046);
#4046 = AXIS2_PLACEMENT_3D('',#4047,#4048,#4049);
#4047 = CARTESIAN_POINT('',(-4.224E+03,-3.261E+03,6.476E+03));
#4048 = DIRECTION('',(1.,0.,0.));
#4049 = DIRECTION('',(0.,0.,1.));
#4050 = ADVANCED_FACE('',(#4051),#4067,.F.);
#4051 = FACE_BOUND('',#4052,.F.);
#4052 = EDGE_LOOP('',(#4053,#4059,#4060,#4066));
#4053 = ORIENTED_EDGE('',*,*,#4054,.F.);
#4054 = EDGE_CURVE('',#3975,#4015,#4055,.T.);
#4055 = LINE('',#4056,#4057);
#4056 = CARTESIAN_POINT('',(-4.824E+03,-3.261E+03,6.476E+03));
#4057 = VECTOR('',#4058,1.);
#4058 = DIRECTION('',(1.,0.,0.));
#4059 = ORIENTED_EDGE('',*,*,#3974,.T.);
#4060 = ORIENTED_EDGE('',*,*,#4061,.T.);
#4061 = EDGE_CURVE('',#3977,#4017,#4062,.T.);
#4062 = LINE('',#4063,#4064);
#4063 = CARTESIAN_POINT('',(-4.824E+03,-3.261E+03,6.496E+03));
#4064 = VECTOR('',#4065,1.);
#4065 = DIRECTION('',(1.,0.,0.));
#4066 = ORIENTED_EDGE('',*,*,#4014,.F.);
#4067 = PLANE('',#4068);
#4068 = AXIS2_PLACEMENT_3D('',#4069,#4070,#4071);
#4069 = CARTESIAN_POINT('',(-4.824E+03,-3.261E+03,6.476E+03));
#4070 = DIRECTION('',(0.,1.,0.));
#4071 = DIRECTION('',(0.,0.,1.));
#4072 = ADVANCED_FACE('',(#4073),#4089,.T.);
#4073 = FACE_BOUND('',#4074,.T.);
#4074 = EDGE_LOOP('',(#4075,#4081,#4082,#4088));
#4075 = ORIENTED_EDGE('',*,*,#4076,.F.);
#4076 = EDGE_CURVE('',#3985,#4025,#4077,.T.);
#4077 = LINE('',#4078,#4079);
#4078 = CARTESIAN_POINT('',(-4.824E+03,-2.661E+03,6.476E+03));
#4079 = VECTOR('',#4080,1.);
#4080 = DIRECTION('',(1.,0.,0.));
#4081 = ORIENTED_EDGE('',*,*,#3992,.T.);
#4082 = ORIENTED_EDGE('',*,*,#4083,.T.);
#4083 = EDGE_CURVE('',#3993,#4033,#4084,.T.);
#4084 = LINE('',#4085,#4086);
#4085 = CARTESIAN_POINT('',(-4.824E+03,-2.661E+03,6.496E+03));
#4086 = VECTOR('',#4087,1.);
#4087 = DIRECTION('',(1.,0.,0.));
#4088 = ORIENTED_EDGE('',*,*,#4032,.F.);
#4089 = PLANE('',#4090);
#4090 = AXIS2_PLACEMENT_3D('',#4091,#4092,#4093);
#4091 = CARTESIAN_POINT('',(-4.824E+03,-2.661E+03,6.476E+03));
#4092 = DIRECTION('',(0.,1.,0.));
#4093 = DIRECTION('',(0.,0.,1.));
#4094 = ADVANCED_FACE('',(#4095),#4101,.F.);
#4095 = FACE_BOUND('',#4096,.F.);
#4096 = EDGE_LOOP('',(#4097,#4098,#4099,#4100));
#4097 = ORIENTED_EDGE('',*,*,#3984,.F.);
#4098 = ORIENTED_EDGE('',*,*,#4054,.T.);
#4099 = ORIENTED_EDGE('',*,*,#4024,.T.);
#4100 = ORIENTED_EDGE('',*,*,#4076,.F.);
#4101 = PLANE('',#4102);
#4102 = AXIS2_PLACEMENT_3D('',#4103,#4104,#4105);
#4103 = CARTESIAN_POINT('',(-4.824E+03,-3.261E+03,6.476E+03));
#4104 = DIRECTION('',(0.,0.,1.));
#4105 = DIRECTION('',(1.,0.,0.));
#4106 = ADVANCED_FACE('',(#4107),#4113,.T.);
#4107 = FACE_BOUND('',#4108,.T.);
#4108 = EDGE_LOOP('',(#4109,#4110,#4111,#4112));
#4109 = ORIENTED_EDGE('',*,*,#4000,.F.);
#4110 = ORIENTED_EDGE('',*,*,#4061,.T.);
#4111 = ORIENTED_EDGE('',*,*,#4040,.T.);
#4112 = ORIENTED_EDGE('',*,*,#4083,.F.);
#4113 = PLANE('',#4114);
#4114 = AXIS2_PLACEMENT_3D('',#4115,#4116,#4117);
#4115 = CARTESIAN_POINT('',(-4.824E+03,-3.261E+03,6.496E+03));
#4116 = DIRECTION('',(0.,0.,1.));
#4117 = DIRECTION('',(1.,0.,0.));
#4118 = MANIFOLD_SOLID_BREP('',#4119);
#4119 = CLOSED_SHELL('',(#4120,#4160,#4200,#4222,#4244,#4256));
#4120 = ADVANCED_FACE('',(#4121),#4155,.F.);
#4121 = FACE_BOUND('',#4122,.F.);
#4122 = EDGE_LOOP('',(#4123,#4133,#4141,#4149));
#4123 = ORIENTED_EDGE('',*,*,#4124,.F.);
#4124 = EDGE_CURVE('',#4125,#4127,#4129,.T.);
#4125 = VERTEX_POINT('',#4126);
#4126 = CARTESIAN_POINT('',(-6.424E+03,-1.17E+03,6.476E+03));
#4127 = VERTEX_POINT('',#4128);
#4128 = CARTESIAN_POINT('',(-6.424E+03,-1.17E+03,6.496E+03));
#4129 = LINE('',#4130,#4131);
#4130 = CARTESIAN_POINT('',(-6.424E+03,-1.17E+03,6.476E+03));
#4131 = VECTOR('',#4132,1.);
#4132 = DIRECTION('',(0.,0.,1.));
#4133 = ORIENTED_EDGE('',*,*,#4134,.T.);
#4134 = EDGE_CURVE('',#4125,#4135,#4137,.T.);
#4135 = VERTEX_POINT('',#4136);
#4136 = CARTESIAN_POINT('',(-6.424E+03,-570.,6.476E+03));
#4137 = LINE('',#4138,#4139);
#4138 = CARTESIAN_POINT('',(-6.424E+03,-1.17E+03,6.476E+03));
#4139 = VECTOR('',#4140,1.);
#4140 = DIRECTION('',(0.,1.,0.));
#4141 = ORIENTED_EDGE('',*,*,#4142,.T.);
#4142 = EDGE_CURVE('',#4135,#4143,#4145,.T.);
#4143 = VERTEX_POINT('',#4144);
#4144 = CARTESIAN_POINT('',(-6.424E+03,-570.,6.496E+03));
#4145 = LINE('',#4146,#4147);
#4146 = CARTESIAN_POINT('',(-6.424E+03,-570.,6.476E+03));
#4147 = VECTOR('',#4148,1.);
#4148 = DIRECTION('',(0.,0.,1.));
#4149 = ORIENTED_EDGE('',*,*,#4150,.F.);
#4150 = EDGE_CURVE('',#4127,#4143,#4151,.T.);
#4151 = LINE('',#4152,#4153);
#4152 = CARTESIAN_POINT('',(-6.424E+03,-1.17E+03,6.496E+03));
#4153 = VECTOR('',#4154,1.);
#4154 = DIRECTION('',(0.,1.,0.));
#4155 = PLANE('',#4156);
#4156 = AXIS2_PLACEMENT_3D('',#4157,#4158,#4159);
#4157 = CARTESIAN_POINT('',(-6.424E+03,-1.17E+03,6.476E+03));
#4158 = DIRECTION('',(1.,0.,0.));
#4159 = DIRECTION('',(0.,0.,1.));
#4160 = ADVANCED_FACE('',(#4161),#4195,.T.);
#4161 = FACE_BOUND('',#4162,.T.);
#4162 = EDGE_LOOP('',(#4163,#4173,#4181,#4189));
#4163 = ORIENTED_EDGE('',*,*,#4164,.F.);
#4164 = EDGE_CURVE('',#4165,#4167,#4169,.T.);
#4165 = VERTEX_POINT('',#4166);
#4166 = CARTESIAN_POINT('',(-5.824E+03,-1.17E+03,6.476E+03));
#4167 = VERTEX_POINT('',#4168);
#4168 = CARTESIAN_POINT('',(-5.824E+03,-1.17E+03,6.496E+03));
#4169 = LINE('',#4170,#4171);
#4170 = CARTESIAN_POINT('',(-5.824E+03,-1.17E+03,6.476E+03));
#4171 = VECTOR('',#4172,1.);
#4172 = DIRECTION('',(0.,0.,1.));
#4173 = ORIENTED_EDGE('',*,*,#4174,.T.);
#4174 = EDGE_CURVE('',#4165,#4175,#4177,.T.);
#4175 = VERTEX_POINT('',#4176);
#4176 = CARTESIAN_POINT('',(-5.824E+03,-570.,6.476E+03));
#4177 = LINE('',#4178,#4179);
#4178 = CARTESIAN_POINT('',(-5.824E+03,-1.17E+03,6.476E+03));
#4179 = VECTOR('',#4180,1.);
#4180 = DIRECTION('',(0.,1.,0.));
#4181 = ORIENTED_EDGE('',*,*,#4182,.T.);
#4182 = EDGE_CURVE('',#4175,#4183,#4185,.T.);
#4183 = VERTEX_POINT('',#4184);
#4184 = CARTESIAN_POINT('',(-5.824E+03,-570.,6.496E+03));
#4185 = LINE('',#4186,#4187);
#4186 = CARTESIAN_POINT('',(-5.824E+03,-570.,6.476E+03));
#4187 = VECTOR('',#4188,1.);
#4188 = DIRECTION('',(0.,0.,1.));
#4189 = ORIENTED_EDGE('',*,*,#4190,.F.);
#4190 = EDGE_CURVE('',#4167,#4183,#4191,.T.);
#4191 = LINE('',#4192,#4193);
#4192 = CARTESIAN_POINT('',(-5.824E+03,-1.17E+03,6.496E+03));
#4193 = VECTOR('',#4194,1.);
#4194 = DIRECTION('',(0.,1.,0.));
#4195 = PLANE('',#4196);
#4196 = AXIS2_PLACEMENT_3D('',#4197,#4198,#4199);
#4197 = CARTESIAN_POINT('',(-5.824E+03,-1.17E+03,6.476E+03));
#4198 = DIRECTION('',(1.,0.,0.));
#4199 = DIRECTION('',(0.,0.,1.));
#4200 = ADVANCED_FACE('',(#4201),#4217,.F.);
#4201 = FACE_BOUND('',#4202,.F.);
#4202 = EDGE_LOOP('',(#4203,#4209,#4210,#4216));
#4203 = ORIENTED_EDGE('',*,*,#4204,.F.);
#4204 = EDGE_CURVE('',#4125,#4165,#4205,.T.);
#4205 = LINE('',#4206,#4207);
#4206 = CARTESIAN_POINT('',(-6.424E+03,-1.17E+03,6.476E+03));
#4207 = VECTOR('',#4208,1.);
#4208 = DIRECTION('',(1.,0.,0.));
#4209 = ORIENTED_EDGE('',*,*,#4124,.T.);
#4210 = ORIENTED_EDGE('',*,*,#4211,.T.);
#4211 = EDGE_CURVE('',#4127,#4167,#4212,.T.);
#4212 = LINE('',#4213,#4214);
#4213 = CARTESIAN_POINT('',(-6.424E+03,-1.17E+03,6.496E+03));
#4214 = VECTOR('',#4215,1.);
#4215 = DIRECTION('',(1.,0.,0.));
#4216 = ORIENTED_EDGE('',*,*,#4164,.F.);
#4217 = PLANE('',#4218);
#4218 = AXIS2_PLACEMENT_3D('',#4219,#4220,#4221);
#4219 = CARTESIAN_POINT('',(-6.424E+03,-1.17E+03,6.476E+03));
#4220 = DIRECTION('',(0.,1.,0.));
#4221 = DIRECTION('',(0.,0.,1.));
#4222 = ADVANCED_FACE('',(#4223),#4239,.T.);
#4223 = FACE_BOUND('',#4224,.T.);
#4224 = EDGE_LOOP('',(#4225,#4231,#4232,#4238));
#4225 = ORIENTED_EDGE('',*,*,#4226,.F.);
#4226 = EDGE_CURVE('',#4135,#4175,#4227,.T.);
#4227 = LINE('',#4228,#4229);
#4228 = CARTESIAN_POINT('',(-6.424E+03,-570.,6.476E+03));
#4229 = VECTOR('',#4230,1.);
#4230 = DIRECTION('',(1.,0.,0.));
#4231 = ORIENTED_EDGE('',*,*,#4142,.T.);
#4232 = ORIENTED_EDGE('',*,*,#4233,.T.);
#4233 = EDGE_CURVE('',#4143,#4183,#4234,.T.);
#4234 = LINE('',#4235,#4236);
#4235 = CARTESIAN_POINT('',(-6.424E+03,-570.,6.496E+03));
#4236 = VECTOR('',#4237,1.);
#4237 = DIRECTION('',(1.,0.,0.));
#4238 = ORIENTED_EDGE('',*,*,#4182,.F.);
#4239 = PLANE('',#4240);
#4240 = AXIS2_PLACEMENT_3D('',#4241,#4242,#4243);
#4241 = CARTESIAN_POINT('',(-6.424E+03,-570.,6.476E+03));
#4242 = DIRECTION('',(0.,1.,0.));
#4243 = DIRECTION('',(0.,0.,1.));
#4244 = ADVANCED_FACE('',(#4245),#4251,.F.);
#4245 = FACE_BOUND('',#4246,.F.);
#4246 = EDGE_LOOP('',(#4247,#4248,#4249,#4250));
#4247 = ORIENTED_EDGE('',*,*,#4134,.F.);
#4248 = ORIENTED_EDGE('',*,*,#4204,.T.);
#4249 = ORIENTED_EDGE('',*,*,#4174,.T.);
#4250 = ORIENTED_EDGE('',*,*,#4226,.F.);
#4251 = PLANE('',#4252);
#4252 = AXIS2_PLACEMENT_3D('',#4253,#4254,#4255);
#4253 = CARTESIAN_POINT('',(-6.424E+03,-1.17E+03,6.476E+03));
#4254 = DIRECTION('',(0.,0.,1.));
#4255 = DIRECTION('',(1.,0.,0.));
#4256 = ADVANCED_FACE('',(#4257),#4263,.T.);
#4257 = FACE_BOUND('',#4258,.T.);
#4258 = EDGE_LOOP('',(#4259,#4260,#4261,#4262));
#4259 = ORIENTED_EDGE('',*,*,#4150,.F.);
#4260 = ORIENTED_EDGE('',*,*,#4211,.T.);
#4261 = ORIENTED_EDGE('',*,*,#4190,.T.);
#4262 = ORIENTED_EDGE('',*,*,#4233,.F.);
#4263 = PLANE('',#4264);
#4264 = AXIS2_PLACEMENT_3D('',#4265,#4266,#4267);
#4265 = CARTESIAN_POINT('',(-6.424E+03,-1.17E+03,6.496E+03));
#4266 = DIRECTION('',(0.,0.,1.));
#4267 = DIRECTION('',(1.,0.,0.));
#4268 = MANIFOLD_SOLID_BREP('',#4269);
#4269 = CLOSED_SHELL('',(#4270,#4310,#4350,#4372,#4394,#4406));
#4270 = ADVANCED_FACE('',(#4271),#4305,.F.);
#4271 = FACE_BOUND('',#4272,.F.);
#4272 = EDGE_LOOP('',(#4273,#4283,#4291,#4299));
#4273 = ORIENTED_EDGE('',*,*,#4274,.F.);
#4274 = EDGE_CURVE('',#4275,#4277,#4279,.T.);
#4275 = VERTEX_POINT('',#4276);
#4276 = CARTESIAN_POINT('',(-8.024E+03,-3.261E+03,6.476E+03));
#4277 = VERTEX_POINT('',#4278);
#4278 = CARTESIAN_POINT('',(-8.024E+03,-3.261E+03,6.496E+03));
#4279 = LINE('',#4280,#4281);
#4280 = CARTESIAN_POINT('',(-8.024E+03,-3.261E+03,6.476E+03));
#4281 = VECTOR('',#4282,1.);
#4282 = DIRECTION('',(0.,0.,1.));
#4283 = ORIENTED_EDGE('',*,*,#4284,.T.);
#4284 = EDGE_CURVE('',#4275,#4285,#4287,.T.);
#4285 = VERTEX_POINT('',#4286);
#4286 = CARTESIAN_POINT('',(-8.024E+03,-2.661E+03,6.476E+03));
#4287 = LINE('',#4288,#4289);
#4288 = CARTESIAN_POINT('',(-8.024E+03,-3.261E+03,6.476E+03));
#4289 = VECTOR('',#4290,1.);
#4290 = DIRECTION('',(0.,1.,0.));
#4291 = ORIENTED_EDGE('',*,*,#4292,.T.);
#4292 = EDGE_CURVE('',#4285,#4293,#4295,.T.);
#4293 = VERTEX_POINT('',#4294);
#4294 = CARTESIAN_POINT('',(-8.024E+03,-2.661E+03,6.496E+03));
#4295 = LINE('',#4296,#4297);
#4296 = CARTESIAN_POINT('',(-8.024E+03,-2.661E+03,6.476E+03));
#4297 = VECTOR('',#4298,1.);
#4298 = DIRECTION('',(0.,0.,1.));
#4299 = ORIENTED_EDGE('',*,*,#4300,.F.);
#4300 = EDGE_CURVE('',#4277,#4293,#4301,.T.);
#4301 = LINE('',#4302,#4303);
#4302 = CARTESIAN_POINT('',(-8.024E+03,-3.261E+03,6.496E+03));
#4303 = VECTOR('',#4304,1.);
#4304 = DIRECTION('',(0.,1.,0.));
#4305 = PLANE('',#4306);
#4306 = AXIS2_PLACEMENT_3D('',#4307,#4308,#4309);
#4307 = CARTESIAN_POINT('',(-8.024E+03,-3.261E+03,6.476E+03));
#4308 = DIRECTION('',(1.,0.,0.));
#4309 = DIRECTION('',(0.,0.,1.));
#4310 = ADVANCED_FACE('',(#4311),#4345,.T.);
#4311 = FACE_BOUND('',#4312,.T.);
#4312 = EDGE_LOOP('',(#4313,#4323,#4331,#4339));
#4313 = ORIENTED_EDGE('',*,*,#4314,.F.);
#4314 = EDGE_CURVE('',#4315,#4317,#4319,.T.);
#4315 = VERTEX_POINT('',#4316);
#4316 = CARTESIAN_POINT('',(-7.424E+03,-3.261E+03,6.476E+03));
#4317 = VERTEX_POINT('',#4318);
#4318 = CARTESIAN_POINT('',(-7.424E+03,-3.261E+03,6.496E+03));
#4319 = LINE('',#4320,#4321);
#4320 = CARTESIAN_POINT('',(-7.424E+03,-3.261E+03,6.476E+03));
#4321 = VECTOR('',#4322,1.);
#4322 = DIRECTION('',(0.,0.,1.));
#4323 = ORIENTED_EDGE('',*,*,#4324,.T.);
#4324 = EDGE_CURVE('',#4315,#4325,#4327,.T.);
#4325 = VERTEX_POINT('',#4326);
#4326 = CARTESIAN_POINT('',(-7.424E+03,-2.661E+03,6.476E+03));
#4327 = LINE('',#4328,#4329);
#4328 = CARTESIAN_POINT('',(-7.424E+03,-3.261E+03,6.476E+03));
#4329 = VECTOR('',#4330,1.);
#4330 = DIRECTION('',(0.,1.,0.));
#4331 = ORIENTED_EDGE('',*,*,#4332,.T.);
#4332 = EDGE_CURVE('',#4325,#4333,#4335,.T.);
#4333 = VERTEX_POINT('',#4334);
#4334 = CARTESIAN_POINT('',(-7.424E+03,-2.661E+03,6.496E+03));
#4335 = LINE('',#4336,#4337);
#4336 = CARTESIAN_POINT('',(-7.424E+03,-2.661E+03,6.476E+03));
#4337 = VECTOR('',#4338,1.);
#4338 = DIRECTION('',(0.,0.,1.));
#4339 = ORIENTED_EDGE('',*,*,#4340,.F.);
#4340 = EDGE_CURVE('',#4317,#4333,#4341,.T.);
#4341 = LINE('',#4342,#4343);
#4342 = CARTESIAN_POINT('',(-7.424E+03,-3.261E+03,6.496E+03));
#4343 = VECTOR('',#4344,1.);
#4344 = DIRECTION('',(0.,1.,0.));
#4345 = PLANE('',#4346);
#4346 = AXIS2_PLACEMENT_3D('',#4347,#4348,#4349);
#4347 = CARTESIAN_POINT('',(-7.424E+03,-3.261E+03,6.476E+03));
#4348 = DIRECTION('',(1.,0.,0.));
#4349 = DIRECTION('',(0.,0.,1.));
#4350 = ADVANCED_FACE('',(#4351),#4367,.F.);
#4351 = FACE_BOUND('',#4352,.F.);
#4352 = EDGE_LOOP('',(#4353,#4359,#4360,#4366));
#4353 = ORIENTED_EDGE('',*,*,#4354,.F.);
#4354 = EDGE_CURVE('',#4275,#4315,#4355,.T.);
#4355 = LINE('',#4356,#4357);
#4356 = CARTESIAN_POINT('',(-8.024E+03,-3.261E+03,6.476E+03));
#4357 = VECTOR('',#4358,1.);
#4358 = DIRECTION('',(1.,0.,0.));
#4359 = ORIENTED_EDGE('',*,*,#4274,.T.);
#4360 = ORIENTED_EDGE('',*,*,#4361,.T.);
#4361 = EDGE_CURVE('',#4277,#4317,#4362,.T.);
#4362 = LINE('',#4363,#4364);
#4363 = CARTESIAN_POINT('',(-8.024E+03,-3.261E+03,6.496E+03));
#4364 = VECTOR('',#4365,1.);
#4365 = DIRECTION('',(1.,0.,0.));
#4366 = ORIENTED_EDGE('',*,*,#4314,.F.);
#4367 = PLANE('',#4368);
#4368 = AXIS2_PLACEMENT_3D('',#4369,#4370,#4371);
#4369 = CARTESIAN_POINT('',(-8.024E+03,-3.261E+03,6.476E+03));
#4370 = DIRECTION('',(0.,1.,0.));
#4371 = DIRECTION('',(0.,0.,1.));
#4372 = ADVANCED_FACE('',(#4373),#4389,.T.);
#4373 = FACE_BOUND('',#4374,.T.);
#4374 = EDGE_LOOP('',(#4375,#4381,#4382,#4388));
#4375 = ORIENTED_EDGE('',*,*,#4376,.F.);
#4376 = EDGE_CURVE('',#4285,#4325,#4377,.T.);
#4377 = LINE('',#4378,#4379);
#4378 = CARTESIAN_POINT('',(-8.024E+03,-2.661E+03,6.476E+03));
#4379 = VECTOR('',#4380,1.);
#4380 = DIRECTION('',(1.,0.,0.));
#4381 = ORIENTED_EDGE('',*,*,#4292,.T.);
#4382 = ORIENTED_EDGE('',*,*,#4383,.T.);
#4383 = EDGE_CURVE('',#4293,#4333,#4384,.T.);
#4384 = LINE('',#4385,#4386);
#4385 = CARTESIAN_POINT('',(-8.024E+03,-2.661E+03,6.496E+03));
#4386 = VECTOR('',#4387,1.);
#4387 = DIRECTION('',(1.,0.,0.));
#4388 = ORIENTED_EDGE('',*,*,#4332,.F.);
#4389 = PLANE('',#4390);
#4390 = AXIS2_PLACEMENT_3D('',#4391,#4392,#4393);
#4391 = CARTESIAN_POINT('',(-8.024E+03,-2.661E+03,6.476E+03));
#4392 = DIRECTION('',(0.,1.,0.));
#4393 = DIRECTION('',(0.,0.,1.));
#4394 = ADVANCED_FACE('',(#4395),#4401,.F.);
#4395 = FACE_BOUND('',#4396,.F.);
#4396 = EDGE_LOOP('',(#4397,#4398,#4399,#4400));
#4397 = ORIENTED_EDGE('',*,*,#4284,.F.);
#4398 = ORIENTED_EDGE('',*,*,#4354,.T.);
#4399 = ORIENTED_EDGE('',*,*,#4324,.T.);
#4400 = ORIENTED_EDGE('',*,*,#4376,.F.);
#4401 = PLANE('',#4402);
#4402 = AXIS2_PLACEMENT_3D('',#4403,#4404,#4405);
#4403 = CARTESIAN_POINT('',(-8.024E+03,-3.261E+03,6.476E+03));
#4404 = DIRECTION('',(0.,0.,1.));
#4405 = DIRECTION('',(1.,0.,0.));
#4406 = ADVANCED_FACE('',(#4407),#4413,.T.);
#4407 = FACE_BOUND('',#4408,.T.);
#4408 = EDGE_LOOP('',(#4409,#4410,#4411,#4412));
#4409 = ORIENTED_EDGE('',*,*,#4300,.F.);
#4410 = ORIENTED_EDGE('',*,*,#4361,.T.);
#4411 = ORIENTED_EDGE('',*,*,#4340,.T.);
#4412 = ORIENTED_EDGE('',*,*,#4383,.F.);
#4413 = PLANE('',#4414);
#4414 = AXIS2_PLACEMENT_3D('',#4415,#4416,#4417);
#4415 = CARTESIAN_POINT('',(-8.024E+03,-3.261E+03,6.496E+03));
#4416 = DIRECTION('',(0.,0.,1.));
#4417 = DIRECTION('',(1.,0.,0.));
#4418 = MANIFOLD_SOLID_BREP('',#4419);
#4419 = CLOSED_SHELL('',(#4420,#4460,#4500,#4522,#4544,#4556));
#4420 = ADVANCED_FACE('',(#4421),#4455,.F.);
#4421 = FACE_BOUND('',#4422,.F.);
#4422 = EDGE_LOOP('',(#4423,#4433,#4441,#4449));
#4423 = ORIENTED_EDGE('',*,*,#4424,.F.);
#4424 = EDGE_CURVE('',#4425,#4427,#4429,.T.);
#4425 = VERTEX_POINT('',#4426);
#4426 = CARTESIAN_POINT('',(-4.824E+03,-1.17E+03,6.476E+03));
#4427 = VERTEX_POINT('',#4428);
#4428 = CARTESIAN_POINT('',(-4.824E+03,-1.17E+03,6.496E+03));
#4429 = LINE('',#4430,#4431);
#4430 = CARTESIAN_POINT('',(-4.824E+03,-1.17E+03,6.476E+03));
#4431 = VECTOR('',#4432,1.);
#4432 = DIRECTION('',(0.,0.,1.));
#4433 = ORIENTED_EDGE('',*,*,#4434,.T.);
#4434 = EDGE_CURVE('',#4425,#4435,#4437,.T.);
#4435 = VERTEX_POINT('',#4436);
#4436 = CARTESIAN_POINT('',(-4.824E+03,-570.,6.476E+03));
#4437 = LINE('',#4438,#4439);
#4438 = CARTESIAN_POINT('',(-4.824E+03,-1.17E+03,6.476E+03));
#4439 = VECTOR('',#4440,1.);
#4440 = DIRECTION('',(0.,1.,0.));
#4441 = ORIENTED_EDGE('',*,*,#4442,.T.);
#4442 = EDGE_CURVE('',#4435,#4443,#4445,.T.);
#4443 = VERTEX_POINT('',#4444);
#4444 = CARTESIAN_POINT('',(-4.824E+03,-570.,6.496E+03));
#4445 = LINE('',#4446,#4447);
#4446 = CARTESIAN_POINT('',(-4.824E+03,-570.,6.476E+03));
#4447 = VECTOR('',#4448,1.);
#4448 = DIRECTION('',(0.,0.,1.));
#4449 = ORIENTED_EDGE('',*,*,#4450,.F.);
#4450 = EDGE_CURVE('',#4427,#4443,#4451,.T.);
#4451 = LINE('',#4452,#4453);
#4452 = CARTESIAN_POINT('',(-4.824E+03,-1.17E+03,6.496E+03));
#4453 = VECTOR('',#4454,1.);
#4454 = DIRECTION('',(0.,1.,0.));
#4455 = PLANE('',#4456);
#4456 = AXIS2_PLACEMENT_3D('',#4457,#4458,#4459);
#4457 = CARTESIAN_POINT('',(-4.824E+03,-1.17E+03,6.476E+03));
#4458 = DIRECTION('',(1.,0.,0.));
#4459 = DIRECTION('',(0.,0.,1.));
#4460 = ADVANCED_FACE('',(#4461),#4495,.T.);
#4461 = FACE_BOUND('',#4462,.T.);
#4462 = EDGE_LOOP('',(#4463,#4473,#4481,#4489));
#4463 = ORIENTED_EDGE('',*,*,#4464,.F.);
#4464 = EDGE_CURVE('',#4465,#4467,#4469,.T.);
#4465 = VERTEX_POINT('',#4466);
#4466 = CARTESIAN_POINT('',(-4.224E+03,-1.17E+03,6.476E+03));
#4467 = VERTEX_POINT('',#4468);
#4468 = CARTESIAN_POINT('',(-4.224E+03,-1.17E+03,6.496E+03));
#4469 = LINE('',#4470,#4471);
#4470 = CARTESIAN_POINT('',(-4.224E+03,-1.17E+03,6.476E+03));
#4471 = VECTOR('',#4472,1.);
#4472 = DIRECTION('',(0.,0.,1.));
#4473 = ORIENTED_EDGE('',*,*,#4474,.T.);
#4474 = EDGE_CURVE('',#4465,#4475,#4477,.T.);
#4475 = VERTEX_POINT('',#4476);
#4476 = CARTESIAN_POINT('',(-4.224E+03,-570.,6.476E+03));
#4477 = LINE('',#4478,#4479);
#4478 = CARTESIAN_POINT('',(-4.224E+03,-1.17E+03,6.476E+03));
#4479 = VECTOR('',#4480,1.);
#4480 = DIRECTION('',(0.,1.,0.));
#4481 = ORIENTED_EDGE('',*,*,#4482,.T.);
#4482 = EDGE_CURVE('',#4475,#4483,#4485,.T.);
#4483 = VERTEX_POINT('',#4484);
#4484 = CARTESIAN_POINT('',(-4.224E+03,-570.,6.496E+03));
#4485 = LINE('',#4486,#4487);
#4486 = CARTESIAN_POINT('',(-4.224E+03,-570.,6.476E+03));
#4487 = VECTOR('',#4488,1.);
#4488 = DIRECTION('',(0.,0.,1.));
#4489 = ORIENTED_EDGE('',*,*,#4490,.F.);
#4490 = EDGE_CURVE('',#4467,#4483,#4491,.T.);
#4491 = LINE('',#4492,#4493);
#4492 = CARTESIAN_POINT('',(-4.224E+03,-1.17E+03,6.496E+03));
#4493 = VECTOR('',#4494,1.);
#4494 = DIRECTION('',(0.,1.,0.));
#4495 = PLANE('',#4496);
#4496 = AXIS2_PLACEMENT_3D('',#4497,#4498,#4499);
#4497 = CARTESIAN_POINT('',(-4.224E+03,-1.17E+03,6.476E+03));
#4498 = DIRECTION('',(1.,0.,0.));
#4499 = DIRECTION('',(0.,0.,1.));
#4500 = ADVANCED_FACE('',(#4501),#4517,.F.);
#4501 = FACE_BOUND('',#4502,.F.);
#4502 = EDGE_LOOP('',(#4503,#4509,#4510,#4516));
#4503 = ORIENTED_EDGE('',*,*,#4504,.F.);
#4504 = EDGE_CURVE('',#4425,#4465,#4505,.T.);
#4505 = LINE('',#4506,#4507);
#4506 = CARTESIAN_POINT('',(-4.824E+03,-1.17E+03,6.476E+03));
#4507 = VECTOR('',#4508,1.);
#4508 = DIRECTION('',(1.,0.,0.));
#4509 = ORIENTED_EDGE('',*,*,#4424,.T.);
#4510 = ORIENTED_EDGE('',*,*,#4511,.T.);
#4511 = EDGE_CURVE('',#4427,#4467,#4512,.T.);
#4512 = LINE('',#4513,#4514);
#4513 = CARTESIAN_POINT('',(-4.824E+03,-1.17E+03,6.496E+03));
#4514 = VECTOR('',#4515,1.);
#4515 = DIRECTION('',(1.,0.,0.));
#4516 = ORIENTED_EDGE('',*,*,#4464,.F.);
#4517 = PLANE('',#4518);
#4518 = AXIS2_PLACEMENT_3D('',#4519,#4520,#4521);
#4519 = CARTESIAN_POINT('',(-4.824E+03,-1.17E+03,6.476E+03));
#4520 = DIRECTION('',(0.,1.,0.));
#4521 = DIRECTION('',(0.,0.,1.));
#4522 = ADVANCED_FACE('',(#4523),#4539,.T.);
#4523 = FACE_BOUND('',#4524,.T.);
#4524 = EDGE_LOOP('',(#4525,#4531,#4532,#4538));
#4525 = ORIENTED_EDGE('',*,*,#4526,.F.);
#4526 = EDGE_CURVE('',#4435,#4475,#4527,.T.);
#4527 = LINE('',#4528,#4529);
#4528 = CARTESIAN_POINT('',(-4.824E+03,-570.,6.476E+03));
#4529 = VECTOR('',#4530,1.);
#4530 = DIRECTION('',(1.,0.,0.));
#4531 = ORIENTED_EDGE('',*,*,#4442,.T.);
#4532 = ORIENTED_EDGE('',*,*,#4533,.T.);
#4533 = EDGE_CURVE('',#4443,#4483,#4534,.T.);
#4534 = LINE('',#4535,#4536);
#4535 = CARTESIAN_POINT('',(-4.824E+03,-570.,6.496E+03));
#4536 = VECTOR('',#4537,1.);
#4537 = DIRECTION('',(1.,0.,0.));
#4538 = ORIENTED_EDGE('',*,*,#4482,.F.);
#4539 = PLANE('',#4540);
#4540 = AXIS2_PLACEMENT_3D('',#4541,#4542,#4543);
#4541 = CARTESIAN_POINT('',(-4.824E+03,-570.,6.476E+03));
#4542 = DIRECTION('',(0.,1.,0.));
#4543 = DIRECTION('',(0.,0.,1.));
#4544 = ADVANCED_FACE('',(#4545),#4551,.F.);
#4545 = FACE_BOUND('',#4546,.F.);
#4546 = EDGE_LOOP('',(#4547,#4548,#4549,#4550));
#4547 = ORIENTED_EDGE('',*,*,#4434,.F.);
#4548 = ORIENTED_EDGE('',*,*,#4504,.T.);
#4549 = ORIENTED_EDGE('',*,*,#4474,.T.);
#4550 = ORIENTED_EDGE('',*,*,#4526,.F.);
#4551 = PLANE('',#4552);
#4552 = AXIS2_PLACEMENT_3D('',#4553,#4554,#4555);
#4553 = CARTESIAN_POINT('',(-4.824E+03,-1.17E+03,6.476E+03));
#4554 = DIRECTION('',(0.,0.,1.));
#4555 = DIRECTION('',(1.,0.,0.));
#4556 = ADVANCED_FACE('',(#4557),#4563,.T.);
#4557 = FACE_BOUND('',#4558,.T.);
#4558 = EDGE_LOOP('',(#4559,#4560,#4561,#4562));
#4559 = ORIENTED_EDGE('',*,*,#4450,.F.);
#4560 = ORIENTED_EDGE('',*,*,#4511,.T.);
#4561 = ORIENTED_EDGE('',*,*,#4490,.T.);
#4562 = ORIENTED_EDGE('',*,*,#4533,.F.);
#4563 = PLANE('',#4564);
#4564 = AXIS2_PLACEMENT_3D('',#4565,#4566,#4567);
#4565 = CARTESIAN_POINT('',(-4.824E+03,-1.17E+03,6.496E+03));
#4566 = DIRECTION('',(0.,0.,1.));
#4567 = DIRECTION('',(1.,0.,0.));
#4568 = MANIFOLD_SOLID_BREP('',#4569);
#4569 = CLOSED_SHELL('',(#4570,#4610,#4650,#4672,#4694,#4706));
#4570 = ADVANCED_FACE('',(#4571),#4605,.F.);
#4571 = FACE_BOUND('',#4572,.F.);
#4572 = EDGE_LOOP('',(#4573,#4583,#4591,#4599));
#4573 = ORIENTED_EDGE('',*,*,#4574,.F.);
#4574 = EDGE_CURVE('',#4575,#4577,#4579,.T.);
#4575 = VERTEX_POINT('',#4576);
#4576 = CARTESIAN_POINT('',(-8.024E+03,-1.17E+03,6.476E+03));
#4577 = VERTEX_POINT('',#4578);
#4578 = CARTESIAN_POINT('',(-8.024E+03,-1.17E+03,6.496E+03));
#4579 = LINE('',#4580,#4581);
#4580 = CARTESIAN_POINT('',(-8.024E+03,-1.17E+03,6.476E+03));
#4581 = VECTOR('',#4582,1.);
#4582 = DIRECTION('',(0.,0.,1.));
#4583 = ORIENTED_EDGE('',*,*,#4584,.T.);
#4584 = EDGE_CURVE('',#4575,#4585,#4587,.T.);
#4585 = VERTEX_POINT('',#4586);
#4586 = CARTESIAN_POINT('',(-8.024E+03,-570.,6.476E+03));
#4587 = LINE('',#4588,#4589);
#4588 = CARTESIAN_POINT('',(-8.024E+03,-1.17E+03,6.476E+03));
#4589 = VECTOR('',#4590,1.);
#4590 = DIRECTION('',(0.,1.,0.));
#4591 = ORIENTED_EDGE('',*,*,#4592,.T.);
#4592 = EDGE_CURVE('',#4585,#4593,#4595,.T.);
#4593 = VERTEX_POINT('',#4594);
#4594 = CARTESIAN_POINT('',(-8.024E+03,-570.,6.496E+03));
#4595 = LINE('',#4596,#4597);
#4596 = CARTESIAN_POINT('',(-8.024E+03,-570.,6.476E+03));
#4597 = VECTOR('',#4598,1.);
#4598 = DIRECTION('',(0.,0.,1.));
#4599 = ORIENTED_EDGE('',*,*,#4600,.F.);
#4600 = EDGE_CURVE('',#4577,#4593,#4601,.T.);
#4601 = LINE('',#4602,#4603);
#4602 = CARTESIAN_POINT('',(-8.024E+03,-1.17E+03,6.496E+03));
#4603 = VECTOR('',#4604,1.);
#4604 = DIRECTION('',(0.,1.,0.));
#4605 = PLANE('',#4606);
#4606 = AXIS2_PLACEMENT_3D('',#4607,#4608,#4609);
#4607 = CARTESIAN_POINT('',(-8.024E+03,-1.17E+03,6.476E+03));
#4608 = DIRECTION('',(1.,0.,0.));
#4609 = DIRECTION('',(0.,0.,1.));
#4610 = ADVANCED_FACE('',(#4611),#4645,.T.);
#4611 = FACE_BOUND('',#4612,.T.);
#4612 = EDGE_LOOP('',(#4613,#4623,#4631,#4639));
#4613 = ORIENTED_EDGE('',*,*,#4614,.F.);
#4614 = EDGE_CURVE('',#4615,#4617,#4619,.T.);
#4615 = VERTEX_POINT('',#4616);
#4616 = CARTESIAN_POINT('',(-7.424E+03,-1.17E+03,6.476E+03));
#4617 = VERTEX_POINT('',#4618);
#4618 = CARTESIAN_POINT('',(-7.424E+03,-1.17E+03,6.496E+03));
#4619 = LINE('',#4620,#4621);
#4620 = CARTESIAN_POINT('',(-7.424E+03,-1.17E+03,6.476E+03));
#4621 = VECTOR('',#4622,1.);
#4622 = DIRECTION('',(0.,0.,1.));
#4623 = ORIENTED_EDGE('',*,*,#4624,.T.);
#4624 = EDGE_CURVE('',#4615,#4625,#4627,.T.);
#4625 = VERTEX_POINT('',#4626);
#4626 = CARTESIAN_POINT('',(-7.424E+03,-570.,6.476E+03));
#4627 = LINE('',#4628,#4629);
#4628 = CARTESIAN_POINT('',(-7.424E+03,-1.17E+03,6.476E+03));
#4629 = VECTOR('',#4630,1.);
#4630 = DIRECTION('',(0.,1.,0.));
#4631 = ORIENTED_EDGE('',*,*,#4632,.T.);
#4632 = EDGE_CURVE('',#4625,#4633,#4635,.T.);
#4633 = VERTEX_POINT('',#4634);
#4634 = CARTESIAN_POINT('',(-7.424E+03,-570.,6.496E+03));
#4635 = LINE('',#4636,#4637);
#4636 = CARTESIAN_POINT('',(-7.424E+03,-570.,6.476E+03));
#4637 = VECTOR('',#4638,1.);
#4638 = DIRECTION('',(0.,0.,1.));
#4639 = ORIENTED_EDGE('',*,*,#4640,.F.);
#4640 = EDGE_CURVE('',#4617,#4633,#4641,.T.);
#4641 = LINE('',#4642,#4643);
#4642 = CARTESIAN_POINT('',(-7.424E+03,-1.17E+03,6.496E+03));
#4643 = VECTOR('',#4644,1.);
#4644 = DIRECTION('',(0.,1.,0.));
#4645 = PLANE('',#4646);
#4646 = AXIS2_PLACEMENT_3D('',#4647,#4648,#4649);
#4647 = CARTESIAN_POINT('',(-7.424E+03,-1.17E+03,6.476E+03));
#4648 = DIRECTION('',(1.,0.,0.));
#4649 = DIRECTION('',(0.,0.,1.));
#4650 = ADVANCED_FACE('',(#4651),#4667,.F.);
#4651 = FACE_BOUND('',#4652,.F.);
#4652 = EDGE_LOOP('',(#4653,#4659,#4660,#4666));
#4653 = ORIENTED_EDGE('',*,*,#4654,.F.);
#4654 = EDGE_CURVE('',#4575,#4615,#4655,.T.);
#4655 = LINE('',#4656,#4657);
#4656 = CARTESIAN_POINT('',(-8.024E+03,-1.17E+03,6.476E+03));
#4657 = VECTOR('',#4658,1.);
#4658 = DIRECTION('',(1.,0.,0.));
#4659 = ORIENTED_EDGE('',*,*,#4574,.T.);
#4660 = ORIENTED_EDGE('',*,*,#4661,.T.);
#4661 = EDGE_CURVE('',#4577,#4617,#4662,.T.);
#4662 = LINE('',#4663,#4664);
#4663 = CARTESIAN_POINT('',(-8.024E+03,-1.17E+03,6.496E+03));
#4664 = VECTOR('',#4665,1.);
#4665 = DIRECTION('',(1.,0.,0.));
#4666 = ORIENTED_EDGE('',*,*,#4614,.F.);
#4667 = PLANE('',#4668);
#4668 = AXIS2_PLACEMENT_3D('',#4669,#4670,#4671);
#4669 = CARTESIAN_POINT('',(-8.024E+03,-1.17E+03,6.476E+03));
#4670 = DIRECTION('',(0.,1.,0.));
#4671 = DIRECTION('',(0.,0.,1.));
#4672 = ADVANCED_FACE('',(#4673),#4689,.T.);
#4673 = FACE_BOUND('',#4674,.T.);
#4674 = EDGE_LOOP('',(#4675,#4681,#4682,#4688));
#4675 = ORIENTED_EDGE('',*,*,#4676,.F.);
#4676 = EDGE_CURVE('',#4585,#4625,#4677,.T.);
#4677 = LINE('',#4678,#4679);
#4678 = CARTESIAN_POINT('',(-8.024E+03,-570.,6.476E+03));
#4679 = VECTOR('',#4680,1.);
#4680 = DIRECTION('',(1.,0.,0.));
#4681 = ORIENTED_EDGE('',*,*,#4592,.T.);
#4682 = ORIENTED_EDGE('',*,*,#4683,.T.);
#4683 = EDGE_CURVE('',#4593,#4633,#4684,.T.);
#4684 = LINE('',#4685,#4686);
#4685 = CARTESIAN_POINT('',(-8.024E+03,-570.,6.496E+03));
#4686 = VECTOR('',#4687,1.);
#4687 = DIRECTION('',(1.,0.,0.));
#4688 = ORIENTED_EDGE('',*,*,#4632,.F.);
#4689 = PLANE('',#4690);
#4690 = AXIS2_PLACEMENT_3D('',#4691,#4692,#4693);
#4691 = CARTESIAN_POINT('',(-8.024E+03,-570.,6.476E+03));
#4692 = DIRECTION('',(0.,1.,0.));
#4693 = DIRECTION('',(0.,0.,1.));
#4694 = ADVANCED_FACE('',(#4695),#4701,.F.);
#4695 = FACE_BOUND('',#4696,.F.);
#4696 = EDGE_LOOP('',(#4697,#4698,#4699,#4700));
#4697 = ORIENTED_EDGE('',*,*,#4584,.F.);
#4698 = ORIENTED_EDGE('',*,*,#4654,.T.);
#4699 = ORIENTED_EDGE('',*,*,#4624,.T.);
#4700 = ORIENTED_EDGE('',*,*,#4676,.F.);
#4701 = PLANE('',#4702);
#4702 = AXIS2_PLACEMENT_3D('',#4703,#4704,#4705);
#4703 = CARTESIAN_POINT('',(-8.024E+03,-1.17E+03,6.476E+03));
#4704 = DIRECTION('',(0.,0.,1.));
#4705 = DIRECTION('',(1.,0.,0.));
#4706 = ADVANCED_FACE('',(#4707),#4713,.T.);
#4707 = FACE_BOUND('',#4708,.T.);
#4708 = EDGE_LOOP('',(#4709,#4710,#4711,#4712));
#4709 = ORIENTED_EDGE('',*,*,#4600,.F.);
#4710 = ORIENTED_EDGE('',*,*,#4661,.T.);
#4711 = ORIENTED_EDGE('',*,*,#4640,.T.);
#4712 = ORIENTED_EDGE('',*,*,#4683,.F.);
#4713 = PLANE('',#4714);
#4714 = AXIS2_PLACEMENT_3D('',#4715,#4716,#4717);
#4715 = CARTESIAN_POINT('',(-8.024E+03,-1.17E+03,6.496E+03));
#4716 = DIRECTION('',(0.,0.,1.));
#4717 = DIRECTION('',(1.,0.,0.));
#4718 = MANIFOLD_SOLID_BREP('',#4719);
#4719 = CLOSED_SHELL('',(#4720,#4760,#4800,#4822,#4844,#4856));
#4720 = ADVANCED_FACE('',(#4721),#4755,.F.);
#4721 = FACE_BOUND('',#4722,.F.);
#4722 = EDGE_LOOP('',(#4723,#4733,#4741,#4749));
#4723 = ORIENTED_EDGE('',*,*,#4724,.F.);
#4724 = EDGE_CURVE('',#4725,#4727,#4729,.T.);
#4725 = VERTEX_POINT('',#4726);
#4726 = CARTESIAN_POINT('',(-6.424E+03,-5.352E+03,6.476E+03));
#4727 = VERTEX_POINT('',#4728);
#4728 = CARTESIAN_POINT('',(-6.424E+03,-5.352E+03,6.496E+03));
#4729 = LINE('',#4730,#4731);
#4730 = CARTESIAN_POINT('',(-6.424E+03,-5.352E+03,6.476E+03));
#4731 = VECTOR('',#4732,1.);
#4732 = DIRECTION('',(0.,0.,1.));
#4733 = ORIENTED_EDGE('',*,*,#4734,.T.);
#4734 = EDGE_CURVE('',#4725,#4735,#4737,.T.);
#4735 = VERTEX_POINT('',#4736);
#4736 = CARTESIAN_POINT('',(-6.424E+03,-4.752E+03,6.476E+03));
#4737 = LINE('',#4738,#4739);
#4738 = CARTESIAN_POINT('',(-6.424E+03,-5.352E+03,6.476E+03));
#4739 = VECTOR('',#4740,1.);
#4740 = DIRECTION('',(0.,1.,0.));
#4741 = ORIENTED_EDGE('',*,*,#4742,.T.);
#4742 = EDGE_CURVE('',#4735,#4743,#4745,.T.);
#4743 = VERTEX_POINT('',#4744);
#4744 = CARTESIAN_POINT('',(-6.424E+03,-4.752E+03,6.496E+03));
#4745 = LINE('',#4746,#4747);
#4746 = CARTESIAN_POINT('',(-6.424E+03,-4.752E+03,6.476E+03));
#4747 = VECTOR('',#4748,1.);
#4748 = DIRECTION('',(0.,0.,1.));
#4749 = ORIENTED_EDGE('',*,*,#4750,.F.);
#4750 = EDGE_CURVE('',#4727,#4743,#4751,.T.);
#4751 = LINE('',#4752,#4753);
#4752 = CARTESIAN_POINT('',(-6.424E+03,-5.352E+03,6.496E+03));
#4753 = VECTOR('',#4754,1.);
#4754 = DIRECTION('',(0.,1.,0.));
#4755 = PLANE('',#4756);
#4756 = AXIS2_PLACEMENT_3D('',#4757,#4758,#4759);
#4757 = CARTESIAN_POINT('',(-6.424E+03,-5.352E+03,6.476E+03));
#4758 = DIRECTION('',(1.,0.,0.));
#4759 = DIRECTION('',(0.,0.,1.));
#4760 = ADVANCED_FACE('',(#4761),#4795,.T.);
#4761 = FACE_BOUND('',#4762,.T.);
#4762 = EDGE_LOOP('',(#4763,#4773,#4781,#4789));
#4763 = ORIENTED_EDGE('',*,*,#4764,.F.);
#4764 = EDGE_CURVE('',#4765,#4767,#4769,.T.);
#4765 = VERTEX_POINT('',#4766);
#4766 = CARTESIAN_POINT('',(-5.824E+03,-5.352E+03,6.476E+03));
#4767 = VERTEX_POINT('',#4768);
#4768 = CARTESIAN_POINT('',(-5.824E+03,-5.352E+03,6.496E+03));
#4769 = LINE('',#4770,#4771);
#4770 = CARTESIAN_POINT('',(-5.824E+03,-5.352E+03,6.476E+03));
#4771 = VECTOR('',#4772,1.);
#4772 = DIRECTION('',(0.,0.,1.));
#4773 = ORIENTED_EDGE('',*,*,#4774,.T.);
#4774 = EDGE_CURVE('',#4765,#4775,#4777,.T.);
#4775 = VERTEX_POINT('',#4776);
#4776 = CARTESIAN_POINT('',(-5.824E+03,-4.752E+03,6.476E+03));
#4777 = LINE('',#4778,#4779);
#4778 = CARTESIAN_POINT('',(-5.824E+03,-5.352E+03,6.476E+03));
#4779 = VECTOR('',#4780,1.);
#4780 = DIRECTION('',(0.,1.,0.));
#4781 = ORIENTED_EDGE('',*,*,#4782,.T.);
#4782 = EDGE_CURVE('',#4775,#4783,#4785,.T.);
#4783 = VERTEX_POINT('',#4784);
#4784 = CARTESIAN_POINT('',(-5.824E+03,-4.752E+03,6.496E+03));
#4785 = LINE('',#4786,#4787);
#4786 = CARTESIAN_POINT('',(-5.824E+03,-4.752E+03,6.476E+03));
#4787 = VECTOR('',#4788,1.);
#4788 = DIRECTION('',(0.,0.,1.));
#4789 = ORIENTED_EDGE('',*,*,#4790,.F.);
#4790 = EDGE_CURVE('',#4767,#4783,#4791,.T.);
#4791 = LINE('',#4792,#4793);
#4792 = CARTESIAN_POINT('',(-5.824E+03,-5.352E+03,6.496E+03));
#4793 = VECTOR('',#4794,1.);
#4794 = DIRECTION('',(0.,1.,0.));
#4795 = PLANE('',#4796);
#4796 = AXIS2_PLACEMENT_3D('',#4797,#4798,#4799);
#4797 = CARTESIAN_POINT('',(-5.824E+03,-5.352E+03,6.476E+03));
#4798 = DIRECTION('',(1.,0.,0.));
#4799 = DIRECTION('',(0.,0.,1.));
#4800 = ADVANCED_FACE('',(#4801),#4817,.F.);
#4801 = FACE_BOUND('',#4802,.F.);
#4802 = EDGE_LOOP('',(#4803,#4809,#4810,#4816));
#4803 = ORIENTED_EDGE('',*,*,#4804,.F.);
#4804 = EDGE_CURVE('',#4725,#4765,#4805,.T.);
#4805 = LINE('',#4806,#4807);
#4806 = CARTESIAN_POINT('',(-6.424E+03,-5.352E+03,6.476E+03));
#4807 = VECTOR('',#4808,1.);
#4808 = DIRECTION('',(1.,0.,0.));
#4809 = ORIENTED_EDGE('',*,*,#4724,.T.);
#4810 = ORIENTED_EDGE('',*,*,#4811,.T.);
#4811 = EDGE_CURVE('',#4727,#4767,#4812,.T.);
#4812 = LINE('',#4813,#4814);
#4813 = CARTESIAN_POINT('',(-6.424E+03,-5.352E+03,6.496E+03));
#4814 = VECTOR('',#4815,1.);
#4815 = DIRECTION('',(1.,0.,0.));
#4816 = ORIENTED_EDGE('',*,*,#4764,.F.);
#4817 = PLANE('',#4818);
#4818 = AXIS2_PLACEMENT_3D('',#4819,#4820,#4821);
#4819 = CARTESIAN_POINT('',(-6.424E+03,-5.352E+03,6.476E+03));
#4820 = DIRECTION('',(0.,1.,0.));
#4821 = DIRECTION('',(0.,0.,1.));
#4822 = ADVANCED_FACE('',(#4823),#4839,.T.);
#4823 = FACE_BOUND('',#4824,.T.);
#4824 = EDGE_LOOP('',(#4825,#4831,#4832,#4838));
#4825 = ORIENTED_EDGE('',*,*,#4826,.F.);
#4826 = EDGE_CURVE('',#4735,#4775,#4827,.T.);
#4827 = LINE('',#4828,#4829);
#4828 = CARTESIAN_POINT('',(-6.424E+03,-4.752E+03,6.476E+03));
#4829 = VECTOR('',#4830,1.);
#4830 = DIRECTION('',(1.,0.,0.));
#4831 = ORIENTED_EDGE('',*,*,#4742,.T.);
#4832 = ORIENTED_EDGE('',*,*,#4833,.T.);
#4833 = EDGE_CURVE('',#4743,#4783,#4834,.T.);
#4834 = LINE('',#4835,#4836);
#4835 = CARTESIAN_POINT('',(-6.424E+03,-4.752E+03,6.496E+03));
#4836 = VECTOR('',#4837,1.);
#4837 = DIRECTION('',(1.,0.,0.));
#4838 = ORIENTED_EDGE('',*,*,#4782,.F.);
#4839 = PLANE('',#4840);
#4840 = AXIS2_PLACEMENT_3D('',#4841,#4842,#4843);
#4841 = CARTESIAN_POINT('',(-6.424E+03,-4.752E+03,6.476E+03));
#4842 = DIRECTION('',(0.,1.,0.));
#4843 = DIRECTION('',(0.,0.,1.));
#4844 = ADVANCED_FACE('',(#4845),#4851,.F.);
#4845 = FACE_BOUND('',#4846,.F.);
#4846 = EDGE_LOOP('',(#4847,#4848,#4849,#4850));
#4847 = ORIENTED_EDGE('',*,*,#4734,.F.);
#4848 = ORIENTED_EDGE('',*,*,#4804,.T.);
#4849 = ORIENTED_EDGE('',*,*,#4774,.T.);
#4850 = ORIENTED_EDGE('',*,*,#4826,.F.);
#4851 = PLANE('',#4852);
#4852 = AXIS2_PLACEMENT_3D('',#4853,#4854,#4855);
#4853 = CARTESIAN_POINT('',(-6.424E+03,-5.352E+03,6.476E+03));
#4854 = DIRECTION('',(0.,0.,1.));
#4855 = DIRECTION('',(1.,0.,0.));
#4856 = ADVANCED_FACE('',(#4857),#4863,.T.);
#4857 = FACE_BOUND('',#4858,.T.);
#4858 = EDGE_LOOP('',(#4859,#4860,#4861,#4862));
#4859 = ORIENTED_EDGE('',*,*,#4750,.F.);
#4860 = ORIENTED_EDGE('',*,*,#4811,.T.);
#4861 = ORIENTED_EDGE('',*,*,#4790,.T.);
#4862 = ORIENTED_EDGE('',*,*,#4833,.F.);
#4863 = PLANE('',#4864);
#4864 = AXIS2_PLACEMENT_3D('',#4865,#4866,#4867);
#4865 = CARTESIAN_POINT('',(-6.424E+03,-5.352E+03,6.496E+03));
#4866 = DIRECTION('',(0.,0.,1.));
#4867 = DIRECTION('',(1.,0.,0.));
#4868 = MANIFOLD_SOLID_BREP('',#4869);
#4869 = CLOSED_SHELL('',(#4870,#4910,#4950,#4972,#4994,#5006));
#4870 = ADVANCED_FACE('',(#4871),#4905,.F.);
#4871 = FACE_BOUND('',#4872,.F.);
#4872 = EDGE_LOOP('',(#4873,#4883,#4891,#4899));
#4873 = ORIENTED_EDGE('',*,*,#4874,.F.);
#4874 = EDGE_CURVE('',#4875,#4877,#4879,.T.);
#4875 = VERTEX_POINT('',#4876);
#4876 = CARTESIAN_POINT('',(-4.824E+03,-5.352E+03,6.476E+03));
#4877 = VERTEX_POINT('',#4878);
#4878 = CARTESIAN_POINT('',(-4.824E+03,-5.352E+03,6.496E+03));
#4879 = LINE('',#4880,#4881);
#4880 = CARTESIAN_POINT('',(-4.824E+03,-5.352E+03,6.476E+03));
#4881 = VECTOR('',#4882,1.);
#4882 = DIRECTION('',(0.,0.,1.));
#4883 = ORIENTED_EDGE('',*,*,#4884,.T.);
#4884 = EDGE_CURVE('',#4875,#4885,#4887,.T.);
#4885 = VERTEX_POINT('',#4886);
#4886 = CARTESIAN_POINT('',(-4.824E+03,-4.752E+03,6.476E+03));
#4887 = LINE('',#4888,#4889);
#4888 = CARTESIAN_POINT('',(-4.824E+03,-5.352E+03,6.476E+03));
#4889 = VECTOR('',#4890,1.);
#4890 = DIRECTION('',(0.,1.,0.));
#4891 = ORIENTED_EDGE('',*,*,#4892,.T.);
#4892 = EDGE_CURVE('',#4885,#4893,#4895,.T.);
#4893 = VERTEX_POINT('',#4894);
#4894 = CARTESIAN_POINT('',(-4.824E+03,-4.752E+03,6.496E+03));
#4895 = LINE('',#4896,#4897);
#4896 = CARTESIAN_POINT('',(-4.824E+03,-4.752E+03,6.476E+03));
#4897 = VECTOR('',#4898,1.);
#4898 = DIRECTION('',(0.,0.,1.));
#4899 = ORIENTED_EDGE('',*,*,#4900,.F.);
#4900 = EDGE_CURVE('',#4877,#4893,#4901,.T.);
#4901 = LINE('',#4902,#4903);
#4902 = CARTESIAN_POINT('',(-4.824E+03,-5.352E+03,6.496E+03));
#4903 = VECTOR('',#4904,1.);
#4904 = DIRECTION('',(0.,1.,0.));
#4905 = PLANE('',#4906);
#4906 = AXIS2_PLACEMENT_3D('',#4907,#4908,#4909);
#4907 = CARTESIAN_POINT('',(-4.824E+03,-5.352E+03,6.476E+03));
#4908 = DIRECTION('',(1.,0.,0.));
#4909 = DIRECTION('',(0.,0.,1.));
#4910 = ADVANCED_FACE('',(#4911),#4945,.T.);
#4911 = FACE_BOUND('',#4912,.T.);
#4912 = EDGE_LOOP('',(#4913,#4923,#4931,#4939));
#4913 = ORIENTED_EDGE('',*,*,#4914,.F.);
#4914 = EDGE_CURVE('',#4915,#4917,#4919,.T.);
#4915 = VERTEX_POINT('',#4916);
#4916 = CARTESIAN_POINT('',(-4.224E+03,-5.352E+03,6.476E+03));
#4917 = VERTEX_POINT('',#4918);
#4918 = CARTESIAN_POINT('',(-4.224E+03,-5.352E+03,6.496E+03));
#4919 = LINE('',#4920,#4921);
#4920 = CARTESIAN_POINT('',(-4.224E+03,-5.352E+03,6.476E+03));
#4921 = VECTOR('',#4922,1.);
#4922 = DIRECTION('',(0.,0.,1.));
#4923 = ORIENTED_EDGE('',*,*,#4924,.T.);
#4924 = EDGE_CURVE('',#4915,#4925,#4927,.T.);
#4925 = VERTEX_POINT('',#4926);
#4926 = CARTESIAN_POINT('',(-4.224E+03,-4.752E+03,6.476E+03));
#4927 = LINE('',#4928,#4929);
#4928 = CARTESIAN_POINT('',(-4.224E+03,-5.352E+03,6.476E+03));
#4929 = VECTOR('',#4930,1.);
#4930 = DIRECTION('',(0.,1.,0.));
#4931 = ORIENTED_EDGE('',*,*,#4932,.T.);
#4932 = EDGE_CURVE('',#4925,#4933,#4935,.T.);
#4933 = VERTEX_POINT('',#4934);
#4934 = CARTESIAN_POINT('',(-4.224E+03,-4.752E+03,6.496E+03));
#4935 = LINE('',#4936,#4937);
#4936 = CARTESIAN_POINT('',(-4.224E+03,-4.752E+03,6.476E+03));
#4937 = VECTOR('',#4938,1.);
#4938 = DIRECTION('',(0.,0.,1.));
#4939 = ORIENTED_EDGE('',*,*,#4940,.F.);
#4940 = EDGE_CURVE('',#4917,#4933,#4941,.T.);
#4941 = LINE('',#4942,#4943);
#4942 = CARTESIAN_POINT('',(-4.224E+03,-5.352E+03,6.496E+03));
#4943 = VECTOR('',#4944,1.);
#4944 = DIRECTION('',(0.,1.,0.));
#4945 = PLANE('',#4946);
#4946 = AXIS2_PLACEMENT_3D('',#4947,#4948,#4949);
#4947 = CARTESIAN_POINT('',(-4.224E+03,-5.352E+03,6.476E+03));
#4948 = DIRECTION('',(1.,0.,0.));
#4949 = DIRECTION('',(0.,0.,1.));
#4950 = ADVANCED_FACE('',(#4951),#4967,.F.);
#4951 = FACE_BOUND('',#4952,.F.);
#4952 = EDGE_LOOP('',(#4953,#4959,#4960,#4966));
#4953 = ORIENTED_EDGE('',*,*,#4954,.F.);
#4954 = EDGE_CURVE('',#4875,#4915,#4955,.T.);
#4955 = LINE('',#4956,#4957);
#4956 = CARTESIAN_POINT('',(-4.824E+03,-5.352E+03,6.476E+03));
#4957 = VECTOR('',#4958,1.);
#4958 = DIRECTION('',(1.,0.,0.));
#4959 = ORIENTED_EDGE('',*,*,#4874,.T.);
#4960 = ORIENTED_EDGE('',*,*,#4961,.T.);
#4961 = EDGE_CURVE('',#4877,#4917,#4962,.T.);
#4962 = LINE('',#4963,#4964);
#4963 = CARTESIAN_POINT('',(-4.824E+03,-5.352E+03,6.496E+03));
#4964 = VECTOR('',#4965,1.);
#4965 = DIRECTION('',(1.,0.,0.));
#4966 = ORIENTED_EDGE('',*,*,#4914,.F.);
#4967 = PLANE('',#4968);
#4968 = AXIS2_PLACEMENT_3D('',#4969,#4970,#4971);
#4969 = CARTESIAN_POINT('',(-4.824E+03,-5.352E+03,6.476E+03));
#4970 = DIRECTION('',(0.,1.,0.));
#4971 = DIRECTION('',(0.,0.,1.));
#4972 = ADVANCED_FACE('',(#4973),#4989,.T.);
#4973 = FACE_BOUND('',#4974,.T.);
#4974 = EDGE_LOOP('',(#4975,#4981,#4982,#4988));
#4975 = ORIENTED_EDGE('',*,*,#4976,.F.);
#4976 = EDGE_CURVE('',#4885,#4925,#4977,.T.);
#4977 = LINE('',#4978,#4979);
#4978 = CARTESIAN_POINT('',(-4.824E+03,-4.752E+03,6.476E+03));
#4979 = VECTOR('',#4980,1.);
#4980 = DIRECTION('',(1.,0.,0.));
#4981 = ORIENTED_EDGE('',*,*,#4892,.T.);
#4982 = ORIENTED_EDGE('',*,*,#4983,.T.);
#4983 = EDGE_CURVE('',#4893,#4933,#4984,.T.);
#4984 = LINE('',#4985,#4986);
#4985 = CARTESIAN_POINT('',(-4.824E+03,-4.752E+03,6.496E+03));
#4986 = VECTOR('',#4987,1.);
#4987 = DIRECTION('',(1.,0.,0.));
#4988 = ORIENTED_EDGE('',*,*,#4932,.F.);
#4989 = PLANE('',#4990);
#4990 = AXIS2_PLACEMENT_3D('',#4991,#4992,#4993);
#4991 = CARTESIAN_POINT('',(-4.824E+03,-4.752E+03,6.476E+03));
#4992 = DIRECTION('',(0.,1.,0.));
#4993 = DIRECTION('',(0.,0.,1.));
#4994 = ADVANCED_FACE('',(#4995),#5001,.F.);
#4995 = FACE_BOUND('',#4996,.F.);
#4996 = EDGE_LOOP('',(#4997,#4998,#4999,#5000));
#4997 = ORIENTED_EDGE('',*,*,#4884,.F.);
#4998 = ORIENTED_EDGE('',*,*,#4954,.T.);
#4999 = ORIENTED_EDGE('',*,*,#4924,.T.);
#5000 = ORIENTED_EDGE('',*,*,#4976,.F.);
#5001 = PLANE('',#5002);
#5002 = AXIS2_PLACEMENT_3D('',#5003,#5004,#5005);
#5003 = CARTESIAN_POINT('',(-4.824E+03,-5.352E+03,6.476E+03));
#5004 = DIRECTION('',(0.,0.,1.));
#5005 = DIRECTION('',(1.,0.,0.));
#5006 = ADVANCED_FACE('',(#5007),#5013,.T.);
#5007 = FACE_BOUND('',#5008,.T.);
#5008 = EDGE_LOOP('',(#5009,#5010,#5011,#5012));
#5009 = ORIENTED_EDGE('',*,*,#4900,.F.);
#5010 = ORIENTED_EDGE('',*,*,#4961,.T.);
#5011 = ORIENTED_EDGE('',*,*,#4940,.T.);
#5012 = ORIENTED_EDGE('',*,*,#4983,.F.);
#5013 = PLANE('',#5014);
#5014 = AXIS2_PLACEMENT_3D('',#5015,#5016,#5017);
#5015 = CARTESIAN_POINT('',(-4.824E+03,-5.352E+03,6.496E+03));
#5016 = DIRECTION('',(0.,0.,1.));
#5017 = DIRECTION('',(1.,0.,0.));
#5018 = MANIFOLD_SOLID_BREP('',#5019);
#5019 = CLOSED_SHELL('',(#5020,#5053,#5062));
#5020 = ADVANCED_FACE('',(#5021),#5048,.T.);
#5021 = FACE_BOUND('',#5022,.T.);
#5022 = EDGE_LOOP('',(#5023,#5032,#5040,#5047));
#5023 = ORIENTED_EDGE('',*,*,#5024,.F.);
#5024 = EDGE_CURVE('',#5025,#5025,#5027,.T.);
#5025 = VERTEX_POINT('',#5026);
#5026 = CARTESIAN_POINT('',(-5.524E+03,-1.542E+03,6.396E+03));
#5027 = CIRCLE('',#5028,600.);
#5028 = AXIS2_PLACEMENT_3D('',#5029,#5030,#5031);
#5029 = CARTESIAN_POINT('',(-6.124E+03,-1.542E+03,6.396E+03));
#5030 = DIRECTION('',(0.,0.,1.));
#5031 = DIRECTION('',(1.,0.,0.));
#5032 = ORIENTED_EDGE('',*,*,#5033,.F.);
#5033 = EDGE_CURVE('',#5034,#5025,#5036,.T.);
#5034 = VERTEX_POINT('',#5035);
#5035 = CARTESIAN_POINT('',(-5.524E+03,-1.542E+03,6.376E+03));
#5036 = LINE('',#5037,#5038);
#5037 = CARTESIAN_POINT('',(-5.524E+03,-1.542E+03,6.376E+03));
#5038 = VECTOR('',#5039,1.);
#5039 = DIRECTION('',(0.,0.,1.));
#5040 = ORIENTED_EDGE('',*,*,#5041,.T.);
#5041 = EDGE_CURVE('',#5034,#5034,#5042,.T.);
#5042 = CIRCLE('',#5043,600.);
#5043 = AXIS2_PLACEMENT_3D('',#5044,#5045,#5046);
#5044 = CARTESIAN_POINT('',(-6.124E+03,-1.542E+03,6.376E+03));
#5045 = DIRECTION('',(0.,0.,1.));
#5046 = DIRECTION('',(1.,0.,0.));
#5047 = ORIENTED_EDGE('',*,*,#5033,.T.);
#5048 = CYLINDRICAL_SURFACE('',#5049,600.);
#5049 = AXIS2_PLACEMENT_3D('',#5050,#5051,#5052);
#5050 = CARTESIAN_POINT('',(-6.124E+03,-1.542E+03,6.376E+03));
#5051 = DIRECTION('',(0.,0.,1.));
#5052 = DIRECTION('',(1.,0.,0.));
#5053 = ADVANCED_FACE('',(#5054),#5057,.T.);
#5054 = FACE_BOUND('',#5055,.T.);
#5055 = EDGE_LOOP('',(#5056));
#5056 = ORIENTED_EDGE('',*,*,#5024,.T.);
#5057 = PLANE('',#5058);
#5058 = AXIS2_PLACEMENT_3D('',#5059,#5060,#5061);
#5059 = CARTESIAN_POINT('',(-6.124E+03,-1.542E+03,6.396E+03));
#5060 = DIRECTION('',(0.,0.,1.));
#5061 = DIRECTION('',(1.,0.,0.));
#5062 = ADVANCED_FACE('',(#5063),#5066,.F.);
#5063 = FACE_BOUND('',#5064,.T.);
#5064 = EDGE_LOOP('',(#5065));
#5065 = ORIENTED_EDGE('',*,*,#5041,.F.);
#5066 = PLANE('',#5067);
#5067 = AXIS2_PLACEMENT_3D('',#5068,#5069,#5070);
#5068 = CARTESIAN_POINT('',(-6.124E+03,-1.542E+03,6.376E+03));
#5069 = DIRECTION('',(0.,0.,1.));
#5070 = DIRECTION('',(1.,0.,0.));
#5071 = MANIFOLD_SOLID_BREP('',#5072);
#5072 = CLOSED_SHELL('',(#5073,#5106,#5115));
#5073 = ADVANCED_FACE('',(#5074),#5101,.T.);
#5074 = FACE_BOUND('',#5075,.T.);
#5075 = EDGE_LOOP('',(#5076,#5085,#5093,#5100));
#5076 = ORIENTED_EDGE('',*,*,#5077,.F.);
#5077 = EDGE_CURVE('',#5078,#5078,#5080,.T.);
#5078 = VERTEX_POINT('',#5079);
#5079 = CARTESIAN_POINT('',(-5.524E+03,-4.379E+03,6.396E+03));
#5080 = CIRCLE('',#5081,600.);
#5081 = AXIS2_PLACEMENT_3D('',#5082,#5083,#5084);
#5082 = CARTESIAN_POINT('',(-6.124E+03,-4.379E+03,6.396E+03));
#5083 = DIRECTION('',(0.,0.,1.));
#5084 = DIRECTION('',(1.,0.,0.));
#5085 = ORIENTED_EDGE('',*,*,#5086,.F.);
#5086 = EDGE_CURVE('',#5087,#5078,#5089,.T.);
#5087 = VERTEX_POINT('',#5088);
#5088 = CARTESIAN_POINT('',(-5.524E+03,-4.379E+03,6.376E+03));
#5089 = LINE('',#5090,#5091);
#5090 = CARTESIAN_POINT('',(-5.524E+03,-4.379E+03,6.376E+03));
#5091 = VECTOR('',#5092,1.);
#5092 = DIRECTION('',(0.,0.,1.));
#5093 = ORIENTED_EDGE('',*,*,#5094,.T.);
#5094 = EDGE_CURVE('',#5087,#5087,#5095,.T.);
#5095 = CIRCLE('',#5096,600.);
#5096 = AXIS2_PLACEMENT_3D('',#5097,#5098,#5099);
#5097 = CARTESIAN_POINT('',(-6.124E+03,-4.379E+03,6.376E+03));
#5098 = DIRECTION('',(0.,0.,1.));
#5099 = DIRECTION('',(1.,0.,0.));
#5100 = ORIENTED_EDGE('',*,*,#5086,.T.);
#5101 = CYLINDRICAL_SURFACE('',#5102,600.);
#5102 = AXIS2_PLACEMENT_3D('',#5103,#5104,#5105);
#5103 = CARTESIAN_POINT('',(-6.124E+03,-4.379E+03,6.376E+03));
#5104 = DIRECTION('',(0.,0.,1.));
#5105 = DIRECTION('',(1.,0.,0.));
#5106 = ADVANCED_FACE('',(#5107),#5110,.T.);
#5107 = FACE_BOUND('',#5108,.T.);
#5108 = EDGE_LOOP('',(#5109));
#5109 = ORIENTED_EDGE('',*,*,#5077,.T.);
#5110 = PLANE('',#5111);
#5111 = AXIS2_PLACEMENT_3D('',#5112,#5113,#5114);
#5112 = CARTESIAN_POINT('',(-6.124E+03,-4.379E+03,6.396E+03));
#5113 = DIRECTION('',(0.,0.,1.));
#5114 = DIRECTION('',(1.,0.,0.));
#5115 = ADVANCED_FACE('',(#5116),#5119,.F.);
#5116 = FACE_BOUND('',#5117,.T.);
#5117 = EDGE_LOOP('',(#5118));
#5118 = ORIENTED_EDGE('',*,*,#5094,.F.);
#5119 = PLANE('',#5120);
#5120 = AXIS2_PLACEMENT_3D('',#5121,#5122,#5123);
#5121 = CARTESIAN_POINT('',(-6.124E+03,-4.379E+03,6.376E+03));
#5122 = DIRECTION('',(0.,0.,1.));
#5123 = DIRECTION('',(1.,0.,0.));
#5124 = MANIFOLD_SOLID_BREP('',#5125);
#5125 = CLOSED_SHELL('',(#5126,#5166,#5206,#5228,#5250,#5262));
#5126 = ADVANCED_FACE('',(#5127),#5161,.F.);
#5127 = FACE_BOUND('',#5128,.F.);
#5128 = EDGE_LOOP('',(#5129,#5139,#5147,#5155));
#5129 = ORIENTED_EDGE('',*,*,#5130,.F.);
#5130 = EDGE_CURVE('',#5131,#5133,#5135,.T.);
#5131 = VERTEX_POINT('',#5132);
#5132 = CARTESIAN_POINT('',(-3.849E+03,-3.082E+03,5.876E+03));
#5133 = VERTEX_POINT('',#5134);
#5134 = CARTESIAN_POINT('',(-3.849E+03,-3.082E+03,5.896E+03));
#5135 = LINE('',#5136,#5137);
#5136 = CARTESIAN_POINT('',(-3.849E+03,-3.082E+03,5.876E+03));
#5137 = VECTOR('',#5138,1.);
#5138 = DIRECTION('',(0.,0.,1.));
#5139 = ORIENTED_EDGE('',*,*,#5140,.T.);
#5140 = EDGE_CURVE('',#5131,#5141,#5143,.T.);
#5141 = VERTEX_POINT('',#5142);
#5142 = CARTESIAN_POINT('',(-3.849E+03,-2.832E+03,5.876E+03));
#5143 = LINE('',#5144,#5145);
#5144 = CARTESIAN_POINT('',(-3.849E+03,-3.082E+03,5.876E+03));
#5145 = VECTOR('',#5146,1.);
#5146 = DIRECTION('',(0.,1.,0.));
#5147 = ORIENTED_EDGE('',*,*,#5148,.T.);
#5148 = EDGE_CURVE('',#5141,#5149,#5151,.T.);
#5149 = VERTEX_POINT('',#5150);
#5150 = CARTESIAN_POINT('',(-3.849E+03,-2.832E+03,5.896E+03));
#5151 = LINE('',#5152,#5153);
#5152 = CARTESIAN_POINT('',(-3.849E+03,-2.832E+03,5.876E+03));
#5153 = VECTOR('',#5154,1.);
#5154 = DIRECTION('',(0.,0.,1.));
#5155 = ORIENTED_EDGE('',*,*,#5156,.F.);
#5156 = EDGE_CURVE('',#5133,#5149,#5157,.T.);
#5157 = LINE('',#5158,#5159);
#5158 = CARTESIAN_POINT('',(-3.849E+03,-3.082E+03,5.896E+03));
#5159 = VECTOR('',#5160,1.);
#5160 = DIRECTION('',(0.,1.,0.));
#5161 = PLANE('',#5162);
#5162 = AXIS2_PLACEMENT_3D('',#5163,#5164,#5165);
#5163 = CARTESIAN_POINT('',(-3.849E+03,-3.082E+03,5.876E+03));
#5164 = DIRECTION('',(1.,0.,0.));
#5165 = DIRECTION('',(0.,0.,1.));
#5166 = ADVANCED_FACE('',(#5167),#5201,.T.);
#5167 = FACE_BOUND('',#5168,.T.);
#5168 = EDGE_LOOP('',(#5169,#5179,#5187,#5195));
#5169 = ORIENTED_EDGE('',*,*,#5170,.F.);
#5170 = EDGE_CURVE('',#5171,#5173,#5175,.T.);
#5171 = VERTEX_POINT('',#5172);
#5172 = CARTESIAN_POINT('',(-3.599E+03,-3.082E+03,5.876E+03));
#5173 = VERTEX_POINT('',#5174);
#5174 = CARTESIAN_POINT('',(-3.599E+03,-3.082E+03,5.896E+03));
#5175 = LINE('',#5176,#5177);
#5176 = CARTESIAN_POINT('',(-3.599E+03,-3.082E+03,5.876E+03));
#5177 = VECTOR('',#5178,1.);
#5178 = DIRECTION('',(0.,0.,1.));
#5179 = ORIENTED_EDGE('',*,*,#5180,.T.);
#5180 = EDGE_CURVE('',#5171,#5181,#5183,.T.);
#5181 = VERTEX_POINT('',#5182);
#5182 = CARTESIAN_POINT('',(-3.599E+03,-2.832E+03,5.876E+03));
#5183 = LINE('',#5184,#5185);
#5184 = CARTESIAN_POINT('',(-3.599E+03,-3.082E+03,5.876E+03));
#5185 = VECTOR('',#5186,1.);
#5186 = DIRECTION('',(0.,1.,0.));
#5187 = ORIENTED_EDGE('',*,*,#5188,.T.);
#5188 = EDGE_CURVE('',#5181,#5189,#5191,.T.);
#5189 = VERTEX_POINT('',#5190);
#5190 = CARTESIAN_POINT('',(-3.599E+03,-2.832E+03,5.896E+03));
#5191 = LINE('',#5192,#5193);
#5192 = CARTESIAN_POINT('',(-3.599E+03,-2.832E+03,5.876E+03));
#5193 = VECTOR('',#5194,1.);
#5194 = DIRECTION('',(0.,0.,1.));
#5195 = ORIENTED_EDGE('',*,*,#5196,.F.);
#5196 = EDGE_CURVE('',#5173,#5189,#5197,.T.);
#5197 = LINE('',#5198,#5199);
#5198 = CARTESIAN_POINT('',(-3.599E+03,-3.082E+03,5.896E+03));
#5199 = VECTOR('',#5200,1.);
#5200 = DIRECTION('',(0.,1.,0.));
#5201 = PLANE('',#5202);
#5202 = AXIS2_PLACEMENT_3D('',#5203,#5204,#5205);
#5203 = CARTESIAN_POINT('',(-3.599E+03,-3.082E+03,5.876E+03));
#5204 = DIRECTION('',(1.,0.,0.));
#5205 = DIRECTION('',(0.,0.,1.));
#5206 = ADVANCED_FACE('',(#5207),#5223,.F.);
#5207 = FACE_BOUND('',#5208,.F.);
#5208 = EDGE_LOOP('',(#5209,#5215,#5216,#5222));
#5209 = ORIENTED_EDGE('',*,*,#5210,.F.);
#5210 = EDGE_CURVE('',#5131,#5171,#5211,.T.);
#5211 = LINE('',#5212,#5213);
#5212 = CARTESIAN_POINT('',(-3.849E+03,-3.082E+03,5.876E+03));
#5213 = VECTOR('',#5214,1.);
#5214 = DIRECTION('',(1.,0.,0.));
#5215 = ORIENTED_EDGE('',*,*,#5130,.T.);
#5216 = ORIENTED_EDGE('',*,*,#5217,.T.);
#5217 = EDGE_CURVE('',#5133,#5173,#5218,.T.);
#5218 = LINE('',#5219,#5220);
#5219 = CARTESIAN_POINT('',(-3.849E+03,-3.082E+03,5.896E+03));
#5220 = VECTOR('',#5221,1.);
#5221 = DIRECTION('',(1.,0.,0.));
#5222 = ORIENTED_EDGE('',*,*,#5170,.F.);
#5223 = PLANE('',#5224);
#5224 = AXIS2_PLACEMENT_3D('',#5225,#5226,#5227);
#5225 = CARTESIAN_POINT('',(-3.849E+03,-3.082E+03,5.876E+03));
#5226 = DIRECTION('',(0.,1.,0.));
#5227 = DIRECTION('',(0.,0.,1.));
#5228 = ADVANCED_FACE('',(#5229),#5245,.T.);
#5229 = FACE_BOUND('',#5230,.T.);
#5230 = EDGE_LOOP('',(#5231,#5237,#5238,#5244));
#5231 = ORIENTED_EDGE('',*,*,#5232,.F.);
#5232 = EDGE_CURVE('',#5141,#5181,#5233,.T.);
#5233 = LINE('',#5234,#5235);
#5234 = CARTESIAN_POINT('',(-3.849E+03,-2.832E+03,5.876E+03));
#5235 = VECTOR('',#5236,1.);
#5236 = DIRECTION('',(1.,0.,0.));
#5237 = ORIENTED_EDGE('',*,*,#5148,.T.);
#5238 = ORIENTED_EDGE('',*,*,#5239,.T.);
#5239 = EDGE_CURVE('',#5149,#5189,#5240,.T.);
#5240 = LINE('',#5241,#5242);
#5241 = CARTESIAN_POINT('',(-3.849E+03,-2.832E+03,5.896E+03));
#5242 = VECTOR('',#5243,1.);
#5243 = DIRECTION('',(1.,0.,0.));
#5244 = ORIENTED_EDGE('',*,*,#5188,.F.);
#5245 = PLANE('',#5246);
#5246 = AXIS2_PLACEMENT_3D('',#5247,#5248,#5249);
#5247 = CARTESIAN_POINT('',(-3.849E+03,-2.832E+03,5.876E+03));
#5248 = DIRECTION('',(0.,1.,0.));
#5249 = DIRECTION('',(0.,0.,1.));
#5250 = ADVANCED_FACE('',(#5251),#5257,.F.);
#5251 = FACE_BOUND('',#5252,.F.);
#5252 = EDGE_LOOP('',(#5253,#5254,#5255,#5256));
#5253 = ORIENTED_EDGE('',*,*,#5140,.F.);
#5254 = ORIENTED_EDGE('',*,*,#5210,.T.);
#5255 = ORIENTED_EDGE('',*,*,#5180,.T.);
#5256 = ORIENTED_EDGE('',*,*,#5232,.F.);
#5257 = PLANE('',#5258);
#5258 = AXIS2_PLACEMENT_3D('',#5259,#5260,#5261);
#5259 = CARTESIAN_POINT('',(-3.849E+03,-3.082E+03,5.876E+03));
#5260 = DIRECTION('',(0.,0.,1.));
#5261 = DIRECTION('',(1.,0.,0.));
#5262 = ADVANCED_FACE('',(#5263),#5269,.T.);
#5263 = FACE_BOUND('',#5264,.T.);
#5264 = EDGE_LOOP('',(#5265,#5266,#5267,#5268));
#5265 = ORIENTED_EDGE('',*,*,#5156,.F.);
#5266 = ORIENTED_EDGE('',*,*,#5217,.T.);
#5267 = ORIENTED_EDGE('',*,*,#5196,.T.);
#5268 = ORIENTED_EDGE('',*,*,#5239,.F.);
#5269 = PLANE('',#5270);
#5270 = AXIS2_PLACEMENT_3D('',#5271,#5272,#5273);
#5271 = CARTESIAN_POINT('',(-3.849E+03,-3.082E+03,5.896E+03));
#5272 = DIRECTION('',(0.,0.,1.));
#5273 = DIRECTION('',(1.,0.,0.));
#5274 = MANIFOLD_SOLID_BREP('',#5275);
#5275 = CLOSED_SHELL('',(#5276,#5309,#5318));
#5276 = ADVANCED_FACE('',(#5277),#5304,.T.);
#5277 = FACE_BOUND('',#5278,.T.);
#5278 = EDGE_LOOP('',(#5279,#5288,#5296,#5303));
#5279 = ORIENTED_EDGE('',*,*,#5280,.F.);
#5280 = EDGE_CURVE('',#5281,#5281,#5283,.T.);
#5281 = VERTEX_POINT('',#5282);
#5282 = CARTESIAN_POINT('',(-6.109E+03,5.079E+03,3.796E+03));
#5283 = CIRCLE('',#5284,60.);
#5284 = AXIS2_PLACEMENT_3D('',#5285,#5286,#5287);
#5285 = CARTESIAN_POINT('',(-6.169E+03,5.079E+03,3.796E+03));
#5286 = DIRECTION('',(0.,0.,1.));
#5287 = DIRECTION('',(1.,0.,0.));
#5288 = ORIENTED_EDGE('',*,*,#5289,.F.);
#5289 = EDGE_CURVE('',#5290,#5281,#5292,.T.);
#5290 = VERTEX_POINT('',#5291);
#5291 = CARTESIAN_POINT('',(-6.109E+03,5.079E+03,3.776E+03));
#5292 = LINE('',#5293,#5294);
#5293 = CARTESIAN_POINT('',(-6.109E+03,5.079E+03,3.776E+03));
#5294 = VECTOR('',#5295,1.);
#5295 = DIRECTION('',(0.,0.,1.));
#5296 = ORIENTED_EDGE('',*,*,#5297,.T.);
#5297 = EDGE_CURVE('',#5290,#5290,#5298,.T.);
#5298 = CIRCLE('',#5299,60.);
#5299 = AXIS2_PLACEMENT_3D('',#5300,#5301,#5302);
#5300 = CARTESIAN_POINT('',(-6.169E+03,5.079E+03,3.776E+03));
#5301 = DIRECTION('',(0.,0.,1.));
#5302 = DIRECTION('',(1.,0.,0.));
#5303 = ORIENTED_EDGE('',*,*,#5289,.T.);
#5304 = CYLINDRICAL_SURFACE('',#5305,60.);
#5305 = AXIS2_PLACEMENT_3D('',#5306,#5307,#5308);
#5306 = CARTESIAN_POINT('',(-6.169E+03,5.079E+03,3.776E+03));
#5307 = DIRECTION('',(0.,0.,1.));
#5308 = DIRECTION('',(1.,0.,0.));
#5309 = ADVANCED_FACE('',(#5310),#5313,.T.);
#5310 = FACE_BOUND('',#5311,.T.);
#5311 = EDGE_LOOP('',(#5312));
#5312 = ORIENTED_EDGE('',*,*,#5280,.T.);
#5313 = PLANE('',#5314);
#5314 = AXIS2_PLACEMENT_3D('',#5315,#5316,#5317);
#5315 = CARTESIAN_POINT('',(-6.169E+03,5.079E+03,3.796E+03));
#5316 = DIRECTION('',(0.,0.,1.));
#5317 = DIRECTION('',(1.,0.,0.));
#5318 = ADVANCED_FACE('',(#5319),#5322,.F.);
#5319 = FACE_BOUND('',#5320,.T.);
#5320 = EDGE_LOOP('',(#5321));
#5321 = ORIENTED_EDGE('',*,*,#5297,.F.);
#5322 = PLANE('',#5323);
#5323 = AXIS2_PLACEMENT_3D('',#5324,#5325,#5326);
#5324 = CARTESIAN_POINT('',(-6.169E+03,5.079E+03,3.776E+03));
#5325 = DIRECTION('',(0.,0.,1.));
#5326 = DIRECTION('',(1.,0.,0.));
#5327 = MANIFOLD_SOLID_BREP('',#5328);
#5328 = CLOSED_SHELL('',(#5329,#5362,#5371));
#5329 = ADVANCED_FACE('',(#5330),#5357,.T.);
#5330 = FACE_BOUND('',#5331,.T.);
#5331 = EDGE_LOOP('',(#5332,#5341,#5349,#5356));
#5332 = ORIENTED_EDGE('',*,*,#5333,.F.);
#5333 = EDGE_CURVE('',#5334,#5334,#5336,.T.);
#5334 = VERTEX_POINT('',#5335);
#5335 = CARTESIAN_POINT('',(-4.439E+03,5.079E+03,3.796E+03));
#5336 = CIRCLE('',#5337,60.);
#5337 = AXIS2_PLACEMENT_3D('',#5338,#5339,#5340);
#5338 = CARTESIAN_POINT('',(-4.499E+03,5.079E+03,3.796E+03));
#5339 = DIRECTION('',(0.,0.,1.));
#5340 = DIRECTION('',(1.,0.,0.));
#5341 = ORIENTED_EDGE('',*,*,#5342,.F.);
#5342 = EDGE_CURVE('',#5343,#5334,#5345,.T.);
#5343 = VERTEX_POINT('',#5344);
#5344 = CARTESIAN_POINT('',(-4.439E+03,5.079E+03,3.776E+03));
#5345 = LINE('',#5346,#5347);
#5346 = CARTESIAN_POINT('',(-4.439E+03,5.079E+03,3.776E+03));
#5347 = VECTOR('',#5348,1.);
#5348 = DIRECTION('',(0.,0.,1.));
#5349 = ORIENTED_EDGE('',*,*,#5350,.T.);
#5350 = EDGE_CURVE('',#5343,#5343,#5351,.T.);
#5351 = CIRCLE('',#5352,60.);
#5352 = AXIS2_PLACEMENT_3D('',#5353,#5354,#5355);
#5353 = CARTESIAN_POINT('',(-4.499E+03,5.079E+03,3.776E+03));
#5354 = DIRECTION('',(0.,0.,1.));
#5355 = DIRECTION('',(1.,0.,0.));
#5356 = ORIENTED_EDGE('',*,*,#5342,.T.);
#5357 = CYLINDRICAL_SURFACE('',#5358,60.);
#5358 = AXIS2_PLACEMENT_3D('',#5359,#5360,#5361);
#5359 = CARTESIAN_POINT('',(-4.499E+03,5.079E+03,3.776E+03));
#5360 = DIRECTION('',(0.,0.,1.));
#5361 = DIRECTION('',(1.,0.,0.));
#5362 = ADVANCED_FACE('',(#5363),#5366,.T.);
#5363 = FACE_BOUND('',#5364,.T.);
#5364 = EDGE_LOOP('',(#5365));
#5365 = ORIENTED_EDGE('',*,*,#5333,.T.);
#5366 = PLANE('',#5367);
#5367 = AXIS2_PLACEMENT_3D('',#5368,#5369,#5370);
#5368 = CARTESIAN_POINT('',(-4.499E+03,5.079E+03,3.796E+03));
#5369 = DIRECTION('',(0.,0.,1.));
#5370 = DIRECTION('',(1.,0.,0.));
#5371 = ADVANCED_FACE('',(#5372),#5375,.F.);
#5372 = FACE_BOUND('',#5373,.T.);
#5373 = EDGE_LOOP('',(#5374));
#5374 = ORIENTED_EDGE('',*,*,#5350,.F.);
#5375 = PLANE('',#5376);
#5376 = AXIS2_PLACEMENT_3D('',#5377,#5378,#5379);
#5377 = CARTESIAN_POINT('',(-4.499E+03,5.079E+03,3.776E+03));
#5378 = DIRECTION('',(0.,0.,1.));
#5379 = DIRECTION('',(1.,0.,0.));
#5380 = MANIFOLD_SOLID_BREP('',#5381);
#5381 = CLOSED_SHELL('',(#5382,#5415,#5424));
#5382 = ADVANCED_FACE('',(#5383),#5410,.T.);
#5383 = FACE_BOUND('',#5384,.T.);
#5384 = EDGE_LOOP('',(#5385,#5394,#5402,#5409));
#5385 = ORIENTED_EDGE('',*,*,#5386,.F.);
#5386 = EDGE_CURVE('',#5387,#5387,#5389,.T.);
#5387 = VERTEX_POINT('',#5388);
#5388 = CARTESIAN_POINT('',(-5.985E+03,2.067E+03,3.796E+03));
#5389 = CIRCLE('',#5390,60.);
#5390 = AXIS2_PLACEMENT_3D('',#5391,#5392,#5393);
#5391 = CARTESIAN_POINT('',(-6.045E+03,2.067E+03,3.796E+03));
#5392 = DIRECTION('',(0.,0.,1.));
#5393 = DIRECTION('',(1.,0.,0.));
#5394 = ORIENTED_EDGE('',*,*,#5395,.F.);
#5395 = EDGE_CURVE('',#5396,#5387,#5398,.T.);
#5396 = VERTEX_POINT('',#5397);
#5397 = CARTESIAN_POINT('',(-5.985E+03,2.067E+03,3.776E+03));
#5398 = LINE('',#5399,#5400);
#5399 = CARTESIAN_POINT('',(-5.985E+03,2.067E+03,3.776E+03));
#5400 = VECTOR('',#5401,1.);
#5401 = DIRECTION('',(0.,0.,1.));
#5402 = ORIENTED_EDGE('',*,*,#5403,.T.);
#5403 = EDGE_CURVE('',#5396,#5396,#5404,.T.);
#5404 = CIRCLE('',#5405,60.);
#5405 = AXIS2_PLACEMENT_3D('',#5406,#5407,#5408);
#5406 = CARTESIAN_POINT('',(-6.045E+03,2.067E+03,3.776E+03));
#5407 = DIRECTION('',(0.,0.,1.));
#5408 = DIRECTION('',(1.,0.,0.));
#5409 = ORIENTED_EDGE('',*,*,#5395,.T.);
#5410 = CYLINDRICAL_SURFACE('',#5411,60.);
#5411 = AXIS2_PLACEMENT_3D('',#5412,#5413,#5414);
#5412 = CARTESIAN_POINT('',(-6.045E+03,2.067E+03,3.776E+03));
#5413 = DIRECTION('',(0.,0.,1.));
#5414 = DIRECTION('',(1.,0.,0.));
#5415 = ADVANCED_FACE('',(#5416),#5419,.T.);
#5416 = FACE_BOUND('',#5417,.T.);
#5417 = EDGE_LOOP('',(#5418));
#5418 = ORIENTED_EDGE('',*,*,#5386,.T.);
#5419 = PLANE('',#5420);
#5420 = AXIS2_PLACEMENT_3D('',#5421,#5422,#5423);
#5421 = CARTESIAN_POINT('',(-6.045E+03,2.067E+03,3.796E+03));
#5422 = DIRECTION('',(0.,0.,1.));
#5423 = DIRECTION('',(1.,0.,0.));
#5424 = ADVANCED_FACE('',(#5425),#5428,.F.);
#5425 = FACE_BOUND('',#5426,.T.);
#5426 = EDGE_LOOP('',(#5427));
#5427 = ORIENTED_EDGE('',*,*,#5403,.F.);
#5428 = PLANE('',#5429);
#5429 = AXIS2_PLACEMENT_3D('',#5430,#5431,#5432);
#5430 = CARTESIAN_POINT('',(-6.045E+03,2.067E+03,3.776E+03));
#5431 = DIRECTION('',(0.,0.,1.));
#5432 = DIRECTION('',(1.,0.,0.));
#5433 = MANIFOLD_SOLID_BREP('',#5434);
#5434 = CLOSED_SHELL('',(#5435,#5468,#5477));
#5435 = ADVANCED_FACE('',(#5436),#5463,.T.);
#5436 = FACE_BOUND('',#5437,.T.);
#5437 = EDGE_LOOP('',(#5438,#5447,#5455,#5462));
#5438 = ORIENTED_EDGE('',*,*,#5439,.F.);
#5439 = EDGE_CURVE('',#5440,#5440,#5442,.T.);
#5440 = VERTEX_POINT('',#5441);
#5441 = CARTESIAN_POINT('',(-3.641E+03,294.,3.796E+03));
#5442 = CIRCLE('',#5443,60.);
#5443 = AXIS2_PLACEMENT_3D('',#5444,#5445,#5446);
#5444 = CARTESIAN_POINT('',(-3.701E+03,294.,3.796E+03));
#5445 = DIRECTION('',(0.,0.,1.));
#5446 = DIRECTION('',(1.,0.,0.));
#5447 = ORIENTED_EDGE('',*,*,#5448,.F.);
#5448 = EDGE_CURVE('',#5449,#5440,#5451,.T.);
#5449 = VERTEX_POINT('',#5450);
#5450 = CARTESIAN_POINT('',(-3.641E+03,294.,3.776E+03));
#5451 = LINE('',#5452,#5453);
#5452 = CARTESIAN_POINT('',(-3.641E+03,294.,3.776E+03));
#5453 = VECTOR('',#5454,1.);
#5454 = DIRECTION('',(0.,0.,1.));
#5455 = ORIENTED_EDGE('',*,*,#5456,.T.);
#5456 = EDGE_CURVE('',#5449,#5449,#5457,.T.);
#5457 = CIRCLE('',#5458,60.);
#5458 = AXIS2_PLACEMENT_3D('',#5459,#5460,#5461);
#5459 = CARTESIAN_POINT('',(-3.701E+03,294.,3.776E+03));
#5460 = DIRECTION('',(0.,0.,1.));
#5461 = DIRECTION('',(1.,0.,0.));
#5462 = ORIENTED_EDGE('',*,*,#5448,.T.);
#5463 = CYLINDRICAL_SURFACE('',#5464,60.);
#5464 = AXIS2_PLACEMENT_3D('',#5465,#5466,#5467);
#5465 = CARTESIAN_POINT('',(-3.701E+03,294.,3.776E+03));
#5466 = DIRECTION('',(0.,0.,1.));
#5467 = DIRECTION('',(1.,0.,0.));
#5468 = ADVANCED_FACE('',(#5469),#5472,.T.);
#5469 = FACE_BOUND('',#5470,.T.);
#5470 = EDGE_LOOP('',(#5471));
#5471 = ORIENTED_EDGE('',*,*,#5439,.T.);
#5472 = PLANE('',#5473);
#5473 = AXIS2_PLACEMENT_3D('',#5474,#5475,#5476);
#5474 = CARTESIAN_POINT('',(-3.701E+03,294.,3.796E+03));
#5475 = DIRECTION('',(0.,0.,1.));
#5476 = DIRECTION('',(1.,0.,0.));
#5477 = ADVANCED_FACE('',(#5478),#5481,.F.);
#5478 = FACE_BOUND('',#5479,.T.);
#5479 = EDGE_LOOP('',(#5480));
#5480 = ORIENTED_EDGE('',*,*,#5456,.F.);
#5481 = PLANE('',#5482);
#5482 = AXIS2_PLACEMENT_3D('',#5483,#5484,#5485);
#5483 = CARTESIAN_POINT('',(-3.701E+03,294.,3.776E+03));
#5484 = DIRECTION('',(0.,0.,1.));
#5485 = DIRECTION('',(1.,0.,0.));
#5486 = MANIFOLD_SOLID_BREP('',#5487);
#5487 = CLOSED_SHELL('',(#5488,#5521,#5530));
#5488 = ADVANCED_FACE('',(#5489),#5516,.T.);
#5489 = FACE_BOUND('',#5490,.T.);
#5490 = EDGE_LOOP('',(#5491,#5500,#5508,#5515));
#5491 = ORIENTED_EDGE('',*,*,#5492,.F.);
#5492 = EDGE_CURVE('',#5493,#5493,#5495,.T.);
#5493 = VERTEX_POINT('',#5494);
#5494 = CARTESIAN_POINT('',(-1.701E+03,2.14E+03,3.796E+03));
#5495 = CIRCLE('',#5496,60.);
#5496 = AXIS2_PLACEMENT_3D('',#5497,#5498,#5499);
#5497 = CARTESIAN_POINT('',(-1.761E+03,2.14E+03,3.796E+03));
#5498 = DIRECTION('',(0.,0.,1.));
#5499 = DIRECTION('',(1.,0.,0.));
#5500 = ORIENTED_EDGE('',*,*,#5501,.F.);
#5501 = EDGE_CURVE('',#5502,#5493,#5504,.T.);
#5502 = VERTEX_POINT('',#5503);
#5503 = CARTESIAN_POINT('',(-1.701E+03,2.14E+03,3.776E+03));
#5504 = LINE('',#5505,#5506);
#5505 = CARTESIAN_POINT('',(-1.701E+03,2.14E+03,3.776E+03));
#5506 = VECTOR('',#5507,1.);
#5507 = DIRECTION('',(0.,0.,1.));
#5508 = ORIENTED_EDGE('',*,*,#5509,.T.);
#5509 = EDGE_CURVE('',#5502,#5502,#5510,.T.);
#5510 = CIRCLE('',#5511,60.);
#5511 = AXIS2_PLACEMENT_3D('',#5512,#5513,#5514);
#5512 = CARTESIAN_POINT('',(-1.761E+03,2.14E+03,3.776E+03));
#5513 = DIRECTION('',(0.,0.,1.));
#5514 = DIRECTION('',(1.,0.,0.));
#5515 = ORIENTED_EDGE('',*,*,#5501,.T.);
#5516 = CYLINDRICAL_SURFACE('',#5517,60.);
#5517 = AXIS2_PLACEMENT_3D('',#5518,#5519,#5520);
#5518 = CARTESIAN_POINT('',(-1.761E+03,2.14E+03,3.776E+03));
#5519 = DIRECTION('',(0.,0.,1.));
#5520 = DIRECTION('',(1.,0.,0.));
#5521 = ADVANCED_FACE('',(#5522),#5525,.T.);
#5522 = FACE_BOUND('',#5523,.T.);
#5523 = EDGE_LOOP('',(#5524));
#5524 = ORIENTED_EDGE('',*,*,#5492,.T.);
#5525 = PLANE('',#5526);
#5526 = AXIS2_PLACEMENT_3D('',#5527,#5528,#5529);
#5527 = CARTESIAN_POINT('',(-1.761E+03,2.14E+03,3.796E+03));
#5528 = DIRECTION('',(0.,0.,1.));
#5529 = DIRECTION('',(1.,0.,0.));
#5530 = ADVANCED_FACE('',(#5531),#5534,.F.);
#5531 = FACE_BOUND('',#5532,.T.);
#5532 = EDGE_LOOP('',(#5533));
#5533 = ORIENTED_EDGE('',*,*,#5509,.F.);
#5534 = PLANE('',#5535);
#5535 = AXIS2_PLACEMENT_3D('',#5536,#5537,#5538);
#5536 = CARTESIAN_POINT('',(-1.761E+03,2.14E+03,3.776E+03));
#5537 = DIRECTION('',(0.,0.,1.));
#5538 = DIRECTION('',(1.,0.,0.));
#5539 = MANIFOLD_SOLID_BREP('',#5540);
#5540 = CLOSED_SHELL('',(#5541,#5574,#5583));
#5541 = ADVANCED_FACE('',(#5542),#5569,.T.);
#5542 = FACE_BOUND('',#5543,.T.);
#5543 = EDGE_LOOP('',(#5544,#5553,#5561,#5568));
#5544 = ORIENTED_EDGE('',*,*,#5545,.F.);
#5545 = EDGE_CURVE('',#5546,#5546,#5548,.T.);
#5546 = VERTEX_POINT('',#5547);
#5547 = CARTESIAN_POINT('',(-2.E+03,2.121E+03,3.796E+03));
#5548 = CIRCLE('',#5549,60.);
#5549 = AXIS2_PLACEMENT_3D('',#5550,#5551,#5552);
#5550 = CARTESIAN_POINT('',(-2.06E+03,2.121E+03,3.796E+03));
#5551 = DIRECTION('',(0.,0.,1.));
#5552 = DIRECTION('',(1.,0.,0.));
#5553 = ORIENTED_EDGE('',*,*,#5554,.F.);
#5554 = EDGE_CURVE('',#5555,#5546,#5557,.T.);
#5555 = VERTEX_POINT('',#5556);
#5556 = CARTESIAN_POINT('',(-2.E+03,2.121E+03,3.776E+03));
#5557 = LINE('',#5558,#5559);
#5558 = CARTESIAN_POINT('',(-2.E+03,2.121E+03,3.776E+03));
#5559 = VECTOR('',#5560,1.);
#5560 = DIRECTION('',(0.,0.,1.));
#5561 = ORIENTED_EDGE('',*,*,#5562,.T.);
#5562 = EDGE_CURVE('',#5555,#5555,#5563,.T.);
#5563 = CIRCLE('',#5564,60.);
#5564 = AXIS2_PLACEMENT_3D('',#5565,#5566,#5567);
#5565 = CARTESIAN_POINT('',(-2.06E+03,2.121E+03,3.776E+03));
#5566 = DIRECTION('',(0.,0.,1.));
#5567 = DIRECTION('',(1.,0.,0.));
#5568 = ORIENTED_EDGE('',*,*,#5554,.T.);
#5569 = CYLINDRICAL_SURFACE('',#5570,60.);
#5570 = AXIS2_PLACEMENT_3D('',#5571,#5572,#5573);
#5571 = CARTESIAN_POINT('',(-2.06E+03,2.121E+03,3.776E+03));
#5572 = DIRECTION('',(0.,0.,1.));
#5573 = DIRECTION('',(1.,0.,0.));
#5574 = ADVANCED_FACE('',(#5575),#5578,.T.);
#5575 = FACE_BOUND('',#5576,.T.);
#5576 = EDGE_LOOP('',(#5577));
#5577 = ORIENTED_EDGE('',*,*,#5545,.T.);
#5578 = PLANE('',#5579);
#5579 = AXIS2_PLACEMENT_3D('',#5580,#5581,#5582);
#5580 = CARTESIAN_POINT('',(-2.06E+03,2.121E+03,3.796E+03));
#5581 = DIRECTION('',(0.,0.,1.));
#5582 = DIRECTION('',(1.,0.,0.));
#5583 = ADVANCED_FACE('',(#5584),#5587,.F.);
#5584 = FACE_BOUND('',#5585,.T.);
#5585 = EDGE_LOOP('',(#5586));
#5586 = ORIENTED_EDGE('',*,*,#5562,.F.);
#5587 = PLANE('',#5588);
#5588 = AXIS2_PLACEMENT_3D('',#5589,#5590,#5591);
#5589 = CARTESIAN_POINT('',(-2.06E+03,2.121E+03,3.776E+03));
#5590 = DIRECTION('',(0.,0.,1.));
#5591 = DIRECTION('',(1.,0.,0.));
#5592 = MANIFOLD_SOLID_BREP('',#5593);
#5593 = CLOSED_SHELL('',(#5594,#5634,#5674,#5696,#5718,#5730));
#5594 = ADVANCED_FACE('',(#5595),#5629,.F.);
#5595 = FACE_BOUND('',#5596,.F.);
#5596 = EDGE_LOOP('',(#5597,#5607,#5615,#5623));
#5597 = ORIENTED_EDGE('',*,*,#5598,.F.);
#5598 = EDGE_CURVE('',#5599,#5601,#5603,.T.);
#5599 = VERTEX_POINT('',#5600);
#5600 = CARTESIAN_POINT('',(-5.736E+03,5.33E+03,5.676E+03));
#5601 = VERTEX_POINT('',#5602);
#5602 = CARTESIAN_POINT('',(-5.736E+03,5.33E+03,5.976E+03));
#5603 = LINE('',#5604,#5605);
#5604 = CARTESIAN_POINT('',(-5.736E+03,5.33E+03,5.676E+03));
#5605 = VECTOR('',#5606,1.);
#5606 = DIRECTION('',(0.,0.,1.));
#5607 = ORIENTED_EDGE('',*,*,#5608,.T.);
#5608 = EDGE_CURVE('',#5599,#5609,#5611,.T.);
#5609 = VERTEX_POINT('',#5610);
#5610 = CARTESIAN_POINT('',(-5.736E+03,5.58E+03,5.676E+03));
#5611 = LINE('',#5612,#5613);
#5612 = CARTESIAN_POINT('',(-5.736E+03,5.33E+03,5.676E+03));
#5613 = VECTOR('',#5614,1.);
#5614 = DIRECTION('',(0.,1.,0.));
#5615 = ORIENTED_EDGE('',*,*,#5616,.T.);
#5616 = EDGE_CURVE('',#5609,#5617,#5619,.T.);
#5617 = VERTEX_POINT('',#5618);
#5618 = CARTESIAN_POINT('',(-5.736E+03,5.58E+03,5.976E+03));
#5619 = LINE('',#5620,#5621);
#5620 = CARTESIAN_POINT('',(-5.736E+03,5.58E+03,5.676E+03));
#5621 = VECTOR('',#5622,1.);
#5622 = DIRECTION('',(0.,0.,1.));
#5623 = ORIENTED_EDGE('',*,*,#5624,.F.);
#5624 = EDGE_CURVE('',#5601,#5617,#5625,.T.);
#5625 = LINE('',#5626,#5627);
#5626 = CARTESIAN_POINT('',(-5.736E+03,5.33E+03,5.976E+03));
#5627 = VECTOR('',#5628,1.);
#5628 = DIRECTION('',(0.,1.,0.));
#5629 = PLANE('',#5630);
#5630 = AXIS2_PLACEMENT_3D('',#5631,#5632,#5633);
#5631 = CARTESIAN_POINT('',(-5.736E+03,5.33E+03,5.676E+03));
#5632 = DIRECTION('',(1.,0.,0.));
#5633 = DIRECTION('',(0.,0.,1.));
#5634 = ADVANCED_FACE('',(#5635),#5669,.T.);
#5635 = FACE_BOUND('',#5636,.T.);
#5636 = EDGE_LOOP('',(#5637,#5647,#5655,#5663));
#5637 = ORIENTED_EDGE('',*,*,#5638,.F.);
#5638 = EDGE_CURVE('',#5639,#5641,#5643,.T.);
#5639 = VERTEX_POINT('',#5640);
#5640 = CARTESIAN_POINT('',(-4.836E+03,5.33E+03,5.676E+03));
#5641 = VERTEX_POINT('',#5642);
#5642 = CARTESIAN_POINT('',(-4.836E+03,5.33E+03,5.976E+03));
#5643 = LINE('',#5644,#5645);
#5644 = CARTESIAN_POINT('',(-4.836E+03,5.33E+03,5.676E+03));
#5645 = VECTOR('',#5646,1.);
#5646 = DIRECTION('',(0.,0.,1.));
#5647 = ORIENTED_EDGE('',*,*,#5648,.T.);
#5648 = EDGE_CURVE('',#5639,#5649,#5651,.T.);
#5649 = VERTEX_POINT('',#5650);
#5650 = CARTESIAN_POINT('',(-4.836E+03,5.58E+03,5.676E+03));
#5651 = LINE('',#5652,#5653);
#5652 = CARTESIAN_POINT('',(-4.836E+03,5.33E+03,5.676E+03));
#5653 = VECTOR('',#5654,1.);
#5654 = DIRECTION('',(0.,1.,0.));
#5655 = ORIENTED_EDGE('',*,*,#5656,.T.);
#5656 = EDGE_CURVE('',#5649,#5657,#5659,.T.);
#5657 = VERTEX_POINT('',#5658);
#5658 = CARTESIAN_POINT('',(-4.836E+03,5.58E+03,5.976E+03));
#5659 = LINE('',#5660,#5661);
#5660 = CARTESIAN_POINT('',(-4.836E+03,5.58E+03,5.676E+03));
#5661 = VECTOR('',#5662,1.);
#5662 = DIRECTION('',(0.,0.,1.));
#5663 = ORIENTED_EDGE('',*,*,#5664,.F.);
#5664 = EDGE_CURVE('',#5641,#5657,#5665,.T.);
#5665 = LINE('',#5666,#5667);
#5666 = CARTESIAN_POINT('',(-4.836E+03,5.33E+03,5.976E+03));
#5667 = VECTOR('',#5668,1.);
#5668 = DIRECTION('',(0.,1.,0.));
#5669 = PLANE('',#5670);
#5670 = AXIS2_PLACEMENT_3D('',#5671,#5672,#5673);
#5671 = CARTESIAN_POINT('',(-4.836E+03,5.33E+03,5.676E+03));
#5672 = DIRECTION('',(1.,0.,0.));
#5673 = DIRECTION('',(0.,0.,1.));
#5674 = ADVANCED_FACE('',(#5675),#5691,.F.);
#5675 = FACE_BOUND('',#5676,.F.);
#5676 = EDGE_LOOP('',(#5677,#5683,#5684,#5690));
#5677 = ORIENTED_EDGE('',*,*,#5678,.F.);
#5678 = EDGE_CURVE('',#5599,#5639,#5679,.T.);
#5679 = LINE('',#5680,#5681);
#5680 = CARTESIAN_POINT('',(-5.736E+03,5.33E+03,5.676E+03));
#5681 = VECTOR('',#5682,1.);
#5682 = DIRECTION('',(1.,0.,0.));
#5683 = ORIENTED_EDGE('',*,*,#5598,.T.);
#5684 = ORIENTED_EDGE('',*,*,#5685,.T.);
#5685 = EDGE_CURVE('',#5601,#5641,#5686,.T.);
#5686 = LINE('',#5687,#5688);
#5687 = CARTESIAN_POINT('',(-5.736E+03,5.33E+03,5.976E+03));
#5688 = VECTOR('',#5689,1.);
#5689 = DIRECTION('',(1.,0.,0.));
#5690 = ORIENTED_EDGE('',*,*,#5638,.F.);
#5691 = PLANE('',#5692);
#5692 = AXIS2_PLACEMENT_3D('',#5693,#5694,#5695);
#5693 = CARTESIAN_POINT('',(-5.736E+03,5.33E+03,5.676E+03));
#5694 = DIRECTION('',(0.,1.,0.));
#5695 = DIRECTION('',(0.,0.,1.));
#5696 = ADVANCED_FACE('',(#5697),#5713,.T.);
#5697 = FACE_BOUND('',#5698,.T.);
#5698 = EDGE_LOOP('',(#5699,#5705,#5706,#5712));
#5699 = ORIENTED_EDGE('',*,*,#5700,.F.);
#5700 = EDGE_CURVE('',#5609,#5649,#5701,.T.);
#5701 = LINE('',#5702,#5703);
#5702 = CARTESIAN_POINT('',(-5.736E+03,5.58E+03,5.676E+03));
#5703 = VECTOR('',#5704,1.);
#5704 = DIRECTION('',(1.,0.,0.));
#5705 = ORIENTED_EDGE('',*,*,#5616,.T.);
#5706 = ORIENTED_EDGE('',*,*,#5707,.T.);
#5707 = EDGE_CURVE('',#5617,#5657,#5708,.T.);
#5708 = LINE('',#5709,#5710);
#5709 = CARTESIAN_POINT('',(-5.736E+03,5.58E+03,5.976E+03));
#5710 = VECTOR('',#5711,1.);
#5711 = DIRECTION('',(1.,0.,0.));
#5712 = ORIENTED_EDGE('',*,*,#5656,.F.);
#5713 = PLANE('',#5714);
#5714 = AXIS2_PLACEMENT_3D('',#5715,#5716,#5717);
#5715 = CARTESIAN_POINT('',(-5.736E+03,5.58E+03,5.676E+03));
#5716 = DIRECTION('',(0.,1.,0.));
#5717 = DIRECTION('',(0.,0.,1.));
#5718 = ADVANCED_FACE('',(#5719),#5725,.F.);
#5719 = FACE_BOUND('',#5720,.F.);
#5720 = EDGE_LOOP('',(#5721,#5722,#5723,#5724));
#5721 = ORIENTED_EDGE('',*,*,#5608,.F.);
#5722 = ORIENTED_EDGE('',*,*,#5678,.T.);
#5723 = ORIENTED_EDGE('',*,*,#5648,.T.);
#5724 = ORIENTED_EDGE('',*,*,#5700,.F.);
#5725 = PLANE('',#5726);
#5726 = AXIS2_PLACEMENT_3D('',#5727,#5728,#5729);
#5727 = CARTESIAN_POINT('',(-5.736E+03,5.33E+03,5.676E+03));
#5728 = DIRECTION('',(0.,0.,1.));
#5729 = DIRECTION('',(1.,0.,0.));
#5730 = ADVANCED_FACE('',(#5731),#5737,.T.);
#5731 = FACE_BOUND('',#5732,.T.);
#5732 = EDGE_LOOP('',(#5733,#5734,#5735,#5736));
#5733 = ORIENTED_EDGE('',*,*,#5624,.F.);
#5734 = ORIENTED_EDGE('',*,*,#5685,.T.);
#5735 = ORIENTED_EDGE('',*,*,#5664,.T.);
#5736 = ORIENTED_EDGE('',*,*,#5707,.F.);
#5737 = PLANE('',#5738);
#5738 = AXIS2_PLACEMENT_3D('',#5739,#5740,#5741);
#5739 = CARTESIAN_POINT('',(-5.736E+03,5.33E+03,5.976E+03));
#5740 = DIRECTION('',(0.,0.,1.));
#5741 = DIRECTION('',(1.,0.,0.));
#5742 = MANIFOLD_SOLID_BREP('',#5743);
#5743 = CLOSED_SHELL('',(#5744,#5784,#5824,#5846,#5868,#5880));
#5744 = ADVANCED_FACE('',(#5745),#5779,.F.);
#5745 = FACE_BOUND('',#5746,.F.);
#5746 = EDGE_LOOP('',(#5747,#5757,#5765,#5773));
#5747 = ORIENTED_EDGE('',*,*,#5748,.F.);
#5748 = EDGE_CURVE('',#5749,#5751,#5753,.T.);
#5749 = VERTEX_POINT('',#5750);
#5750 = CARTESIAN_POINT('',(-5.958E+03,5.95E+03,5.276E+03));
#5751 = VERTEX_POINT('',#5752);
#5752 = CARTESIAN_POINT('',(-5.958E+03,5.95E+03,5.826E+03));
#5753 = LINE('',#5754,#5755);
#5754 = CARTESIAN_POINT('',(-5.958E+03,5.95E+03,5.276E+03));
#5755 = VECTOR('',#5756,1.);
#5756 = DIRECTION('',(0.,0.,1.));
#5757 = ORIENTED_EDGE('',*,*,#5758,.T.);
#5758 = EDGE_CURVE('',#5749,#5759,#5761,.T.);
#5759 = VERTEX_POINT('',#5760);
#5760 = CARTESIAN_POINT('',(-5.958E+03,6.25E+03,5.276E+03));
#5761 = LINE('',#5762,#5763);
#5762 = CARTESIAN_POINT('',(-5.958E+03,5.95E+03,5.276E+03));
#5763 = VECTOR('',#5764,1.);
#5764 = DIRECTION('',(0.,1.,0.));
#5765 = ORIENTED_EDGE('',*,*,#5766,.T.);
#5766 = EDGE_CURVE('',#5759,#5767,#5769,.T.);
#5767 = VERTEX_POINT('',#5768);
#5768 = CARTESIAN_POINT('',(-5.958E+03,6.25E+03,5.826E+03));
#5769 = LINE('',#5770,#5771);
#5770 = CARTESIAN_POINT('',(-5.958E+03,6.25E+03,5.276E+03));
#5771 = VECTOR('',#5772,1.);
#5772 = DIRECTION('',(0.,0.,1.));
#5773 = ORIENTED_EDGE('',*,*,#5774,.F.);
#5774 = EDGE_CURVE('',#5751,#5767,#5775,.T.);
#5775 = LINE('',#5776,#5777);
#5776 = CARTESIAN_POINT('',(-5.958E+03,5.95E+03,5.826E+03));
#5777 = VECTOR('',#5778,1.);
#5778 = DIRECTION('',(0.,1.,0.));
#5779 = PLANE('',#5780);
#5780 = AXIS2_PLACEMENT_3D('',#5781,#5782,#5783);
#5781 = CARTESIAN_POINT('',(-5.958E+03,5.95E+03,5.276E+03));
#5782 = DIRECTION('',(1.,0.,0.));
#5783 = DIRECTION('',(0.,0.,1.));
#5784 = ADVANCED_FACE('',(#5785),#5819,.T.);
#5785 = FACE_BOUND('',#5786,.T.);
#5786 = EDGE_LOOP('',(#5787,#5797,#5805,#5813));
#5787 = ORIENTED_EDGE('',*,*,#5788,.F.);
#5788 = EDGE_CURVE('',#5789,#5791,#5793,.T.);
#5789 = VERTEX_POINT('',#5790);
#5790 = CARTESIAN_POINT('',(-5.158E+03,5.95E+03,5.276E+03));
#5791 = VERTEX_POINT('',#5792);
#5792 = CARTESIAN_POINT('',(-5.158E+03,5.95E+03,5.826E+03));
#5793 = LINE('',#5794,#5795);
#5794 = CARTESIAN_POINT('',(-5.158E+03,5.95E+03,5.276E+03));
#5795 = VECTOR('',#5796,1.);
#5796 = DIRECTION('',(0.,0.,1.));
#5797 = ORIENTED_EDGE('',*,*,#5798,.T.);
#5798 = EDGE_CURVE('',#5789,#5799,#5801,.T.);
#5799 = VERTEX_POINT('',#5800);
#5800 = CARTESIAN_POINT('',(-5.158E+03,6.25E+03,5.276E+03));
#5801 = LINE('',#5802,#5803);
#5802 = CARTESIAN_POINT('',(-5.158E+03,5.95E+03,5.276E+03));
#5803 = VECTOR('',#5804,1.);
#5804 = DIRECTION('',(0.,1.,0.));
#5805 = ORIENTED_EDGE('',*,*,#5806,.T.);
#5806 = EDGE_CURVE('',#5799,#5807,#5809,.T.);
#5807 = VERTEX_POINT('',#5808);
#5808 = CARTESIAN_POINT('',(-5.158E+03,6.25E+03,5.826E+03));
#5809 = LINE('',#5810,#5811);
#5810 = CARTESIAN_POINT('',(-5.158E+03,6.25E+03,5.276E+03));
#5811 = VECTOR('',#5812,1.);
#5812 = DIRECTION('',(0.,0.,1.));
#5813 = ORIENTED_EDGE('',*,*,#5814,.F.);
#5814 = EDGE_CURVE('',#5791,#5807,#5815,.T.);
#5815 = LINE('',#5816,#5817);
#5816 = CARTESIAN_POINT('',(-5.158E+03,5.95E+03,5.826E+03));
#5817 = VECTOR('',#5818,1.);
#5818 = DIRECTION('',(0.,1.,0.));
#5819 = PLANE('',#5820);
#5820 = AXIS2_PLACEMENT_3D('',#5821,#5822,#5823);
#5821 = CARTESIAN_POINT('',(-5.158E+03,5.95E+03,5.276E+03));
#5822 = DIRECTION('',(1.,0.,0.));
#5823 = DIRECTION('',(0.,0.,1.));
#5824 = ADVANCED_FACE('',(#5825),#5841,.F.);
#5825 = FACE_BOUND('',#5826,.F.);
#5826 = EDGE_LOOP('',(#5827,#5833,#5834,#5840));
#5827 = ORIENTED_EDGE('',*,*,#5828,.F.);
#5828 = EDGE_CURVE('',#5749,#5789,#5829,.T.);
#5829 = LINE('',#5830,#5831);
#5830 = CARTESIAN_POINT('',(-5.958E+03,5.95E+03,5.276E+03));
#5831 = VECTOR('',#5832,1.);
#5832 = DIRECTION('',(1.,0.,0.));
#5833 = ORIENTED_EDGE('',*,*,#5748,.T.);
#5834 = ORIENTED_EDGE('',*,*,#5835,.T.);
#5835 = EDGE_CURVE('',#5751,#5791,#5836,.T.);
#5836 = LINE('',#5837,#5838);
#5837 = CARTESIAN_POINT('',(-5.958E+03,5.95E+03,5.826E+03));
#5838 = VECTOR('',#5839,1.);
#5839 = DIRECTION('',(1.,0.,0.));
#5840 = ORIENTED_EDGE('',*,*,#5788,.F.);
#5841 = PLANE('',#5842);
#5842 = AXIS2_PLACEMENT_3D('',#5843,#5844,#5845);
#5843 = CARTESIAN_POINT('',(-5.958E+03,5.95E+03,5.276E+03));
#5844 = DIRECTION('',(0.,1.,0.));
#5845 = DIRECTION('',(0.,0.,1.));
#5846 = ADVANCED_FACE('',(#5847),#5863,.T.);
#5847 = FACE_BOUND('',#5848,.T.);
#5848 = EDGE_LOOP('',(#5849,#5855,#5856,#5862));
#5849 = ORIENTED_EDGE('',*,*,#5850,.F.);
#5850 = EDGE_CURVE('',#5759,#5799,#5851,.T.);
#5851 = LINE('',#5852,#5853);
#5852 = CARTESIAN_POINT('',(-5.958E+03,6.25E+03,5.276E+03));
#5853 = VECTOR('',#5854,1.);
#5854 = DIRECTION('',(1.,0.,0.));
#5855 = ORIENTED_EDGE('',*,*,#5766,.T.);
#5856 = ORIENTED_EDGE('',*,*,#5857,.T.);
#5857 = EDGE_CURVE('',#5767,#5807,#5858,.T.);
#5858 = LINE('',#5859,#5860);
#5859 = CARTESIAN_POINT('',(-5.958E+03,6.25E+03,5.826E+03));
#5860 = VECTOR('',#5861,1.);
#5861 = DIRECTION('',(1.,0.,0.));
#5862 = ORIENTED_EDGE('',*,*,#5806,.F.);
#5863 = PLANE('',#5864);
#5864 = AXIS2_PLACEMENT_3D('',#5865,#5866,#5867);
#5865 = CARTESIAN_POINT('',(-5.958E+03,6.25E+03,5.276E+03));
#5866 = DIRECTION('',(0.,1.,0.));
#5867 = DIRECTION('',(0.,0.,1.));
#5868 = ADVANCED_FACE('',(#5869),#5875,.F.);
#5869 = FACE_BOUND('',#5870,.F.);
#5870 = EDGE_LOOP('',(#5871,#5872,#5873,#5874));
#5871 = ORIENTED_EDGE('',*,*,#5758,.F.);
#5872 = ORIENTED_EDGE('',*,*,#5828,.T.);
#5873 = ORIENTED_EDGE('',*,*,#5798,.T.);
#5874 = ORIENTED_EDGE('',*,*,#5850,.F.);
#5875 = PLANE('',#5876);
#5876 = AXIS2_PLACEMENT_3D('',#5877,#5878,#5879);
#5877 = CARTESIAN_POINT('',(-5.958E+03,5.95E+03,5.276E+03));
#5878 = DIRECTION('',(0.,0.,1.));
#5879 = DIRECTION('',(1.,0.,0.));
#5880 = ADVANCED_FACE('',(#5881),#5887,.T.);
#5881 = FACE_BOUND('',#5882,.T.);
#5882 = EDGE_LOOP('',(#5883,#5884,#5885,#5886));
#5883 = ORIENTED_EDGE('',*,*,#5774,.F.);
#5884 = ORIENTED_EDGE('',*,*,#5835,.T.);
#5885 = ORIENTED_EDGE('',*,*,#5814,.T.);
#5886 = ORIENTED_EDGE('',*,*,#5857,.F.);
#5887 = PLANE('',#5888);
#5888 = AXIS2_PLACEMENT_3D('',#5889,#5890,#5891);
#5889 = CARTESIAN_POINT('',(-5.958E+03,5.95E+03,5.826E+03));
#5890 = DIRECTION('',(0.,0.,1.));
#5891 = DIRECTION('',(1.,0.,0.));
#5892 = MANIFOLD_SOLID_BREP('',#5893);
#5893 = CLOSED_SHELL('',(#5894,#5934,#5974,#5996,#6018,#6030));
#5894 = ADVANCED_FACE('',(#5895),#5929,.F.);
#5895 = FACE_BOUND('',#5896,.F.);
#5896 = EDGE_LOOP('',(#5897,#5907,#5915,#5923));
#5897 = ORIENTED_EDGE('',*,*,#5898,.F.);
#5898 = EDGE_CURVE('',#5899,#5901,#5903,.T.);
#5899 = VERTEX_POINT('',#5900);
#5900 = CARTESIAN_POINT('',(-5.046E+03,5.395E+03,3.776E+03));
#5901 = VERTEX_POINT('',#5902);
#5902 = CARTESIAN_POINT('',(-5.046E+03,5.395E+03,3.796E+03));
#5903 = LINE('',#5904,#5905);
#5904 = CARTESIAN_POINT('',(-5.046E+03,5.395E+03,3.776E+03));
#5905 = VECTOR('',#5906,1.);
#5906 = DIRECTION('',(0.,0.,1.));
#5907 = ORIENTED_EDGE('',*,*,#5908,.T.);
#5908 = EDGE_CURVE('',#5899,#5909,#5911,.T.);
#5909 = VERTEX_POINT('',#5910);
#5910 = CARTESIAN_POINT('',(-5.046E+03,5.515E+03,3.776E+03));
#5911 = LINE('',#5912,#5913);
#5912 = CARTESIAN_POINT('',(-5.046E+03,5.395E+03,3.776E+03));
#5913 = VECTOR('',#5914,1.);
#5914 = DIRECTION('',(0.,1.,0.));
#5915 = ORIENTED_EDGE('',*,*,#5916,.T.);
#5916 = EDGE_CURVE('',#5909,#5917,#5919,.T.);
#5917 = VERTEX_POINT('',#5918);
#5918 = CARTESIAN_POINT('',(-5.046E+03,5.515E+03,3.796E+03));
#5919 = LINE('',#5920,#5921);
#5920 = CARTESIAN_POINT('',(-5.046E+03,5.515E+03,3.776E+03));
#5921 = VECTOR('',#5922,1.);
#5922 = DIRECTION('',(0.,0.,1.));
#5923 = ORIENTED_EDGE('',*,*,#5924,.F.);
#5924 = EDGE_CURVE('',#5901,#5917,#5925,.T.);
#5925 = LINE('',#5926,#5927);
#5926 = CARTESIAN_POINT('',(-5.046E+03,5.395E+03,3.796E+03));
#5927 = VECTOR('',#5928,1.);
#5928 = DIRECTION('',(0.,1.,0.));
#5929 = PLANE('',#5930);
#5930 = AXIS2_PLACEMENT_3D('',#5931,#5932,#5933);
#5931 = CARTESIAN_POINT('',(-5.046E+03,5.395E+03,3.776E+03));
#5932 = DIRECTION('',(1.,0.,0.));
#5933 = DIRECTION('',(0.,0.,1.));
#5934 = ADVANCED_FACE('',(#5935),#5969,.T.);
#5935 = FACE_BOUND('',#5936,.T.);
#5936 = EDGE_LOOP('',(#5937,#5947,#5955,#5963));
#5937 = ORIENTED_EDGE('',*,*,#5938,.F.);
#5938 = EDGE_CURVE('',#5939,#5941,#5943,.T.);
#5939 = VERTEX_POINT('',#5940);
#5940 = CARTESIAN_POINT('',(-4.926E+03,5.395E+03,3.776E+03));
#5941 = VERTEX_POINT('',#5942);
#5942 = CARTESIAN_POINT('',(-4.926E+03,5.395E+03,3.796E+03));
#5943 = LINE('',#5944,#5945);
#5944 = CARTESIAN_POINT('',(-4.926E+03,5.395E+03,3.776E+03));
#5945 = VECTOR('',#5946,1.);
#5946 = DIRECTION('',(0.,0.,1.));
#5947 = ORIENTED_EDGE('',*,*,#5948,.T.);
#5948 = EDGE_CURVE('',#5939,#5949,#5951,.T.);
#5949 = VERTEX_POINT('',#5950);
#5950 = CARTESIAN_POINT('',(-4.926E+03,5.515E+03,3.776E+03));
#5951 = LINE('',#5952,#5953);
#5952 = CARTESIAN_POINT('',(-4.926E+03,5.395E+03,3.776E+03));
#5953 = VECTOR('',#5954,1.);
#5954 = DIRECTION('',(0.,1.,0.));
#5955 = ORIENTED_EDGE('',*,*,#5956,.T.);
#5956 = EDGE_CURVE('',#5949,#5957,#5959,.T.);
#5957 = VERTEX_POINT('',#5958);
#5958 = CARTESIAN_POINT('',(-4.926E+03,5.515E+03,3.796E+03));
#5959 = LINE('',#5960,#5961);
#5960 = CARTESIAN_POINT('',(-4.926E+03,5.515E+03,3.776E+03));
#5961 = VECTOR('',#5962,1.);
#5962 = DIRECTION('',(0.,0.,1.));
#5963 = ORIENTED_EDGE('',*,*,#5964,.F.);
#5964 = EDGE_CURVE('',#5941,#5957,#5965,.T.);
#5965 = LINE('',#5966,#5967);
#5966 = CARTESIAN_POINT('',(-4.926E+03,5.395E+03,3.796E+03));
#5967 = VECTOR('',#5968,1.);
#5968 = DIRECTION('',(0.,1.,0.));
#5969 = PLANE('',#5970);
#5970 = AXIS2_PLACEMENT_3D('',#5971,#5972,#5973);
#5971 = CARTESIAN_POINT('',(-4.926E+03,5.395E+03,3.776E+03));
#5972 = DIRECTION('',(1.,0.,0.));
#5973 = DIRECTION('',(0.,0.,1.));
#5974 = ADVANCED_FACE('',(#5975),#5991,.F.);
#5975 = FACE_BOUND('',#5976,.F.);
#5976 = EDGE_LOOP('',(#5977,#5983,#5984,#5990));
#5977 = ORIENTED_EDGE('',*,*,#5978,.F.);
#5978 = EDGE_CURVE('',#5899,#5939,#5979,.T.);
#5979 = LINE('',#5980,#5981);
#5980 = CARTESIAN_POINT('',(-5.046E+03,5.395E+03,3.776E+03));
#5981 = VECTOR('',#5982,1.);
#5982 = DIRECTION('',(1.,0.,0.));
#5983 = ORIENTED_EDGE('',*,*,#5898,.T.);
#5984 = ORIENTED_EDGE('',*,*,#5985,.T.);
#5985 = EDGE_CURVE('',#5901,#5941,#5986,.T.);
#5986 = LINE('',#5987,#5988);
#5987 = CARTESIAN_POINT('',(-5.046E+03,5.395E+03,3.796E+03));
#5988 = VECTOR('',#5989,1.);
#5989 = DIRECTION('',(1.,0.,0.));
#5990 = ORIENTED_EDGE('',*,*,#5938,.F.);
#5991 = PLANE('',#5992);
#5992 = AXIS2_PLACEMENT_3D('',#5993,#5994,#5995);
#5993 = CARTESIAN_POINT('',(-5.046E+03,5.395E+03,3.776E+03));
#5994 = DIRECTION('',(0.,1.,0.));
#5995 = DIRECTION('',(0.,0.,1.));
#5996 = ADVANCED_FACE('',(#5997),#6013,.T.);
#5997 = FACE_BOUND('',#5998,.T.);
#5998 = EDGE_LOOP('',(#5999,#6005,#6006,#6012));
#5999 = ORIENTED_EDGE('',*,*,#6000,.F.);
#6000 = EDGE_CURVE('',#5909,#5949,#6001,.T.);
#6001 = LINE('',#6002,#6003);
#6002 = CARTESIAN_POINT('',(-5.046E+03,5.515E+03,3.776E+03));
#6003 = VECTOR('',#6004,1.);
#6004 = DIRECTION('',(1.,0.,0.));
#6005 = ORIENTED_EDGE('',*,*,#5916,.T.);
#6006 = ORIENTED_EDGE('',*,*,#6007,.T.);
#6007 = EDGE_CURVE('',#5917,#5957,#6008,.T.);
#6008 = LINE('',#6009,#6010);
#6009 = CARTESIAN_POINT('',(-5.046E+03,5.515E+03,3.796E+03));
#6010 = VECTOR('',#6011,1.);
#6011 = DIRECTION('',(1.,0.,0.));
#6012 = ORIENTED_EDGE('',*,*,#5956,.F.);
#6013 = PLANE('',#6014);
#6014 = AXIS2_PLACEMENT_3D('',#6015,#6016,#6017);
#6015 = CARTESIAN_POINT('',(-5.046E+03,5.515E+03,3.776E+03));
#6016 = DIRECTION('',(0.,1.,0.));
#6017 = DIRECTION('',(0.,0.,1.));
#6018 = ADVANCED_FACE('',(#6019),#6025,.F.);
#6019 = FACE_BOUND('',#6020,.F.);
#6020 = EDGE_LOOP('',(#6021,#6022,#6023,#6024));
#6021 = ORIENTED_EDGE('',*,*,#5908,.F.);
#6022 = ORIENTED_EDGE('',*,*,#5978,.T.);
#6023 = ORIENTED_EDGE('',*,*,#5948,.T.);
#6024 = ORIENTED_EDGE('',*,*,#6000,.F.);
#6025 = PLANE('',#6026);
#6026 = AXIS2_PLACEMENT_3D('',#6027,#6028,#6029);
#6027 = CARTESIAN_POINT('',(-5.046E+03,5.395E+03,3.776E+03));
#6028 = DIRECTION('',(0.,0.,1.));
#6029 = DIRECTION('',(1.,0.,0.));
#6030 = ADVANCED_FACE('',(#6031),#6037,.T.);
#6031 = FACE_BOUND('',#6032,.T.);
#6032 = EDGE_LOOP('',(#6033,#6034,#6035,#6036));
#6033 = ORIENTED_EDGE('',*,*,#5924,.F.);
#6034 = ORIENTED_EDGE('',*,*,#5985,.T.);
#6035 = ORIENTED_EDGE('',*,*,#5964,.T.);
#6036 = ORIENTED_EDGE('',*,*,#6007,.F.);
#6037 = PLANE('',#6038);
#6038 = AXIS2_PLACEMENT_3D('',#6039,#6040,#6041);
#6039 = CARTESIAN_POINT('',(-5.046E+03,5.395E+03,3.796E+03));
#6040 = DIRECTION('',(0.,0.,1.));
#6041 = DIRECTION('',(1.,0.,0.));
#6042 = MANIFOLD_SOLID_BREP('',#6043);
#6043 = CLOSED_SHELL('',(#6044,#6084,#6124,#6146,#6168,#6180));
#6044 = ADVANCED_FACE('',(#6045),#6079,.F.);
#6045 = FACE_BOUND('',#6046,.F.);
#6046 = EDGE_LOOP('',(#6047,#6057,#6065,#6073));
#6047 = ORIENTED_EDGE('',*,*,#6048,.F.);
#6048 = EDGE_CURVE('',#6049,#6051,#6053,.T.);
#6049 = VERTEX_POINT('',#6050);
#6050 = CARTESIAN_POINT('',(-5.396E+03,5.815E+03,3.776E+03));
#6051 = VERTEX_POINT('',#6052);
#6052 = CARTESIAN_POINT('',(-5.396E+03,5.815E+03,3.796E+03));
#6053 = LINE('',#6054,#6055);
#6054 = CARTESIAN_POINT('',(-5.396E+03,5.815E+03,3.776E+03));
#6055 = VECTOR('',#6056,1.);
#6056 = DIRECTION('',(0.,0.,1.));
#6057 = ORIENTED_EDGE('',*,*,#6058,.T.);
#6058 = EDGE_CURVE('',#6049,#6059,#6061,.T.);
#6059 = VERTEX_POINT('',#6060);
#6060 = CARTESIAN_POINT('',(-5.396E+03,5.935E+03,3.776E+03));
#6061 = LINE('',#6062,#6063);
#6062 = CARTESIAN_POINT('',(-5.396E+03,5.815E+03,3.776E+03));
#6063 = VECTOR('',#6064,1.);
#6064 = DIRECTION('',(0.,1.,0.));
#6065 = ORIENTED_EDGE('',*,*,#6066,.T.);
#6066 = EDGE_CURVE('',#6059,#6067,#6069,.T.);
#6067 = VERTEX_POINT('',#6068);
#6068 = CARTESIAN_POINT('',(-5.396E+03,5.935E+03,3.796E+03));
#6069 = LINE('',#6070,#6071);
#6070 = CARTESIAN_POINT('',(-5.396E+03,5.935E+03,3.776E+03));
#6071 = VECTOR('',#6072,1.);
#6072 = DIRECTION('',(0.,0.,1.));
#6073 = ORIENTED_EDGE('',*,*,#6074,.F.);
#6074 = EDGE_CURVE('',#6051,#6067,#6075,.T.);
#6075 = LINE('',#6076,#6077);
#6076 = CARTESIAN_POINT('',(-5.396E+03,5.815E+03,3.796E+03));
#6077 = VECTOR('',#6078,1.);
#6078 = DIRECTION('',(0.,1.,0.));
#6079 = PLANE('',#6080);
#6080 = AXIS2_PLACEMENT_3D('',#6081,#6082,#6083);
#6081 = CARTESIAN_POINT('',(-5.396E+03,5.815E+03,3.776E+03));
#6082 = DIRECTION('',(1.,0.,0.));
#6083 = DIRECTION('',(0.,0.,1.));
#6084 = ADVANCED_FACE('',(#6085),#6119,.T.);
#6085 = FACE_BOUND('',#6086,.T.);
#6086 = EDGE_LOOP('',(#6087,#6097,#6105,#6113));
#6087 = ORIENTED_EDGE('',*,*,#6088,.F.);
#6088 = EDGE_CURVE('',#6089,#6091,#6093,.T.);
#6089 = VERTEX_POINT('',#6090);
#6090 = CARTESIAN_POINT('',(-5.276E+03,5.815E+03,3.776E+03));
#6091 = VERTEX_POINT('',#6092);
#6092 = CARTESIAN_POINT('',(-5.276E+03,5.815E+03,3.796E+03));
#6093 = LINE('',#6094,#6095);
#6094 = CARTESIAN_POINT('',(-5.276E+03,5.815E+03,3.776E+03));
#6095 = VECTOR('',#6096,1.);
#6096 = DIRECTION('',(0.,0.,1.));
#6097 = ORIENTED_EDGE('',*,*,#6098,.T.);
#6098 = EDGE_CURVE('',#6089,#6099,#6101,.T.);
#6099 = VERTEX_POINT('',#6100);
#6100 = CARTESIAN_POINT('',(-5.276E+03,5.935E+03,3.776E+03));
#6101 = LINE('',#6102,#6103);
#6102 = CARTESIAN_POINT('',(-5.276E+03,5.815E+03,3.776E+03));
#6103 = VECTOR('',#6104,1.);
#6104 = DIRECTION('',(0.,1.,0.));
#6105 = ORIENTED_EDGE('',*,*,#6106,.T.);
#6106 = EDGE_CURVE('',#6099,#6107,#6109,.T.);
#6107 = VERTEX_POINT('',#6108);
#6108 = CARTESIAN_POINT('',(-5.276E+03,5.935E+03,3.796E+03));
#6109 = LINE('',#6110,#6111);
#6110 = CARTESIAN_POINT('',(-5.276E+03,5.935E+03,3.776E+03));
#6111 = VECTOR('',#6112,1.);
#6112 = DIRECTION('',(0.,0.,1.));
#6113 = ORIENTED_EDGE('',*,*,#6114,.F.);
#6114 = EDGE_CURVE('',#6091,#6107,#6115,.T.);
#6115 = LINE('',#6116,#6117);
#6116 = CARTESIAN_POINT('',(-5.276E+03,5.815E+03,3.796E+03));
#6117 = VECTOR('',#6118,1.);
#6118 = DIRECTION('',(0.,1.,0.));
#6119 = PLANE('',#6120);
#6120 = AXIS2_PLACEMENT_3D('',#6121,#6122,#6123);
#6121 = CARTESIAN_POINT('',(-5.276E+03,5.815E+03,3.776E+03));
#6122 = DIRECTION('',(1.,0.,0.));
#6123 = DIRECTION('',(0.,0.,1.));
#6124 = ADVANCED_FACE('',(#6125),#6141,.F.);
#6125 = FACE_BOUND('',#6126,.F.);
#6126 = EDGE_LOOP('',(#6127,#6133,#6134,#6140));
#6127 = ORIENTED_EDGE('',*,*,#6128,.F.);
#6128 = EDGE_CURVE('',#6049,#6089,#6129,.T.);
#6129 = LINE('',#6130,#6131);
#6130 = CARTESIAN_POINT('',(-5.396E+03,5.815E+03,3.776E+03));
#6131 = VECTOR('',#6132,1.);
#6132 = DIRECTION('',(1.,0.,0.));
#6133 = ORIENTED_EDGE('',*,*,#6048,.T.);
#6134 = ORIENTED_EDGE('',*,*,#6135,.T.);
#6135 = EDGE_CURVE('',#6051,#6091,#6136,.T.);
#6136 = LINE('',#6137,#6138);
#6137 = CARTESIAN_POINT('',(-5.396E+03,5.815E+03,3.796E+03));
#6138 = VECTOR('',#6139,1.);
#6139 = DIRECTION('',(1.,0.,0.));
#6140 = ORIENTED_EDGE('',*,*,#6088,.F.);
#6141 = PLANE('',#6142);
#6142 = AXIS2_PLACEMENT_3D('',#6143,#6144,#6145);
#6143 = CARTESIAN_POINT('',(-5.396E+03,5.815E+03,3.776E+03));
#6144 = DIRECTION('',(0.,1.,0.));
#6145 = DIRECTION('',(0.,0.,1.));
#6146 = ADVANCED_FACE('',(#6147),#6163,.T.);
#6147 = FACE_BOUND('',#6148,.T.);
#6148 = EDGE_LOOP('',(#6149,#6155,#6156,#6162));
#6149 = ORIENTED_EDGE('',*,*,#6150,.F.);
#6150 = EDGE_CURVE('',#6059,#6099,#6151,.T.);
#6151 = LINE('',#6152,#6153);
#6152 = CARTESIAN_POINT('',(-5.396E+03,5.935E+03,3.776E+03));
#6153 = VECTOR('',#6154,1.);
#6154 = DIRECTION('',(1.,0.,0.));
#6155 = ORIENTED_EDGE('',*,*,#6066,.T.);
#6156 = ORIENTED_EDGE('',*,*,#6157,.T.);
#6157 = EDGE_CURVE('',#6067,#6107,#6158,.T.);
#6158 = LINE('',#6159,#6160);
#6159 = CARTESIAN_POINT('',(-5.396E+03,5.935E+03,3.796E+03));
#6160 = VECTOR('',#6161,1.);
#6161 = DIRECTION('',(1.,0.,0.));
#6162 = ORIENTED_EDGE('',*,*,#6106,.F.);
#6163 = PLANE('',#6164);
#6164 = AXIS2_PLACEMENT_3D('',#6165,#6166,#6167);
#6165 = CARTESIAN_POINT('',(-5.396E+03,5.935E+03,3.776E+03));
#6166 = DIRECTION('',(0.,1.,0.));
#6167 = DIRECTION('',(0.,0.,1.));
#6168 = ADVANCED_FACE('',(#6169),#6175,.F.);
#6169 = FACE_BOUND('',#6170,.F.);
#6170 = EDGE_LOOP('',(#6171,#6172,#6173,#6174));
#6171 = ORIENTED_EDGE('',*,*,#6058,.F.);
#6172 = ORIENTED_EDGE('',*,*,#6128,.T.);
#6173 = ORIENTED_EDGE('',*,*,#6098,.T.);
#6174 = ORIENTED_EDGE('',*,*,#6150,.F.);
#6175 = PLANE('',#6176);
#6176 = AXIS2_PLACEMENT_3D('',#6177,#6178,#6179);
#6177 = CARTESIAN_POINT('',(-5.396E+03,5.815E+03,3.776E+03));
#6178 = DIRECTION('',(0.,0.,1.));
#6179 = DIRECTION('',(1.,0.,0.));
#6180 = ADVANCED_FACE('',(#6181),#6187,.T.);
#6181 = FACE_BOUND('',#6182,.T.);
#6182 = EDGE_LOOP('',(#6183,#6184,#6185,#6186));
#6183 = ORIENTED_EDGE('',*,*,#6074,.F.);
#6184 = ORIENTED_EDGE('',*,*,#6135,.T.);
#6185 = ORIENTED_EDGE('',*,*,#6114,.T.);
#6186 = ORIENTED_EDGE('',*,*,#6157,.F.);
#6187 = PLANE('',#6188);
#6188 = AXIS2_PLACEMENT_3D('',#6189,#6190,#6191);
#6189 = CARTESIAN_POINT('',(-5.396E+03,5.815E+03,3.796E+03));
#6190 = DIRECTION('',(0.,0.,1.));
#6191 = DIRECTION('',(1.,0.,0.));
#6192 = MANIFOLD_SOLID_BREP('',#6193);
#6193 = CLOSED_SHELL('',(#6194,#6227,#6236));
#6194 = ADVANCED_FACE('',(#6195),#6222,.T.);
#6195 = FACE_BOUND('',#6196,.T.);
#6196 = EDGE_LOOP('',(#6197,#6206,#6214,#6221));
#6197 = ORIENTED_EDGE('',*,*,#6198,.F.);
#6198 = EDGE_CURVE('',#6199,#6199,#6201,.T.);
#6199 = VERTEX_POINT('',#6200);
#6200 = CARTESIAN_POINT('',(-5.276E+03,5.275E+03,3.796E+03));
#6201 = CIRCLE('',#6202,60.);
#6202 = AXIS2_PLACEMENT_3D('',#6203,#6204,#6205);
#6203 = CARTESIAN_POINT('',(-5.336E+03,5.275E+03,3.796E+03));
#6204 = DIRECTION('',(0.,0.,1.));
#6205 = DIRECTION('',(1.,0.,0.));
#6206 = ORIENTED_EDGE('',*,*,#6207,.F.);
#6207 = EDGE_CURVE('',#6208,#6199,#6210,.T.);
#6208 = VERTEX_POINT('',#6209);
#6209 = CARTESIAN_POINT('',(-5.276E+03,5.275E+03,3.776E+03));
#6210 = LINE('',#6211,#6212);
#6211 = CARTESIAN_POINT('',(-5.276E+03,5.275E+03,3.776E+03));
#6212 = VECTOR('',#6213,1.);
#6213 = DIRECTION('',(0.,0.,1.));
#6214 = ORIENTED_EDGE('',*,*,#6215,.T.);
#6215 = EDGE_CURVE('',#6208,#6208,#6216,.T.);
#6216 = CIRCLE('',#6217,60.);
#6217 = AXIS2_PLACEMENT_3D('',#6218,#6219,#6220);
#6218 = CARTESIAN_POINT('',(-5.336E+03,5.275E+03,3.776E+03));
#6219 = DIRECTION('',(0.,0.,1.));
#6220 = DIRECTION('',(1.,0.,0.));
#6221 = ORIENTED_EDGE('',*,*,#6207,.T.);
#6222 = CYLINDRICAL_SURFACE('',#6223,60.);
#6223 = AXIS2_PLACEMENT_3D('',#6224,#6225,#6226);
#6224 = CARTESIAN_POINT('',(-5.336E+03,5.275E+03,3.776E+03));
#6225 = DIRECTION('',(0.,0.,1.));
#6226 = DIRECTION('',(1.,0.,0.));
#6227 = ADVANCED_FACE('',(#6228),#6231,.T.);
#6228 = FACE_BOUND('',#6229,.T.);
#6229 = EDGE_LOOP('',(#6230));
#6230 = ORIENTED_EDGE('',*,*,#6198,.T.);
#6231 = PLANE('',#6232);
#6232 = AXIS2_PLACEMENT_3D('',#6233,#6234,#6235);
#6233 = CARTESIAN_POINT('',(-5.336E+03,5.275E+03,3.796E+03));
#6234 = DIRECTION('',(0.,0.,1.));
#6235 = DIRECTION('',(1.,0.,0.));
#6236 = ADVANCED_FACE('',(#6237),#6240,.F.);
#6237 = FACE_BOUND('',#6238,.T.);
#6238 = EDGE_LOOP('',(#6239));
#6239 = ORIENTED_EDGE('',*,*,#6215,.F.);
#6240 = PLANE('',#6241);
#6241 = AXIS2_PLACEMENT_3D('',#6242,#6243,#6244);
#6242 = CARTESIAN_POINT('',(-5.336E+03,5.275E+03,3.776E+03));
#6243 = DIRECTION('',(0.,0.,1.));
#6244 = DIRECTION('',(1.,0.,0.));
#6245 = MANIFOLD_SOLID_BREP('',#6246);
#6246 = CLOSED_SHELL('',(#6247,#6287,#6327,#6349,#6371,#6383));
#6247 = ADVANCED_FACE('',(#6248),#6282,.F.);
#6248 = FACE_BOUND('',#6249,.F.);
#6249 = EDGE_LOOP('',(#6250,#6260,#6268,#6276));
#6250 = ORIENTED_EDGE('',*,*,#6251,.F.);
#6251 = EDGE_CURVE('',#6252,#6254,#6256,.T.);
#6252 = VERTEX_POINT('',#6253);
#6253 = CARTESIAN_POINT('',(-6.369E+03,1.946E+03,5.676E+03));
#6254 = VERTEX_POINT('',#6255);
#6255 = CARTESIAN_POINT('',(-6.369E+03,1.946E+03,5.976E+03));
#6256 = LINE('',#6257,#6258);
#6257 = CARTESIAN_POINT('',(-6.369E+03,1.946E+03,5.676E+03));
#6258 = VECTOR('',#6259,1.);
#6259 = DIRECTION('',(0.,0.,1.));
#6260 = ORIENTED_EDGE('',*,*,#6261,.T.);
#6261 = EDGE_CURVE('',#6252,#6262,#6264,.T.);
#6262 = VERTEX_POINT('',#6263);
#6263 = CARTESIAN_POINT('',(-6.369E+03,2.196E+03,5.676E+03));
#6264 = LINE('',#6265,#6266);
#6265 = CARTESIAN_POINT('',(-6.369E+03,1.946E+03,5.676E+03));
#6266 = VECTOR('',#6267,1.);
#6267 = DIRECTION('',(0.,1.,0.));
#6268 = ORIENTED_EDGE('',*,*,#6269,.T.);
#6269 = EDGE_CURVE('',#6262,#6270,#6272,.T.);
#6270 = VERTEX_POINT('',#6271);
#6271 = CARTESIAN_POINT('',(-6.369E+03,2.196E+03,5.976E+03));
#6272 = LINE('',#6273,#6274);
#6273 = CARTESIAN_POINT('',(-6.369E+03,2.196E+03,5.676E+03));
#6274 = VECTOR('',#6275,1.);
#6275 = DIRECTION('',(0.,0.,1.));
#6276 = ORIENTED_EDGE('',*,*,#6277,.F.);
#6277 = EDGE_CURVE('',#6254,#6270,#6278,.T.);
#6278 = LINE('',#6279,#6280);
#6279 = CARTESIAN_POINT('',(-6.369E+03,1.946E+03,5.976E+03));
#6280 = VECTOR('',#6281,1.);
#6281 = DIRECTION('',(0.,1.,0.));
#6282 = PLANE('',#6283);
#6283 = AXIS2_PLACEMENT_3D('',#6284,#6285,#6286);
#6284 = CARTESIAN_POINT('',(-6.369E+03,1.946E+03,5.676E+03));
#6285 = DIRECTION('',(1.,0.,0.));
#6286 = DIRECTION('',(0.,0.,1.));
#6287 = ADVANCED_FACE('',(#6288),#6322,.T.);
#6288 = FACE_BOUND('',#6289,.T.);
#6289 = EDGE_LOOP('',(#6290,#6300,#6308,#6316));
#6290 = ORIENTED_EDGE('',*,*,#6291,.F.);
#6291 = EDGE_CURVE('',#6292,#6294,#6296,.T.);
#6292 = VERTEX_POINT('',#6293);
#6293 = CARTESIAN_POINT('',(-5.469E+03,1.946E+03,5.676E+03));
#6294 = VERTEX_POINT('',#6295);
#6295 = CARTESIAN_POINT('',(-5.469E+03,1.946E+03,5.976E+03));
#6296 = LINE('',#6297,#6298);
#6297 = CARTESIAN_POINT('',(-5.469E+03,1.946E+03,5.676E+03));
#6298 = VECTOR('',#6299,1.);
#6299 = DIRECTION('',(0.,0.,1.));
#6300 = ORIENTED_EDGE('',*,*,#6301,.T.);
#6301 = EDGE_CURVE('',#6292,#6302,#6304,.T.);
#6302 = VERTEX_POINT('',#6303);
#6303 = CARTESIAN_POINT('',(-5.469E+03,2.196E+03,5.676E+03));
#6304 = LINE('',#6305,#6306);
#6305 = CARTESIAN_POINT('',(-5.469E+03,1.946E+03,5.676E+03));
#6306 = VECTOR('',#6307,1.);
#6307 = DIRECTION('',(0.,1.,0.));
#6308 = ORIENTED_EDGE('',*,*,#6309,.T.);
#6309 = EDGE_CURVE('',#6302,#6310,#6312,.T.);
#6310 = VERTEX_POINT('',#6311);
#6311 = CARTESIAN_POINT('',(-5.469E+03,2.196E+03,5.976E+03));
#6312 = LINE('',#6313,#6314);
#6313 = CARTESIAN_POINT('',(-5.469E+03,2.196E+03,5.676E+03));
#6314 = VECTOR('',#6315,1.);
#6315 = DIRECTION('',(0.,0.,1.));
#6316 = ORIENTED_EDGE('',*,*,#6317,.F.);
#6317 = EDGE_CURVE('',#6294,#6310,#6318,.T.);
#6318 = LINE('',#6319,#6320);
#6319 = CARTESIAN_POINT('',(-5.469E+03,1.946E+03,5.976E+03));
#6320 = VECTOR('',#6321,1.);
#6321 = DIRECTION('',(0.,1.,0.));
#6322 = PLANE('',#6323);
#6323 = AXIS2_PLACEMENT_3D('',#6324,#6325,#6326);
#6324 = CARTESIAN_POINT('',(-5.469E+03,1.946E+03,5.676E+03));
#6325 = DIRECTION('',(1.,0.,0.));
#6326 = DIRECTION('',(0.,0.,1.));
#6327 = ADVANCED_FACE('',(#6328),#6344,.F.);
#6328 = FACE_BOUND('',#6329,.F.);
#6329 = EDGE_LOOP('',(#6330,#6336,#6337,#6343));
#6330 = ORIENTED_EDGE('',*,*,#6331,.F.);
#6331 = EDGE_CURVE('',#6252,#6292,#6332,.T.);
#6332 = LINE('',#6333,#6334);
#6333 = CARTESIAN_POINT('',(-6.369E+03,1.946E+03,5.676E+03));
#6334 = VECTOR('',#6335,1.);
#6335 = DIRECTION('',(1.,0.,0.));
#6336 = ORIENTED_EDGE('',*,*,#6251,.T.);
#6337 = ORIENTED_EDGE('',*,*,#6338,.T.);
#6338 = EDGE_CURVE('',#6254,#6294,#6339,.T.);
#6339 = LINE('',#6340,#6341);
#6340 = CARTESIAN_POINT('',(-6.369E+03,1.946E+03,5.976E+03));
#6341 = VECTOR('',#6342,1.);
#6342 = DIRECTION('',(1.,0.,0.));
#6343 = ORIENTED_EDGE('',*,*,#6291,.F.);
#6344 = PLANE('',#6345);
#6345 = AXIS2_PLACEMENT_3D('',#6346,#6347,#6348);
#6346 = CARTESIAN_POINT('',(-6.369E+03,1.946E+03,5.676E+03));
#6347 = DIRECTION('',(0.,1.,0.));
#6348 = DIRECTION('',(0.,0.,1.));
#6349 = ADVANCED_FACE('',(#6350),#6366,.T.);
#6350 = FACE_BOUND('',#6351,.T.);
#6351 = EDGE_LOOP('',(#6352,#6358,#6359,#6365));
#6352 = ORIENTED_EDGE('',*,*,#6353,.F.);
#6353 = EDGE_CURVE('',#6262,#6302,#6354,.T.);
#6354 = LINE('',#6355,#6356);
#6355 = CARTESIAN_POINT('',(-6.369E+03,2.196E+03,5.676E+03));
#6356 = VECTOR('',#6357,1.);
#6357 = DIRECTION('',(1.,0.,0.));
#6358 = ORIENTED_EDGE('',*,*,#6269,.T.);
#6359 = ORIENTED_EDGE('',*,*,#6360,.T.);
#6360 = EDGE_CURVE('',#6270,#6310,#6361,.T.);
#6361 = LINE('',#6362,#6363);
#6362 = CARTESIAN_POINT('',(-6.369E+03,2.196E+03,5.976E+03));
#6363 = VECTOR('',#6364,1.);
#6364 = DIRECTION('',(1.,0.,0.));
#6365 = ORIENTED_EDGE('',*,*,#6309,.F.);
#6366 = PLANE('',#6367);
#6367 = AXIS2_PLACEMENT_3D('',#6368,#6369,#6370);
#6368 = CARTESIAN_POINT('',(-6.369E+03,2.196E+03,5.676E+03));
#6369 = DIRECTION('',(0.,1.,0.));
#6370 = DIRECTION('',(0.,0.,1.));
#6371 = ADVANCED_FACE('',(#6372),#6378,.F.);
#6372 = FACE_BOUND('',#6373,.F.);
#6373 = EDGE_LOOP('',(#6374,#6375,#6376,#6377));
#6374 = ORIENTED_EDGE('',*,*,#6261,.F.);
#6375 = ORIENTED_EDGE('',*,*,#6331,.T.);
#6376 = ORIENTED_EDGE('',*,*,#6301,.T.);
#6377 = ORIENTED_EDGE('',*,*,#6353,.F.);
#6378 = PLANE('',#6379);
#6379 = AXIS2_PLACEMENT_3D('',#6380,#6381,#6382);
#6380 = CARTESIAN_POINT('',(-6.369E+03,1.946E+03,5.676E+03));
#6381 = DIRECTION('',(0.,0.,1.));
#6382 = DIRECTION('',(1.,0.,0.));
#6383 = ADVANCED_FACE('',(#6384),#6390,.T.);
#6384 = FACE_BOUND('',#6385,.T.);
#6385 = EDGE_LOOP('',(#6386,#6387,#6388,#6389));
#6386 = ORIENTED_EDGE('',*,*,#6277,.F.);
#6387 = ORIENTED_EDGE('',*,*,#6338,.T.);
#6388 = ORIENTED_EDGE('',*,*,#6317,.T.);
#6389 = ORIENTED_EDGE('',*,*,#6360,.F.);
#6390 = PLANE('',#6391);
#6391 = AXIS2_PLACEMENT_3D('',#6392,#6393,#6394);
#6392 = CARTESIAN_POINT('',(-6.369E+03,1.946E+03,5.976E+03));
#6393 = DIRECTION('',(0.,0.,1.));
#6394 = DIRECTION('',(1.,0.,0.));
#6395 = MANIFOLD_SOLID_BREP('',#6396);
#6396 = CLOSED_SHELL('',(#6397,#6437,#6477,#6499,#6521,#6533));
#6397 = ADVANCED_FACE('',(#6398),#6432,.F.);
#6398 = FACE_BOUND('',#6399,.F.);
#6399 = EDGE_LOOP('',(#6400,#6410,#6418,#6426));
#6400 = ORIENTED_EDGE('',*,*,#6401,.F.);
#6401 = EDGE_CURVE('',#6402,#6404,#6406,.T.);
#6402 = VERTEX_POINT('',#6403);
#6403 = CARTESIAN_POINT('',(-6.996E+03,1.741E+03,5.276E+03));
#6404 = VERTEX_POINT('',#6405);
#6405 = CARTESIAN_POINT('',(-6.996E+03,1.741E+03,5.826E+03));
#6406 = LINE('',#6407,#6408);
#6407 = CARTESIAN_POINT('',(-6.996E+03,1.741E+03,5.276E+03));
#6408 = VECTOR('',#6409,1.);
#6409 = DIRECTION('',(0.,0.,1.));
#6410 = ORIENTED_EDGE('',*,*,#6411,.T.);
#6411 = EDGE_CURVE('',#6402,#6412,#6414,.T.);
#6412 = VERTEX_POINT('',#6413);
#6413 = CARTESIAN_POINT('',(-6.996E+03,2.041E+03,5.276E+03));
#6414 = LINE('',#6415,#6416);
#6415 = CARTESIAN_POINT('',(-6.996E+03,1.741E+03,5.276E+03));
#6416 = VECTOR('',#6417,1.);
#6417 = DIRECTION('',(0.,1.,0.));
#6418 = ORIENTED_EDGE('',*,*,#6419,.T.);
#6419 = EDGE_CURVE('',#6412,#6420,#6422,.T.);
#6420 = VERTEX_POINT('',#6421);
#6421 = CARTESIAN_POINT('',(-6.996E+03,2.041E+03,5.826E+03));
#6422 = LINE('',#6423,#6424);
#6423 = CARTESIAN_POINT('',(-6.996E+03,2.041E+03,5.276E+03));
#6424 = VECTOR('',#6425,1.);
#6425 = DIRECTION('',(0.,0.,1.));
#6426 = ORIENTED_EDGE('',*,*,#6427,.F.);
#6427 = EDGE_CURVE('',#6404,#6420,#6428,.T.);
#6428 = LINE('',#6429,#6430);
#6429 = CARTESIAN_POINT('',(-6.996E+03,1.741E+03,5.826E+03));
#6430 = VECTOR('',#6431,1.);
#6431 = DIRECTION('',(0.,1.,0.));
#6432 = PLANE('',#6433);
#6433 = AXIS2_PLACEMENT_3D('',#6434,#6435,#6436);
#6434 = CARTESIAN_POINT('',(-6.996E+03,1.741E+03,5.276E+03));
#6435 = DIRECTION('',(1.,0.,0.));
#6436 = DIRECTION('',(0.,0.,1.));
#6437 = ADVANCED_FACE('',(#6438),#6472,.T.);
#6438 = FACE_BOUND('',#6439,.T.);
#6439 = EDGE_LOOP('',(#6440,#6450,#6458,#6466));
#6440 = ORIENTED_EDGE('',*,*,#6441,.F.);
#6441 = EDGE_CURVE('',#6442,#6444,#6446,.T.);
#6442 = VERTEX_POINT('',#6443);
#6443 = CARTESIAN_POINT('',(-6.196E+03,1.741E+03,5.276E+03));
#6444 = VERTEX_POINT('',#6445);
#6445 = CARTESIAN_POINT('',(-6.196E+03,1.741E+03,5.826E+03));
#6446 = LINE('',#6447,#6448);
#6447 = CARTESIAN_POINT('',(-6.196E+03,1.741E+03,5.276E+03));
#6448 = VECTOR('',#6449,1.);
#6449 = DIRECTION('',(0.,0.,1.));
#6450 = ORIENTED_EDGE('',*,*,#6451,.T.);
#6451 = EDGE_CURVE('',#6442,#6452,#6454,.T.);
#6452 = VERTEX_POINT('',#6453);
#6453 = CARTESIAN_POINT('',(-6.196E+03,2.041E+03,5.276E+03));
#6454 = LINE('',#6455,#6456);
#6455 = CARTESIAN_POINT('',(-6.196E+03,1.741E+03,5.276E+03));
#6456 = VECTOR('',#6457,1.);
#6457 = DIRECTION('',(0.,1.,0.));
#6458 = ORIENTED_EDGE('',*,*,#6459,.T.);
#6459 = EDGE_CURVE('',#6452,#6460,#6462,.T.);
#6460 = VERTEX_POINT('',#6461);
#6461 = CARTESIAN_POINT('',(-6.196E+03,2.041E+03,5.826E+03));
#6462 = LINE('',#6463,#6464);
#6463 = CARTESIAN_POINT('',(-6.196E+03,2.041E+03,5.276E+03));
#6464 = VECTOR('',#6465,1.);
#6465 = DIRECTION('',(0.,0.,1.));
#6466 = ORIENTED_EDGE('',*,*,#6467,.F.);
#6467 = EDGE_CURVE('',#6444,#6460,#6468,.T.);
#6468 = LINE('',#6469,#6470);
#6469 = CARTESIAN_POINT('',(-6.196E+03,1.741E+03,5.826E+03));
#6470 = VECTOR('',#6471,1.);
#6471 = DIRECTION('',(0.,1.,0.));
#6472 = PLANE('',#6473);
#6473 = AXIS2_PLACEMENT_3D('',#6474,#6475,#6476);
#6474 = CARTESIAN_POINT('',(-6.196E+03,1.741E+03,5.276E+03));
#6475 = DIRECTION('',(1.,0.,0.));
#6476 = DIRECTION('',(0.,0.,1.));
#6477 = ADVANCED_FACE('',(#6478),#6494,.F.);
#6478 = FACE_BOUND('',#6479,.F.);
#6479 = EDGE_LOOP('',(#6480,#6486,#6487,#6493));
#6480 = ORIENTED_EDGE('',*,*,#6481,.F.);
#6481 = EDGE_CURVE('',#6402,#6442,#6482,.T.);
#6482 = LINE('',#6483,#6484);
#6483 = CARTESIAN_POINT('',(-6.996E+03,1.741E+03,5.276E+03));
#6484 = VECTOR('',#6485,1.);
#6485 = DIRECTION('',(1.,0.,0.));
#6486 = ORIENTED_EDGE('',*,*,#6401,.T.);
#6487 = ORIENTED_EDGE('',*,*,#6488,.T.);
#6488 = EDGE_CURVE('',#6404,#6444,#6489,.T.);
#6489 = LINE('',#6490,#6491);
#6490 = CARTESIAN_POINT('',(-6.996E+03,1.741E+03,5.826E+03));
#6491 = VECTOR('',#6492,1.);
#6492 = DIRECTION('',(1.,0.,0.));
#6493 = ORIENTED_EDGE('',*,*,#6441,.F.);
#6494 = PLANE('',#6495);
#6495 = AXIS2_PLACEMENT_3D('',#6496,#6497,#6498);
#6496 = CARTESIAN_POINT('',(-6.996E+03,1.741E+03,5.276E+03));
#6497 = DIRECTION('',(0.,1.,0.));
#6498 = DIRECTION('',(0.,0.,1.));
#6499 = ADVANCED_FACE('',(#6500),#6516,.T.);
#6500 = FACE_BOUND('',#6501,.T.);
#6501 = EDGE_LOOP('',(#6502,#6508,#6509,#6515));
#6502 = ORIENTED_EDGE('',*,*,#6503,.F.);
#6503 = EDGE_CURVE('',#6412,#6452,#6504,.T.);
#6504 = LINE('',#6505,#6506);
#6505 = CARTESIAN_POINT('',(-6.996E+03,2.041E+03,5.276E+03));
#6506 = VECTOR('',#6507,1.);
#6507 = DIRECTION('',(1.,0.,0.));
#6508 = ORIENTED_EDGE('',*,*,#6419,.T.);
#6509 = ORIENTED_EDGE('',*,*,#6510,.T.);
#6510 = EDGE_CURVE('',#6420,#6460,#6511,.T.);
#6511 = LINE('',#6512,#6513);
#6512 = CARTESIAN_POINT('',(-6.996E+03,2.041E+03,5.826E+03));
#6513 = VECTOR('',#6514,1.);
#6514 = DIRECTION('',(1.,0.,0.));
#6515 = ORIENTED_EDGE('',*,*,#6459,.F.);
#6516 = PLANE('',#6517);
#6517 = AXIS2_PLACEMENT_3D('',#6518,#6519,#6520);
#6518 = CARTESIAN_POINT('',(-6.996E+03,2.041E+03,5.276E+03));
#6519 = DIRECTION('',(0.,1.,0.));
#6520 = DIRECTION('',(0.,0.,1.));
#6521 = ADVANCED_FACE('',(#6522),#6528,.F.);
#6522 = FACE_BOUND('',#6523,.F.);
#6523 = EDGE_LOOP('',(#6524,#6525,#6526,#6527));
#6524 = ORIENTED_EDGE('',*,*,#6411,.F.);
#6525 = ORIENTED_EDGE('',*,*,#6481,.T.);
#6526 = ORIENTED_EDGE('',*,*,#6451,.T.);
#6527 = ORIENTED_EDGE('',*,*,#6503,.F.);
#6528 = PLANE('',#6529);
#6529 = AXIS2_PLACEMENT_3D('',#6530,#6531,#6532);
#6530 = CARTESIAN_POINT('',(-6.996E+03,1.741E+03,5.276E+03));
#6531 = DIRECTION('',(0.,0.,1.));
#6532 = DIRECTION('',(1.,0.,0.));
#6533 = ADVANCED_FACE('',(#6534),#6540,.T.);
#6534 = FACE_BOUND('',#6535,.T.);
#6535 = EDGE_LOOP('',(#6536,#6537,#6538,#6539));
#6536 = ORIENTED_EDGE('',*,*,#6427,.F.);
#6537 = ORIENTED_EDGE('',*,*,#6488,.T.);
#6538 = ORIENTED_EDGE('',*,*,#6467,.T.);
#6539 = ORIENTED_EDGE('',*,*,#6510,.F.);
#6540 = PLANE('',#6541);
#6541 = AXIS2_PLACEMENT_3D('',#6542,#6543,#6544);
#6542 = CARTESIAN_POINT('',(-6.996E+03,1.741E+03,5.826E+03));
#6543 = DIRECTION('',(0.,0.,1.));
#6544 = DIRECTION('',(1.,0.,0.));
#6545 = MANIFOLD_SOLID_BREP('',#6546);
#6546 = CLOSED_SHELL('',(#6547,#6587,#6627,#6649,#6671,#6683));
#6547 = ADVANCED_FACE('',(#6548),#6582,.F.);
#6548 = FACE_BOUND('',#6549,.F.);
#6549 = EDGE_LOOP('',(#6550,#6560,#6568,#6576));
#6550 = ORIENTED_EDGE('',*,*,#6551,.F.);
#6551 = EDGE_CURVE('',#6552,#6554,#6556,.T.);
#6552 = VERTEX_POINT('',#6553);
#6553 = CARTESIAN_POINT('',(-5.679E+03,2.011E+03,3.776E+03));
#6554 = VERTEX_POINT('',#6555);
#6555 = CARTESIAN_POINT('',(-5.679E+03,2.011E+03,3.796E+03));
#6556 = LINE('',#6557,#6558);
#6557 = CARTESIAN_POINT('',(-5.679E+03,2.011E+03,3.776E+03));
#6558 = VECTOR('',#6559,1.);
#6559 = DIRECTION('',(0.,0.,1.));
#6560 = ORIENTED_EDGE('',*,*,#6561,.T.);
#6561 = EDGE_CURVE('',#6552,#6562,#6564,.T.);
#6562 = VERTEX_POINT('',#6563);
#6563 = CARTESIAN_POINT('',(-5.679E+03,2.131E+03,3.776E+03));
#6564 = LINE('',#6565,#6566);
#6565 = CARTESIAN_POINT('',(-5.679E+03,2.011E+03,3.776E+03));
#6566 = VECTOR('',#6567,1.);
#6567 = DIRECTION('',(0.,1.,0.));
#6568 = ORIENTED_EDGE('',*,*,#6569,.T.);
#6569 = EDGE_CURVE('',#6562,#6570,#6572,.T.);
#6570 = VERTEX_POINT('',#6571);
#6571 = CARTESIAN_POINT('',(-5.679E+03,2.131E+03,3.796E+03));
#6572 = LINE('',#6573,#6574);
#6573 = CARTESIAN_POINT('',(-5.679E+03,2.131E+03,3.776E+03));
#6574 = VECTOR('',#6575,1.);
#6575 = DIRECTION('',(0.,0.,1.));
#6576 = ORIENTED_EDGE('',*,*,#6577,.F.);
#6577 = EDGE_CURVE('',#6554,#6570,#6578,.T.);
#6578 = LINE('',#6579,#6580);
#6579 = CARTESIAN_POINT('',(-5.679E+03,2.011E+03,3.796E+03));
#6580 = VECTOR('',#6581,1.);
#6581 = DIRECTION('',(0.,1.,0.));
#6582 = PLANE('',#6583);
#6583 = AXIS2_PLACEMENT_3D('',#6584,#6585,#6586);
#6584 = CARTESIAN_POINT('',(-5.679E+03,2.011E+03,3.776E+03));
#6585 = DIRECTION('',(1.,0.,0.));
#6586 = DIRECTION('',(0.,0.,1.));
#6587 = ADVANCED_FACE('',(#6588),#6622,.T.);
#6588 = FACE_BOUND('',#6589,.T.);
#6589 = EDGE_LOOP('',(#6590,#6600,#6608,#6616));
#6590 = ORIENTED_EDGE('',*,*,#6591,.F.);
#6591 = EDGE_CURVE('',#6592,#6594,#6596,.T.);
#6592 = VERTEX_POINT('',#6593);
#6593 = CARTESIAN_POINT('',(-5.559E+03,2.011E+03,3.776E+03));
#6594 = VERTEX_POINT('',#6595);
#6595 = CARTESIAN_POINT('',(-5.559E+03,2.011E+03,3.796E+03));
#6596 = LINE('',#6597,#6598);
#6597 = CARTESIAN_POINT('',(-5.559E+03,2.011E+03,3.776E+03));
#6598 = VECTOR('',#6599,1.);
#6599 = DIRECTION('',(0.,0.,1.));
#6600 = ORIENTED_EDGE('',*,*,#6601,.T.);
#6601 = EDGE_CURVE('',#6592,#6602,#6604,.T.);
#6602 = VERTEX_POINT('',#6603);
#6603 = CARTESIAN_POINT('',(-5.559E+03,2.131E+03,3.776E+03));
#6604 = LINE('',#6605,#6606);
#6605 = CARTESIAN_POINT('',(-5.559E+03,2.011E+03,3.776E+03));
#6606 = VECTOR('',#6607,1.);
#6607 = DIRECTION('',(0.,1.,0.));
#6608 = ORIENTED_EDGE('',*,*,#6609,.T.);
#6609 = EDGE_CURVE('',#6602,#6610,#6612,.T.);
#6610 = VERTEX_POINT('',#6611);
#6611 = CARTESIAN_POINT('',(-5.559E+03,2.131E+03,3.796E+03));
#6612 = LINE('',#6613,#6614);
#6613 = CARTESIAN_POINT('',(-5.559E+03,2.131E+03,3.776E+03));
#6614 = VECTOR('',#6615,1.);
#6615 = DIRECTION('',(0.,0.,1.));
#6616 = ORIENTED_EDGE('',*,*,#6617,.F.);
#6617 = EDGE_CURVE('',#6594,#6610,#6618,.T.);
#6618 = LINE('',#6619,#6620);
#6619 = CARTESIAN_POINT('',(-5.559E+03,2.011E+03,3.796E+03));
#6620 = VECTOR('',#6621,1.);
#6621 = DIRECTION('',(0.,1.,0.));
#6622 = PLANE('',#6623);
#6623 = AXIS2_PLACEMENT_3D('',#6624,#6625,#6626);
#6624 = CARTESIAN_POINT('',(-5.559E+03,2.011E+03,3.776E+03));
#6625 = DIRECTION('',(1.,0.,0.));
#6626 = DIRECTION('',(0.,0.,1.));
#6627 = ADVANCED_FACE('',(#6628),#6644,.F.);
#6628 = FACE_BOUND('',#6629,.F.);
#6629 = EDGE_LOOP('',(#6630,#6636,#6637,#6643));
#6630 = ORIENTED_EDGE('',*,*,#6631,.F.);
#6631 = EDGE_CURVE('',#6552,#6592,#6632,.T.);
#6632 = LINE('',#6633,#6634);
#6633 = CARTESIAN_POINT('',(-5.679E+03,2.011E+03,3.776E+03));
#6634 = VECTOR('',#6635,1.);
#6635 = DIRECTION('',(1.,0.,0.));
#6636 = ORIENTED_EDGE('',*,*,#6551,.T.);
#6637 = ORIENTED_EDGE('',*,*,#6638,.T.);
#6638 = EDGE_CURVE('',#6554,#6594,#6639,.T.);
#6639 = LINE('',#6640,#6641);
#6640 = CARTESIAN_POINT('',(-5.679E+03,2.011E+03,3.796E+03));
#6641 = VECTOR('',#6642,1.);
#6642 = DIRECTION('',(1.,0.,0.));
#6643 = ORIENTED_EDGE('',*,*,#6591,.F.);
#6644 = PLANE('',#6645);
#6645 = AXIS2_PLACEMENT_3D('',#6646,#6647,#6648);
#6646 = CARTESIAN_POINT('',(-5.679E+03,2.011E+03,3.776E+03));
#6647 = DIRECTION('',(0.,1.,0.));
#6648 = DIRECTION('',(0.,0.,1.));
#6649 = ADVANCED_FACE('',(#6650),#6666,.T.);
#6650 = FACE_BOUND('',#6651,.T.);
#6651 = EDGE_LOOP('',(#6652,#6658,#6659,#6665));
#6652 = ORIENTED_EDGE('',*,*,#6653,.F.);
#6653 = EDGE_CURVE('',#6562,#6602,#6654,.T.);
#6654 = LINE('',#6655,#6656);
#6655 = CARTESIAN_POINT('',(-5.679E+03,2.131E+03,3.776E+03));
#6656 = VECTOR('',#6657,1.);
#6657 = DIRECTION('',(1.,0.,0.));
#6658 = ORIENTED_EDGE('',*,*,#6569,.T.);
#6659 = ORIENTED_EDGE('',*,*,#6660,.T.);
#6660 = EDGE_CURVE('',#6570,#6610,#6661,.T.);
#6661 = LINE('',#6662,#6663);
#6662 = CARTESIAN_POINT('',(-5.679E+03,2.131E+03,3.796E+03));
#6663 = VECTOR('',#6664,1.);
#6664 = DIRECTION('',(1.,0.,0.));
#6665 = ORIENTED_EDGE('',*,*,#6609,.F.);
#6666 = PLANE('',#6667);
#6667 = AXIS2_PLACEMENT_3D('',#6668,#6669,#6670);
#6668 = CARTESIAN_POINT('',(-5.679E+03,2.131E+03,3.776E+03));
#6669 = DIRECTION('',(0.,1.,0.));
#6670 = DIRECTION('',(0.,0.,1.));
#6671 = ADVANCED_FACE('',(#6672),#6678,.F.);
#6672 = FACE_BOUND('',#6673,.F.);
#6673 = EDGE_LOOP('',(#6674,#6675,#6676,#6677));
#6674 = ORIENTED_EDGE('',*,*,#6561,.F.);
#6675 = ORIENTED_EDGE('',*,*,#6631,.T.);
#6676 = ORIENTED_EDGE('',*,*,#6601,.T.);
#6677 = ORIENTED_EDGE('',*,*,#6653,.F.);
#6678 = PLANE('',#6679);
#6679 = AXIS2_PLACEMENT_3D('',#6680,#6681,#6682);
#6680 = CARTESIAN_POINT('',(-5.679E+03,2.011E+03,3.776E+03));
#6681 = DIRECTION('',(0.,0.,1.));
#6682 = DIRECTION('',(1.,0.,0.));
#6683 = ADVANCED_FACE('',(#6684),#6690,.T.);
#6684 = FACE_BOUND('',#6685,.T.);
#6685 = EDGE_LOOP('',(#6686,#6687,#6688,#6689));
#6686 = ORIENTED_EDGE('',*,*,#6577,.F.);
#6687 = ORIENTED_EDGE('',*,*,#6638,.T.);
#6688 = ORIENTED_EDGE('',*,*,#6617,.T.);
#6689 = ORIENTED_EDGE('',*,*,#6660,.F.);
#6690 = PLANE('',#6691);
#6691 = AXIS2_PLACEMENT_3D('',#6692,#6693,#6694);
#6692 = CARTESIAN_POINT('',(-5.679E+03,2.011E+03,3.796E+03));
#6693 = DIRECTION('',(0.,0.,1.));
#6694 = DIRECTION('',(1.,0.,0.));
#6695 = MANIFOLD_SOLID_BREP('',#6696);
#6696 = CLOSED_SHELL('',(#6697,#6737,#6777,#6799,#6821,#6833));
#6697 = ADVANCED_FACE('',(#6698),#6732,.F.);
#6698 = FACE_BOUND('',#6699,.F.);
#6699 = EDGE_LOOP('',(#6700,#6710,#6718,#6726));
#6700 = ORIENTED_EDGE('',*,*,#6701,.F.);
#6701 = EDGE_CURVE('',#6702,#6704,#6706,.T.);
#6702 = VERTEX_POINT('',#6703);
#6703 = CARTESIAN_POINT('',(-1.821E+03,2.39E+03,3.776E+03));
#6704 = VERTEX_POINT('',#6705);
#6705 = CARTESIAN_POINT('',(-1.821E+03,2.39E+03,3.796E+03));
#6706 = LINE('',#6707,#6708);
#6707 = CARTESIAN_POINT('',(-1.821E+03,2.39E+03,3.776E+03));
#6708 = VECTOR('',#6709,1.);
#6709 = DIRECTION('',(0.,0.,1.));
#6710 = ORIENTED_EDGE('',*,*,#6711,.T.);
#6711 = EDGE_CURVE('',#6702,#6712,#6714,.T.);
#6712 = VERTEX_POINT('',#6713);
#6713 = CARTESIAN_POINT('',(-1.821E+03,2.51E+03,3.776E+03));
#6714 = LINE('',#6715,#6716);
#6715 = CARTESIAN_POINT('',(-1.821E+03,2.39E+03,3.776E+03));
#6716 = VECTOR('',#6717,1.);
#6717 = DIRECTION('',(0.,1.,0.));
#6718 = ORIENTED_EDGE('',*,*,#6719,.T.);
#6719 = EDGE_CURVE('',#6712,#6720,#6722,.T.);
#6720 = VERTEX_POINT('',#6721);
#6721 = CARTESIAN_POINT('',(-1.821E+03,2.51E+03,3.796E+03));
#6722 = LINE('',#6723,#6724);
#6723 = CARTESIAN_POINT('',(-1.821E+03,2.51E+03,3.776E+03));
#6724 = VECTOR('',#6725,1.);
#6725 = DIRECTION('',(0.,0.,1.));
#6726 = ORIENTED_EDGE('',*,*,#6727,.F.);
#6727 = EDGE_CURVE('',#6704,#6720,#6728,.T.);
#6728 = LINE('',#6729,#6730);
#6729 = CARTESIAN_POINT('',(-1.821E+03,2.39E+03,3.796E+03));
#6730 = VECTOR('',#6731,1.);
#6731 = DIRECTION('',(0.,1.,0.));
#6732 = PLANE('',#6733);
#6733 = AXIS2_PLACEMENT_3D('',#6734,#6735,#6736);
#6734 = CARTESIAN_POINT('',(-1.821E+03,2.39E+03,3.776E+03));
#6735 = DIRECTION('',(1.,0.,0.));
#6736 = DIRECTION('',(0.,0.,1.));
#6737 = ADVANCED_FACE('',(#6738),#6772,.T.);
#6738 = FACE_BOUND('',#6739,.T.);
#6739 = EDGE_LOOP('',(#6740,#6750,#6758,#6766));
#6740 = ORIENTED_EDGE('',*,*,#6741,.F.);
#6741 = EDGE_CURVE('',#6742,#6744,#6746,.T.);
#6742 = VERTEX_POINT('',#6743);
#6743 = CARTESIAN_POINT('',(-1.701E+03,2.39E+03,3.776E+03));
#6744 = VERTEX_POINT('',#6745);
#6745 = CARTESIAN_POINT('',(-1.701E+03,2.39E+03,3.796E+03));
#6746 = LINE('',#6747,#6748);
#6747 = CARTESIAN_POINT('',(-1.701E+03,2.39E+03,3.776E+03));
#6748 = VECTOR('',#6749,1.);
#6749 = DIRECTION('',(0.,0.,1.));
#6750 = ORIENTED_EDGE('',*,*,#6751,.T.);
#6751 = EDGE_CURVE('',#6742,#6752,#6754,.T.);
#6752 = VERTEX_POINT('',#6753);
#6753 = CARTESIAN_POINT('',(-1.701E+03,2.51E+03,3.776E+03));
#6754 = LINE('',#6755,#6756);
#6755 = CARTESIAN_POINT('',(-1.701E+03,2.39E+03,3.776E+03));
#6756 = VECTOR('',#6757,1.);
#6757 = DIRECTION('',(0.,1.,0.));
#6758 = ORIENTED_EDGE('',*,*,#6759,.T.);
#6759 = EDGE_CURVE('',#6752,#6760,#6762,.T.);
#6760 = VERTEX_POINT('',#6761);
#6761 = CARTESIAN_POINT('',(-1.701E+03,2.51E+03,3.796E+03));
#6762 = LINE('',#6763,#6764);
#6763 = CARTESIAN_POINT('',(-1.701E+03,2.51E+03,3.776E+03));
#6764 = VECTOR('',#6765,1.);
#6765 = DIRECTION('',(0.,0.,1.));
#6766 = ORIENTED_EDGE('',*,*,#6767,.F.);
#6767 = EDGE_CURVE('',#6744,#6760,#6768,.T.);
#6768 = LINE('',#6769,#6770);
#6769 = CARTESIAN_POINT('',(-1.701E+03,2.39E+03,3.796E+03));
#6770 = VECTOR('',#6771,1.);
#6771 = DIRECTION('',(0.,1.,0.));
#6772 = PLANE('',#6773);
#6773 = AXIS2_PLACEMENT_3D('',#6774,#6775,#6776);
#6774 = CARTESIAN_POINT('',(-1.701E+03,2.39E+03,3.776E+03));
#6775 = DIRECTION('',(1.,0.,0.));
#6776 = DIRECTION('',(0.,0.,1.));
#6777 = ADVANCED_FACE('',(#6778),#6794,.F.);
#6778 = FACE_BOUND('',#6779,.F.);
#6779 = EDGE_LOOP('',(#6780,#6786,#6787,#6793));
#6780 = ORIENTED_EDGE('',*,*,#6781,.F.);
#6781 = EDGE_CURVE('',#6702,#6742,#6782,.T.);
#6782 = LINE('',#6783,#6784);
#6783 = CARTESIAN_POINT('',(-1.821E+03,2.39E+03,3.776E+03));
#6784 = VECTOR('',#6785,1.);
#6785 = DIRECTION('',(1.,0.,0.));
#6786 = ORIENTED_EDGE('',*,*,#6701,.T.);
#6787 = ORIENTED_EDGE('',*,*,#6788,.T.);
#6788 = EDGE_CURVE('',#6704,#6744,#6789,.T.);
#6789 = LINE('',#6790,#6791);
#6790 = CARTESIAN_POINT('',(-1.821E+03,2.39E+03,3.796E+03));
#6791 = VECTOR('',#6792,1.);
#6792 = DIRECTION('',(1.,0.,0.));
#6793 = ORIENTED_EDGE('',*,*,#6741,.F.);
#6794 = PLANE('',#6795);
#6795 = AXIS2_PLACEMENT_3D('',#6796,#6797,#6798);
#6796 = CARTESIAN_POINT('',(-1.821E+03,2.39E+03,3.776E+03));
#6797 = DIRECTION('',(0.,1.,0.));
#6798 = DIRECTION('',(0.,0.,1.));
#6799 = ADVANCED_FACE('',(#6800),#6816,.T.);
#6800 = FACE_BOUND('',#6801,.T.);
#6801 = EDGE_LOOP('',(#6802,#6808,#6809,#6815));
#6802 = ORIENTED_EDGE('',*,*,#6803,.F.);
#6803 = EDGE_CURVE('',#6712,#6752,#6804,.T.);
#6804 = LINE('',#6805,#6806);
#6805 = CARTESIAN_POINT('',(-1.821E+03,2.51E+03,3.776E+03));
#6806 = VECTOR('',#6807,1.);
#6807 = DIRECTION('',(1.,0.,0.));
#6808 = ORIENTED_EDGE('',*,*,#6719,.T.);
#6809 = ORIENTED_EDGE('',*,*,#6810,.T.);
#6810 = EDGE_CURVE('',#6720,#6760,#6811,.T.);
#6811 = LINE('',#6812,#6813);
#6812 = CARTESIAN_POINT('',(-1.821E+03,2.51E+03,3.796E+03));
#6813 = VECTOR('',#6814,1.);
#6814 = DIRECTION('',(1.,0.,0.));
#6815 = ORIENTED_EDGE('',*,*,#6759,.F.);
#6816 = PLANE('',#6817);
#6817 = AXIS2_PLACEMENT_3D('',#6818,#6819,#6820);
#6818 = CARTESIAN_POINT('',(-1.821E+03,2.51E+03,3.776E+03));
#6819 = DIRECTION('',(0.,1.,0.));
#6820 = DIRECTION('',(0.,0.,1.));
#6821 = ADVANCED_FACE('',(#6822),#6828,.F.);
#6822 = FACE_BOUND('',#6823,.F.);
#6823 = EDGE_LOOP('',(#6824,#6825,#6826,#6827));
#6824 = ORIENTED_EDGE('',*,*,#6711,.F.);
#6825 = ORIENTED_EDGE('',*,*,#6781,.T.);
#6826 = ORIENTED_EDGE('',*,*,#6751,.T.);
#6827 = ORIENTED_EDGE('',*,*,#6803,.F.);
#6828 = PLANE('',#6829);
#6829 = AXIS2_PLACEMENT_3D('',#6830,#6831,#6832);
#6830 = CARTESIAN_POINT('',(-1.821E+03,2.39E+03,3.776E+03));
#6831 = DIRECTION('',(0.,0.,1.));
#6832 = DIRECTION('',(1.,0.,0.));
#6833 = ADVANCED_FACE('',(#6834),#6840,.T.);
#6834 = FACE_BOUND('',#6835,.T.);
#6835 = EDGE_LOOP('',(#6836,#6837,#6838,#6839));
#6836 = ORIENTED_EDGE('',*,*,#6727,.F.);
#6837 = ORIENTED_EDGE('',*,*,#6788,.T.);
#6838 = ORIENTED_EDGE('',*,*,#6767,.T.);
#6839 = ORIENTED_EDGE('',*,*,#6810,.F.);
#6840 = PLANE('',#6841);
#6841 = AXIS2_PLACEMENT_3D('',#6842,#6843,#6844);
#6842 = CARTESIAN_POINT('',(-1.821E+03,2.39E+03,3.796E+03));
#6843 = DIRECTION('',(0.,0.,1.));
#6844 = DIRECTION('',(1.,0.,0.));
#6845 = MANIFOLD_SOLID_BREP('',#6846);
#6846 = CLOSED_SHELL('',(#6847,#6880,#6889));
#6847 = ADVANCED_FACE('',(#6848),#6875,.T.);
#6848 = FACE_BOUND('',#6849,.T.);
#6849 = EDGE_LOOP('',(#6850,#6859,#6867,#6874));
#6850 = ORIENTED_EDGE('',*,*,#6851,.F.);
#6851 = EDGE_CURVE('',#6852,#6852,#6854,.T.);
#6852 = VERTEX_POINT('',#6853);
#6853 = CARTESIAN_POINT('',(-1.701E+03,1.85E+03,3.796E+03));
#6854 = CIRCLE('',#6855,60.);
#6855 = AXIS2_PLACEMENT_3D('',#6856,#6857,#6858);
#6856 = CARTESIAN_POINT('',(-1.761E+03,1.85E+03,3.796E+03));
#6857 = DIRECTION('',(0.,0.,1.));
#6858 = DIRECTION('',(1.,0.,0.));
#6859 = ORIENTED_EDGE('',*,*,#6860,.F.);
#6860 = EDGE_CURVE('',#6861,#6852,#6863,.T.);
#6861 = VERTEX_POINT('',#6862);
#6862 = CARTESIAN_POINT('',(-1.701E+03,1.85E+03,3.776E+03));
#6863 = LINE('',#6864,#6865);
#6864 = CARTESIAN_POINT('',(-1.701E+03,1.85E+03,3.776E+03));
#6865 = VECTOR('',#6866,1.);
#6866 = DIRECTION('',(0.,0.,1.));
#6867 = ORIENTED_EDGE('',*,*,#6868,.T.);
#6868 = EDGE_CURVE('',#6861,#6861,#6869,.T.);
#6869 = CIRCLE('',#6870,60.);
#6870 = AXIS2_PLACEMENT_3D('',#6871,#6872,#6873);
#6871 = CARTESIAN_POINT('',(-1.761E+03,1.85E+03,3.776E+03));
#6872 = DIRECTION('',(0.,0.,1.));
#6873 = DIRECTION('',(1.,0.,0.));
#6874 = ORIENTED_EDGE('',*,*,#6860,.T.);
#6875 = CYLINDRICAL_SURFACE('',#6876,60.);
#6876 = AXIS2_PLACEMENT_3D('',#6877,#6878,#6879);
#6877 = CARTESIAN_POINT('',(-1.761E+03,1.85E+03,3.776E+03));
#6878 = DIRECTION('',(0.,0.,1.));
#6879 = DIRECTION('',(1.,0.,0.));
#6880 = ADVANCED_FACE('',(#6881),#6884,.T.);
#6881 = FACE_BOUND('',#6882,.T.);
#6882 = EDGE_LOOP('',(#6883));
#6883 = ORIENTED_EDGE('',*,*,#6851,.T.);
#6884 = PLANE('',#6885);
#6885 = AXIS2_PLACEMENT_3D('',#6886,#6887,#6888);
#6886 = CARTESIAN_POINT('',(-1.761E+03,1.85E+03,3.796E+03));
#6887 = DIRECTION('',(0.,0.,1.));
#6888 = DIRECTION('',(1.,0.,0.));
#6889 = ADVANCED_FACE('',(#6890),#6893,.F.);
#6890 = FACE_BOUND('',#6891,.T.);
#6891 = EDGE_LOOP('',(#6892));
#6892 = ORIENTED_EDGE('',*,*,#6868,.F.);
#6893 = PLANE('',#6894);
#6894 = AXIS2_PLACEMENT_3D('',#6895,#6896,#6897);
#6895 = CARTESIAN_POINT('',(-1.761E+03,1.85E+03,3.776E+03));
#6896 = DIRECTION('',(0.,0.,1.));
#6897 = DIRECTION('',(1.,0.,0.));
#6898 = MANIFOLD_SOLID_BREP('',#6899);
#6899 = CLOSED_SHELL('',(#6900,#6933,#6942));
#6900 = ADVANCED_FACE('',(#6901),#6928,.T.);
#6901 = FACE_BOUND('',#6902,.T.);
#6902 = EDGE_LOOP('',(#6903,#6912,#6920,#6927));
#6903 = ORIENTED_EDGE('',*,*,#6904,.F.);
#6904 = EDGE_CURVE('',#6905,#6905,#6907,.T.);
#6905 = VERTEX_POINT('',#6906);
#6906 = CARTESIAN_POINT('',(-1.422E+03,291.,3.796E+03));
#6907 = CIRCLE('',#6908,60.);
#6908 = AXIS2_PLACEMENT_3D('',#6909,#6910,#6911);
#6909 = CARTESIAN_POINT('',(-1.482E+03,291.,3.796E+03));
#6910 = DIRECTION('',(0.,0.,1.));
#6911 = DIRECTION('',(1.,0.,0.));
#6912 = ORIENTED_EDGE('',*,*,#6913,.F.);
#6913 = EDGE_CURVE('',#6914,#6905,#6916,.T.);
#6914 = VERTEX_POINT('',#6915);
#6915 = CARTESIAN_POINT('',(-1.422E+03,291.,3.776E+03));
#6916 = LINE('',#6917,#6918);
#6917 = CARTESIAN_POINT('',(-1.422E+03,291.,3.776E+03));
#6918 = VECTOR('',#6919,1.);
#6919 = DIRECTION('',(0.,0.,1.));
#6920 = ORIENTED_EDGE('',*,*,#6921,.T.);
#6921 = EDGE_CURVE('',#6914,#6914,#6922,.T.);
#6922 = CIRCLE('',#6923,60.);
#6923 = AXIS2_PLACEMENT_3D('',#6924,#6925,#6926);
#6924 = CARTESIAN_POINT('',(-1.482E+03,291.,3.776E+03));
#6925 = DIRECTION('',(0.,0.,1.));
#6926 = DIRECTION('',(1.,0.,0.));
#6927 = ORIENTED_EDGE('',*,*,#6913,.T.);
#6928 = CYLINDRICAL_SURFACE('',#6929,60.);
#6929 = AXIS2_PLACEMENT_3D('',#6930,#6931,#6932);
#6930 = CARTESIAN_POINT('',(-1.482E+03,291.,3.776E+03));
#6931 = DIRECTION('',(0.,0.,1.));
#6932 = DIRECTION('',(1.,0.,0.));
#6933 = ADVANCED_FACE('',(#6934),#6937,.T.);
#6934 = FACE_BOUND('',#6935,.T.);
#6935 = EDGE_LOOP('',(#6936));
#6936 = ORIENTED_EDGE('',*,*,#6904,.T.);
#6937 = PLANE('',#6938);
#6938 = AXIS2_PLACEMENT_3D('',#6939,#6940,#6941);
#6939 = CARTESIAN_POINT('',(-1.482E+03,291.,3.796E+03));
#6940 = DIRECTION('',(0.,0.,1.));
#6941 = DIRECTION('',(1.,0.,0.));
#6942 = ADVANCED_FACE('',(#6943),#6946,.F.);
#6943 = FACE_BOUND('',#6944,.T.);
#6944 = EDGE_LOOP('',(#6945));
#6945 = ORIENTED_EDGE('',*,*,#6921,.F.);
#6946 = PLANE('',#6947);
#6947 = AXIS2_PLACEMENT_3D('',#6948,#6949,#6950);
#6948 = CARTESIAN_POINT('',(-1.482E+03,291.,3.776E+03));
#6949 = DIRECTION('',(0.,0.,1.));
#6950 = DIRECTION('',(1.,0.,0.));
#6951 = MANIFOLD_SOLID_BREP('',#6952);
#6952 = CLOSED_SHELL('',(#6953,#6986,#6995));
#6953 = ADVANCED_FACE('',(#6954),#6981,.T.);
#6954 = FACE_BOUND('',#6955,.T.);
#6955 = EDGE_LOOP('',(#6956,#6965,#6973,#6980));
#6956 = ORIENTED_EDGE('',*,*,#6957,.F.);
#6957 = EDGE_CURVE('',#6958,#6958,#6960,.T.);
#6958 = VERTEX_POINT('',#6959);
#6959 = CARTESIAN_POINT('',(-1.122E+03,272.,3.796E+03));
#6960 = CIRCLE('',#6961,60.);
#6961 = AXIS2_PLACEMENT_3D('',#6962,#6963,#6964);
#6962 = CARTESIAN_POINT('',(-1.182E+03,272.,3.796E+03));
#6963 = DIRECTION('',(0.,0.,1.));
#6964 = DIRECTION('',(1.,0.,0.));
#6965 = ORIENTED_EDGE('',*,*,#6966,.F.);
#6966 = EDGE_CURVE('',#6967,#6958,#6969,.T.);
#6967 = VERTEX_POINT('',#6968);
#6968 = CARTESIAN_POINT('',(-1.122E+03,272.,3.776E+03));
#6969 = LINE('',#6970,#6971);
#6970 = CARTESIAN_POINT('',(-1.122E+03,272.,3.776E+03));
#6971 = VECTOR('',#6972,1.);
#6972 = DIRECTION('',(0.,0.,1.));
#6973 = ORIENTED_EDGE('',*,*,#6974,.T.);
#6974 = EDGE_CURVE('',#6967,#6967,#6975,.T.);
#6975 = CIRCLE('',#6976,60.);
#6976 = AXIS2_PLACEMENT_3D('',#6977,#6978,#6979);
#6977 = CARTESIAN_POINT('',(-1.182E+03,272.,3.776E+03));
#6978 = DIRECTION('',(0.,0.,1.));
#6979 = DIRECTION('',(1.,0.,0.));
#6980 = ORIENTED_EDGE('',*,*,#6966,.T.);
#6981 = CYLINDRICAL_SURFACE('',#6982,60.);
#6982 = AXIS2_PLACEMENT_3D('',#6983,#6984,#6985);
#6983 = CARTESIAN_POINT('',(-1.182E+03,272.,3.776E+03));
#6984 = DIRECTION('',(0.,0.,1.));
#6985 = DIRECTION('',(1.,0.,0.));
#6986 = ADVANCED_FACE('',(#6987),#6990,.T.);
#6987 = FACE_BOUND('',#6988,.T.);
#6988 = EDGE_LOOP('',(#6989));
#6989 = ORIENTED_EDGE('',*,*,#6957,.T.);
#6990 = PLANE('',#6991);
#6991 = AXIS2_PLACEMENT_3D('',#6992,#6993,#6994);
#6992 = CARTESIAN_POINT('',(-1.182E+03,272.,3.796E+03));
#6993 = DIRECTION('',(0.,0.,1.));
#6994 = DIRECTION('',(1.,0.,0.));
#6995 = ADVANCED_FACE('',(#6996),#6999,.F.);
#6996 = FACE_BOUND('',#6997,.T.);
#6997 = EDGE_LOOP('',(#6998));
#6998 = ORIENTED_EDGE('',*,*,#6974,.F.);
#6999 = PLANE('',#7000);
#7000 = AXIS2_PLACEMENT_3D('',#7001,#7002,#7003);
#7001 = CARTESIAN_POINT('',(-1.182E+03,272.,3.776E+03));
#7002 = DIRECTION('',(0.,0.,1.));
#7003 = DIRECTION('',(1.,0.,0.));
#7004 = MANIFOLD_SOLID_BREP('',#7005);
#7005 = CLOSED_SHELL('',(#7006,#7039,#7048));
#7006 = ADVANCED_FACE('',(#7007),#7034,.T.);
#7007 = FACE_BOUND('',#7008,.T.);
#7008 = EDGE_LOOP('',(#7009,#7018,#7026,#7033));
#7009 = ORIENTED_EDGE('',*,*,#7010,.F.);
#7010 = EDGE_CURVE('',#7011,#7011,#7013,.T.);
#7011 = VERTEX_POINT('',#7012);
#7012 = CARTESIAN_POINT('',(-1.433E+03,1.016E+03,3.796E+03));
#7013 = CIRCLE('',#7014,60.);
#7014 = AXIS2_PLACEMENT_3D('',#7015,#7016,#7017);
#7015 = CARTESIAN_POINT('',(-1.493E+03,1.016E+03,3.796E+03));
#7016 = DIRECTION('',(0.,0.,1.));
#7017 = DIRECTION('',(1.,0.,0.));
#7018 = ORIENTED_EDGE('',*,*,#7019,.F.);
#7019 = EDGE_CURVE('',#7020,#7011,#7022,.T.);
#7020 = VERTEX_POINT('',#7021);
#7021 = CARTESIAN_POINT('',(-1.433E+03,1.016E+03,3.776E+03));
#7022 = LINE('',#7023,#7024);
#7023 = CARTESIAN_POINT('',(-1.433E+03,1.016E+03,3.776E+03));
#7024 = VECTOR('',#7025,1.);
#7025 = DIRECTION('',(0.,0.,1.));
#7026 = ORIENTED_EDGE('',*,*,#7027,.T.);
#7027 = EDGE_CURVE('',#7020,#7020,#7028,.T.);
#7028 = CIRCLE('',#7029,60.);
#7029 = AXIS2_PLACEMENT_3D('',#7030,#7031,#7032);
#7030 = CARTESIAN_POINT('',(-1.493E+03,1.016E+03,3.776E+03));
#7031 = DIRECTION('',(0.,0.,1.));
#7032 = DIRECTION('',(1.,0.,0.));
#7033 = ORIENTED_EDGE('',*,*,#7019,.T.);
#7034 = CYLINDRICAL_SURFACE('',#7035,60.);
#7035 = AXIS2_PLACEMENT_3D('',#7036,#7037,#7038);
#7036 = CARTESIAN_POINT('',(-1.493E+03,1.016E+03,3.776E+03));
#7037 = DIRECTION('',(0.,0.,1.));
#7038 = DIRECTION('',(1.,0.,0.));
#7039 = ADVANCED_FACE('',(#7040),#7043,.T.);
#7040 = FACE_BOUND('',#7041,.T.);
#7041 = EDGE_LOOP('',(#7042));
#7042 = ORIENTED_EDGE('',*,*,#7010,.T.);
#7043 = PLANE('',#7044);
#7044 = AXIS2_PLACEMENT_3D('',#7045,#7046,#7047);
#7045 = CARTESIAN_POINT('',(-1.493E+03,1.016E+03,3.796E+03));
#7046 = DIRECTION('',(0.,0.,1.));
#7047 = DIRECTION('',(1.,0.,0.));
#7048 = ADVANCED_FACE('',(#7049),#7052,.F.);
#7049 = FACE_BOUND('',#7050,.T.);
#7050 = EDGE_LOOP('',(#7051));
#7051 = ORIENTED_EDGE('',*,*,#7027,.F.);
#7052 = PLANE('',#7053);
#7053 = AXIS2_PLACEMENT_3D('',#7054,#7055,#7056);
#7054 = CARTESIAN_POINT('',(-1.493E+03,1.016E+03,3.776E+03));
#7055 = DIRECTION('',(0.,0.,1.));
#7056 = DIRECTION('',(1.,0.,0.));
#7057 = MANIFOLD_SOLID_BREP('',#7058);
#7058 = CLOSED_SHELL('',(#7059,#7092,#7101));
#7059 = ADVANCED_FACE('',(#7060),#7087,.T.);
#7060 = FACE_BOUND('',#7061,.T.);
#7061 = EDGE_LOOP('',(#7062,#7071,#7079,#7086));
#7062 = ORIENTED_EDGE('',*,*,#7063,.F.);
#7063 = EDGE_CURVE('',#7064,#7064,#7066,.T.);
#7064 = VERTEX_POINT('',#7065);
#7065 = CARTESIAN_POINT('',(-1.133E+03,996.,3.796E+03));
#7066 = CIRCLE('',#7067,60.);
#7067 = AXIS2_PLACEMENT_3D('',#7068,#7069,#7070);
#7068 = CARTESIAN_POINT('',(-1.193E+03,996.,3.796E+03));
#7069 = DIRECTION('',(0.,0.,1.));
#7070 = DIRECTION('',(1.,0.,0.));
#7071 = ORIENTED_EDGE('',*,*,#7072,.F.);
#7072 = EDGE_CURVE('',#7073,#7064,#7075,.T.);
#7073 = VERTEX_POINT('',#7074);
#7074 = CARTESIAN_POINT('',(-1.133E+03,996.,3.776E+03));
#7075 = LINE('',#7076,#7077);
#7076 = CARTESIAN_POINT('',(-1.133E+03,996.,3.776E+03));
#7077 = VECTOR('',#7078,1.);
#7078 = DIRECTION('',(0.,0.,1.));
#7079 = ORIENTED_EDGE('',*,*,#7080,.T.);
#7080 = EDGE_CURVE('',#7073,#7073,#7081,.T.);
#7081 = CIRCLE('',#7082,60.);
#7082 = AXIS2_PLACEMENT_3D('',#7083,#7084,#7085);
#7083 = CARTESIAN_POINT('',(-1.193E+03,996.,3.776E+03));
#7084 = DIRECTION('',(0.,0.,1.));
#7085 = DIRECTION('',(1.,0.,0.));
#7086 = ORIENTED_EDGE('',*,*,#7072,.T.);
#7087 = CYLINDRICAL_SURFACE('',#7088,60.);
#7088 = AXIS2_PLACEMENT_3D('',#7089,#7090,#7091);
#7089 = CARTESIAN_POINT('',(-1.193E+03,996.,3.776E+03));
#7090 = DIRECTION('',(0.,0.,1.));
#7091 = DIRECTION('',(1.,0.,0.));
#7092 = ADVANCED_FACE('',(#7093),#7096,.T.);
#7093 = FACE_BOUND('',#7094,.T.);
#7094 = EDGE_LOOP('',(#7095));
#7095 = ORIENTED_EDGE('',*,*,#7063,.T.);
#7096 = PLANE('',#7097);
#7097 = AXIS2_PLACEMENT_3D('',#7098,#7099,#7100);
#7098 = CARTESIAN_POINT('',(-1.193E+03,996.,3.796E+03));
#7099 = DIRECTION('',(0.,0.,1.));
#7100 = DIRECTION('',(1.,0.,0.));
#7101 = ADVANCED_FACE('',(#7102),#7105,.F.);
#7102 = FACE_BOUND('',#7103,.T.);
#7103 = EDGE_LOOP('',(#7104));
#7104 = ORIENTED_EDGE('',*,*,#7080,.F.);
#7105 = PLANE('',#7106);
#7106 = AXIS2_PLACEMENT_3D('',#7107,#7108,#7109);
#7107 = CARTESIAN_POINT('',(-1.193E+03,996.,3.776E+03));
#7108 = DIRECTION('',(0.,0.,1.));
#7109 = DIRECTION('',(1.,0.,0.));
#7110 = MANIFOLD_SOLID_BREP('',#7111);
#7111 = CLOSED_SHELL('',(#7112,#7145,#7154));
#7112 = ADVANCED_FACE('',(#7113),#7140,.T.);
#7113 = FACE_BOUND('',#7114,.T.);
#7114 = EDGE_LOOP('',(#7115,#7124,#7132,#7139));
#7115 = ORIENTED_EDGE('',*,*,#7116,.F.);
#7116 = EDGE_CURVE('',#7117,#7117,#7119,.T.);
#7117 = VERTEX_POINT('',#7118);
#7118 = CARTESIAN_POINT('',(3.635E+03,563.,3.796E+03));
#7119 = CIRCLE('',#7120,60.);
#7120 = AXIS2_PLACEMENT_3D('',#7121,#7122,#7123);
#7121 = CARTESIAN_POINT('',(3.575E+03,563.,3.796E+03));
#7122 = DIRECTION('',(0.,0.,1.));
#7123 = DIRECTION('',(1.,0.,0.));
#7124 = ORIENTED_EDGE('',*,*,#7125,.F.);
#7125 = EDGE_CURVE('',#7126,#7117,#7128,.T.);
#7126 = VERTEX_POINT('',#7127);
#7127 = CARTESIAN_POINT('',(3.635E+03,563.,3.776E+03));
#7128 = LINE('',#7129,#7130);
#7129 = CARTESIAN_POINT('',(3.635E+03,563.,3.776E+03));
#7130 = VECTOR('',#7131,1.);
#7131 = DIRECTION('',(0.,0.,1.));
#7132 = ORIENTED_EDGE('',*,*,#7133,.T.);
#7133 = EDGE_CURVE('',#7126,#7126,#7134,.T.);
#7134 = CIRCLE('',#7135,60.);
#7135 = AXIS2_PLACEMENT_3D('',#7136,#7137,#7138);
#7136 = CARTESIAN_POINT('',(3.575E+03,563.,3.776E+03));
#7137 = DIRECTION('',(0.,0.,1.));
#7138 = DIRECTION('',(1.,0.,0.));
#7139 = ORIENTED_EDGE('',*,*,#7125,.T.);
#7140 = CYLINDRICAL_SURFACE('',#7141,60.);
#7141 = AXIS2_PLACEMENT_3D('',#7142,#7143,#7144);
#7142 = CARTESIAN_POINT('',(3.575E+03,563.,3.776E+03));
#7143 = DIRECTION('',(0.,0.,1.));
#7144 = DIRECTION('',(1.,0.,0.));
#7145 = ADVANCED_FACE('',(#7146),#7149,.T.);
#7146 = FACE_BOUND('',#7147,.T.);
#7147 = EDGE_LOOP('',(#7148));
#7148 = ORIENTED_EDGE('',*,*,#7116,.T.);
#7149 = PLANE('',#7150);
#7150 = AXIS2_PLACEMENT_3D('',#7151,#7152,#7153);
#7151 = CARTESIAN_POINT('',(3.575E+03,563.,3.796E+03));
#7152 = DIRECTION('',(0.,0.,1.));
#7153 = DIRECTION('',(1.,0.,0.));
#7154 = ADVANCED_FACE('',(#7155),#7158,.F.);
#7155 = FACE_BOUND('',#7156,.T.);
#7156 = EDGE_LOOP('',(#7157));
#7157 = ORIENTED_EDGE('',*,*,#7133,.F.);
#7158 = PLANE('',#7159);
#7159 = AXIS2_PLACEMENT_3D('',#7160,#7161,#7162);
#7160 = CARTESIAN_POINT('',(3.575E+03,563.,3.776E+03));
#7161 = DIRECTION('',(0.,0.,1.));
#7162 = DIRECTION('',(1.,0.,0.));
#7163 = MANIFOLD_SOLID_BREP('',#7164);
#7164 = CLOSED_SHELL('',(#7165,#7198,#7207));
#7165 = ADVANCED_FACE('',(#7166),#7193,.T.);
#7166 = FACE_BOUND('',#7167,.T.);
#7167 = EDGE_LOOP('',(#7168,#7177,#7185,#7192));
#7168 = ORIENTED_EDGE('',*,*,#7169,.F.);
#7169 = EDGE_CURVE('',#7170,#7170,#7172,.T.);
#7170 = VERTEX_POINT('',#7171);
#7171 = CARTESIAN_POINT('',(3.335E+03,563.,3.796E+03));
#7172 = CIRCLE('',#7173,60.);
#7173 = AXIS2_PLACEMENT_3D('',#7174,#7175,#7176);
#7174 = CARTESIAN_POINT('',(3.275E+03,563.,3.796E+03));
#7175 = DIRECTION('',(0.,0.,1.));
#7176 = DIRECTION('',(1.,0.,0.));
#7177 = ORIENTED_EDGE('',*,*,#7178,.F.);
#7178 = EDGE_CURVE('',#7179,#7170,#7181,.T.);
#7179 = VERTEX_POINT('',#7180);
#7180 = CARTESIAN_POINT('',(3.335E+03,563.,3.776E+03));
#7181 = LINE('',#7182,#7183);
#7182 = CARTESIAN_POINT('',(3.335E+03,563.,3.776E+03));
#7183 = VECTOR('',#7184,1.);
#7184 = DIRECTION('',(0.,0.,1.));
#7185 = ORIENTED_EDGE('',*,*,#7186,.T.);
#7186 = EDGE_CURVE('',#7179,#7179,#7187,.T.);
#7187 = CIRCLE('',#7188,60.);
#7188 = AXIS2_PLACEMENT_3D('',#7189,#7190,#7191);
#7189 = CARTESIAN_POINT('',(3.275E+03,563.,3.776E+03));
#7190 = DIRECTION('',(0.,0.,1.));
#7191 = DIRECTION('',(1.,0.,0.));
#7192 = ORIENTED_EDGE('',*,*,#7178,.T.);
#7193 = CYLINDRICAL_SURFACE('',#7194,60.);
#7194 = AXIS2_PLACEMENT_3D('',#7195,#7196,#7197);
#7195 = CARTESIAN_POINT('',(3.275E+03,563.,3.776E+03));
#7196 = DIRECTION('',(0.,0.,1.));
#7197 = DIRECTION('',(1.,0.,0.));
#7198 = ADVANCED_FACE('',(#7199),#7202,.T.);
#7199 = FACE_BOUND('',#7200,.T.);
#7200 = EDGE_LOOP('',(#7201));
#7201 = ORIENTED_EDGE('',*,*,#7169,.T.);
#7202 = PLANE('',#7203);
#7203 = AXIS2_PLACEMENT_3D('',#7204,#7205,#7206);
#7204 = CARTESIAN_POINT('',(3.275E+03,563.,3.796E+03));
#7205 = DIRECTION('',(0.,0.,1.));
#7206 = DIRECTION('',(1.,0.,0.));
#7207 = ADVANCED_FACE('',(#7208),#7211,.F.);
#7208 = FACE_BOUND('',#7209,.T.);
#7209 = EDGE_LOOP('',(#7210));
#7210 = ORIENTED_EDGE('',*,*,#7186,.F.);
#7211 = PLANE('',#7212);
#7212 = AXIS2_PLACEMENT_3D('',#7213,#7214,#7215);
#7213 = CARTESIAN_POINT('',(3.275E+03,563.,3.776E+03));
#7214 = DIRECTION('',(0.,0.,1.));
#7215 = DIRECTION('',(1.,0.,0.));
#7216 = MANIFOLD_SOLID_BREP('',#7217);
#7217 = CLOSED_SHELL('',(#7218,#7251,#7260));
#7218 = ADVANCED_FACE('',(#7219),#7246,.T.);
#7219 = FACE_BOUND('',#7220,.T.);
#7220 = EDGE_LOOP('',(#7221,#7230,#7238,#7245));
#7221 = ORIENTED_EDGE('',*,*,#7222,.F.);
#7222 = EDGE_CURVE('',#7223,#7223,#7225,.T.);
#7223 = VERTEX_POINT('',#7224);
#7224 = CARTESIAN_POINT('',(3.633E+03,1.296E+03,3.796E+03));
#7225 = CIRCLE('',#7226,60.);
#7226 = AXIS2_PLACEMENT_3D('',#7227,#7228,#7229);
#7227 = CARTESIAN_POINT('',(3.573E+03,1.296E+03,3.796E+03));
#7228 = DIRECTION('',(0.,0.,1.));
#7229 = DIRECTION('',(1.,0.,0.));
#7230 = ORIENTED_EDGE('',*,*,#7231,.F.);
#7231 = EDGE_CURVE('',#7232,#7223,#7234,.T.);
#7232 = VERTEX_POINT('',#7233);
#7233 = CARTESIAN_POINT('',(3.633E+03,1.296E+03,3.776E+03));
#7234 = LINE('',#7235,#7236);
#7235 = CARTESIAN_POINT('',(3.633E+03,1.296E+03,3.776E+03));
#7236 = VECTOR('',#7237,1.);
#7237 = DIRECTION('',(0.,0.,1.));
#7238 = ORIENTED_EDGE('',*,*,#7239,.T.);
#7239 = EDGE_CURVE('',#7232,#7232,#7240,.T.);
#7240 = CIRCLE('',#7241,60.);
#7241 = AXIS2_PLACEMENT_3D('',#7242,#7243,#7244);
#7242 = CARTESIAN_POINT('',(3.573E+03,1.296E+03,3.776E+03));
#7243 = DIRECTION('',(0.,0.,1.));
#7244 = DIRECTION('',(1.,0.,0.));
#7245 = ORIENTED_EDGE('',*,*,#7231,.T.);
#7246 = CYLINDRICAL_SURFACE('',#7247,60.);
#7247 = AXIS2_PLACEMENT_3D('',#7248,#7249,#7250);
#7248 = CARTESIAN_POINT('',(3.573E+03,1.296E+03,3.776E+03));
#7249 = DIRECTION('',(0.,0.,1.));
#7250 = DIRECTION('',(1.,0.,0.));
#7251 = ADVANCED_FACE('',(#7252),#7255,.T.);
#7252 = FACE_BOUND('',#7253,.T.);
#7253 = EDGE_LOOP('',(#7254));
#7254 = ORIENTED_EDGE('',*,*,#7222,.T.);
#7255 = PLANE('',#7256);
#7256 = AXIS2_PLACEMENT_3D('',#7257,#7258,#7259);
#7257 = CARTESIAN_POINT('',(3.573E+03,1.296E+03,3.796E+03));
#7258 = DIRECTION('',(0.,0.,1.));
#7259 = DIRECTION('',(1.,0.,0.));
#7260 = ADVANCED_FACE('',(#7261),#7264,.F.);
#7261 = FACE_BOUND('',#7262,.T.);
#7262 = EDGE_LOOP('',(#7263));
#7263 = ORIENTED_EDGE('',*,*,#7239,.F.);
#7264 = PLANE('',#7265);
#7265 = AXIS2_PLACEMENT_3D('',#7266,#7267,#7268);
#7266 = CARTESIAN_POINT('',(3.573E+03,1.296E+03,3.776E+03));
#7267 = DIRECTION('',(0.,0.,1.));
#7268 = DIRECTION('',(1.,0.,0.));
#7269 = MANIFOLD_SOLID_BREP('',#7270);
#7270 = CLOSED_SHELL('',(#7271,#7304,#7313));
#7271 = ADVANCED_FACE('',(#7272),#7299,.T.);
#7272 = FACE_BOUND('',#7273,.T.);
#7273 = EDGE_LOOP('',(#7274,#7283,#7291,#7298));
#7274 = ORIENTED_EDGE('',*,*,#7275,.F.);
#7275 = EDGE_CURVE('',#7276,#7276,#7278,.T.);
#7276 = VERTEX_POINT('',#7277);
#7277 = CARTESIAN_POINT('',(3.333E+03,1.296E+03,3.796E+03));
#7278 = CIRCLE('',#7279,60.);
#7279 = AXIS2_PLACEMENT_3D('',#7280,#7281,#7282);
#7280 = CARTESIAN_POINT('',(3.273E+03,1.296E+03,3.796E+03));
#7281 = DIRECTION('',(0.,0.,1.));
#7282 = DIRECTION('',(1.,0.,0.));
#7283 = ORIENTED_EDGE('',*,*,#7284,.F.);
#7284 = EDGE_CURVE('',#7285,#7276,#7287,.T.);
#7285 = VERTEX_POINT('',#7286);
#7286 = CARTESIAN_POINT('',(3.333E+03,1.296E+03,3.776E+03));
#7287 = LINE('',#7288,#7289);
#7288 = CARTESIAN_POINT('',(3.333E+03,1.296E+03,3.776E+03));
#7289 = VECTOR('',#7290,1.);
#7290 = DIRECTION('',(0.,0.,1.));
#7291 = ORIENTED_EDGE('',*,*,#7292,.T.);
#7292 = EDGE_CURVE('',#7285,#7285,#7293,.T.);
#7293 = CIRCLE('',#7294,60.);
#7294 = AXIS2_PLACEMENT_3D('',#7295,#7296,#7297);
#7295 = CARTESIAN_POINT('',(3.273E+03,1.296E+03,3.776E+03));
#7296 = DIRECTION('',(0.,0.,1.));
#7297 = DIRECTION('',(1.,0.,0.));
#7298 = ORIENTED_EDGE('',*,*,#7284,.T.);
#7299 = CYLINDRICAL_SURFACE('',#7300,60.);
#7300 = AXIS2_PLACEMENT_3D('',#7301,#7302,#7303);
#7301 = CARTESIAN_POINT('',(3.273E+03,1.296E+03,3.776E+03));
#7302 = DIRECTION('',(0.,0.,1.));
#7303 = DIRECTION('',(1.,0.,0.));
#7304 = ADVANCED_FACE('',(#7305),#7308,.T.);
#7305 = FACE_BOUND('',#7306,.T.);
#7306 = EDGE_LOOP('',(#7307));
#7307 = ORIENTED_EDGE('',*,*,#7275,.T.);
#7308 = PLANE('',#7309);
#7309 = AXIS2_PLACEMENT_3D('',#7310,#7311,#7312);
#7310 = CARTESIAN_POINT('',(3.273E+03,1.296E+03,3.796E+03));
#7311 = DIRECTION('',(0.,0.,1.));
#7312 = DIRECTION('',(1.,0.,0.));
#7313 = ADVANCED_FACE('',(#7314),#7317,.F.);
#7314 = FACE_BOUND('',#7315,.T.);
#7315 = EDGE_LOOP('',(#7316));
#7316 = ORIENTED_EDGE('',*,*,#7292,.F.);
#7317 = PLANE('',#7318);
#7318 = AXIS2_PLACEMENT_3D('',#7319,#7320,#7321);
#7319 = CARTESIAN_POINT('',(3.273E+03,1.296E+03,3.776E+03));
#7320 = DIRECTION('',(0.,0.,1.));
#7321 = DIRECTION('',(1.,0.,0.));
#7322 = MANIFOLD_SOLID_BREP('',#7323);
#7323 = CLOSED_SHELL('',(#7324,#7364,#7404,#7426,#7448,#7460));
#7324 = ADVANCED_FACE('',(#7325),#7359,.F.);
#7325 = FACE_BOUND('',#7326,.F.);
#7326 = EDGE_LOOP('',(#7327,#7337,#7345,#7353));
#7327 = ORIENTED_EDGE('',*,*,#7328,.F.);
#7328 = EDGE_CURVE('',#7329,#7331,#7333,.T.);
#7329 = VERTEX_POINT('',#7330);
#7330 = CARTESIAN_POINT('',(-2.868E+03,-1.589E+03,5.676E+03));
#7331 = VERTEX_POINT('',#7332);
#7332 = CARTESIAN_POINT('',(-2.868E+03,-1.589E+03,5.976E+03));
#7333 = LINE('',#7334,#7335);
#7334 = CARTESIAN_POINT('',(-2.868E+03,-1.589E+03,5.676E+03));
#7335 = VECTOR('',#7336,1.);
#7336 = DIRECTION('',(0.,0.,1.));
#7337 = ORIENTED_EDGE('',*,*,#7338,.T.);
#7338 = EDGE_CURVE('',#7329,#7339,#7341,.T.);
#7339 = VERTEX_POINT('',#7340);
#7340 = CARTESIAN_POINT('',(-2.868E+03,-1.339E+03,5.676E+03));
#7341 = LINE('',#7342,#7343);
#7342 = CARTESIAN_POINT('',(-2.868E+03,-1.589E+03,5.676E+03));
#7343 = VECTOR('',#7344,1.);
#7344 = DIRECTION('',(0.,1.,0.));
#7345 = ORIENTED_EDGE('',*,*,#7346,.T.);
#7346 = EDGE_CURVE('',#7339,#7347,#7349,.T.);
#7347 = VERTEX_POINT('',#7348);
#7348 = CARTESIAN_POINT('',(-2.868E+03,-1.339E+03,5.976E+03));
#7349 = LINE('',#7350,#7351);
#7350 = CARTESIAN_POINT('',(-2.868E+03,-1.339E+03,5.676E+03));
#7351 = VECTOR('',#7352,1.);
#7352 = DIRECTION('',(0.,0.,1.));
#7353 = ORIENTED_EDGE('',*,*,#7354,.F.);
#7354 = EDGE_CURVE('',#7331,#7347,#7355,.T.);
#7355 = LINE('',#7356,#7357);
#7356 = CARTESIAN_POINT('',(-2.868E+03,-1.589E+03,5.976E+03));
#7357 = VECTOR('',#7358,1.);
#7358 = DIRECTION('',(0.,1.,0.));
#7359 = PLANE('',#7360);
#7360 = AXIS2_PLACEMENT_3D('',#7361,#7362,#7363);
#7361 = CARTESIAN_POINT('',(-2.868E+03,-1.589E+03,5.676E+03));
#7362 = DIRECTION('',(1.,0.,0.));
#7363 = DIRECTION('',(0.,0.,1.));
#7364 = ADVANCED_FACE('',(#7365),#7399,.T.);
#7365 = FACE_BOUND('',#7366,.T.);
#7366 = EDGE_LOOP('',(#7367,#7377,#7385,#7393));
#7367 = ORIENTED_EDGE('',*,*,#7368,.F.);
#7368 = EDGE_CURVE('',#7369,#7371,#7373,.T.);
#7369 = VERTEX_POINT('',#7370);
#7370 = CARTESIAN_POINT('',(-1.968E+03,-1.589E+03,5.676E+03));
#7371 = VERTEX_POINT('',#7372);
#7372 = CARTESIAN_POINT('',(-1.968E+03,-1.589E+03,5.976E+03));
#7373 = LINE('',#7374,#7375);
#7374 = CARTESIAN_POINT('',(-1.968E+03,-1.589E+03,5.676E+03));
#7375 = VECTOR('',#7376,1.);
#7376 = DIRECTION('',(0.,0.,1.));
#7377 = ORIENTED_EDGE('',*,*,#7378,.T.);
#7378 = EDGE_CURVE('',#7369,#7379,#7381,.T.);
#7379 = VERTEX_POINT('',#7380);
#7380 = CARTESIAN_POINT('',(-1.968E+03,-1.339E+03,5.676E+03));
#7381 = LINE('',#7382,#7383);
#7382 = CARTESIAN_POINT('',(-1.968E+03,-1.589E+03,5.676E+03));
#7383 = VECTOR('',#7384,1.);
#7384 = DIRECTION('',(0.,1.,0.));
#7385 = ORIENTED_EDGE('',*,*,#7386,.T.);
#7386 = EDGE_CURVE('',#7379,#7387,#7389,.T.);
#7387 = VERTEX_POINT('',#7388);
#7388 = CARTESIAN_POINT('',(-1.968E+03,-1.339E+03,5.976E+03));
#7389 = LINE('',#7390,#7391);
#7390 = CARTESIAN_POINT('',(-1.968E+03,-1.339E+03,5.676E+03));
#7391 = VECTOR('',#7392,1.);
#7392 = DIRECTION('',(0.,0.,1.));
#7393 = ORIENTED_EDGE('',*,*,#7394,.F.);
#7394 = EDGE_CURVE('',#7371,#7387,#7395,.T.);
#7395 = LINE('',#7396,#7397);
#7396 = CARTESIAN_POINT('',(-1.968E+03,-1.589E+03,5.976E+03));
#7397 = VECTOR('',#7398,1.);
#7398 = DIRECTION('',(0.,1.,0.));
#7399 = PLANE('',#7400);
#7400 = AXIS2_PLACEMENT_3D('',#7401,#7402,#7403);
#7401 = CARTESIAN_POINT('',(-1.968E+03,-1.589E+03,5.676E+03));
#7402 = DIRECTION('',(1.,0.,0.));
#7403 = DIRECTION('',(0.,0.,1.));
#7404 = ADVANCED_FACE('',(#7405),#7421,.F.);
#7405 = FACE_BOUND('',#7406,.F.);
#7406 = EDGE_LOOP('',(#7407,#7413,#7414,#7420));
#7407 = ORIENTED_EDGE('',*,*,#7408,.F.);
#7408 = EDGE_CURVE('',#7329,#7369,#7409,.T.);
#7409 = LINE('',#7410,#7411);
#7410 = CARTESIAN_POINT('',(-2.868E+03,-1.589E+03,5.676E+03));
#7411 = VECTOR('',#7412,1.);
#7412 = DIRECTION('',(1.,0.,0.));
#7413 = ORIENTED_EDGE('',*,*,#7328,.T.);
#7414 = ORIENTED_EDGE('',*,*,#7415,.T.);
#7415 = EDGE_CURVE('',#7331,#7371,#7416,.T.);
#7416 = LINE('',#7417,#7418);
#7417 = CARTESIAN_POINT('',(-2.868E+03,-1.589E+03,5.976E+03));
#7418 = VECTOR('',#7419,1.);
#7419 = DIRECTION('',(1.,0.,0.));
#7420 = ORIENTED_EDGE('',*,*,#7368,.F.);
#7421 = PLANE('',#7422);
#7422 = AXIS2_PLACEMENT_3D('',#7423,#7424,#7425);
#7423 = CARTESIAN_POINT('',(-2.868E+03,-1.589E+03,5.676E+03));
#7424 = DIRECTION('',(0.,1.,0.));
#7425 = DIRECTION('',(0.,0.,1.));
#7426 = ADVANCED_FACE('',(#7427),#7443,.T.);
#7427 = FACE_BOUND('',#7428,.T.);
#7428 = EDGE_LOOP('',(#7429,#7435,#7436,#7442));
#7429 = ORIENTED_EDGE('',*,*,#7430,.F.);
#7430 = EDGE_CURVE('',#7339,#7379,#7431,.T.);
#7431 = LINE('',#7432,#7433);
#7432 = CARTESIAN_POINT('',(-2.868E+03,-1.339E+03,5.676E+03));
#7433 = VECTOR('',#7434,1.);
#7434 = DIRECTION('',(1.,0.,0.));
#7435 = ORIENTED_EDGE('',*,*,#7346,.T.);
#7436 = ORIENTED_EDGE('',*,*,#7437,.T.);
#7437 = EDGE_CURVE('',#7347,#7387,#7438,.T.);
#7438 = LINE('',#7439,#7440);
#7439 = CARTESIAN_POINT('',(-2.868E+03,-1.339E+03,5.976E+03));
#7440 = VECTOR('',#7441,1.);
#7441 = DIRECTION('',(1.,0.,0.));
#7442 = ORIENTED_EDGE('',*,*,#7386,.F.);
#7443 = PLANE('',#7444);
#7444 = AXIS2_PLACEMENT_3D('',#7445,#7446,#7447);
#7445 = CARTESIAN_POINT('',(-2.868E+03,-1.339E+03,5.676E+03));
#7446 = DIRECTION('',(0.,1.,0.));
#7447 = DIRECTION('',(0.,0.,1.));
#7448 = ADVANCED_FACE('',(#7449),#7455,.F.);
#7449 = FACE_BOUND('',#7450,.F.);
#7450 = EDGE_LOOP('',(#7451,#7452,#7453,#7454));
#7451 = ORIENTED_EDGE('',*,*,#7338,.F.);
#7452 = ORIENTED_EDGE('',*,*,#7408,.T.);
#7453 = ORIENTED_EDGE('',*,*,#7378,.T.);
#7454 = ORIENTED_EDGE('',*,*,#7430,.F.);
#7455 = PLANE('',#7456);
#7456 = AXIS2_PLACEMENT_3D('',#7457,#7458,#7459);
#7457 = CARTESIAN_POINT('',(-2.868E+03,-1.589E+03,5.676E+03));
#7458 = DIRECTION('',(0.,0.,1.));
#7459 = DIRECTION('',(1.,0.,0.));
#7460 = ADVANCED_FACE('',(#7461),#7467,.T.);
#7461 = FACE_BOUND('',#7462,.T.);
#7462 = EDGE_LOOP('',(#7463,#7464,#7465,#7466));
#7463 = ORIENTED_EDGE('',*,*,#7354,.F.);
#7464 = ORIENTED_EDGE('',*,*,#7415,.T.);
#7465 = ORIENTED_EDGE('',*,*,#7394,.T.);
#7466 = ORIENTED_EDGE('',*,*,#7437,.F.);
#7467 = PLANE('',#7468);
#7468 = AXIS2_PLACEMENT_3D('',#7469,#7470,#7471);
#7469 = CARTESIAN_POINT('',(-2.868E+03,-1.589E+03,5.976E+03));
#7470 = DIRECTION('',(0.,0.,1.));
#7471 = DIRECTION('',(1.,0.,0.));
#7472 = MANIFOLD_SOLID_BREP('',#7473);
#7473 = CLOSED_SHELL('',(#7474,#7514,#7554,#7576,#7598,#7610));
#7474 = ADVANCED_FACE('',(#7475),#7509,.F.);
#7475 = FACE_BOUND('',#7476,.F.);
#7476 = EDGE_LOOP('',(#7477,#7487,#7495,#7503));
#7477 = ORIENTED_EDGE('',*,*,#7478,.F.);
#7478 = EDGE_CURVE('',#7479,#7481,#7483,.T.);
#7479 = VERTEX_POINT('',#7480);
#7480 = CARTESIAN_POINT('',(-3.346E+03,-2.073E+03,5.276E+03));
#7481 = VERTEX_POINT('',#7482);
#7482 = CARTESIAN_POINT('',(-3.346E+03,-2.073E+03,5.826E+03));
#7483 = LINE('',#7484,#7485);
#7484 = CARTESIAN_POINT('',(-3.346E+03,-2.073E+03,5.276E+03));
#7485 = VECTOR('',#7486,1.);
#7486 = DIRECTION('',(0.,0.,1.));
#7487 = ORIENTED_EDGE('',*,*,#7488,.T.);
#7488 = EDGE_CURVE('',#7479,#7489,#7491,.T.);
#7489 = VERTEX_POINT('',#7490);
#7490 = CARTESIAN_POINT('',(-3.346E+03,-1.773E+03,5.276E+03));
#7491 = LINE('',#7492,#7493);
#7492 = CARTESIAN_POINT('',(-3.346E+03,-2.073E+03,5.276E+03));
#7493 = VECTOR('',#7494,1.);
#7494 = DIRECTION('',(0.,1.,0.));
#7495 = ORIENTED_EDGE('',*,*,#7496,.T.);
#7496 = EDGE_CURVE('',#7489,#7497,#7499,.T.);
#7497 = VERTEX_POINT('',#7498);
#7498 = CARTESIAN_POINT('',(-3.346E+03,-1.773E+03,5.826E+03));
#7499 = LINE('',#7500,#7501);
#7500 = CARTESIAN_POINT('',(-3.346E+03,-1.773E+03,5.276E+03));
#7501 = VECTOR('',#7502,1.);
#7502 = DIRECTION('',(0.,0.,1.));
#7503 = ORIENTED_EDGE('',*,*,#7504,.F.);
#7504 = EDGE_CURVE('',#7481,#7497,#7505,.T.);
#7505 = LINE('',#7506,#7507);
#7506 = CARTESIAN_POINT('',(-3.346E+03,-2.073E+03,5.826E+03));
#7507 = VECTOR('',#7508,1.);
#7508 = DIRECTION('',(0.,1.,0.));
#7509 = PLANE('',#7510);
#7510 = AXIS2_PLACEMENT_3D('',#7511,#7512,#7513);
#7511 = CARTESIAN_POINT('',(-3.346E+03,-2.073E+03,5.276E+03));
#7512 = DIRECTION('',(1.,0.,0.));
#7513 = DIRECTION('',(0.,0.,1.));
#7514 = ADVANCED_FACE('',(#7515),#7549,.T.);
#7515 = FACE_BOUND('',#7516,.T.);
#7516 = EDGE_LOOP('',(#7517,#7527,#7535,#7543));
#7517 = ORIENTED_EDGE('',*,*,#7518,.F.);
#7518 = EDGE_CURVE('',#7519,#7521,#7523,.T.);
#7519 = VERTEX_POINT('',#7520);
#7520 = CARTESIAN_POINT('',(-2.546E+03,-2.073E+03,5.276E+03));
#7521 = VERTEX_POINT('',#7522);
#7522 = CARTESIAN_POINT('',(-2.546E+03,-2.073E+03,5.826E+03));
#7523 = LINE('',#7524,#7525);
#7524 = CARTESIAN_POINT('',(-2.546E+03,-2.073E+03,5.276E+03));
#7525 = VECTOR('',#7526,1.);
#7526 = DIRECTION('',(0.,0.,1.));
#7527 = ORIENTED_EDGE('',*,*,#7528,.T.);
#7528 = EDGE_CURVE('',#7519,#7529,#7531,.T.);
#7529 = VERTEX_POINT('',#7530);
#7530 = CARTESIAN_POINT('',(-2.546E+03,-1.773E+03,5.276E+03));
#7531 = LINE('',#7532,#7533);
#7532 = CARTESIAN_POINT('',(-2.546E+03,-2.073E+03,5.276E+03));
#7533 = VECTOR('',#7534,1.);
#7534 = DIRECTION('',(0.,1.,0.));
#7535 = ORIENTED_EDGE('',*,*,#7536,.T.);
#7536 = EDGE_CURVE('',#7529,#7537,#7539,.T.);
#7537 = VERTEX_POINT('',#7538);
#7538 = CARTESIAN_POINT('',(-2.546E+03,-1.773E+03,5.826E+03));
#7539 = LINE('',#7540,#7541);
#7540 = CARTESIAN_POINT('',(-2.546E+03,-1.773E+03,5.276E+03));
#7541 = VECTOR('',#7542,1.);
#7542 = DIRECTION('',(0.,0.,1.));
#7543 = ORIENTED_EDGE('',*,*,#7544,.F.);
#7544 = EDGE_CURVE('',#7521,#7537,#7545,.T.);
#7545 = LINE('',#7546,#7547);
#7546 = CARTESIAN_POINT('',(-2.546E+03,-2.073E+03,5.826E+03));
#7547 = VECTOR('',#7548,1.);
#7548 = DIRECTION('',(0.,1.,0.));
#7549 = PLANE('',#7550);
#7550 = AXIS2_PLACEMENT_3D('',#7551,#7552,#7553);
#7551 = CARTESIAN_POINT('',(-2.546E+03,-2.073E+03,5.276E+03));
#7552 = DIRECTION('',(1.,0.,0.));
#7553 = DIRECTION('',(0.,0.,1.));
#7554 = ADVANCED_FACE('',(#7555),#7571,.F.);
#7555 = FACE_BOUND('',#7556,.F.);
#7556 = EDGE_LOOP('',(#7557,#7563,#7564,#7570));
#7557 = ORIENTED_EDGE('',*,*,#7558,.F.);
#7558 = EDGE_CURVE('',#7479,#7519,#7559,.T.);
#7559 = LINE('',#7560,#7561);
#7560 = CARTESIAN_POINT('',(-3.346E+03,-2.073E+03,5.276E+03));
#7561 = VECTOR('',#7562,1.);
#7562 = DIRECTION('',(1.,0.,0.));
#7563 = ORIENTED_EDGE('',*,*,#7478,.T.);
#7564 = ORIENTED_EDGE('',*,*,#7565,.T.);
#7565 = EDGE_CURVE('',#7481,#7521,#7566,.T.);
#7566 = LINE('',#7567,#7568);
#7567 = CARTESIAN_POINT('',(-3.346E+03,-2.073E+03,5.826E+03));
#7568 = VECTOR('',#7569,1.);
#7569 = DIRECTION('',(1.,0.,0.));
#7570 = ORIENTED_EDGE('',*,*,#7518,.F.);
#7571 = PLANE('',#7572);
#7572 = AXIS2_PLACEMENT_3D('',#7573,#7574,#7575);
#7573 = CARTESIAN_POINT('',(-3.346E+03,-2.073E+03,5.276E+03));
#7574 = DIRECTION('',(0.,1.,0.));
#7575 = DIRECTION('',(0.,0.,1.));
#7576 = ADVANCED_FACE('',(#7577),#7593,.T.);
#7577 = FACE_BOUND('',#7578,.T.);
#7578 = EDGE_LOOP('',(#7579,#7585,#7586,#7592));
#7579 = ORIENTED_EDGE('',*,*,#7580,.F.);
#7580 = EDGE_CURVE('',#7489,#7529,#7581,.T.);
#7581 = LINE('',#7582,#7583);
#7582 = CARTESIAN_POINT('',(-3.346E+03,-1.773E+03,5.276E+03));
#7583 = VECTOR('',#7584,1.);
#7584 = DIRECTION('',(1.,0.,0.));
#7585 = ORIENTED_EDGE('',*,*,#7496,.T.);
#7586 = ORIENTED_EDGE('',*,*,#7587,.T.);
#7587 = EDGE_CURVE('',#7497,#7537,#7588,.T.);
#7588 = LINE('',#7589,#7590);
#7589 = CARTESIAN_POINT('',(-3.346E+03,-1.773E+03,5.826E+03));
#7590 = VECTOR('',#7591,1.);
#7591 = DIRECTION('',(1.,0.,0.));
#7592 = ORIENTED_EDGE('',*,*,#7536,.F.);
#7593 = PLANE('',#7594);
#7594 = AXIS2_PLACEMENT_3D('',#7595,#7596,#7597);
#7595 = CARTESIAN_POINT('',(-3.346E+03,-1.773E+03,5.276E+03));
#7596 = DIRECTION('',(0.,1.,0.));
#7597 = DIRECTION('',(0.,0.,1.));
#7598 = ADVANCED_FACE('',(#7599),#7605,.F.);
#7599 = FACE_BOUND('',#7600,.F.);
#7600 = EDGE_LOOP('',(#7601,#7602,#7603,#7604));
#7601 = ORIENTED_EDGE('',*,*,#7488,.F.);
#7602 = ORIENTED_EDGE('',*,*,#7558,.T.);
#7603 = ORIENTED_EDGE('',*,*,#7528,.T.);
#7604 = ORIENTED_EDGE('',*,*,#7580,.F.);
#7605 = PLANE('',#7606);
#7606 = AXIS2_PLACEMENT_3D('',#7607,#7608,#7609);
#7607 = CARTESIAN_POINT('',(-3.346E+03,-2.073E+03,5.276E+03));
#7608 = DIRECTION('',(0.,0.,1.));
#7609 = DIRECTION('',(1.,0.,0.));
#7610 = ADVANCED_FACE('',(#7611),#7617,.T.);
#7611 = FACE_BOUND('',#7612,.T.);
#7612 = EDGE_LOOP('',(#7613,#7614,#7615,#7616));
#7613 = ORIENTED_EDGE('',*,*,#7504,.F.);
#7614 = ORIENTED_EDGE('',*,*,#7565,.T.);
#7615 = ORIENTED_EDGE('',*,*,#7544,.T.);
#7616 = ORIENTED_EDGE('',*,*,#7587,.F.);
#7617 = PLANE('',#7618);
#7618 = AXIS2_PLACEMENT_3D('',#7619,#7620,#7621);
#7619 = CARTESIAN_POINT('',(-3.346E+03,-2.073E+03,5.826E+03));
#7620 = DIRECTION('',(0.,0.,1.));
#7621 = DIRECTION('',(1.,0.,0.));
#7622 = MANIFOLD_SOLID_BREP('',#7623);
#7623 = CLOSED_SHELL('',(#7624,#7664,#7704,#7726,#7748,#7760));
#7624 = ADVANCED_FACE('',(#7625),#7659,.F.);
#7625 = FACE_BOUND('',#7626,.F.);
#7626 = EDGE_LOOP('',(#7627,#7637,#7645,#7653));
#7627 = ORIENTED_EDGE('',*,*,#7628,.F.);
#7628 = EDGE_CURVE('',#7629,#7631,#7633,.T.);
#7629 = VERTEX_POINT('',#7630);
#7630 = CARTESIAN_POINT('',(-2.178E+03,-1.524E+03,3.776E+03));
#7631 = VERTEX_POINT('',#7632);
#7632 = CARTESIAN_POINT('',(-2.178E+03,-1.524E+03,3.796E+03));
#7633 = LINE('',#7634,#7635);
#7634 = CARTESIAN_POINT('',(-2.178E+03,-1.524E+03,3.776E+03));
#7635 = VECTOR('',#7636,1.);
#7636 = DIRECTION('',(0.,0.,1.));
#7637 = ORIENTED_EDGE('',*,*,#7638,.T.);
#7638 = EDGE_CURVE('',#7629,#7639,#7641,.T.);
#7639 = VERTEX_POINT('',#7640);
#7640 = CARTESIAN_POINT('',(-2.178E+03,-1.404E+03,3.776E+03));
#7641 = LINE('',#7642,#7643);
#7642 = CARTESIAN_POINT('',(-2.178E+03,-1.524E+03,3.776E+03));
#7643 = VECTOR('',#7644,1.);
#7644 = DIRECTION('',(0.,1.,0.));
#7645 = ORIENTED_EDGE('',*,*,#7646,.T.);
#7646 = EDGE_CURVE('',#7639,#7647,#7649,.T.);
#7647 = VERTEX_POINT('',#7648);
#7648 = CARTESIAN_POINT('',(-2.178E+03,-1.404E+03,3.796E+03));
#7649 = LINE('',#7650,#7651);
#7650 = CARTESIAN_POINT('',(-2.178E+03,-1.404E+03,3.776E+03));
#7651 = VECTOR('',#7652,1.);
#7652 = DIRECTION('',(0.,0.,1.));
#7653 = ORIENTED_EDGE('',*,*,#7654,.F.);
#7654 = EDGE_CURVE('',#7631,#7647,#7655,.T.);
#7655 = LINE('',#7656,#7657);
#7656 = CARTESIAN_POINT('',(-2.178E+03,-1.524E+03,3.796E+03));
#7657 = VECTOR('',#7658,1.);
#7658 = DIRECTION('',(0.,1.,0.));
#7659 = PLANE('',#7660);
#7660 = AXIS2_PLACEMENT_3D('',#7661,#7662,#7663);
#7661 = CARTESIAN_POINT('',(-2.178E+03,-1.524E+03,3.776E+03));
#7662 = DIRECTION('',(1.,0.,0.));
#7663 = DIRECTION('',(0.,0.,1.));
#7664 = ADVANCED_FACE('',(#7665),#7699,.T.);
#7665 = FACE_BOUND('',#7666,.T.);
#7666 = EDGE_LOOP('',(#7667,#7677,#7685,#7693));
#7667 = ORIENTED_EDGE('',*,*,#7668,.F.);
#7668 = EDGE_CURVE('',#7669,#7671,#7673,.T.);
#7669 = VERTEX_POINT('',#7670);
#7670 = CARTESIAN_POINT('',(-2.058E+03,-1.524E+03,3.776E+03));
#7671 = VERTEX_POINT('',#7672);
#7672 = CARTESIAN_POINT('',(-2.058E+03,-1.524E+03,3.796E+03));
#7673 = LINE('',#7674,#7675);
#7674 = CARTESIAN_POINT('',(-2.058E+03,-1.524E+03,3.776E+03));
#7675 = VECTOR('',#7676,1.);
#7676 = DIRECTION('',(0.,0.,1.));
#7677 = ORIENTED_EDGE('',*,*,#7678,.T.);
#7678 = EDGE_CURVE('',#7669,#7679,#7681,.T.);
#7679 = VERTEX_POINT('',#7680);
#7680 = CARTESIAN_POINT('',(-2.058E+03,-1.404E+03,3.776E+03));
#7681 = LINE('',#7682,#7683);
#7682 = CARTESIAN_POINT('',(-2.058E+03,-1.524E+03,3.776E+03));
#7683 = VECTOR('',#7684,1.);
#7684 = DIRECTION('',(0.,1.,0.));
#7685 = ORIENTED_EDGE('',*,*,#7686,.T.);
#7686 = EDGE_CURVE('',#7679,#7687,#7689,.T.);
#7687 = VERTEX_POINT('',#7688);
#7688 = CARTESIAN_POINT('',(-2.058E+03,-1.404E+03,3.796E+03));
#7689 = LINE('',#7690,#7691);
#7690 = CARTESIAN_POINT('',(-2.058E+03,-1.404E+03,3.776E+03));
#7691 = VECTOR('',#7692,1.);
#7692 = DIRECTION('',(0.,0.,1.));
#7693 = ORIENTED_EDGE('',*,*,#7694,.F.);
#7694 = EDGE_CURVE('',#7671,#7687,#7695,.T.);
#7695 = LINE('',#7696,#7697);
#7696 = CARTESIAN_POINT('',(-2.058E+03,-1.524E+03,3.796E+03));
#7697 = VECTOR('',#7698,1.);
#7698 = DIRECTION('',(0.,1.,0.));
#7699 = PLANE('',#7700);
#7700 = AXIS2_PLACEMENT_3D('',#7701,#7702,#7703);
#7701 = CARTESIAN_POINT('',(-2.058E+03,-1.524E+03,3.776E+03));
#7702 = DIRECTION('',(1.,0.,0.));
#7703 = DIRECTION('',(0.,0.,1.));
#7704 = ADVANCED_FACE('',(#7705),#7721,.F.);
#7705 = FACE_BOUND('',#7706,.F.);
#7706 = EDGE_LOOP('',(#7707,#7713,#7714,#7720));
#7707 = ORIENTED_EDGE('',*,*,#7708,.F.);
#7708 = EDGE_CURVE('',#7629,#7669,#7709,.T.);
#7709 = LINE('',#7710,#7711);
#7710 = CARTESIAN_POINT('',(-2.178E+03,-1.524E+03,3.776E+03));
#7711 = VECTOR('',#7712,1.);
#7712 = DIRECTION('',(1.,0.,0.));
#7713 = ORIENTED_EDGE('',*,*,#7628,.T.);
#7714 = ORIENTED_EDGE('',*,*,#7715,.T.);
#7715 = EDGE_CURVE('',#7631,#7671,#7716,.T.);
#7716 = LINE('',#7717,#7718);
#7717 = CARTESIAN_POINT('',(-2.178E+03,-1.524E+03,3.796E+03));
#7718 = VECTOR('',#7719,1.);
#7719 = DIRECTION('',(1.,0.,0.));
#7720 = ORIENTED_EDGE('',*,*,#7668,.F.);
#7721 = PLANE('',#7722);
#7722 = AXIS2_PLACEMENT_3D('',#7723,#7724,#7725);
#7723 = CARTESIAN_POINT('',(-2.178E+03,-1.524E+03,3.776E+03));
#7724 = DIRECTION('',(0.,1.,0.));
#7725 = DIRECTION('',(0.,0.,1.));
#7726 = ADVANCED_FACE('',(#7727),#7743,.T.);
#7727 = FACE_BOUND('',#7728,.T.);
#7728 = EDGE_LOOP('',(#7729,#7735,#7736,#7742));
#7729 = ORIENTED_EDGE('',*,*,#7730,.F.);
#7730 = EDGE_CURVE('',#7639,#7679,#7731,.T.);
#7731 = LINE('',#7732,#7733);
#7732 = CARTESIAN_POINT('',(-2.178E+03,-1.404E+03,3.776E+03));
#7733 = VECTOR('',#7734,1.);
#7734 = DIRECTION('',(1.,0.,0.));
#7735 = ORIENTED_EDGE('',*,*,#7646,.T.);
#7736 = ORIENTED_EDGE('',*,*,#7737,.T.);
#7737 = EDGE_CURVE('',#7647,#7687,#7738,.T.);
#7738 = LINE('',#7739,#7740);
#7739 = CARTESIAN_POINT('',(-2.178E+03,-1.404E+03,3.796E+03));
#7740 = VECTOR('',#7741,1.);
#7741 = DIRECTION('',(1.,0.,0.));
#7742 = ORIENTED_EDGE('',*,*,#7686,.F.);
#7743 = PLANE('',#7744);
#7744 = AXIS2_PLACEMENT_3D('',#7745,#7746,#7747);
#7745 = CARTESIAN_POINT('',(-2.178E+03,-1.404E+03,3.776E+03));
#7746 = DIRECTION('',(0.,1.,0.));
#7747 = DIRECTION('',(0.,0.,1.));
#7748 = ADVANCED_FACE('',(#7749),#7755,.F.);
#7749 = FACE_BOUND('',#7750,.F.);
#7750 = EDGE_LOOP('',(#7751,#7752,#7753,#7754));
#7751 = ORIENTED_EDGE('',*,*,#7638,.F.);
#7752 = ORIENTED_EDGE('',*,*,#7708,.T.);
#7753 = ORIENTED_EDGE('',*,*,#7678,.T.);
#7754 = ORIENTED_EDGE('',*,*,#7730,.F.);
#7755 = PLANE('',#7756);
#7756 = AXIS2_PLACEMENT_3D('',#7757,#7758,#7759);
#7757 = CARTESIAN_POINT('',(-2.178E+03,-1.524E+03,3.776E+03));
#7758 = DIRECTION('',(0.,0.,1.));
#7759 = DIRECTION('',(1.,0.,0.));
#7760 = ADVANCED_FACE('',(#7761),#7767,.T.);
#7761 = FACE_BOUND('',#7762,.T.);
#7762 = EDGE_LOOP('',(#7763,#7764,#7765,#7766));
#7763 = ORIENTED_EDGE('',*,*,#7654,.F.);
#7764 = ORIENTED_EDGE('',*,*,#7715,.T.);
#7765 = ORIENTED_EDGE('',*,*,#7694,.T.);
#7766 = ORIENTED_EDGE('',*,*,#7737,.F.);
#7767 = PLANE('',#7768);
#7768 = AXIS2_PLACEMENT_3D('',#7769,#7770,#7771);
#7769 = CARTESIAN_POINT('',(-2.178E+03,-1.524E+03,3.796E+03));
#7770 = DIRECTION('',(0.,0.,1.));
#7771 = DIRECTION('',(1.,0.,0.));
#7772 = MANIFOLD_SOLID_BREP('',#7773);
#7773 = CLOSED_SHELL('',(#7774,#7814,#7854,#7876,#7898,#7910));
#7774 = ADVANCED_FACE('',(#7775),#7809,.F.);
#7775 = FACE_BOUND('',#7776,.F.);
#7776 = EDGE_LOOP('',(#7777,#7787,#7795,#7803));
#7777 = ORIENTED_EDGE('',*,*,#7778,.F.);
#7778 = EDGE_CURVE('',#7779,#7781,#7783,.T.);
#7779 = VERTEX_POINT('',#7780);
#7780 = CARTESIAN_POINT('',(-1.546E+03,885.,3.776E+03));
#7781 = VERTEX_POINT('',#7782);
#7782 = CARTESIAN_POINT('',(-1.546E+03,885.,3.796E+03));
#7783 = LINE('',#7784,#7785);
#7784 = CARTESIAN_POINT('',(-1.546E+03,885.,3.776E+03));
#7785 = VECTOR('',#7786,1.);
#7786 = DIRECTION('',(0.,0.,1.));
#7787 = ORIENTED_EDGE('',*,*,#7788,.T.);
#7788 = EDGE_CURVE('',#7779,#7789,#7791,.T.);
#7789 = VERTEX_POINT('',#7790);
#7790 = CARTESIAN_POINT('',(-1.546E+03,1.005E+03,3.776E+03));
#7791 = LINE('',#7792,#7793);
#7792 = CARTESIAN_POINT('',(-1.546E+03,885.,3.776E+03));
#7793 = VECTOR('',#7794,1.);
#7794 = DIRECTION('',(0.,1.,0.));
#7795 = ORIENTED_EDGE('',*,*,#7796,.T.);
#7796 = EDGE_CURVE('',#7789,#7797,#7799,.T.);
#7797 = VERTEX_POINT('',#7798);
#7798 = CARTESIAN_POINT('',(-1.546E+03,1.005E+03,3.796E+03));
#7799 = LINE('',#7800,#7801);
#7800 = CARTESIAN_POINT('',(-1.546E+03,1.005E+03,3.776E+03));
#7801 = VECTOR('',#7802,1.);
#7802 = DIRECTION('',(0.,0.,1.));
#7803 = ORIENTED_EDGE('',*,*,#7804,.F.);
#7804 = EDGE_CURVE('',#7781,#7797,#7805,.T.);
#7805 = LINE('',#7806,#7807);
#7806 = CARTESIAN_POINT('',(-1.546E+03,885.,3.796E+03));
#7807 = VECTOR('',#7808,1.);
#7808 = DIRECTION('',(0.,1.,0.));
#7809 = PLANE('',#7810);
#7810 = AXIS2_PLACEMENT_3D('',#7811,#7812,#7813);
#7811 = CARTESIAN_POINT('',(-1.546E+03,885.,3.776E+03));
#7812 = DIRECTION('',(1.,0.,0.));
#7813 = DIRECTION('',(0.,0.,1.));
#7814 = ADVANCED_FACE('',(#7815),#7849,.T.);
#7815 = FACE_BOUND('',#7816,.T.);
#7816 = EDGE_LOOP('',(#7817,#7827,#7835,#7843));
#7817 = ORIENTED_EDGE('',*,*,#7818,.F.);
#7818 = EDGE_CURVE('',#7819,#7821,#7823,.T.);
#7819 = VERTEX_POINT('',#7820);
#7820 = CARTESIAN_POINT('',(-1.426E+03,885.,3.776E+03));
#7821 = VERTEX_POINT('',#7822);
#7822 = CARTESIAN_POINT('',(-1.426E+03,885.,3.796E+03));
#7823 = LINE('',#7824,#7825);
#7824 = CARTESIAN_POINT('',(-1.426E+03,885.,3.776E+03));
#7825 = VECTOR('',#7826,1.);
#7826 = DIRECTION('',(0.,0.,1.));
#7827 = ORIENTED_EDGE('',*,*,#7828,.T.);
#7828 = EDGE_CURVE('',#7819,#7829,#7831,.T.);
#7829 = VERTEX_POINT('',#7830);
#7830 = CARTESIAN_POINT('',(-1.426E+03,1.005E+03,3.776E+03));
#7831 = LINE('',#7832,#7833);
#7832 = CARTESIAN_POINT('',(-1.426E+03,885.,3.776E+03));
#7833 = VECTOR('',#7834,1.);
#7834 = DIRECTION('',(0.,1.,0.));
#7835 = ORIENTED_EDGE('',*,*,#7836,.T.);
#7836 = EDGE_CURVE('',#7829,#7837,#7839,.T.);
#7837 = VERTEX_POINT('',#7838);
#7838 = CARTESIAN_POINT('',(-1.426E+03,1.005E+03,3.796E+03));
#7839 = LINE('',#7840,#7841);
#7840 = CARTESIAN_POINT('',(-1.426E+03,1.005E+03,3.776E+03));
#7841 = VECTOR('',#7842,1.);
#7842 = DIRECTION('',(0.,0.,1.));
#7843 = ORIENTED_EDGE('',*,*,#7844,.F.);
#7844 = EDGE_CURVE('',#7821,#7837,#7845,.T.);
#7845 = LINE('',#7846,#7847);
#7846 = CARTESIAN_POINT('',(-1.426E+03,885.,3.796E+03));
#7847 = VECTOR('',#7848,1.);
#7848 = DIRECTION('',(0.,1.,0.));
#7849 = PLANE('',#7850);
#7850 = AXIS2_PLACEMENT_3D('',#7851,#7852,#7853);
#7851 = CARTESIAN_POINT('',(-1.426E+03,885.,3.776E+03));
#7852 = DIRECTION('',(1.,0.,0.));
#7853 = DIRECTION('',(0.,0.,1.));
#7854 = ADVANCED_FACE('',(#7855),#7871,.F.);
#7855 = FACE_BOUND('',#7856,.F.);
#7856 = EDGE_LOOP('',(#7857,#7863,#7864,#7870));
#7857 = ORIENTED_EDGE('',*,*,#7858,.F.);
#7858 = EDGE_CURVE('',#7779,#7819,#7859,.T.);
#7859 = LINE('',#7860,#7861);
#7860 = CARTESIAN_POINT('',(-1.546E+03,885.,3.776E+03));
#7861 = VECTOR('',#7862,1.);
#7862 = DIRECTION('',(1.,0.,0.));
#7863 = ORIENTED_EDGE('',*,*,#7778,.T.);
#7864 = ORIENTED_EDGE('',*,*,#7865,.T.);
#7865 = EDGE_CURVE('',#7781,#7821,#7866,.T.);
#7866 = LINE('',#7867,#7868);
#7867 = CARTESIAN_POINT('',(-1.546E+03,885.,3.796E+03));
#7868 = VECTOR('',#7869,1.);
#7869 = DIRECTION('',(1.,0.,0.));
#7870 = ORIENTED_EDGE('',*,*,#7818,.F.);
#7871 = PLANE('',#7872);
#7872 = AXIS2_PLACEMENT_3D('',#7873,#7874,#7875);
#7873 = CARTESIAN_POINT('',(-1.546E+03,885.,3.776E+03));
#7874 = DIRECTION('',(0.,1.,0.));
#7875 = DIRECTION('',(0.,0.,1.));
#7876 = ADVANCED_FACE('',(#7877),#7893,.T.);
#7877 = FACE_BOUND('',#7878,.T.);
#7878 = EDGE_LOOP('',(#7879,#7885,#7886,#7892));
#7879 = ORIENTED_EDGE('',*,*,#7880,.F.);
#7880 = EDGE_CURVE('',#7789,#7829,#7881,.T.);
#7881 = LINE('',#7882,#7883);
#7882 = CARTESIAN_POINT('',(-1.546E+03,1.005E+03,3.776E+03));
#7883 = VECTOR('',#7884,1.);
#7884 = DIRECTION('',(1.,0.,0.));
#7885 = ORIENTED_EDGE('',*,*,#7796,.T.);
#7886 = ORIENTED_EDGE('',*,*,#7887,.T.);
#7887 = EDGE_CURVE('',#7797,#7837,#7888,.T.);
#7888 = LINE('',#7889,#7890);
#7889 = CARTESIAN_POINT('',(-1.546E+03,1.005E+03,3.796E+03));
#7890 = VECTOR('',#7891,1.);
#7891 = DIRECTION('',(1.,0.,0.));
#7892 = ORIENTED_EDGE('',*,*,#7836,.F.);
#7893 = PLANE('',#7894);
#7894 = AXIS2_PLACEMENT_3D('',#7895,#7896,#7897);
#7895 = CARTESIAN_POINT('',(-1.546E+03,1.005E+03,3.776E+03));
#7896 = DIRECTION('',(0.,1.,0.));
#7897 = DIRECTION('',(0.,0.,1.));
#7898 = ADVANCED_FACE('',(#7899),#7905,.F.);
#7899 = FACE_BOUND('',#7900,.F.);
#7900 = EDGE_LOOP('',(#7901,#7902,#7903,#7904));
#7901 = ORIENTED_EDGE('',*,*,#7788,.F.);
#7902 = ORIENTED_EDGE('',*,*,#7858,.T.);
#7903 = ORIENTED_EDGE('',*,*,#7828,.T.);
#7904 = ORIENTED_EDGE('',*,*,#7880,.F.);
#7905 = PLANE('',#7906);
#7906 = AXIS2_PLACEMENT_3D('',#7907,#7908,#7909);
#7907 = CARTESIAN_POINT('',(-1.546E+03,885.,3.776E+03));
#7908 = DIRECTION('',(0.,0.,1.));
#7909 = DIRECTION('',(1.,0.,0.));
#7910 = ADVANCED_FACE('',(#7911),#7917,.T.);
#7911 = FACE_BOUND('',#7912,.T.);
#7912 = EDGE_LOOP('',(#7913,#7914,#7915,#7916));
#7913 = ORIENTED_EDGE('',*,*,#7804,.F.);
#7914 = ORIENTED_EDGE('',*,*,#7865,.T.);
#7915 = ORIENTED_EDGE('',*,*,#7844,.T.);
#7916 = ORIENTED_EDGE('',*,*,#7887,.F.);
#7917 = PLANE('',#7918);
#7918 = AXIS2_PLACEMENT_3D('',#7919,#7920,#7921);
#7919 = CARTESIAN_POINT('',(-1.546E+03,885.,3.796E+03));
#7920 = DIRECTION('',(0.,0.,1.));
#7921 = DIRECTION('',(1.,0.,0.));
#7922 = MANIFOLD_SOLID_BREP('',#7923);
#7923 = CLOSED_SHELL('',(#7924,#7957,#7966));
#7924 = ADVANCED_FACE('',(#7925),#7952,.T.);
#7925 = FACE_BOUND('',#7926,.T.);
#7926 = EDGE_LOOP('',(#7927,#7936,#7944,#7951));
#7927 = ORIENTED_EDGE('',*,*,#7928,.F.);
#7928 = EDGE_CURVE('',#7929,#7929,#7931,.T.);
#7929 = VERTEX_POINT('',#7930);
#7930 = CARTESIAN_POINT('',(-1.426E+03,345.,3.796E+03));
#7931 = CIRCLE('',#7932,60.);
#7932 = AXIS2_PLACEMENT_3D('',#7933,#7934,#7935);
#7933 = CARTESIAN_POINT('',(-1.486E+03,345.,3.796E+03));
#7934 = DIRECTION('',(0.,0.,1.));
#7935 = DIRECTION('',(1.,0.,0.));
#7936 = ORIENTED_EDGE('',*,*,#7937,.F.);
#7937 = EDGE_CURVE('',#7938,#7929,#7940,.T.);
#7938 = VERTEX_POINT('',#7939);
#7939 = CARTESIAN_POINT('',(-1.426E+03,345.,3.776E+03));
#7940 = LINE('',#7941,#7942);
#7941 = CARTESIAN_POINT('',(-1.426E+03,345.,3.776E+03));
#7942 = VECTOR('',#7943,1.);
#7943 = DIRECTION('',(0.,0.,1.));
#7944 = ORIENTED_EDGE('',*,*,#7945,.T.);
#7945 = EDGE_CURVE('',#7938,#7938,#7946,.T.);
#7946 = CIRCLE('',#7947,60.);
#7947 = AXIS2_PLACEMENT_3D('',#7948,#7949,#7950);
#7948 = CARTESIAN_POINT('',(-1.486E+03,345.,3.776E+03));
#7949 = DIRECTION('',(0.,0.,1.));
#7950 = DIRECTION('',(1.,0.,0.));
#7951 = ORIENTED_EDGE('',*,*,#7937,.T.);
#7952 = CYLINDRICAL_SURFACE('',#7953,60.);
#7953 = AXIS2_PLACEMENT_3D('',#7954,#7955,#7956);
#7954 = CARTESIAN_POINT('',(-1.486E+03,345.,3.776E+03));
#7955 = DIRECTION('',(0.,0.,1.));
#7956 = DIRECTION('',(1.,0.,0.));
#7957 = ADVANCED_FACE('',(#7958),#7961,.T.);
#7958 = FACE_BOUND('',#7959,.T.);
#7959 = EDGE_LOOP('',(#7960));
#7960 = ORIENTED_EDGE('',*,*,#7928,.T.);
#7961 = PLANE('',#7962);
#7962 = AXIS2_PLACEMENT_3D('',#7963,#7964,#7965);
#7963 = CARTESIAN_POINT('',(-1.486E+03,345.,3.796E+03));
#7964 = DIRECTION('',(0.,0.,1.));
#7965 = DIRECTION('',(1.,0.,0.));
#7966 = ADVANCED_FACE('',(#7967),#7970,.F.);
#7967 = FACE_BOUND('',#7968,.T.);
#7968 = EDGE_LOOP('',(#7969));
#7969 = ORIENTED_EDGE('',*,*,#7945,.F.);
#7970 = PLANE('',#7971);
#7971 = AXIS2_PLACEMENT_3D('',#7972,#7973,#7974);
#7972 = CARTESIAN_POINT('',(-1.486E+03,345.,3.776E+03));
#7973 = DIRECTION('',(0.,0.,1.));
#7974 = DIRECTION('',(1.,0.,0.));
#7975 = MANIFOLD_SOLID_BREP('',#7976);
#7976 = CLOSED_SHELL('',(#7977,#8017,#8057,#8079,#8101,#8113));
#7977 = ADVANCED_FACE('',(#7978),#8012,.F.);
#7978 = FACE_BOUND('',#7979,.F.);
#7979 = EDGE_LOOP('',(#7980,#7990,#7998,#8006));
#7980 = ORIENTED_EDGE('',*,*,#7981,.F.);
#7981 = EDGE_CURVE('',#7982,#7984,#7986,.T.);
#7982 = VERTEX_POINT('',#7983);
#7983 = CARTESIAN_POINT('',(2.243E+03,-1.607E+03,5.676E+03));
#7984 = VERTEX_POINT('',#7985);
#7985 = CARTESIAN_POINT('',(2.243E+03,-1.607E+03,5.976E+03));
#7986 = LINE('',#7987,#7988);
#7987 = CARTESIAN_POINT('',(2.243E+03,-1.607E+03,5.676E+03));
#7988 = VECTOR('',#7989,1.);
#7989 = DIRECTION('',(0.,0.,1.));
#7990 = ORIENTED_EDGE('',*,*,#7991,.T.);
#7991 = EDGE_CURVE('',#7982,#7992,#7994,.T.);
#7992 = VERTEX_POINT('',#7993);
#7993 = CARTESIAN_POINT('',(2.243E+03,-1.357E+03,5.676E+03));
#7994 = LINE('',#7995,#7996);
#7995 = CARTESIAN_POINT('',(2.243E+03,-1.607E+03,5.676E+03));
#7996 = VECTOR('',#7997,1.);
#7997 = DIRECTION('',(0.,1.,0.));
#7998 = ORIENTED_EDGE('',*,*,#7999,.T.);
#7999 = EDGE_CURVE('',#7992,#8000,#8002,.T.);
#8000 = VERTEX_POINT('',#8001);
#8001 = CARTESIAN_POINT('',(2.243E+03,-1.357E+03,5.976E+03));
#8002 = LINE('',#8003,#8004);
#8003 = CARTESIAN_POINT('',(2.243E+03,-1.357E+03,5.676E+03));
#8004 = VECTOR('',#8005,1.);
#8005 = DIRECTION('',(0.,0.,1.));
#8006 = ORIENTED_EDGE('',*,*,#8007,.F.);
#8007 = EDGE_CURVE('',#7984,#8000,#8008,.T.);
#8008 = LINE('',#8009,#8010);
#8009 = CARTESIAN_POINT('',(2.243E+03,-1.607E+03,5.976E+03));
#8010 = VECTOR('',#8011,1.);
#8011 = DIRECTION('',(0.,1.,0.));
#8012 = PLANE('',#8013);
#8013 = AXIS2_PLACEMENT_3D('',#8014,#8015,#8016);
#8014 = CARTESIAN_POINT('',(2.243E+03,-1.607E+03,5.676E+03));
#8015 = DIRECTION('',(1.,0.,0.));
#8016 = DIRECTION('',(0.,0.,1.));
#8017 = ADVANCED_FACE('',(#8018),#8052,.T.);
#8018 = FACE_BOUND('',#8019,.T.);
#8019 = EDGE_LOOP('',(#8020,#8030,#8038,#8046));
#8020 = ORIENTED_EDGE('',*,*,#8021,.F.);
#8021 = EDGE_CURVE('',#8022,#8024,#8026,.T.);
#8022 = VERTEX_POINT('',#8023);
#8023 = CARTESIAN_POINT('',(3.143E+03,-1.607E+03,5.676E+03));
#8024 = VERTEX_POINT('',#8025);
#8025 = CARTESIAN_POINT('',(3.143E+03,-1.607E+03,5.976E+03));
#8026 = LINE('',#8027,#8028);
#8027 = CARTESIAN_POINT('',(3.143E+03,-1.607E+03,5.676E+03));
#8028 = VECTOR('',#8029,1.);
#8029 = DIRECTION('',(0.,0.,1.));
#8030 = ORIENTED_EDGE('',*,*,#8031,.T.);
#8031 = EDGE_CURVE('',#8022,#8032,#8034,.T.);
#8032 = VERTEX_POINT('',#8033);
#8033 = CARTESIAN_POINT('',(3.143E+03,-1.357E+03,5.676E+03));
#8034 = LINE('',#8035,#8036);
#8035 = CARTESIAN_POINT('',(3.143E+03,-1.607E+03,5.676E+03));
#8036 = VECTOR('',#8037,1.);
#8037 = DIRECTION('',(0.,1.,0.));
#8038 = ORIENTED_EDGE('',*,*,#8039,.T.);
#8039 = EDGE_CURVE('',#8032,#8040,#8042,.T.);
#8040 = VERTEX_POINT('',#8041);
#8041 = CARTESIAN_POINT('',(3.143E+03,-1.357E+03,5.976E+03));
#8042 = LINE('',#8043,#8044);
#8043 = CARTESIAN_POINT('',(3.143E+03,-1.357E+03,5.676E+03));
#8044 = VECTOR('',#8045,1.);
#8045 = DIRECTION('',(0.,0.,1.));
#8046 = ORIENTED_EDGE('',*,*,#8047,.F.);
#8047 = EDGE_CURVE('',#8024,#8040,#8048,.T.);
#8048 = LINE('',#8049,#8050);
#8049 = CARTESIAN_POINT('',(3.143E+03,-1.607E+03,5.976E+03));
#8050 = VECTOR('',#8051,1.);
#8051 = DIRECTION('',(0.,1.,0.));
#8052 = PLANE('',#8053);
#8053 = AXIS2_PLACEMENT_3D('',#8054,#8055,#8056);
#8054 = CARTESIAN_POINT('',(3.143E+03,-1.607E+03,5.676E+03));
#8055 = DIRECTION('',(1.,0.,0.));
#8056 = DIRECTION('',(0.,0.,1.));
#8057 = ADVANCED_FACE('',(#8058),#8074,.F.);
#8058 = FACE_BOUND('',#8059,.F.);
#8059 = EDGE_LOOP('',(#8060,#8066,#8067,#8073));
#8060 = ORIENTED_EDGE('',*,*,#8061,.F.);
#8061 = EDGE_CURVE('',#7982,#8022,#8062,.T.);
#8062 = LINE('',#8063,#8064);
#8063 = CARTESIAN_POINT('',(2.243E+03,-1.607E+03,5.676E+03));
#8064 = VECTOR('',#8065,1.);
#8065 = DIRECTION('',(1.,0.,0.));
#8066 = ORIENTED_EDGE('',*,*,#7981,.T.);
#8067 = ORIENTED_EDGE('',*,*,#8068,.T.);
#8068 = EDGE_CURVE('',#7984,#8024,#8069,.T.);
#8069 = LINE('',#8070,#8071);
#8070 = CARTESIAN_POINT('',(2.243E+03,-1.607E+03,5.976E+03));
#8071 = VECTOR('',#8072,1.);
#8072 = DIRECTION('',(1.,0.,0.));
#8073 = ORIENTED_EDGE('',*,*,#8021,.F.);
#8074 = PLANE('',#8075);
#8075 = AXIS2_PLACEMENT_3D('',#8076,#8077,#8078);
#8076 = CARTESIAN_POINT('',(2.243E+03,-1.607E+03,5.676E+03));
#8077 = DIRECTION('',(0.,1.,0.));
#8078 = DIRECTION('',(0.,0.,1.));
#8079 = ADVANCED_FACE('',(#8080),#8096,.T.);
#8080 = FACE_BOUND('',#8081,.T.);
#8081 = EDGE_LOOP('',(#8082,#8088,#8089,#8095));
#8082 = ORIENTED_EDGE('',*,*,#8083,.F.);
#8083 = EDGE_CURVE('',#7992,#8032,#8084,.T.);
#8084 = LINE('',#8085,#8086);
#8085 = CARTESIAN_POINT('',(2.243E+03,-1.357E+03,5.676E+03));
#8086 = VECTOR('',#8087,1.);
#8087 = DIRECTION('',(1.,0.,0.));
#8088 = ORIENTED_EDGE('',*,*,#7999,.T.);
#8089 = ORIENTED_EDGE('',*,*,#8090,.T.);
#8090 = EDGE_CURVE('',#8000,#8040,#8091,.T.);
#8091 = LINE('',#8092,#8093);
#8092 = CARTESIAN_POINT('',(2.243E+03,-1.357E+03,5.976E+03));
#8093 = VECTOR('',#8094,1.);
#8094 = DIRECTION('',(1.,0.,0.));
#8095 = ORIENTED_EDGE('',*,*,#8039,.F.);
#8096 = PLANE('',#8097);
#8097 = AXIS2_PLACEMENT_3D('',#8098,#8099,#8100);
#8098 = CARTESIAN_POINT('',(2.243E+03,-1.357E+03,5.676E+03));
#8099 = DIRECTION('',(0.,1.,0.));
#8100 = DIRECTION('',(0.,0.,1.));
#8101 = ADVANCED_FACE('',(#8102),#8108,.F.);
#8102 = FACE_BOUND('',#8103,.F.);
#8103 = EDGE_LOOP('',(#8104,#8105,#8106,#8107));
#8104 = ORIENTED_EDGE('',*,*,#7991,.F.);
#8105 = ORIENTED_EDGE('',*,*,#8061,.T.);
#8106 = ORIENTED_EDGE('',*,*,#8031,.T.);
#8107 = ORIENTED_EDGE('',*,*,#8083,.F.);
#8108 = PLANE('',#8109);
#8109 = AXIS2_PLACEMENT_3D('',#8110,#8111,#8112);
#8110 = CARTESIAN_POINT('',(2.243E+03,-1.607E+03,5.676E+03));
#8111 = DIRECTION('',(0.,0.,1.));
#8112 = DIRECTION('',(1.,0.,0.));
#8113 = ADVANCED_FACE('',(#8114),#8120,.T.);
#8114 = FACE_BOUND('',#8115,.T.);
#8115 = EDGE_LOOP('',(#8116,#8117,#8118,#8119));
#8116 = ORIENTED_EDGE('',*,*,#8007,.F.);
#8117 = ORIENTED_EDGE('',*,*,#8068,.T.);
#8118 = ORIENTED_EDGE('',*,*,#8047,.T.);
#8119 = ORIENTED_EDGE('',*,*,#8090,.F.);
#8120 = PLANE('',#8121);
#8121 = AXIS2_PLACEMENT_3D('',#8122,#8123,#8124);
#8122 = CARTESIAN_POINT('',(2.243E+03,-1.607E+03,5.976E+03));
#8123 = DIRECTION('',(0.,0.,1.));
#8124 = DIRECTION('',(1.,0.,0.));
#8125 = MANIFOLD_SOLID_BREP('',#8126);
#8126 = CLOSED_SHELL('',(#8127,#8167,#8207,#8229,#8251,#8263));
#8127 = ADVANCED_FACE('',(#8128),#8162,.F.);
#8128 = FACE_BOUND('',#8129,.F.);
#8129 = EDGE_LOOP('',(#8130,#8140,#8148,#8156));
#8130 = ORIENTED_EDGE('',*,*,#8131,.F.);
#8131 = EDGE_CURVE('',#8132,#8134,#8136,.T.);
#8132 = VERTEX_POINT('',#8133);
#8133 = CARTESIAN_POINT('',(2.721E+03,-2.187E+03,5.276E+03));
#8134 = VERTEX_POINT('',#8135);
#8135 = CARTESIAN_POINT('',(2.721E+03,-2.187E+03,5.826E+03));
#8136 = LINE('',#8137,#8138);
#8137 = CARTESIAN_POINT('',(2.721E+03,-2.187E+03,5.276E+03));
#8138 = VECTOR('',#8139,1.);
#8139 = DIRECTION('',(0.,0.,1.));
#8140 = ORIENTED_EDGE('',*,*,#8141,.T.);
#8141 = EDGE_CURVE('',#8132,#8142,#8144,.T.);
#8142 = VERTEX_POINT('',#8143);
#8143 = CARTESIAN_POINT('',(2.721E+03,-1.887E+03,5.276E+03));
#8144 = LINE('',#8145,#8146);
#8145 = CARTESIAN_POINT('',(2.721E+03,-2.187E+03,5.276E+03));
#8146 = VECTOR('',#8147,1.);
#8147 = DIRECTION('',(0.,1.,0.));
#8148 = ORIENTED_EDGE('',*,*,#8149,.T.);
#8149 = EDGE_CURVE('',#8142,#8150,#8152,.T.);
#8150 = VERTEX_POINT('',#8151);
#8151 = CARTESIAN_POINT('',(2.721E+03,-1.887E+03,5.826E+03));
#8152 = LINE('',#8153,#8154);
#8153 = CARTESIAN_POINT('',(2.721E+03,-1.887E+03,5.276E+03));
#8154 = VECTOR('',#8155,1.);
#8155 = DIRECTION('',(0.,0.,1.));
#8156 = ORIENTED_EDGE('',*,*,#8157,.F.);
#8157 = EDGE_CURVE('',#8134,#8150,#8158,.T.);
#8158 = LINE('',#8159,#8160);
#8159 = CARTESIAN_POINT('',(2.721E+03,-2.187E+03,5.826E+03));
#8160 = VECTOR('',#8161,1.);
#8161 = DIRECTION('',(0.,1.,0.));
#8162 = PLANE('',#8163);
#8163 = AXIS2_PLACEMENT_3D('',#8164,#8165,#8166);
#8164 = CARTESIAN_POINT('',(2.721E+03,-2.187E+03,5.276E+03));
#8165 = DIRECTION('',(1.,0.,0.));
#8166 = DIRECTION('',(0.,0.,1.));
#8167 = ADVANCED_FACE('',(#8168),#8202,.T.);
#8168 = FACE_BOUND('',#8169,.T.);
#8169 = EDGE_LOOP('',(#8170,#8180,#8188,#8196));
#8170 = ORIENTED_EDGE('',*,*,#8171,.F.);
#8171 = EDGE_CURVE('',#8172,#8174,#8176,.T.);
#8172 = VERTEX_POINT('',#8173);
#8173 = CARTESIAN_POINT('',(3.521E+03,-2.187E+03,5.276E+03));
#8174 = VERTEX_POINT('',#8175);
#8175 = CARTESIAN_POINT('',(3.521E+03,-2.187E+03,5.826E+03));
#8176 = LINE('',#8177,#8178);
#8177 = CARTESIAN_POINT('',(3.521E+03,-2.187E+03,5.276E+03));
#8178 = VECTOR('',#8179,1.);
#8179 = DIRECTION('',(0.,0.,1.));
#8180 = ORIENTED_EDGE('',*,*,#8181,.T.);
#8181 = EDGE_CURVE('',#8172,#8182,#8184,.T.);
#8182 = VERTEX_POINT('',#8183);
#8183 = CARTESIAN_POINT('',(3.521E+03,-1.887E+03,5.276E+03));
#8184 = LINE('',#8185,#8186);
#8185 = CARTESIAN_POINT('',(3.521E+03,-2.187E+03,5.276E+03));
#8186 = VECTOR('',#8187,1.);
#8187 = DIRECTION('',(0.,1.,0.));
#8188 = ORIENTED_EDGE('',*,*,#8189,.T.);
#8189 = EDGE_CURVE('',#8182,#8190,#8192,.T.);
#8190 = VERTEX_POINT('',#8191);
#8191 = CARTESIAN_POINT('',(3.521E+03,-1.887E+03,5.826E+03));
#8192 = LINE('',#8193,#8194);
#8193 = CARTESIAN_POINT('',(3.521E+03,-1.887E+03,5.276E+03));
#8194 = VECTOR('',#8195,1.);
#8195 = DIRECTION('',(0.,0.,1.));
#8196 = ORIENTED_EDGE('',*,*,#8197,.F.);
#8197 = EDGE_CURVE('',#8174,#8190,#8198,.T.);
#8198 = LINE('',#8199,#8200);
#8199 = CARTESIAN_POINT('',(3.521E+03,-2.187E+03,5.826E+03));
#8200 = VECTOR('',#8201,1.);
#8201 = DIRECTION('',(0.,1.,0.));
#8202 = PLANE('',#8203);
#8203 = AXIS2_PLACEMENT_3D('',#8204,#8205,#8206);
#8204 = CARTESIAN_POINT('',(3.521E+03,-2.187E+03,5.276E+03));
#8205 = DIRECTION('',(1.,0.,0.));
#8206 = DIRECTION('',(0.,0.,1.));
#8207 = ADVANCED_FACE('',(#8208),#8224,.F.);
#8208 = FACE_BOUND('',#8209,.F.);
#8209 = EDGE_LOOP('',(#8210,#8216,#8217,#8223));
#8210 = ORIENTED_EDGE('',*,*,#8211,.F.);
#8211 = EDGE_CURVE('',#8132,#8172,#8212,.T.);
#8212 = LINE('',#8213,#8214);
#8213 = CARTESIAN_POINT('',(2.721E+03,-2.187E+03,5.276E+03));
#8214 = VECTOR('',#8215,1.);
#8215 = DIRECTION('',(1.,0.,0.));
#8216 = ORIENTED_EDGE('',*,*,#8131,.T.);
#8217 = ORIENTED_EDGE('',*,*,#8218,.T.);
#8218 = EDGE_CURVE('',#8134,#8174,#8219,.T.);
#8219 = LINE('',#8220,#8221);
#8220 = CARTESIAN_POINT('',(2.721E+03,-2.187E+03,5.826E+03));
#8221 = VECTOR('',#8222,1.);
#8222 = DIRECTION('',(1.,0.,0.));
#8223 = ORIENTED_EDGE('',*,*,#8171,.F.);
#8224 = PLANE('',#8225);
#8225 = AXIS2_PLACEMENT_3D('',#8226,#8227,#8228);
#8226 = CARTESIAN_POINT('',(2.721E+03,-2.187E+03,5.276E+03));
#8227 = DIRECTION('',(0.,1.,0.));
#8228 = DIRECTION('',(0.,0.,1.));
#8229 = ADVANCED_FACE('',(#8230),#8246,.T.);
#8230 = FACE_BOUND('',#8231,.T.);
#8231 = EDGE_LOOP('',(#8232,#8238,#8239,#8245));
#8232 = ORIENTED_EDGE('',*,*,#8233,.F.);
#8233 = EDGE_CURVE('',#8142,#8182,#8234,.T.);
#8234 = LINE('',#8235,#8236);
#8235 = CARTESIAN_POINT('',(2.721E+03,-1.887E+03,5.276E+03));
#8236 = VECTOR('',#8237,1.);
#8237 = DIRECTION('',(1.,0.,0.));
#8238 = ORIENTED_EDGE('',*,*,#8149,.T.);
#8239 = ORIENTED_EDGE('',*,*,#8240,.T.);
#8240 = EDGE_CURVE('',#8150,#8190,#8241,.T.);
#8241 = LINE('',#8242,#8243);
#8242 = CARTESIAN_POINT('',(2.721E+03,-1.887E+03,5.826E+03));
#8243 = VECTOR('',#8244,1.);
#8244 = DIRECTION('',(1.,0.,0.));
#8245 = ORIENTED_EDGE('',*,*,#8189,.F.);
#8246 = PLANE('',#8247);
#8247 = AXIS2_PLACEMENT_3D('',#8248,#8249,#8250);
#8248 = CARTESIAN_POINT('',(2.721E+03,-1.887E+03,5.276E+03));
#8249 = DIRECTION('',(0.,1.,0.));
#8250 = DIRECTION('',(0.,0.,1.));
#8251 = ADVANCED_FACE('',(#8252),#8258,.F.);
#8252 = FACE_BOUND('',#8253,.F.);
#8253 = EDGE_LOOP('',(#8254,#8255,#8256,#8257));
#8254 = ORIENTED_EDGE('',*,*,#8141,.F.);
#8255 = ORIENTED_EDGE('',*,*,#8211,.T.);
#8256 = ORIENTED_EDGE('',*,*,#8181,.T.);
#8257 = ORIENTED_EDGE('',*,*,#8233,.F.);
#8258 = PLANE('',#8259);
#8259 = AXIS2_PLACEMENT_3D('',#8260,#8261,#8262);
#8260 = CARTESIAN_POINT('',(2.721E+03,-2.187E+03,5.276E+03));
#8261 = DIRECTION('',(0.,0.,1.));
#8262 = DIRECTION('',(1.,0.,0.));
#8263 = ADVANCED_FACE('',(#8264),#8270,.T.);
#8264 = FACE_BOUND('',#8265,.T.);
#8265 = EDGE_LOOP('',(#8266,#8267,#8268,#8269));
#8266 = ORIENTED_EDGE('',*,*,#8157,.F.);
#8267 = ORIENTED_EDGE('',*,*,#8218,.T.);
#8268 = ORIENTED_EDGE('',*,*,#8197,.T.);
#8269 = ORIENTED_EDGE('',*,*,#8240,.F.);
#8270 = PLANE('',#8271);
#8271 = AXIS2_PLACEMENT_3D('',#8272,#8273,#8274);
#8272 = CARTESIAN_POINT('',(2.721E+03,-2.187E+03,5.826E+03));
#8273 = DIRECTION('',(0.,0.,1.));
#8274 = DIRECTION('',(1.,0.,0.));
#8275 = MANIFOLD_SOLID_BREP('',#8276);
#8276 = CLOSED_SHELL('',(#8277,#8317,#8357,#8379,#8401,#8413));
#8277 = ADVANCED_FACE('',(#8278),#8312,.F.);
#8278 = FACE_BOUND('',#8279,.F.);
#8279 = EDGE_LOOP('',(#8280,#8290,#8298,#8306));
#8280 = ORIENTED_EDGE('',*,*,#8281,.F.);
#8281 = EDGE_CURVE('',#8282,#8284,#8286,.T.);
#8282 = VERTEX_POINT('',#8283);
#8283 = CARTESIAN_POINT('',(2.933E+03,-1.542E+03,3.776E+03));
#8284 = VERTEX_POINT('',#8285);
#8285 = CARTESIAN_POINT('',(2.933E+03,-1.542E+03,3.796E+03));
#8286 = LINE('',#8287,#8288);
#8287 = CARTESIAN_POINT('',(2.933E+03,-1.542E+03,3.776E+03));
#8288 = VECTOR('',#8289,1.);
#8289 = DIRECTION('',(0.,0.,1.));
#8290 = ORIENTED_EDGE('',*,*,#8291,.T.);
#8291 = EDGE_CURVE('',#8282,#8292,#8294,.T.);
#8292 = VERTEX_POINT('',#8293);
#8293 = CARTESIAN_POINT('',(2.933E+03,-1.422E+03,3.776E+03));
#8294 = LINE('',#8295,#8296);
#8295 = CARTESIAN_POINT('',(2.933E+03,-1.542E+03,3.776E+03));
#8296 = VECTOR('',#8297,1.);
#8297 = DIRECTION('',(0.,1.,0.));
#8298 = ORIENTED_EDGE('',*,*,#8299,.T.);
#8299 = EDGE_CURVE('',#8292,#8300,#8302,.T.);
#8300 = VERTEX_POINT('',#8301);
#8301 = CARTESIAN_POINT('',(2.933E+03,-1.422E+03,3.796E+03));
#8302 = LINE('',#8303,#8304);
#8303 = CARTESIAN_POINT('',(2.933E+03,-1.422E+03,3.776E+03));
#8304 = VECTOR('',#8305,1.);
#8305 = DIRECTION('',(0.,0.,1.));
#8306 = ORIENTED_EDGE('',*,*,#8307,.F.);
#8307 = EDGE_CURVE('',#8284,#8300,#8308,.T.);
#8308 = LINE('',#8309,#8310);
#8309 = CARTESIAN_POINT('',(2.933E+03,-1.542E+03,3.796E+03));
#8310 = VECTOR('',#8311,1.);
#8311 = DIRECTION('',(0.,1.,0.));
#8312 = PLANE('',#8313);
#8313 = AXIS2_PLACEMENT_3D('',#8314,#8315,#8316);
#8314 = CARTESIAN_POINT('',(2.933E+03,-1.542E+03,3.776E+03));
#8315 = DIRECTION('',(1.,0.,0.));
#8316 = DIRECTION('',(0.,0.,1.));
#8317 = ADVANCED_FACE('',(#8318),#8352,.T.);
#8318 = FACE_BOUND('',#8319,.T.);
#8319 = EDGE_LOOP('',(#8320,#8330,#8338,#8346));
#8320 = ORIENTED_EDGE('',*,*,#8321,.F.);
#8321 = EDGE_CURVE('',#8322,#8324,#8326,.T.);
#8322 = VERTEX_POINT('',#8323);
#8323 = CARTESIAN_POINT('',(3.053E+03,-1.542E+03,3.776E+03));
#8324 = VERTEX_POINT('',#8325);
#8325 = CARTESIAN_POINT('',(3.053E+03,-1.542E+03,3.796E+03));
#8326 = LINE('',#8327,#8328);
#8327 = CARTESIAN_POINT('',(3.053E+03,-1.542E+03,3.776E+03));
#8328 = VECTOR('',#8329,1.);
#8329 = DIRECTION('',(0.,0.,1.));
#8330 = ORIENTED_EDGE('',*,*,#8331,.T.);
#8331 = EDGE_CURVE('',#8322,#8332,#8334,.T.);
#8332 = VERTEX_POINT('',#8333);
#8333 = CARTESIAN_POINT('',(3.053E+03,-1.422E+03,3.776E+03));
#8334 = LINE('',#8335,#8336);
#8335 = CARTESIAN_POINT('',(3.053E+03,-1.542E+03,3.776E+03));
#8336 = VECTOR('',#8337,1.);
#8337 = DIRECTION('',(0.,1.,0.));
#8338 = ORIENTED_EDGE('',*,*,#8339,.T.);
#8339 = EDGE_CURVE('',#8332,#8340,#8342,.T.);
#8340 = VERTEX_POINT('',#8341);
#8341 = CARTESIAN_POINT('',(3.053E+03,-1.422E+03,3.796E+03));
#8342 = LINE('',#8343,#8344);
#8343 = CARTESIAN_POINT('',(3.053E+03,-1.422E+03,3.776E+03));
#8344 = VECTOR('',#8345,1.);
#8345 = DIRECTION('',(0.,0.,1.));
#8346 = ORIENTED_EDGE('',*,*,#8347,.F.);
#8347 = EDGE_CURVE('',#8324,#8340,#8348,.T.);
#8348 = LINE('',#8349,#8350);
#8349 = CARTESIAN_POINT('',(3.053E+03,-1.542E+03,3.796E+03));
#8350 = VECTOR('',#8351,1.);
#8351 = DIRECTION('',(0.,1.,0.));
#8352 = PLANE('',#8353);
#8353 = AXIS2_PLACEMENT_3D('',#8354,#8355,#8356);
#8354 = CARTESIAN_POINT('',(3.053E+03,-1.542E+03,3.776E+03));
#8355 = DIRECTION('',(1.,0.,0.));
#8356 = DIRECTION('',(0.,0.,1.));
#8357 = ADVANCED_FACE('',(#8358),#8374,.F.);
#8358 = FACE_BOUND('',#8359,.F.);
#8359 = EDGE_LOOP('',(#8360,#8366,#8367,#8373));
#8360 = ORIENTED_EDGE('',*,*,#8361,.F.);
#8361 = EDGE_CURVE('',#8282,#8322,#8362,.T.);
#8362 = LINE('',#8363,#8364);
#8363 = CARTESIAN_POINT('',(2.933E+03,-1.542E+03,3.776E+03));
#8364 = VECTOR('',#8365,1.);
#8365 = DIRECTION('',(1.,0.,0.));
#8366 = ORIENTED_EDGE('',*,*,#8281,.T.);
#8367 = ORIENTED_EDGE('',*,*,#8368,.T.);
#8368 = EDGE_CURVE('',#8284,#8324,#8369,.T.);
#8369 = LINE('',#8370,#8371);
#8370 = CARTESIAN_POINT('',(2.933E+03,-1.542E+03,3.796E+03));
#8371 = VECTOR('',#8372,1.);
#8372 = DIRECTION('',(1.,0.,0.));
#8373 = ORIENTED_EDGE('',*,*,#8321,.F.);
#8374 = PLANE('',#8375);
#8375 = AXIS2_PLACEMENT_3D('',#8376,#8377,#8378);
#8376 = CARTESIAN_POINT('',(2.933E+03,-1.542E+03,3.776E+03));
#8377 = DIRECTION('',(0.,1.,0.));
#8378 = DIRECTION('',(0.,0.,1.));
#8379 = ADVANCED_FACE('',(#8380),#8396,.T.);
#8380 = FACE_BOUND('',#8381,.T.);
#8381 = EDGE_LOOP('',(#8382,#8388,#8389,#8395));
#8382 = ORIENTED_EDGE('',*,*,#8383,.F.);
#8383 = EDGE_CURVE('',#8292,#8332,#8384,.T.);
#8384 = LINE('',#8385,#8386);
#8385 = CARTESIAN_POINT('',(2.933E+03,-1.422E+03,3.776E+03));
#8386 = VECTOR('',#8387,1.);
#8387 = DIRECTION('',(1.,0.,0.));
#8388 = ORIENTED_EDGE('',*,*,#8299,.T.);
#8389 = ORIENTED_EDGE('',*,*,#8390,.T.);
#8390 = EDGE_CURVE('',#8300,#8340,#8391,.T.);
#8391 = LINE('',#8392,#8393);
#8392 = CARTESIAN_POINT('',(2.933E+03,-1.422E+03,3.796E+03));
#8393 = VECTOR('',#8394,1.);
#8394 = DIRECTION('',(1.,0.,0.));
#8395 = ORIENTED_EDGE('',*,*,#8339,.F.);
#8396 = PLANE('',#8397);
#8397 = AXIS2_PLACEMENT_3D('',#8398,#8399,#8400);
#8398 = CARTESIAN_POINT('',(2.933E+03,-1.422E+03,3.776E+03));
#8399 = DIRECTION('',(0.,1.,0.));
#8400 = DIRECTION('',(0.,0.,1.));
#8401 = ADVANCED_FACE('',(#8402),#8408,.F.);
#8402 = FACE_BOUND('',#8403,.F.);
#8403 = EDGE_LOOP('',(#8404,#8405,#8406,#8407));
#8404 = ORIENTED_EDGE('',*,*,#8291,.F.);
#8405 = ORIENTED_EDGE('',*,*,#8361,.T.);
#8406 = ORIENTED_EDGE('',*,*,#8331,.T.);
#8407 = ORIENTED_EDGE('',*,*,#8383,.F.);
#8408 = PLANE('',#8409);
#8409 = AXIS2_PLACEMENT_3D('',#8410,#8411,#8412);
#8410 = CARTESIAN_POINT('',(2.933E+03,-1.542E+03,3.776E+03));
#8411 = DIRECTION('',(0.,0.,1.));
#8412 = DIRECTION('',(1.,0.,0.));
#8413 = ADVANCED_FACE('',(#8414),#8420,.T.);
#8414 = FACE_BOUND('',#8415,.T.);
#8415 = EDGE_LOOP('',(#8416,#8417,#8418,#8419));
#8416 = ORIENTED_EDGE('',*,*,#8307,.F.);
#8417 = ORIENTED_EDGE('',*,*,#8368,.T.);
#8418 = ORIENTED_EDGE('',*,*,#8347,.T.);
#8419 = ORIENTED_EDGE('',*,*,#8390,.F.);
#8420 = PLANE('',#8421);
#8421 = AXIS2_PLACEMENT_3D('',#8422,#8423,#8424);
#8422 = CARTESIAN_POINT('',(2.933E+03,-1.542E+03,3.796E+03));
#8423 = DIRECTION('',(0.,0.,1.));
#8424 = DIRECTION('',(1.,0.,0.));
#8425 = MANIFOLD_SOLID_BREP('',#8426);
#8426 = CLOSED_SHELL('',(#8427,#8467,#8507,#8529,#8551,#8563));
#8427 = ADVANCED_FACE('',(#8428),#8462,.F.);
#8428 = FACE_BOUND('',#8429,.F.);
#8429 = EDGE_LOOP('',(#8430,#8440,#8448,#8456));
#8430 = ORIENTED_EDGE('',*,*,#8431,.F.);
#8431 = EDGE_CURVE('',#8432,#8434,#8436,.T.);
#8432 = VERTEX_POINT('',#8433);
#8433 = CARTESIAN_POINT('',(3.513E+03,1.17E+03,3.776E+03));
#8434 = VERTEX_POINT('',#8435);
#8435 = CARTESIAN_POINT('',(3.513E+03,1.17E+03,3.796E+03));
#8436 = LINE('',#8437,#8438);
#8437 = CARTESIAN_POINT('',(3.513E+03,1.17E+03,3.776E+03));
#8438 = VECTOR('',#8439,1.);
#8439 = DIRECTION('',(0.,0.,1.));
#8440 = ORIENTED_EDGE('',*,*,#8441,.T.);
#8441 = EDGE_CURVE('',#8432,#8442,#8444,.T.);
#8442 = VERTEX_POINT('',#8443);
#8443 = CARTESIAN_POINT('',(3.513E+03,1.29E+03,3.776E+03));
#8444 = LINE('',#8445,#8446);
#8445 = CARTESIAN_POINT('',(3.513E+03,1.17E+03,3.776E+03));
#8446 = VECTOR('',#8447,1.);
#8447 = DIRECTION('',(0.,1.,0.));
#8448 = ORIENTED_EDGE('',*,*,#8449,.T.);
#8449 = EDGE_CURVE('',#8442,#8450,#8452,.T.);
#8450 = VERTEX_POINT('',#8451);
#8451 = CARTESIAN_POINT('',(3.513E+03,1.29E+03,3.796E+03));
#8452 = LINE('',#8453,#8454);
#8453 = CARTESIAN_POINT('',(3.513E+03,1.29E+03,3.776E+03));
#8454 = VECTOR('',#8455,1.);
#8455 = DIRECTION('',(0.,0.,1.));
#8456 = ORIENTED_EDGE('',*,*,#8457,.F.);
#8457 = EDGE_CURVE('',#8434,#8450,#8458,.T.);
#8458 = LINE('',#8459,#8460);
#8459 = CARTESIAN_POINT('',(3.513E+03,1.17E+03,3.796E+03));
#8460 = VECTOR('',#8461,1.);
#8461 = DIRECTION('',(0.,1.,0.));
#8462 = PLANE('',#8463);
#8463 = AXIS2_PLACEMENT_3D('',#8464,#8465,#8466);
#8464 = CARTESIAN_POINT('',(3.513E+03,1.17E+03,3.776E+03));
#8465 = DIRECTION('',(1.,0.,0.));
#8466 = DIRECTION('',(0.,0.,1.));
#8467 = ADVANCED_FACE('',(#8468),#8502,.T.);
#8468 = FACE_BOUND('',#8469,.T.);
#8469 = EDGE_LOOP('',(#8470,#8480,#8488,#8496));
#8470 = ORIENTED_EDGE('',*,*,#8471,.F.);
#8471 = EDGE_CURVE('',#8472,#8474,#8476,.T.);
#8472 = VERTEX_POINT('',#8473);
#8473 = CARTESIAN_POINT('',(3.633E+03,1.17E+03,3.776E+03));
#8474 = VERTEX_POINT('',#8475);
#8475 = CARTESIAN_POINT('',(3.633E+03,1.17E+03,3.796E+03));
#8476 = LINE('',#8477,#8478);
#8477 = CARTESIAN_POINT('',(3.633E+03,1.17E+03,3.776E+03));
#8478 = VECTOR('',#8479,1.);
#8479 = DIRECTION('',(0.,0.,1.));
#8480 = ORIENTED_EDGE('',*,*,#8481,.T.);
#8481 = EDGE_CURVE('',#8472,#8482,#8484,.T.);
#8482 = VERTEX_POINT('',#8483);
#8483 = CARTESIAN_POINT('',(3.633E+03,1.29E+03,3.776E+03));
#8484 = LINE('',#8485,#8486);
#8485 = CARTESIAN_POINT('',(3.633E+03,1.17E+03,3.776E+03));
#8486 = VECTOR('',#8487,1.);
#8487 = DIRECTION('',(0.,1.,0.));
#8488 = ORIENTED_EDGE('',*,*,#8489,.T.);
#8489 = EDGE_CURVE('',#8482,#8490,#8492,.T.);
#8490 = VERTEX_POINT('',#8491);
#8491 = CARTESIAN_POINT('',(3.633E+03,1.29E+03,3.796E+03));
#8492 = LINE('',#8493,#8494);
#8493 = CARTESIAN_POINT('',(3.633E+03,1.29E+03,3.776E+03));
#8494 = VECTOR('',#8495,1.);
#8495 = DIRECTION('',(0.,0.,1.));
#8496 = ORIENTED_EDGE('',*,*,#8497,.F.);
#8497 = EDGE_CURVE('',#8474,#8490,#8498,.T.);
#8498 = LINE('',#8499,#8500);
#8499 = CARTESIAN_POINT('',(3.633E+03,1.17E+03,3.796E+03));
#8500 = VECTOR('',#8501,1.);
#8501 = DIRECTION('',(0.,1.,0.));
#8502 = PLANE('',#8503);
#8503 = AXIS2_PLACEMENT_3D('',#8504,#8505,#8506);
#8504 = CARTESIAN_POINT('',(3.633E+03,1.17E+03,3.776E+03));
#8505 = DIRECTION('',(1.,0.,0.));
#8506 = DIRECTION('',(0.,0.,1.));
#8507 = ADVANCED_FACE('',(#8508),#8524,.F.);
#8508 = FACE_BOUND('',#8509,.F.);
#8509 = EDGE_LOOP('',(#8510,#8516,#8517,#8523));
#8510 = ORIENTED_EDGE('',*,*,#8511,.F.);
#8511 = EDGE_CURVE('',#8432,#8472,#8512,.T.);
#8512 = LINE('',#8513,#8514);
#8513 = CARTESIAN_POINT('',(3.513E+03,1.17E+03,3.776E+03));
#8514 = VECTOR('',#8515,1.);
#8515 = DIRECTION('',(1.,0.,0.));
#8516 = ORIENTED_EDGE('',*,*,#8431,.T.);
#8517 = ORIENTED_EDGE('',*,*,#8518,.T.);
#8518 = EDGE_CURVE('',#8434,#8474,#8519,.T.);
#8519 = LINE('',#8520,#8521);
#8520 = CARTESIAN_POINT('',(3.513E+03,1.17E+03,3.796E+03));
#8521 = VECTOR('',#8522,1.);
#8522 = DIRECTION('',(1.,0.,0.));
#8523 = ORIENTED_EDGE('',*,*,#8471,.F.);
#8524 = PLANE('',#8525);
#8525 = AXIS2_PLACEMENT_3D('',#8526,#8527,#8528);
#8526 = CARTESIAN_POINT('',(3.513E+03,1.17E+03,3.776E+03));
#8527 = DIRECTION('',(0.,1.,0.));
#8528 = DIRECTION('',(0.,0.,1.));
#8529 = ADVANCED_FACE('',(#8530),#8546,.T.);
#8530 = FACE_BOUND('',#8531,.T.);
#8531 = EDGE_LOOP('',(#8532,#8538,#8539,#8545));
#8532 = ORIENTED_EDGE('',*,*,#8533,.F.);
#8533 = EDGE_CURVE('',#8442,#8482,#8534,.T.);
#8534 = LINE('',#8535,#8536);
#8535 = CARTESIAN_POINT('',(3.513E+03,1.29E+03,3.776E+03));
#8536 = VECTOR('',#8537,1.);
#8537 = DIRECTION('',(1.,0.,0.));
#8538 = ORIENTED_EDGE('',*,*,#8449,.T.);
#8539 = ORIENTED_EDGE('',*,*,#8540,.T.);
#8540 = EDGE_CURVE('',#8450,#8490,#8541,.T.);
#8541 = LINE('',#8542,#8543);
#8542 = CARTESIAN_POINT('',(3.513E+03,1.29E+03,3.796E+03));
#8543 = VECTOR('',#8544,1.);
#8544 = DIRECTION('',(1.,0.,0.));
#8545 = ORIENTED_EDGE('',*,*,#8489,.F.);
#8546 = PLANE('',#8547);
#8547 = AXIS2_PLACEMENT_3D('',#8548,#8549,#8550);
#8548 = CARTESIAN_POINT('',(3.513E+03,1.29E+03,3.776E+03));
#8549 = DIRECTION('',(0.,1.,0.));
#8550 = DIRECTION('',(0.,0.,1.));
#8551 = ADVANCED_FACE('',(#8552),#8558,.F.);
#8552 = FACE_BOUND('',#8553,.F.);
#8553 = EDGE_LOOP('',(#8554,#8555,#8556,#8557));
#8554 = ORIENTED_EDGE('',*,*,#8441,.F.);
#8555 = ORIENTED_EDGE('',*,*,#8511,.T.);
#8556 = ORIENTED_EDGE('',*,*,#8481,.T.);
#8557 = ORIENTED_EDGE('',*,*,#8533,.F.);
#8558 = PLANE('',#8559);
#8559 = AXIS2_PLACEMENT_3D('',#8560,#8561,#8562);
#8560 = CARTESIAN_POINT('',(3.513E+03,1.17E+03,3.776E+03));
#8561 = DIRECTION('',(0.,0.,1.));
#8562 = DIRECTION('',(1.,0.,0.));
#8563 = ADVANCED_FACE('',(#8564),#8570,.T.);
#8564 = FACE_BOUND('',#8565,.T.);
#8565 = EDGE_LOOP('',(#8566,#8567,#8568,#8569));
#8566 = ORIENTED_EDGE('',*,*,#8457,.F.);
#8567 = ORIENTED_EDGE('',*,*,#8518,.T.);
#8568 = ORIENTED_EDGE('',*,*,#8497,.T.);
#8569 = ORIENTED_EDGE('',*,*,#8540,.F.);
#8570 = PLANE('',#8571);
#8571 = AXIS2_PLACEMENT_3D('',#8572,#8573,#8574);
#8572 = CARTESIAN_POINT('',(3.513E+03,1.17E+03,3.796E+03));
#8573 = DIRECTION('',(0.,0.,1.));
#8574 = DIRECTION('',(1.,0.,0.));
#8575 = MANIFOLD_SOLID_BREP('',#8576);
#8576 = CLOSED_SHELL('',(#8577,#8610,#8619));
#8577 = ADVANCED_FACE('',(#8578),#8605,.T.);
#8578 = FACE_BOUND('',#8579,.T.);
#8579 = EDGE_LOOP('',(#8580,#8589,#8597,#8604));
#8580 = ORIENTED_EDGE('',*,*,#8581,.F.);
#8581 = EDGE_CURVE('',#8582,#8582,#8584,.T.);
#8582 = VERTEX_POINT('',#8583);
#8583 = CARTESIAN_POINT('',(3.633E+03,630.,3.796E+03));
#8584 = CIRCLE('',#8585,60.);
#8585 = AXIS2_PLACEMENT_3D('',#8586,#8587,#8588);
#8586 = CARTESIAN_POINT('',(3.573E+03,630.,3.796E+03));
#8587 = DIRECTION('',(0.,0.,1.));
#8588 = DIRECTION('',(1.,0.,0.));
#8589 = ORIENTED_EDGE('',*,*,#8590,.F.);
#8590 = EDGE_CURVE('',#8591,#8582,#8593,.T.);
#8591 = VERTEX_POINT('',#8592);
#8592 = CARTESIAN_POINT('',(3.633E+03,630.,3.776E+03));
#8593 = LINE('',#8594,#8595);
#8594 = CARTESIAN_POINT('',(3.633E+03,630.,3.776E+03));
#8595 = VECTOR('',#8596,1.);
#8596 = DIRECTION('',(0.,0.,1.));
#8597 = ORIENTED_EDGE('',*,*,#8598,.T.);
#8598 = EDGE_CURVE('',#8591,#8591,#8599,.T.);
#8599 = CIRCLE('',#8600,60.);
#8600 = AXIS2_PLACEMENT_3D('',#8601,#8602,#8603);
#8601 = CARTESIAN_POINT('',(3.573E+03,630.,3.776E+03));
#8602 = DIRECTION('',(0.,0.,1.));
#8603 = DIRECTION('',(1.,0.,0.));
#8604 = ORIENTED_EDGE('',*,*,#8590,.T.);
#8605 = CYLINDRICAL_SURFACE('',#8606,60.);
#8606 = AXIS2_PLACEMENT_3D('',#8607,#8608,#8609);
#8607 = CARTESIAN_POINT('',(3.573E+03,630.,3.776E+03));
#8608 = DIRECTION('',(0.,0.,1.));
#8609 = DIRECTION('',(1.,0.,0.));
#8610 = ADVANCED_FACE('',(#8611),#8614,.T.);
#8611 = FACE_BOUND('',#8612,.T.);
#8612 = EDGE_LOOP('',(#8613));
#8613 = ORIENTED_EDGE('',*,*,#8581,.T.);
#8614 = PLANE('',#8615);
#8615 = AXIS2_PLACEMENT_3D('',#8616,#8617,#8618);
#8616 = CARTESIAN_POINT('',(3.573E+03,630.,3.796E+03));
#8617 = DIRECTION('',(0.,0.,1.));
#8618 = DIRECTION('',(1.,0.,0.));
#8619 = ADVANCED_FACE('',(#8620),#8623,.F.);
#8620 = FACE_BOUND('',#8621,.T.);
#8621 = EDGE_LOOP('',(#8622));
#8622 = ORIENTED_EDGE('',*,*,#8598,.F.);
#8623 = PLANE('',#8624);
#8624 = AXIS2_PLACEMENT_3D('',#8625,#8626,#8627);
#8625 = CARTESIAN_POINT('',(3.573E+03,630.,3.776E+03));
#8626 = DIRECTION('',(0.,0.,1.));
#8627 = DIRECTION('',(1.,0.,0.));
#8628 = MANIFOLD_SOLID_BREP('',#8629);
#8629 = CLOSED_SHELL('',(#8630,#8663,#8672));
#8630 = ADVANCED_FACE('',(#8631),#8658,.T.);
#8631 = FACE_BOUND('',#8632,.T.);
#8632 = EDGE_LOOP('',(#8633,#8642,#8650,#8657));
#8633 = ORIENTED_EDGE('',*,*,#8634,.F.);
#8634 = EDGE_CURVE('',#8635,#8635,#8637,.T.);
#8635 = VERTEX_POINT('',#8636);
#8636 = CARTESIAN_POINT('',(7.231E+03,3.138E+03,3.796E+03));
#8637 = CIRCLE('',#8638,60.);
#8638 = AXIS2_PLACEMENT_3D('',#8639,#8640,#8641);
#8639 = CARTESIAN_POINT('',(7.171E+03,3.138E+03,3.796E+03));
#8640 = DIRECTION('',(0.,0.,1.));
#8641 = DIRECTION('',(1.,0.,0.));
#8642 = ORIENTED_EDGE('',*,*,#8643,.F.);
#8643 = EDGE_CURVE('',#8644,#8635,#8646,.T.);
#8644 = VERTEX_POINT('',#8645);
#8645 = CARTESIAN_POINT('',(7.231E+03,3.138E+03,3.776E+03));
#8646 = LINE('',#8647,#8648);
#8647 = CARTESIAN_POINT('',(7.231E+03,3.138E+03,3.776E+03));
#8648 = VECTOR('',#8649,1.);
#8649 = DIRECTION('',(0.,0.,1.));
#8650 = ORIENTED_EDGE('',*,*,#8651,.T.);
#8651 = EDGE_CURVE('',#8644,#8644,#8652,.T.);
#8652 = CIRCLE('',#8653,60.);
#8653 = AXIS2_PLACEMENT_3D('',#8654,#8655,#8656);
#8654 = CARTESIAN_POINT('',(7.171E+03,3.138E+03,3.776E+03));
#8655 = DIRECTION('',(0.,0.,1.));
#8656 = DIRECTION('',(1.,0.,0.));
#8657 = ORIENTED_EDGE('',*,*,#8643,.T.);
#8658 = CYLINDRICAL_SURFACE('',#8659,60.);
#8659 = AXIS2_PLACEMENT_3D('',#8660,#8661,#8662);
#8660 = CARTESIAN_POINT('',(7.171E+03,3.138E+03,3.776E+03));
#8661 = DIRECTION('',(0.,0.,1.));
#8662 = DIRECTION('',(1.,0.,0.));
#8663 = ADVANCED_FACE('',(#8664),#8667,.T.);
#8664 = FACE_BOUND('',#8665,.T.);
#8665 = EDGE_LOOP('',(#8666));
#8666 = ORIENTED_EDGE('',*,*,#8634,.T.);
#8667 = PLANE('',#8668);
#8668 = AXIS2_PLACEMENT_3D('',#8669,#8670,#8671);
#8669 = CARTESIAN_POINT('',(7.171E+03,3.138E+03,3.796E+03));
#8670 = DIRECTION('',(0.,0.,1.));
#8671 = DIRECTION('',(1.,0.,0.));
#8672 = ADVANCED_FACE('',(#8673),#8676,.F.);
#8673 = FACE_BOUND('',#8674,.T.);
#8674 = EDGE_LOOP('',(#8675));
#8675 = ORIENTED_EDGE('',*,*,#8651,.F.);
#8676 = PLANE('',#8677);
#8677 = AXIS2_PLACEMENT_3D('',#8678,#8679,#8680);
#8678 = CARTESIAN_POINT('',(7.171E+03,3.138E+03,3.776E+03));
#8679 = DIRECTION('',(0.,0.,1.));
#8680 = DIRECTION('',(1.,0.,0.));
#8681 = MANIFOLD_SOLID_BREP('',#8682);
#8682 = CLOSED_SHELL('',(#8683,#8716,#8725));
#8683 = ADVANCED_FACE('',(#8684),#8711,.T.);
#8684 = FACE_BOUND('',#8685,.T.);
#8685 = EDGE_LOOP('',(#8686,#8695,#8703,#8710));
#8686 = ORIENTED_EDGE('',*,*,#8687,.F.);
#8687 = EDGE_CURVE('',#8688,#8688,#8690,.T.);
#8688 = VERTEX_POINT('',#8689);
#8689 = CARTESIAN_POINT('',(7.964E+03,3.157E+03,3.796E+03));
#8690 = CIRCLE('',#8691,60.);
#8691 = AXIS2_PLACEMENT_3D('',#8692,#8693,#8694);
#8692 = CARTESIAN_POINT('',(7.904E+03,3.157E+03,3.796E+03));
#8693 = DIRECTION('',(0.,0.,1.));
#8694 = DIRECTION('',(1.,0.,0.));
#8695 = ORIENTED_EDGE('',*,*,#8696,.F.);
#8696 = EDGE_CURVE('',#8697,#8688,#8699,.T.);
#8697 = VERTEX_POINT('',#8698);
#8698 = CARTESIAN_POINT('',(7.964E+03,3.157E+03,3.776E+03));
#8699 = LINE('',#8700,#8701);
#8700 = CARTESIAN_POINT('',(7.964E+03,3.157E+03,3.776E+03));
#8701 = VECTOR('',#8702,1.);
#8702 = DIRECTION('',(0.,0.,1.));
#8703 = ORIENTED_EDGE('',*,*,#8704,.T.);
#8704 = EDGE_CURVE('',#8697,#8697,#8705,.T.);
#8705 = CIRCLE('',#8706,60.);
#8706 = AXIS2_PLACEMENT_3D('',#8707,#8708,#8709);
#8707 = CARTESIAN_POINT('',(7.904E+03,3.157E+03,3.776E+03));
#8708 = DIRECTION('',(0.,0.,1.));
#8709 = DIRECTION('',(1.,0.,0.));
#8710 = ORIENTED_EDGE('',*,*,#8696,.T.);
#8711 = CYLINDRICAL_SURFACE('',#8712,60.);
#8712 = AXIS2_PLACEMENT_3D('',#8713,#8714,#8715);
#8713 = CARTESIAN_POINT('',(7.904E+03,3.157E+03,3.776E+03));
#8714 = DIRECTION('',(0.,0.,1.));
#8715 = DIRECTION('',(1.,0.,0.));
#8716 = ADVANCED_FACE('',(#8717),#8720,.T.);
#8717 = FACE_BOUND('',#8718,.T.);
#8718 = EDGE_LOOP('',(#8719));
#8719 = ORIENTED_EDGE('',*,*,#8687,.T.);
#8720 = PLANE('',#8721);
#8721 = AXIS2_PLACEMENT_3D('',#8722,#8723,#8724);
#8722 = CARTESIAN_POINT('',(7.904E+03,3.157E+03,3.796E+03));
#8723 = DIRECTION('',(0.,0.,1.));
#8724 = DIRECTION('',(1.,0.,0.));
#8725 = ADVANCED_FACE('',(#8726),#8729,.F.);
#8726 = FACE_BOUND('',#8727,.T.);
#8727 = EDGE_LOOP('',(#8728));
#8728 = ORIENTED_EDGE('',*,*,#8704,.F.);
#8729 = PLANE('',#8730);
#8730 = AXIS2_PLACEMENT_3D('',#8731,#8732,#8733);
#8731 = CARTESIAN_POINT('',(7.904E+03,3.157E+03,3.776E+03));
#8732 = DIRECTION('',(0.,0.,1.));
#8733 = DIRECTION('',(1.,0.,0.));
#8734 = MANIFOLD_SOLID_BREP('',#8735);
#8735 = CLOSED_SHELL('',(#8736,#8769,#8778));
#8736 = ADVANCED_FACE('',(#8737),#8764,.T.);
#8737 = FACE_BOUND('',#8738,.T.);
#8738 = EDGE_LOOP('',(#8739,#8748,#8756,#8763));
#8739 = ORIENTED_EDGE('',*,*,#8740,.F.);
#8740 = EDGE_CURVE('',#8741,#8741,#8743,.T.);
#8741 = VERTEX_POINT('',#8742);
#8742 = CARTESIAN_POINT('',(9.786E+03,1.744E+03,3.796E+03));
#8743 = CIRCLE('',#8744,60.);
#8744 = AXIS2_PLACEMENT_3D('',#8745,#8746,#8747);
#8745 = CARTESIAN_POINT('',(9.726E+03,1.744E+03,3.796E+03));
#8746 = DIRECTION('',(0.,0.,1.));
#8747 = DIRECTION('',(1.,0.,0.));
#8748 = ORIENTED_EDGE('',*,*,#8749,.F.);
#8749 = EDGE_CURVE('',#8750,#8741,#8752,.T.);
#8750 = VERTEX_POINT('',#8751);
#8751 = CARTESIAN_POINT('',(9.786E+03,1.744E+03,3.776E+03));
#8752 = LINE('',#8753,#8754);
#8753 = CARTESIAN_POINT('',(9.786E+03,1.744E+03,3.776E+03));
#8754 = VECTOR('',#8755,1.);
#8755 = DIRECTION('',(0.,0.,1.));
#8756 = ORIENTED_EDGE('',*,*,#8757,.T.);
#8757 = EDGE_CURVE('',#8750,#8750,#8758,.T.);
#8758 = CIRCLE('',#8759,60.);
#8759 = AXIS2_PLACEMENT_3D('',#8760,#8761,#8762);
#8760 = CARTESIAN_POINT('',(9.726E+03,1.744E+03,3.776E+03));
#8761 = DIRECTION('',(0.,0.,1.));
#8762 = DIRECTION('',(1.,0.,0.));
#8763 = ORIENTED_EDGE('',*,*,#8749,.T.);
#8764 = CYLINDRICAL_SURFACE('',#8765,60.);
#8765 = AXIS2_PLACEMENT_3D('',#8766,#8767,#8768);
#8766 = CARTESIAN_POINT('',(9.726E+03,1.744E+03,3.776E+03));
#8767 = DIRECTION('',(0.,0.,1.));
#8768 = DIRECTION('',(1.,0.,0.));
#8769 = ADVANCED_FACE('',(#8770),#8773,.T.);
#8770 = FACE_BOUND('',#8771,.T.);
#8771 = EDGE_LOOP('',(#8772));
#8772 = ORIENTED_EDGE('',*,*,#8740,.T.);
#8773 = PLANE('',#8774);
#8774 = AXIS2_PLACEMENT_3D('',#8775,#8776,#8777);
#8775 = CARTESIAN_POINT('',(9.726E+03,1.744E+03,3.796E+03));
#8776 = DIRECTION('',(0.,0.,1.));
#8777 = DIRECTION('',(1.,0.,0.));
#8778 = ADVANCED_FACE('',(#8779),#8782,.F.);
#8779 = FACE_BOUND('',#8780,.T.);
#8780 = EDGE_LOOP('',(#8781));
#8781 = ORIENTED_EDGE('',*,*,#8757,.F.);
#8782 = PLANE('',#8783);
#8783 = AXIS2_PLACEMENT_3D('',#8784,#8785,#8786);
#8784 = CARTESIAN_POINT('',(9.726E+03,1.744E+03,3.776E+03));
#8785 = DIRECTION('',(0.,0.,1.));
#8786 = DIRECTION('',(1.,0.,0.));
#8787 = MANIFOLD_SOLID_BREP('',#8788);
#8788 = CLOSED_SHELL('',(#8789,#8822,#8831));
#8789 = ADVANCED_FACE('',(#8790),#8817,.T.);
#8790 = FACE_BOUND('',#8791,.T.);
#8791 = EDGE_LOOP('',(#8792,#8801,#8809,#8816));
#8792 = ORIENTED_EDGE('',*,*,#8793,.F.);
#8793 = EDGE_CURVE('',#8794,#8794,#8796,.T.);
#8794 = VERTEX_POINT('',#8795);
#8795 = CARTESIAN_POINT('',(9.791E+03,2.482E+03,3.796E+03));
#8796 = CIRCLE('',#8797,60.);
#8797 = AXIS2_PLACEMENT_3D('',#8798,#8799,#8800);
#8798 = CARTESIAN_POINT('',(9.731E+03,2.482E+03,3.796E+03));
#8799 = DIRECTION('',(0.,0.,1.));
#8800 = DIRECTION('',(1.,0.,0.));
#8801 = ORIENTED_EDGE('',*,*,#8802,.F.);
#8802 = EDGE_CURVE('',#8803,#8794,#8805,.T.);
#8803 = VERTEX_POINT('',#8804);
#8804 = CARTESIAN_POINT('',(9.791E+03,2.482E+03,3.776E+03));
#8805 = LINE('',#8806,#8807);
#8806 = CARTESIAN_POINT('',(9.791E+03,2.482E+03,3.776E+03));
#8807 = VECTOR('',#8808,1.);
#8808 = DIRECTION('',(0.,0.,1.));
#8809 = ORIENTED_EDGE('',*,*,#8810,.T.);
#8810 = EDGE_CURVE('',#8803,#8803,#8811,.T.);
#8811 = CIRCLE('',#8812,60.);
#8812 = AXIS2_PLACEMENT_3D('',#8813,#8814,#8815);
#8813 = CARTESIAN_POINT('',(9.731E+03,2.482E+03,3.776E+03));
#8814 = DIRECTION('',(0.,0.,1.));
#8815 = DIRECTION('',(1.,0.,0.));
#8816 = ORIENTED_EDGE('',*,*,#8802,.T.);
#8817 = CYLINDRICAL_SURFACE('',#8818,60.);
#8818 = AXIS2_PLACEMENT_3D('',#8819,#8820,#8821);
#8819 = CARTESIAN_POINT('',(9.731E+03,2.482E+03,3.776E+03));
#8820 = DIRECTION('',(0.,0.,1.));
#8821 = DIRECTION('',(1.,0.,0.));
#8822 = ADVANCED_FACE('',(#8823),#8826,.T.);
#8823 = FACE_BOUND('',#8824,.T.);
#8824 = EDGE_LOOP('',(#8825));
#8825 = ORIENTED_EDGE('',*,*,#8793,.T.);
#8826 = PLANE('',#8827);
#8827 = AXIS2_PLACEMENT_3D('',#8828,#8829,#8830);
#8828 = CARTESIAN_POINT('',(9.731E+03,2.482E+03,3.796E+03));
#8829 = DIRECTION('',(0.,0.,1.));
#8830 = DIRECTION('',(1.,0.,0.));
#8831 = ADVANCED_FACE('',(#8832),#8835,.F.);
#8832 = FACE_BOUND('',#8833,.T.);
#8833 = EDGE_LOOP('',(#8834));
#8834 = ORIENTED_EDGE('',*,*,#8810,.F.);
#8835 = PLANE('',#8836);
#8836 = AXIS2_PLACEMENT_3D('',#8837,#8838,#8839);
#8837 = CARTESIAN_POINT('',(9.731E+03,2.482E+03,3.776E+03));
#8838 = DIRECTION('',(0.,0.,1.));
#8839 = DIRECTION('',(1.,0.,0.));
#8840 = MANIFOLD_SOLID_BREP('',#8841);
#8841 = CLOSED_SHELL('',(#8842,#8875,#8884));
#8842 = ADVANCED_FACE('',(#8843),#8870,.T.);
#8843 = FACE_BOUND('',#8844,.T.);
#8844 = EDGE_LOOP('',(#8845,#8854,#8862,#8869));
#8845 = ORIENTED_EDGE('',*,*,#8846,.F.);
#8846 = EDGE_CURVE('',#8847,#8847,#8849,.T.);
#8847 = VERTEX_POINT('',#8848);
#8848 = CARTESIAN_POINT('',(6.009E+03,-1.358E+03,3.796E+03));
#8849 = CIRCLE('',#8850,60.);
#8850 = AXIS2_PLACEMENT_3D('',#8851,#8852,#8853);
#8851 = CARTESIAN_POINT('',(5.949E+03,-1.358E+03,3.796E+03));
#8852 = DIRECTION('',(0.,0.,1.));
#8853 = DIRECTION('',(1.,0.,0.));
#8854 = ORIENTED_EDGE('',*,*,#8855,.F.);
#8855 = EDGE_CURVE('',#8856,#8847,#8858,.T.);
#8856 = VERTEX_POINT('',#8857);
#8857 = CARTESIAN_POINT('',(6.009E+03,-1.358E+03,3.776E+03));
#8858 = LINE('',#8859,#8860);
#8859 = CARTESIAN_POINT('',(6.009E+03,-1.358E+03,3.776E+03));
#8860 = VECTOR('',#8861,1.);
#8861 = DIRECTION('',(0.,0.,1.));
#8862 = ORIENTED_EDGE('',*,*,#8863,.T.);
#8863 = EDGE_CURVE('',#8856,#8856,#8864,.T.);
#8864 = CIRCLE('',#8865,60.);
#8865 = AXIS2_PLACEMENT_3D('',#8866,#8867,#8868);
#8866 = CARTESIAN_POINT('',(5.949E+03,-1.358E+03,3.776E+03));
#8867 = DIRECTION('',(0.,0.,1.));
#8868 = DIRECTION('',(1.,0.,0.));
#8869 = ORIENTED_EDGE('',*,*,#8855,.T.);
#8870 = CYLINDRICAL_SURFACE('',#8871,60.);
#8871 = AXIS2_PLACEMENT_3D('',#8872,#8873,#8874);
#8872 = CARTESIAN_POINT('',(5.949E+03,-1.358E+03,3.776E+03));
#8873 = DIRECTION('',(0.,0.,1.));
#8874 = DIRECTION('',(1.,0.,0.));
#8875 = ADVANCED_FACE('',(#8876),#8879,.T.);
#8876 = FACE_BOUND('',#8877,.T.);
#8877 = EDGE_LOOP('',(#8878));
#8878 = ORIENTED_EDGE('',*,*,#8846,.T.);
#8879 = PLANE('',#8880);
#8880 = AXIS2_PLACEMENT_3D('',#8881,#8882,#8883);
#8881 = CARTESIAN_POINT('',(5.949E+03,-1.358E+03,3.796E+03));
#8882 = DIRECTION('',(0.,0.,1.));
#8883 = DIRECTION('',(1.,0.,0.));
#8884 = ADVANCED_FACE('',(#8885),#8888,.F.);
#8885 = FACE_BOUND('',#8886,.T.);
#8886 = EDGE_LOOP('',(#8887));
#8887 = ORIENTED_EDGE('',*,*,#8863,.F.);
#8888 = PLANE('',#8889);
#8889 = AXIS2_PLACEMENT_3D('',#8890,#8891,#8892);
#8890 = CARTESIAN_POINT('',(5.949E+03,-1.358E+03,3.776E+03));
#8891 = DIRECTION('',(0.,0.,1.));
#8892 = DIRECTION('',(1.,0.,0.));
#8893 = MANIFOLD_SOLID_BREP('',#8894);
#8894 = CLOSED_SHELL('',(#8895,#8928,#8937));
#8895 = ADVANCED_FACE('',(#8896),#8923,.T.);
#8896 = FACE_BOUND('',#8897,.T.);
#8897 = EDGE_LOOP('',(#8898,#8907,#8915,#8922));
#8898 = ORIENTED_EDGE('',*,*,#8899,.F.);
#8899 = EDGE_CURVE('',#8900,#8900,#8902,.T.);
#8900 = VERTEX_POINT('',#8901);
#8901 = CARTESIAN_POINT('',(6.74E+03,-1.358E+03,3.796E+03));
#8902 = CIRCLE('',#8903,60.);
#8903 = AXIS2_PLACEMENT_3D('',#8904,#8905,#8906);
#8904 = CARTESIAN_POINT('',(6.68E+03,-1.358E+03,3.796E+03));
#8905 = DIRECTION('',(0.,0.,1.));
#8906 = DIRECTION('',(1.,0.,0.));
#8907 = ORIENTED_EDGE('',*,*,#8908,.F.);
#8908 = EDGE_CURVE('',#8909,#8900,#8911,.T.);
#8909 = VERTEX_POINT('',#8910);
#8910 = CARTESIAN_POINT('',(6.74E+03,-1.358E+03,3.776E+03));
#8911 = LINE('',#8912,#8913);
#8912 = CARTESIAN_POINT('',(6.74E+03,-1.358E+03,3.776E+03));
#8913 = VECTOR('',#8914,1.);
#8914 = DIRECTION('',(0.,0.,1.));
#8915 = ORIENTED_EDGE('',*,*,#8916,.T.);
#8916 = EDGE_CURVE('',#8909,#8909,#8917,.T.);
#8917 = CIRCLE('',#8918,60.);
#8918 = AXIS2_PLACEMENT_3D('',#8919,#8920,#8921);
#8919 = CARTESIAN_POINT('',(6.68E+03,-1.358E+03,3.776E+03));
#8920 = DIRECTION('',(0.,0.,1.));
#8921 = DIRECTION('',(1.,0.,0.));
#8922 = ORIENTED_EDGE('',*,*,#8908,.T.);
#8923 = CYLINDRICAL_SURFACE('',#8924,60.);
#8924 = AXIS2_PLACEMENT_3D('',#8925,#8926,#8927);
#8925 = CARTESIAN_POINT('',(6.68E+03,-1.358E+03,3.776E+03));
#8926 = DIRECTION('',(0.,0.,1.));
#8927 = DIRECTION('',(1.,0.,0.));
#8928 = ADVANCED_FACE('',(#8929),#8932,.T.);
#8929 = FACE_BOUND('',#8930,.T.);
#8930 = EDGE_LOOP('',(#8931));
#8931 = ORIENTED_EDGE('',*,*,#8899,.T.);
#8932 = PLANE('',#8933);
#8933 = AXIS2_PLACEMENT_3D('',#8934,#8935,#8936);
#8934 = CARTESIAN_POINT('',(6.68E+03,-1.358E+03,3.796E+03));
#8935 = DIRECTION('',(0.,0.,1.));
#8936 = DIRECTION('',(1.,0.,0.));
#8937 = ADVANCED_FACE('',(#8938),#8941,.F.);
#8938 = FACE_BOUND('',#8939,.T.);
#8939 = EDGE_LOOP('',(#8940));
#8940 = ORIENTED_EDGE('',*,*,#8916,.F.);
#8941 = PLANE('',#8942);
#8942 = AXIS2_PLACEMENT_3D('',#8943,#8944,#8945);
#8943 = CARTESIAN_POINT('',(6.68E+03,-1.358E+03,3.776E+03));
#8944 = DIRECTION('',(0.,0.,1.));
#8945 = DIRECTION('',(1.,0.,0.));
#8946 = MANIFOLD_SOLID_BREP('',#8947);
#8947 = CLOSED_SHELL('',(#8948,#8981,#8990));
#8948 = ADVANCED_FACE('',(#8949),#8976,.T.);
#8949 = FACE_BOUND('',#8950,.T.);
#8950 = EDGE_LOOP('',(#8951,#8960,#8968,#8975));
#8951 = ORIENTED_EDGE('',*,*,#8952,.F.);
#8952 = EDGE_CURVE('',#8953,#8953,#8955,.T.);
#8953 = VERTEX_POINT('',#8954);
#8954 = CARTESIAN_POINT('',(9.184E+03,-49.,3.796E+03));
#8955 = CIRCLE('',#8956,60.);
#8956 = AXIS2_PLACEMENT_3D('',#8957,#8958,#8959);
#8957 = CARTESIAN_POINT('',(9.124E+03,-49.,3.796E+03));
#8958 = DIRECTION('',(0.,0.,1.));
#8959 = DIRECTION('',(1.,0.,0.));
#8960 = ORIENTED_EDGE('',*,*,#8961,.F.);
#8961 = EDGE_CURVE('',#8962,#8953,#8964,.T.);
#8962 = VERTEX_POINT('',#8963);
#8963 = CARTESIAN_POINT('',(9.184E+03,-49.,3.776E+03));
#8964 = LINE('',#8965,#8966);
#8965 = CARTESIAN_POINT('',(9.184E+03,-49.,3.776E+03));
#8966 = VECTOR('',#8967,1.);
#8967 = DIRECTION('',(0.,0.,1.));
#8968 = ORIENTED_EDGE('',*,*,#8969,.T.);
#8969 = EDGE_CURVE('',#8962,#8962,#8970,.T.);
#8970 = CIRCLE('',#8971,60.);
#8971 = AXIS2_PLACEMENT_3D('',#8972,#8973,#8974);
#8972 = CARTESIAN_POINT('',(9.124E+03,-49.,3.776E+03));
#8973 = DIRECTION('',(0.,0.,1.));
#8974 = DIRECTION('',(1.,0.,0.));
#8975 = ORIENTED_EDGE('',*,*,#8961,.T.);
#8976 = CYLINDRICAL_SURFACE('',#8977,60.);
#8977 = AXIS2_PLACEMENT_3D('',#8978,#8979,#8980);
#8978 = CARTESIAN_POINT('',(9.124E+03,-49.,3.776E+03));
#8979 = DIRECTION('',(0.,0.,1.));
#8980 = DIRECTION('',(1.,0.,0.));
#8981 = ADVANCED_FACE('',(#8982),#8985,.T.);
#8982 = FACE_BOUND('',#8983,.T.);
#8983 = EDGE_LOOP('',(#8984));
#8984 = ORIENTED_EDGE('',*,*,#8952,.T.);
#8985 = PLANE('',#8986);
#8986 = AXIS2_PLACEMENT_3D('',#8987,#8988,#8989);
#8987 = CARTESIAN_POINT('',(9.124E+03,-49.,3.796E+03));
#8988 = DIRECTION('',(0.,0.,1.));
#8989 = DIRECTION('',(1.,0.,0.));
#8990 = ADVANCED_FACE('',(#8991),#8994,.F.);
#8991 = FACE_BOUND('',#8992,.T.);
#8992 = EDGE_LOOP('',(#8993));
#8993 = ORIENTED_EDGE('',*,*,#8969,.F.);
#8994 = PLANE('',#8995);
#8995 = AXIS2_PLACEMENT_3D('',#8996,#8997,#8998);
#8996 = CARTESIAN_POINT('',(9.124E+03,-49.,3.776E+03));
#8997 = DIRECTION('',(0.,0.,1.));
#8998 = DIRECTION('',(1.,0.,0.));
#8999 = MANIFOLD_SOLID_BREP('',#9000);
#9000 = CLOSED_SHELL('',(#9001,#9034,#9043));
#9001 = ADVANCED_FACE('',(#9002),#9029,.T.);
#9002 = FACE_BOUND('',#9003,.T.);
#9003 = EDGE_LOOP('',(#9004,#9013,#9021,#9028));
#9004 = ORIENTED_EDGE('',*,*,#9005,.F.);
#9005 = EDGE_CURVE('',#9006,#9006,#9008,.T.);
#9006 = VERTEX_POINT('',#9007);
#9007 = CARTESIAN_POINT('',(8.885E+03,-48.,3.796E+03));
#9008 = CIRCLE('',#9009,60.);
#9009 = AXIS2_PLACEMENT_3D('',#9010,#9011,#9012);
#9010 = CARTESIAN_POINT('',(8.825E+03,-48.,3.796E+03));
#9011 = DIRECTION('',(0.,0.,1.));
#9012 = DIRECTION('',(1.,0.,0.));
#9013 = ORIENTED_EDGE('',*,*,#9014,.F.);
#9014 = EDGE_CURVE('',#9015,#9006,#9017,.T.);
#9015 = VERTEX_POINT('',#9016);
#9016 = CARTESIAN_POINT('',(8.885E+03,-48.,3.776E+03));
#9017 = LINE('',#9018,#9019);
#9018 = CARTESIAN_POINT('',(8.885E+03,-48.,3.776E+03));
#9019 = VECTOR('',#9020,1.);
#9020 = DIRECTION('',(0.,0.,1.));
#9021 = ORIENTED_EDGE('',*,*,#9022,.T.);
#9022 = EDGE_CURVE('',#9015,#9015,#9023,.T.);
#9023 = CIRCLE('',#9024,60.);
#9024 = AXIS2_PLACEMENT_3D('',#9025,#9026,#9027);
#9025 = CARTESIAN_POINT('',(8.825E+03,-48.,3.776E+03));
#9026 = DIRECTION('',(0.,0.,1.));
#9027 = DIRECTION('',(1.,0.,0.));
#9028 = ORIENTED_EDGE('',*,*,#9014,.T.);
#9029 = CYLINDRICAL_SURFACE('',#9030,60.);
#9030 = AXIS2_PLACEMENT_3D('',#9031,#9032,#9033);
#9031 = CARTESIAN_POINT('',(8.825E+03,-48.,3.776E+03));
#9032 = DIRECTION('',(0.,0.,1.));
#9033 = DIRECTION('',(1.,0.,0.));
#9034 = ADVANCED_FACE('',(#9035),#9038,.T.);
#9035 = FACE_BOUND('',#9036,.T.);
#9036 = EDGE_LOOP('',(#9037));
#9037 = ORIENTED_EDGE('',*,*,#9005,.T.);
#9038 = PLANE('',#9039);
#9039 = AXIS2_PLACEMENT_3D('',#9040,#9041,#9042);
#9040 = CARTESIAN_POINT('',(8.825E+03,-48.,3.796E+03));
#9041 = DIRECTION('',(0.,0.,1.));
#9042 = DIRECTION('',(1.,0.,0.));
#9043 = ADVANCED_FACE('',(#9044),#9047,.F.);
#9044 = FACE_BOUND('',#9045,.T.);
#9045 = EDGE_LOOP('',(#9046));
#9046 = ORIENTED_EDGE('',*,*,#9022,.F.);
#9047 = PLANE('',#9048);
#9048 = AXIS2_PLACEMENT_3D('',#9049,#9050,#9051);
#9049 = CARTESIAN_POINT('',(8.825E+03,-48.,3.776E+03));
#9050 = DIRECTION('',(0.,0.,1.));
#9051 = DIRECTION('',(1.,0.,0.));
#9052 = MANIFOLD_SOLID_BREP('',#9053);
#9053 = CLOSED_SHELL('',(#9054,#9094,#9134,#9156,#9178,#9190));
#9054 = ADVANCED_FACE('',(#9055),#9089,.F.);
#9055 = FACE_BOUND('',#9056,.F.);
#9056 = EDGE_LOOP('',(#9057,#9067,#9075,#9083));
#9057 = ORIENTED_EDGE('',*,*,#9058,.F.);
#9058 = EDGE_CURVE('',#9059,#9061,#9063,.T.);
#9059 = VERTEX_POINT('',#9060);
#9060 = CARTESIAN_POINT('',(6.565E+03,-1.359E+03,5.676E+03));
#9061 = VERTEX_POINT('',#9062);
#9062 = CARTESIAN_POINT('',(6.565E+03,-1.359E+03,5.976E+03));
#9063 = LINE('',#9064,#9065);
#9064 = CARTESIAN_POINT('',(6.565E+03,-1.359E+03,5.676E+03));
#9065 = VECTOR('',#9066,1.);
#9066 = DIRECTION('',(0.,0.,1.));
#9067 = ORIENTED_EDGE('',*,*,#9068,.T.);
#9068 = EDGE_CURVE('',#9059,#9069,#9071,.T.);
#9069 = VERTEX_POINT('',#9070);
#9070 = CARTESIAN_POINT('',(6.565E+03,-1.109E+03,5.676E+03));
#9071 = LINE('',#9072,#9073);
#9072 = CARTESIAN_POINT('',(6.565E+03,-1.359E+03,5.676E+03));
#9073 = VECTOR('',#9074,1.);
#9074 = DIRECTION('',(0.,1.,0.));
#9075 = ORIENTED_EDGE('',*,*,#9076,.T.);
#9076 = EDGE_CURVE('',#9069,#9077,#9079,.T.);
#9077 = VERTEX_POINT('',#9078);
#9078 = CARTESIAN_POINT('',(6.565E+03,-1.109E+03,5.976E+03));
#9079 = LINE('',#9080,#9081);
#9080 = CARTESIAN_POINT('',(6.565E+03,-1.109E+03,5.676E+03));
#9081 = VECTOR('',#9082,1.);
#9082 = DIRECTION('',(0.,0.,1.));
#9083 = ORIENTED_EDGE('',*,*,#9084,.F.);
#9084 = EDGE_CURVE('',#9061,#9077,#9085,.T.);
#9085 = LINE('',#9086,#9087);
#9086 = CARTESIAN_POINT('',(6.565E+03,-1.359E+03,5.976E+03));
#9087 = VECTOR('',#9088,1.);
#9088 = DIRECTION('',(0.,1.,0.));
#9089 = PLANE('',#9090);
#9090 = AXIS2_PLACEMENT_3D('',#9091,#9092,#9093);
#9091 = CARTESIAN_POINT('',(6.565E+03,-1.359E+03,5.676E+03));
#9092 = DIRECTION('',(1.,0.,0.));
#9093 = DIRECTION('',(0.,0.,1.));
#9094 = ADVANCED_FACE('',(#9095),#9129,.T.);
#9095 = FACE_BOUND('',#9096,.T.);
#9096 = EDGE_LOOP('',(#9097,#9107,#9115,#9123));
#9097 = ORIENTED_EDGE('',*,*,#9098,.F.);
#9098 = EDGE_CURVE('',#9099,#9101,#9103,.T.);
#9099 = VERTEX_POINT('',#9100);
#9100 = CARTESIAN_POINT('',(7.465E+03,-1.359E+03,5.676E+03));
#9101 = VERTEX_POINT('',#9102);
#9102 = CARTESIAN_POINT('',(7.465E+03,-1.359E+03,5.976E+03));
#9103 = LINE('',#9104,#9105);
#9104 = CARTESIAN_POINT('',(7.465E+03,-1.359E+03,5.676E+03));
#9105 = VECTOR('',#9106,1.);
#9106 = DIRECTION('',(0.,0.,1.));
#9107 = ORIENTED_EDGE('',*,*,#9108,.T.);
#9108 = EDGE_CURVE('',#9099,#9109,#9111,.T.);
#9109 = VERTEX_POINT('',#9110);
#9110 = CARTESIAN_POINT('',(7.465E+03,-1.109E+03,5.676E+03));
#9111 = LINE('',#9112,#9113);
#9112 = CARTESIAN_POINT('',(7.465E+03,-1.359E+03,5.676E+03));
#9113 = VECTOR('',#9114,1.);
#9114 = DIRECTION('',(0.,1.,0.));
#9115 = ORIENTED_EDGE('',*,*,#9116,.T.);
#9116 = EDGE_CURVE('',#9109,#9117,#9119,.T.);
#9117 = VERTEX_POINT('',#9118);
#9118 = CARTESIAN_POINT('',(7.465E+03,-1.109E+03,5.976E+03));
#9119 = LINE('',#9120,#9121);
#9120 = CARTESIAN_POINT('',(7.465E+03,-1.109E+03,5.676E+03));
#9121 = VECTOR('',#9122,1.);
#9122 = DIRECTION('',(0.,0.,1.));
#9123 = ORIENTED_EDGE('',*,*,#9124,.F.);
#9124 = EDGE_CURVE('',#9101,#9117,#9125,.T.);
#9125 = LINE('',#9126,#9127);
#9126 = CARTESIAN_POINT('',(7.465E+03,-1.359E+03,5.976E+03));
#9127 = VECTOR('',#9128,1.);
#9128 = DIRECTION('',(0.,1.,0.));
#9129 = PLANE('',#9130);
#9130 = AXIS2_PLACEMENT_3D('',#9131,#9132,#9133);
#9131 = CARTESIAN_POINT('',(7.465E+03,-1.359E+03,5.676E+03));
#9132 = DIRECTION('',(1.,0.,0.));
#9133 = DIRECTION('',(0.,0.,1.));
#9134 = ADVANCED_FACE('',(#9135),#9151,.F.);
#9135 = FACE_BOUND('',#9136,.F.);
#9136 = EDGE_LOOP('',(#9137,#9143,#9144,#9150));
#9137 = ORIENTED_EDGE('',*,*,#9138,.F.);
#9138 = EDGE_CURVE('',#9059,#9099,#9139,.T.);
#9139 = LINE('',#9140,#9141);
#9140 = CARTESIAN_POINT('',(6.565E+03,-1.359E+03,5.676E+03));
#9141 = VECTOR('',#9142,1.);
#9142 = DIRECTION('',(1.,0.,0.));
#9143 = ORIENTED_EDGE('',*,*,#9058,.T.);
#9144 = ORIENTED_EDGE('',*,*,#9145,.T.);
#9145 = EDGE_CURVE('',#9061,#9101,#9146,.T.);
#9146 = LINE('',#9147,#9148);
#9147 = CARTESIAN_POINT('',(6.565E+03,-1.359E+03,5.976E+03));
#9148 = VECTOR('',#9149,1.);
#9149 = DIRECTION('',(1.,0.,0.));
#9150 = ORIENTED_EDGE('',*,*,#9098,.F.);
#9151 = PLANE('',#9152);
#9152 = AXIS2_PLACEMENT_3D('',#9153,#9154,#9155);
#9153 = CARTESIAN_POINT('',(6.565E+03,-1.359E+03,5.676E+03));
#9154 = DIRECTION('',(0.,1.,0.));
#9155 = DIRECTION('',(0.,0.,1.));
#9156 = ADVANCED_FACE('',(#9157),#9173,.T.);
#9157 = FACE_BOUND('',#9158,.T.);
#9158 = EDGE_LOOP('',(#9159,#9165,#9166,#9172));
#9159 = ORIENTED_EDGE('',*,*,#9160,.F.);
#9160 = EDGE_CURVE('',#9069,#9109,#9161,.T.);
#9161 = LINE('',#9162,#9163);
#9162 = CARTESIAN_POINT('',(6.565E+03,-1.109E+03,5.676E+03));
#9163 = VECTOR('',#9164,1.);
#9164 = DIRECTION('',(1.,0.,0.));
#9165 = ORIENTED_EDGE('',*,*,#9076,.T.);
#9166 = ORIENTED_EDGE('',*,*,#9167,.T.);
#9167 = EDGE_CURVE('',#9077,#9117,#9168,.T.);
#9168 = LINE('',#9169,#9170);
#9169 = CARTESIAN_POINT('',(6.565E+03,-1.109E+03,5.976E+03));
#9170 = VECTOR('',#9171,1.);
#9171 = DIRECTION('',(1.,0.,0.));
#9172 = ORIENTED_EDGE('',*,*,#9116,.F.);
#9173 = PLANE('',#9174);
#9174 = AXIS2_PLACEMENT_3D('',#9175,#9176,#9177);
#9175 = CARTESIAN_POINT('',(6.565E+03,-1.109E+03,5.676E+03));
#9176 = DIRECTION('',(0.,1.,0.));
#9177 = DIRECTION('',(0.,0.,1.));
#9178 = ADVANCED_FACE('',(#9179),#9185,.F.);
#9179 = FACE_BOUND('',#9180,.F.);
#9180 = EDGE_LOOP('',(#9181,#9182,#9183,#9184));
#9181 = ORIENTED_EDGE('',*,*,#9068,.F.);
#9182 = ORIENTED_EDGE('',*,*,#9138,.T.);
#9183 = ORIENTED_EDGE('',*,*,#9108,.T.);
#9184 = ORIENTED_EDGE('',*,*,#9160,.F.);
#9185 = PLANE('',#9186);
#9186 = AXIS2_PLACEMENT_3D('',#9187,#9188,#9189);
#9187 = CARTESIAN_POINT('',(6.565E+03,-1.359E+03,5.676E+03));
#9188 = DIRECTION('',(0.,0.,1.));
#9189 = DIRECTION('',(1.,0.,0.));
#9190 = ADVANCED_FACE('',(#9191),#9197,.T.);
#9191 = FACE_BOUND('',#9192,.T.);
#9192 = EDGE_LOOP('',(#9193,#9194,#9195,#9196));
#9193 = ORIENTED_EDGE('',*,*,#9084,.F.);
#9194 = ORIENTED_EDGE('',*,*,#9145,.T.);
#9195 = ORIENTED_EDGE('',*,*,#9124,.T.);
#9196 = ORIENTED_EDGE('',*,*,#9167,.F.);
#9197 = PLANE('',#9198);
#9198 = AXIS2_PLACEMENT_3D('',#9199,#9200,#9201);
#9199 = CARTESIAN_POINT('',(6.565E+03,-1.359E+03,5.976E+03));
#9200 = DIRECTION('',(0.,0.,1.));
#9201 = DIRECTION('',(1.,0.,0.));
#9202 = MANIFOLD_SOLID_BREP('',#9203);
#9203 = CLOSED_SHELL('',(#9204,#9244,#9284,#9306,#9328,#9340));
#9204 = ADVANCED_FACE('',(#9205),#9239,.F.);
#9205 = FACE_BOUND('',#9206,.F.);
#9206 = EDGE_LOOP('',(#9207,#9217,#9225,#9233));
#9207 = ORIENTED_EDGE('',*,*,#9208,.F.);
#9208 = EDGE_CURVE('',#9209,#9211,#9213,.T.);
#9209 = VERTEX_POINT('',#9210);
#9210 = CARTESIAN_POINT('',(6.78E+03,-2.064E+03,5.276E+03));
#9211 = VERTEX_POINT('',#9212);
#9212 = CARTESIAN_POINT('',(6.78E+03,-2.064E+03,5.826E+03));
#9213 = LINE('',#9214,#9215);
#9214 = CARTESIAN_POINT('',(6.78E+03,-2.064E+03,5.276E+03));
#9215 = VECTOR('',#9216,1.);
#9216 = DIRECTION('',(0.,0.,1.));
#9217 = ORIENTED_EDGE('',*,*,#9218,.T.);
#9218 = EDGE_CURVE('',#9209,#9219,#9221,.T.);
#9219 = VERTEX_POINT('',#9220);
#9220 = CARTESIAN_POINT('',(6.78E+03,-1.764E+03,5.276E+03));
#9221 = LINE('',#9222,#9223);
#9222 = CARTESIAN_POINT('',(6.78E+03,-2.064E+03,5.276E+03));
#9223 = VECTOR('',#9224,1.);
#9224 = DIRECTION('',(0.,1.,0.));
#9225 = ORIENTED_EDGE('',*,*,#9226,.T.);
#9226 = EDGE_CURVE('',#9219,#9227,#9229,.T.);
#9227 = VERTEX_POINT('',#9228);
#9228 = CARTESIAN_POINT('',(6.78E+03,-1.764E+03,5.826E+03));
#9229 = LINE('',#9230,#9231);
#9230 = CARTESIAN_POINT('',(6.78E+03,-1.764E+03,5.276E+03));
#9231 = VECTOR('',#9232,1.);
#9232 = DIRECTION('',(0.,0.,1.));
#9233 = ORIENTED_EDGE('',*,*,#9234,.F.);
#9234 = EDGE_CURVE('',#9211,#9227,#9235,.T.);
#9235 = LINE('',#9236,#9237);
#9236 = CARTESIAN_POINT('',(6.78E+03,-2.064E+03,5.826E+03));
#9237 = VECTOR('',#9238,1.);
#9238 = DIRECTION('',(0.,1.,0.));
#9239 = PLANE('',#9240);
#9240 = AXIS2_PLACEMENT_3D('',#9241,#9242,#9243);
#9241 = CARTESIAN_POINT('',(6.78E+03,-2.064E+03,5.276E+03));
#9242 = DIRECTION('',(1.,0.,0.));
#9243 = DIRECTION('',(0.,0.,1.));
#9244 = ADVANCED_FACE('',(#9245),#9279,.T.);
#9245 = FACE_BOUND('',#9246,.T.);
#9246 = EDGE_LOOP('',(#9247,#9257,#9265,#9273));
#9247 = ORIENTED_EDGE('',*,*,#9248,.F.);
#9248 = EDGE_CURVE('',#9249,#9251,#9253,.T.);
#9249 = VERTEX_POINT('',#9250);
#9250 = CARTESIAN_POINT('',(7.58E+03,-2.064E+03,5.276E+03));
#9251 = VERTEX_POINT('',#9252);
#9252 = CARTESIAN_POINT('',(7.58E+03,-2.064E+03,5.826E+03));
#9253 = LINE('',#9254,#9255);
#9254 = CARTESIAN_POINT('',(7.58E+03,-2.064E+03,5.276E+03));
#9255 = VECTOR('',#9256,1.);
#9256 = DIRECTION('',(0.,0.,1.));
#9257 = ORIENTED_EDGE('',*,*,#9258,.T.);
#9258 = EDGE_CURVE('',#9249,#9259,#9261,.T.);
#9259 = VERTEX_POINT('',#9260);
#9260 = CARTESIAN_POINT('',(7.58E+03,-1.764E+03,5.276E+03));
#9261 = LINE('',#9262,#9263);
#9262 = CARTESIAN_POINT('',(7.58E+03,-2.064E+03,5.276E+03));
#9263 = VECTOR('',#9264,1.);
#9264 = DIRECTION('',(0.,1.,0.));
#9265 = ORIENTED_EDGE('',*,*,#9266,.T.);
#9266 = EDGE_CURVE('',#9259,#9267,#9269,.T.);
#9267 = VERTEX_POINT('',#9268);
#9268 = CARTESIAN_POINT('',(7.58E+03,-1.764E+03,5.826E+03));
#9269 = LINE('',#9270,#9271);
#9270 = CARTESIAN_POINT('',(7.58E+03,-1.764E+03,5.276E+03));
#9271 = VECTOR('',#9272,1.);
#9272 = DIRECTION('',(0.,0.,1.));
#9273 = ORIENTED_EDGE('',*,*,#9274,.F.);
#9274 = EDGE_CURVE('',#9251,#9267,#9275,.T.);
#9275 = LINE('',#9276,#9277);
#9276 = CARTESIAN_POINT('',(7.58E+03,-2.064E+03,5.826E+03));
#9277 = VECTOR('',#9278,1.);
#9278 = DIRECTION('',(0.,1.,0.));
#9279 = PLANE('',#9280);
#9280 = AXIS2_PLACEMENT_3D('',#9281,#9282,#9283);
#9281 = CARTESIAN_POINT('',(7.58E+03,-2.064E+03,5.276E+03));
#9282 = DIRECTION('',(1.,0.,0.));
#9283 = DIRECTION('',(0.,0.,1.));
#9284 = ADVANCED_FACE('',(#9285),#9301,.F.);
#9285 = FACE_BOUND('',#9286,.F.);
#9286 = EDGE_LOOP('',(#9287,#9293,#9294,#9300));
#9287 = ORIENTED_EDGE('',*,*,#9288,.F.);
#9288 = EDGE_CURVE('',#9209,#9249,#9289,.T.);
#9289 = LINE('',#9290,#9291);
#9290 = CARTESIAN_POINT('',(6.78E+03,-2.064E+03,5.276E+03));
#9291 = VECTOR('',#9292,1.);
#9292 = DIRECTION('',(1.,0.,0.));
#9293 = ORIENTED_EDGE('',*,*,#9208,.T.);
#9294 = ORIENTED_EDGE('',*,*,#9295,.T.);
#9295 = EDGE_CURVE('',#9211,#9251,#9296,.T.);
#9296 = LINE('',#9297,#9298);
#9297 = CARTESIAN_POINT('',(6.78E+03,-2.064E+03,5.826E+03));
#9298 = VECTOR('',#9299,1.);
#9299 = DIRECTION('',(1.,0.,0.));
#9300 = ORIENTED_EDGE('',*,*,#9248,.F.);
#9301 = PLANE('',#9302);
#9302 = AXIS2_PLACEMENT_3D('',#9303,#9304,#9305);
#9303 = CARTESIAN_POINT('',(6.78E+03,-2.064E+03,5.276E+03));
#9304 = DIRECTION('',(0.,1.,0.));
#9305 = DIRECTION('',(0.,0.,1.));
#9306 = ADVANCED_FACE('',(#9307),#9323,.T.);
#9307 = FACE_BOUND('',#9308,.T.);
#9308 = EDGE_LOOP('',(#9309,#9315,#9316,#9322));
#9309 = ORIENTED_EDGE('',*,*,#9310,.F.);
#9310 = EDGE_CURVE('',#9219,#9259,#9311,.T.);
#9311 = LINE('',#9312,#9313);
#9312 = CARTESIAN_POINT('',(6.78E+03,-1.764E+03,5.276E+03));
#9313 = VECTOR('',#9314,1.);
#9314 = DIRECTION('',(1.,0.,0.));
#9315 = ORIENTED_EDGE('',*,*,#9226,.T.);
#9316 = ORIENTED_EDGE('',*,*,#9317,.T.);
#9317 = EDGE_CURVE('',#9227,#9267,#9318,.T.);
#9318 = LINE('',#9319,#9320);
#9319 = CARTESIAN_POINT('',(6.78E+03,-1.764E+03,5.826E+03));
#9320 = VECTOR('',#9321,1.);
#9321 = DIRECTION('',(1.,0.,0.));
#9322 = ORIENTED_EDGE('',*,*,#9266,.F.);
#9323 = PLANE('',#9324);
#9324 = AXIS2_PLACEMENT_3D('',#9325,#9326,#9327);
#9325 = CARTESIAN_POINT('',(6.78E+03,-1.764E+03,5.276E+03));
#9326 = DIRECTION('',(0.,1.,0.));
#9327 = DIRECTION('',(0.,0.,1.));
#9328 = ADVANCED_FACE('',(#9329),#9335,.F.);
#9329 = FACE_BOUND('',#9330,.F.);
#9330 = EDGE_LOOP('',(#9331,#9332,#9333,#9334));
#9331 = ORIENTED_EDGE('',*,*,#9218,.F.);
#9332 = ORIENTED_EDGE('',*,*,#9288,.T.);
#9333 = ORIENTED_EDGE('',*,*,#9258,.T.);
#9334 = ORIENTED_EDGE('',*,*,#9310,.F.);
#9335 = PLANE('',#9336);
#9336 = AXIS2_PLACEMENT_3D('',#9337,#9338,#9339);
#9337 = CARTESIAN_POINT('',(6.78E+03,-2.064E+03,5.276E+03));
#9338 = DIRECTION('',(0.,0.,1.));
#9339 = DIRECTION('',(1.,0.,0.));
#9340 = ADVANCED_FACE('',(#9341),#9347,.T.);
#9341 = FACE_BOUND('',#9342,.T.);
#9342 = EDGE_LOOP('',(#9343,#9344,#9345,#9346));
#9343 = ORIENTED_EDGE('',*,*,#9234,.F.);
#9344 = ORIENTED_EDGE('',*,*,#9295,.T.);
#9345 = ORIENTED_EDGE('',*,*,#9274,.T.);
#9346 = ORIENTED_EDGE('',*,*,#9317,.F.);
#9347 = PLANE('',#9348);
#9348 = AXIS2_PLACEMENT_3D('',#9349,#9350,#9351);
#9349 = CARTESIAN_POINT('',(6.78E+03,-2.064E+03,5.826E+03));
#9350 = DIRECTION('',(0.,0.,1.));
#9351 = DIRECTION('',(1.,0.,0.));
#9352 = MANIFOLD_SOLID_BREP('',#9353);
#9353 = CLOSED_SHELL('',(#9354,#9394,#9434,#9456,#9478,#9490));
#9354 = ADVANCED_FACE('',(#9355),#9389,.F.);
#9355 = FACE_BOUND('',#9356,.F.);
#9356 = EDGE_LOOP('',(#9357,#9367,#9375,#9383));
#9357 = ORIENTED_EDGE('',*,*,#9358,.F.);
#9358 = EDGE_CURVE('',#9359,#9361,#9363,.T.);
#9359 = VERTEX_POINT('',#9360);
#9360 = CARTESIAN_POINT('',(7.255E+03,-1.294E+03,3.776E+03));
#9361 = VERTEX_POINT('',#9362);
#9362 = CARTESIAN_POINT('',(7.255E+03,-1.294E+03,3.796E+03));
#9363 = LINE('',#9364,#9365);
#9364 = CARTESIAN_POINT('',(7.255E+03,-1.294E+03,3.776E+03));
#9365 = VECTOR('',#9366,1.);
#9366 = DIRECTION('',(0.,0.,1.));
#9367 = ORIENTED_EDGE('',*,*,#9368,.T.);
#9368 = EDGE_CURVE('',#9359,#9369,#9371,.T.);
#9369 = VERTEX_POINT('',#9370);
#9370 = CARTESIAN_POINT('',(7.255E+03,-1.174E+03,3.776E+03));
#9371 = LINE('',#9372,#9373);
#9372 = CARTESIAN_POINT('',(7.255E+03,-1.294E+03,3.776E+03));
#9373 = VECTOR('',#9374,1.);
#9374 = DIRECTION('',(0.,1.,0.));
#9375 = ORIENTED_EDGE('',*,*,#9376,.T.);
#9376 = EDGE_CURVE('',#9369,#9377,#9379,.T.);
#9377 = VERTEX_POINT('',#9378);
#9378 = CARTESIAN_POINT('',(7.255E+03,-1.174E+03,3.796E+03));
#9379 = LINE('',#9380,#9381);
#9380 = CARTESIAN_POINT('',(7.255E+03,-1.174E+03,3.776E+03));
#9381 = VECTOR('',#9382,1.);
#9382 = DIRECTION('',(0.,0.,1.));
#9383 = ORIENTED_EDGE('',*,*,#9384,.F.);
#9384 = EDGE_CURVE('',#9361,#9377,#9385,.T.);
#9385 = LINE('',#9386,#9387);
#9386 = CARTESIAN_POINT('',(7.255E+03,-1.294E+03,3.796E+03));
#9387 = VECTOR('',#9388,1.);
#9388 = DIRECTION('',(0.,1.,0.));
#9389 = PLANE('',#9390);
#9390 = AXIS2_PLACEMENT_3D('',#9391,#9392,#9393);
#9391 = CARTESIAN_POINT('',(7.255E+03,-1.294E+03,3.776E+03));
#9392 = DIRECTION('',(1.,0.,0.));
#9393 = DIRECTION('',(0.,0.,1.));
#9394 = ADVANCED_FACE('',(#9395),#9429,.T.);
#9395 = FACE_BOUND('',#9396,.T.);
#9396 = EDGE_LOOP('',(#9397,#9407,#9415,#9423));
#9397 = ORIENTED_EDGE('',*,*,#9398,.F.);
#9398 = EDGE_CURVE('',#9399,#9401,#9403,.T.);
#9399 = VERTEX_POINT('',#9400);
#9400 = CARTESIAN_POINT('',(7.375E+03,-1.294E+03,3.776E+03));
#9401 = VERTEX_POINT('',#9402);
#9402 = CARTESIAN_POINT('',(7.375E+03,-1.294E+03,3.796E+03));
#9403 = LINE('',#9404,#9405);
#9404 = CARTESIAN_POINT('',(7.375E+03,-1.294E+03,3.776E+03));
#9405 = VECTOR('',#9406,1.);
#9406 = DIRECTION('',(0.,0.,1.));
#9407 = ORIENTED_EDGE('',*,*,#9408,.T.);
#9408 = EDGE_CURVE('',#9399,#9409,#9411,.T.);
#9409 = VERTEX_POINT('',#9410);
#9410 = CARTESIAN_POINT('',(7.375E+03,-1.174E+03,3.776E+03));
#9411 = LINE('',#9412,#9413);
#9412 = CARTESIAN_POINT('',(7.375E+03,-1.294E+03,3.776E+03));
#9413 = VECTOR('',#9414,1.);
#9414 = DIRECTION('',(0.,1.,0.));
#9415 = ORIENTED_EDGE('',*,*,#9416,.T.);
#9416 = EDGE_CURVE('',#9409,#9417,#9419,.T.);
#9417 = VERTEX_POINT('',#9418);
#9418 = CARTESIAN_POINT('',(7.375E+03,-1.174E+03,3.796E+03));
#9419 = LINE('',#9420,#9421);
#9420 = CARTESIAN_POINT('',(7.375E+03,-1.174E+03,3.776E+03));
#9421 = VECTOR('',#9422,1.);
#9422 = DIRECTION('',(0.,0.,1.));
#9423 = ORIENTED_EDGE('',*,*,#9424,.F.);
#9424 = EDGE_CURVE('',#9401,#9417,#9425,.T.);
#9425 = LINE('',#9426,#9427);
#9426 = CARTESIAN_POINT('',(7.375E+03,-1.294E+03,3.796E+03));
#9427 = VECTOR('',#9428,1.);
#9428 = DIRECTION('',(0.,1.,0.));
#9429 = PLANE('',#9430);
#9430 = AXIS2_PLACEMENT_3D('',#9431,#9432,#9433);
#9431 = CARTESIAN_POINT('',(7.375E+03,-1.294E+03,3.776E+03));
#9432 = DIRECTION('',(1.,0.,0.));
#9433 = DIRECTION('',(0.,0.,1.));
#9434 = ADVANCED_FACE('',(#9435),#9451,.F.);
#9435 = FACE_BOUND('',#9436,.F.);
#9436 = EDGE_LOOP('',(#9437,#9443,#9444,#9450));
#9437 = ORIENTED_EDGE('',*,*,#9438,.F.);
#9438 = EDGE_CURVE('',#9359,#9399,#9439,.T.);
#9439 = LINE('',#9440,#9441);
#9440 = CARTESIAN_POINT('',(7.255E+03,-1.294E+03,3.776E+03));
#9441 = VECTOR('',#9442,1.);
#9442 = DIRECTION('',(1.,0.,0.));
#9443 = ORIENTED_EDGE('',*,*,#9358,.T.);
#9444 = ORIENTED_EDGE('',*,*,#9445,.T.);
#9445 = EDGE_CURVE('',#9361,#9401,#9446,.T.);
#9446 = LINE('',#9447,#9448);
#9447 = CARTESIAN_POINT('',(7.255E+03,-1.294E+03,3.796E+03));
#9448 = VECTOR('',#9449,1.);
#9449 = DIRECTION('',(1.,0.,0.));
#9450 = ORIENTED_EDGE('',*,*,#9398,.F.);
#9451 = PLANE('',#9452);
#9452 = AXIS2_PLACEMENT_3D('',#9453,#9454,#9455);
#9453 = CARTESIAN_POINT('',(7.255E+03,-1.294E+03,3.776E+03));
#9454 = DIRECTION('',(0.,1.,0.));
#9455 = DIRECTION('',(0.,0.,1.));
#9456 = ADVANCED_FACE('',(#9457),#9473,.T.);
#9457 = FACE_BOUND('',#9458,.T.);
#9458 = EDGE_LOOP('',(#9459,#9465,#9466,#9472));
#9459 = ORIENTED_EDGE('',*,*,#9460,.F.);
#9460 = EDGE_CURVE('',#9369,#9409,#9461,.T.);
#9461 = LINE('',#9462,#9463);
#9462 = CARTESIAN_POINT('',(7.255E+03,-1.174E+03,3.776E+03));
#9463 = VECTOR('',#9464,1.);
#9464 = DIRECTION('',(1.,0.,0.));
#9465 = ORIENTED_EDGE('',*,*,#9376,.T.);
#9466 = ORIENTED_EDGE('',*,*,#9467,.T.);
#9467 = EDGE_CURVE('',#9377,#9417,#9468,.T.);
#9468 = LINE('',#9469,#9470);
#9469 = CARTESIAN_POINT('',(7.255E+03,-1.174E+03,3.796E+03));
#9470 = VECTOR('',#9471,1.);
#9471 = DIRECTION('',(1.,0.,0.));
#9472 = ORIENTED_EDGE('',*,*,#9416,.F.);
#9473 = PLANE('',#9474);
#9474 = AXIS2_PLACEMENT_3D('',#9475,#9476,#9477);
#9475 = CARTESIAN_POINT('',(7.255E+03,-1.174E+03,3.776E+03));
#9476 = DIRECTION('',(0.,1.,0.));
#9477 = DIRECTION('',(0.,0.,1.));
#9478 = ADVANCED_FACE('',(#9479),#9485,.F.);
#9479 = FACE_BOUND('',#9480,.F.);
#9480 = EDGE_LOOP('',(#9481,#9482,#9483,#9484));
#9481 = ORIENTED_EDGE('',*,*,#9368,.F.);
#9482 = ORIENTED_EDGE('',*,*,#9438,.T.);
#9483 = ORIENTED_EDGE('',*,*,#9408,.T.);
#9484 = ORIENTED_EDGE('',*,*,#9460,.F.);
#9485 = PLANE('',#9486);
#9486 = AXIS2_PLACEMENT_3D('',#9487,#9488,#9489);
#9487 = CARTESIAN_POINT('',(7.255E+03,-1.294E+03,3.776E+03));
#9488 = DIRECTION('',(0.,0.,1.));
#9489 = DIRECTION('',(1.,0.,0.));
#9490 = ADVANCED_FACE('',(#9491),#9497,.T.);
#9491 = FACE_BOUND('',#9492,.T.);
#9492 = EDGE_LOOP('',(#9493,#9494,#9495,#9496));
#9493 = ORIENTED_EDGE('',*,*,#9384,.F.);
#9494 = ORIENTED_EDGE('',*,*,#9445,.T.);
#9495 = ORIENTED_EDGE('',*,*,#9424,.T.);
#9496 = ORIENTED_EDGE('',*,*,#9467,.F.);
#9497 = PLANE('',#9498);
#9498 = AXIS2_PLACEMENT_3D('',#9499,#9500,#9501);
#9499 = CARTESIAN_POINT('',(7.255E+03,-1.294E+03,3.796E+03));
#9500 = DIRECTION('',(0.,0.,1.));
#9501 = DIRECTION('',(1.,0.,0.));
#9502 = MANIFOLD_SOLID_BREP('',#9503);
#9503 = CLOSED_SHELL('',(#9504,#9544,#9584,#9606,#9628,#9640));
#9504 = ADVANCED_FACE('',(#9505),#9539,.F.);
#9505 = FACE_BOUND('',#9506,.F.);
#9506 = EDGE_LOOP('',(#9507,#9517,#9525,#9533));
#9507 = ORIENTED_EDGE('',*,*,#9508,.F.);
#9508 = EDGE_CURVE('',#9509,#9511,#9513,.T.);
#9509 = VERTEX_POINT('',#9510);
#9510 = CARTESIAN_POINT('',(6.986E+03,-1.12E+03,3.776E+03));
#9511 = VERTEX_POINT('',#9512);
#9512 = CARTESIAN_POINT('',(6.986E+03,-1.12E+03,3.796E+03));
#9513 = LINE('',#9514,#9515);
#9514 = CARTESIAN_POINT('',(6.986E+03,-1.12E+03,3.776E+03));
#9515 = VECTOR('',#9516,1.);
#9516 = DIRECTION('',(0.,0.,1.));
#9517 = ORIENTED_EDGE('',*,*,#9518,.T.);
#9518 = EDGE_CURVE('',#9509,#9519,#9521,.T.);
#9519 = VERTEX_POINT('',#9520);
#9520 = CARTESIAN_POINT('',(6.986E+03,-1.E+03,3.776E+03));
#9521 = LINE('',#9522,#9523);
#9522 = CARTESIAN_POINT('',(6.986E+03,-1.12E+03,3.776E+03));
#9523 = VECTOR('',#9524,1.);
#9524 = DIRECTION('',(0.,1.,0.));
#9525 = ORIENTED_EDGE('',*,*,#9526,.T.);
#9526 = EDGE_CURVE('',#9519,#9527,#9529,.T.);
#9527 = VERTEX_POINT('',#9528);
#9528 = CARTESIAN_POINT('',(6.986E+03,-1.E+03,3.796E+03));
#9529 = LINE('',#9530,#9531);
#9530 = CARTESIAN_POINT('',(6.986E+03,-1.E+03,3.776E+03));
#9531 = VECTOR('',#9532,1.);
#9532 = DIRECTION('',(0.,0.,1.));
#9533 = ORIENTED_EDGE('',*,*,#9534,.F.);
#9534 = EDGE_CURVE('',#9511,#9527,#9535,.T.);
#9535 = LINE('',#9536,#9537);
#9536 = CARTESIAN_POINT('',(6.986E+03,-1.12E+03,3.796E+03));
#9537 = VECTOR('',#9538,1.);
#9538 = DIRECTION('',(0.,1.,0.));
#9539 = PLANE('',#9540);
#9540 = AXIS2_PLACEMENT_3D('',#9541,#9542,#9543);
#9541 = CARTESIAN_POINT('',(6.986E+03,-1.12E+03,3.776E+03));
#9542 = DIRECTION('',(1.,0.,0.));
#9543 = DIRECTION('',(0.,0.,1.));
#9544 = ADVANCED_FACE('',(#9545),#9579,.T.);
#9545 = FACE_BOUND('',#9546,.T.);
#9546 = EDGE_LOOP('',(#9547,#9557,#9565,#9573));
#9547 = ORIENTED_EDGE('',*,*,#9548,.F.);
#9548 = EDGE_CURVE('',#9549,#9551,#9553,.T.);
#9549 = VERTEX_POINT('',#9550);
#9550 = CARTESIAN_POINT('',(7.106E+03,-1.12E+03,3.776E+03));
#9551 = VERTEX_POINT('',#9552);
#9552 = CARTESIAN_POINT('',(7.106E+03,-1.12E+03,3.796E+03));
#9553 = LINE('',#9554,#9555);
#9554 = CARTESIAN_POINT('',(7.106E+03,-1.12E+03,3.776E+03));
#9555 = VECTOR('',#9556,1.);
#9556 = DIRECTION('',(0.,0.,1.));
#9557 = ORIENTED_EDGE('',*,*,#9558,.T.);
#9558 = EDGE_CURVE('',#9549,#9559,#9561,.T.);
#9559 = VERTEX_POINT('',#9560);
#9560 = CARTESIAN_POINT('',(7.106E+03,-1.E+03,3.776E+03));
#9561 = LINE('',#9562,#9563);
#9562 = CARTESIAN_POINT('',(7.106E+03,-1.12E+03,3.776E+03));
#9563 = VECTOR('',#9564,1.);
#9564 = DIRECTION('',(0.,1.,0.));
#9565 = ORIENTED_EDGE('',*,*,#9566,.T.);
#9566 = EDGE_CURVE('',#9559,#9567,#9569,.T.);
#9567 = VERTEX_POINT('',#9568);
#9568 = CARTESIAN_POINT('',(7.106E+03,-1.E+03,3.796E+03));
#9569 = LINE('',#9570,#9571);
#9570 = CARTESIAN_POINT('',(7.106E+03,-1.E+03,3.776E+03));
#9571 = VECTOR('',#9572,1.);
#9572 = DIRECTION('',(0.,0.,1.));
#9573 = ORIENTED_EDGE('',*,*,#9574,.F.);
#9574 = EDGE_CURVE('',#9551,#9567,#9575,.T.);
#9575 = LINE('',#9576,#9577);
#9576 = CARTESIAN_POINT('',(7.106E+03,-1.12E+03,3.796E+03));
#9577 = VECTOR('',#9578,1.);
#9578 = DIRECTION('',(0.,1.,0.));
#9579 = PLANE('',#9580);
#9580 = AXIS2_PLACEMENT_3D('',#9581,#9582,#9583);
#9581 = CARTESIAN_POINT('',(7.106E+03,-1.12E+03,3.776E+03));
#9582 = DIRECTION('',(1.,0.,0.));
#9583 = DIRECTION('',(0.,0.,1.));
#9584 = ADVANCED_FACE('',(#9585),#9601,.F.);
#9585 = FACE_BOUND('',#9586,.F.);
#9586 = EDGE_LOOP('',(#9587,#9593,#9594,#9600));
#9587 = ORIENTED_EDGE('',*,*,#9588,.F.);
#9588 = EDGE_CURVE('',#9509,#9549,#9589,.T.);
#9589 = LINE('',#9590,#9591);
#9590 = CARTESIAN_POINT('',(6.986E+03,-1.12E+03,3.776E+03));
#9591 = VECTOR('',#9592,1.);
#9592 = DIRECTION('',(1.,0.,0.));
#9593 = ORIENTED_EDGE('',*,*,#9508,.T.);
#9594 = ORIENTED_EDGE('',*,*,#9595,.T.);
#9595 = EDGE_CURVE('',#9511,#9551,#9596,.T.);
#9596 = LINE('',#9597,#9598);
#9597 = CARTESIAN_POINT('',(6.986E+03,-1.12E+03,3.796E+03));
#9598 = VECTOR('',#9599,1.);
#9599 = DIRECTION('',(1.,0.,0.));
#9600 = ORIENTED_EDGE('',*,*,#9548,.F.);
#9601 = PLANE('',#9602);
#9602 = AXIS2_PLACEMENT_3D('',#9603,#9604,#9605);
#9603 = CARTESIAN_POINT('',(6.986E+03,-1.12E+03,3.776E+03));
#9604 = DIRECTION('',(0.,1.,0.));
#9605 = DIRECTION('',(0.,0.,1.));
#9606 = ADVANCED_FACE('',(#9607),#9623,.T.);
#9607 = FACE_BOUND('',#9608,.T.);
#9608 = EDGE_LOOP('',(#9609,#9615,#9616,#9622));
#9609 = ORIENTED_EDGE('',*,*,#9610,.F.);
#9610 = EDGE_CURVE('',#9519,#9559,#9611,.T.);
#9611 = LINE('',#9612,#9613);
#9612 = CARTESIAN_POINT('',(6.986E+03,-1.E+03,3.776E+03));
#9613 = VECTOR('',#9614,1.);
#9614 = DIRECTION('',(1.,0.,0.));
#9615 = ORIENTED_EDGE('',*,*,#9526,.T.);
#9616 = ORIENTED_EDGE('',*,*,#9617,.T.);
#9617 = EDGE_CURVE('',#9527,#9567,#9618,.T.);
#9618 = LINE('',#9619,#9620);
#9619 = CARTESIAN_POINT('',(6.986E+03,-1.E+03,3.796E+03));
#9620 = VECTOR('',#9621,1.);
#9621 = DIRECTION('',(1.,0.,0.));
#9622 = ORIENTED_EDGE('',*,*,#9566,.F.);
#9623 = PLANE('',#9624);
#9624 = AXIS2_PLACEMENT_3D('',#9625,#9626,#9627);
#9625 = CARTESIAN_POINT('',(6.986E+03,-1.E+03,3.776E+03));
#9626 = DIRECTION('',(0.,1.,0.));
#9627 = DIRECTION('',(0.,0.,1.));
#9628 = ADVANCED_FACE('',(#9629),#9635,.F.);
#9629 = FACE_BOUND('',#9630,.F.);
#9630 = EDGE_LOOP('',(#9631,#9632,#9633,#9634));
#9631 = ORIENTED_EDGE('',*,*,#9518,.F.);
#9632 = ORIENTED_EDGE('',*,*,#9588,.T.);
#9633 = ORIENTED_EDGE('',*,*,#9558,.T.);
#9634 = ORIENTED_EDGE('',*,*,#9610,.F.);
#9635 = PLANE('',#9636);
#9636 = AXIS2_PLACEMENT_3D('',#9637,#9638,#9639);
#9637 = CARTESIAN_POINT('',(6.986E+03,-1.12E+03,3.776E+03));
#9638 = DIRECTION('',(0.,0.,1.));
#9639 = DIRECTION('',(1.,0.,0.));
#9640 = ADVANCED_FACE('',(#9641),#9647,.T.);
#9641 = FACE_BOUND('',#9642,.T.);
#9642 = EDGE_LOOP('',(#9643,#9644,#9645,#9646));
#9643 = ORIENTED_EDGE('',*,*,#9534,.F.);
#9644 = ORIENTED_EDGE('',*,*,#9595,.T.);
#9645 = ORIENTED_EDGE('',*,*,#9574,.T.);
#9646 = ORIENTED_EDGE('',*,*,#9617,.F.);
#9647 = PLANE('',#9648);
#9648 = AXIS2_PLACEMENT_3D('',#9649,#9650,#9651);
#9649 = CARTESIAN_POINT('',(6.986E+03,-1.12E+03,3.796E+03));
#9650 = DIRECTION('',(0.,0.,1.));
#9651 = DIRECTION('',(1.,0.,0.));
#9652 = MANIFOLD_SOLID_BREP('',#9653);
#9653 = CLOSED_SHELL('',(#9654,#9687,#9696));
#9654 = ADVANCED_FACE('',(#9655),#9682,.T.);
#9655 = FACE_BOUND('',#9656,.T.);
#9656 = EDGE_LOOP('',(#9657,#9666,#9674,#9681));
#9657 = ORIENTED_EDGE('',*,*,#9658,.F.);
#9658 = EDGE_CURVE('',#9659,#9659,#9661,.T.);
#9659 = VERTEX_POINT('',#9660);
#9660 = CARTESIAN_POINT('',(7.106E+03,-1.66E+03,3.796E+03));
#9661 = CIRCLE('',#9662,60.);
#9662 = AXIS2_PLACEMENT_3D('',#9663,#9664,#9665);
#9663 = CARTESIAN_POINT('',(7.046E+03,-1.66E+03,3.796E+03));
#9664 = DIRECTION('',(0.,0.,1.));
#9665 = DIRECTION('',(1.,0.,0.));
#9666 = ORIENTED_EDGE('',*,*,#9667,.F.);
#9667 = EDGE_CURVE('',#9668,#9659,#9670,.T.);
#9668 = VERTEX_POINT('',#9669);
#9669 = CARTESIAN_POINT('',(7.106E+03,-1.66E+03,3.776E+03));
#9670 = LINE('',#9671,#9672);
#9671 = CARTESIAN_POINT('',(7.106E+03,-1.66E+03,3.776E+03));
#9672 = VECTOR('',#9673,1.);
#9673 = DIRECTION('',(0.,0.,1.));
#9674 = ORIENTED_EDGE('',*,*,#9675,.T.);
#9675 = EDGE_CURVE('',#9668,#9668,#9676,.T.);
#9676 = CIRCLE('',#9677,60.);
#9677 = AXIS2_PLACEMENT_3D('',#9678,#9679,#9680);
#9678 = CARTESIAN_POINT('',(7.046E+03,-1.66E+03,3.776E+03));
#9679 = DIRECTION('',(0.,0.,1.));
#9680 = DIRECTION('',(1.,0.,0.));
#9681 = ORIENTED_EDGE('',*,*,#9667,.T.);
#9682 = CYLINDRICAL_SURFACE('',#9683,60.);
#9683 = AXIS2_PLACEMENT_3D('',#9684,#9685,#9686);
#9684 = CARTESIAN_POINT('',(7.046E+03,-1.66E+03,3.776E+03));
#9685 = DIRECTION('',(0.,0.,1.));
#9686 = DIRECTION('',(1.,0.,0.));
#9687 = ADVANCED_FACE('',(#9688),#9691,.T.);
#9688 = FACE_BOUND('',#9689,.T.);
#9689 = EDGE_LOOP('',(#9690));
#9690 = ORIENTED_EDGE('',*,*,#9658,.T.);
#9691 = PLANE('',#9692);
#9692 = AXIS2_PLACEMENT_3D('',#9693,#9694,#9695);
#9693 = CARTESIAN_POINT('',(7.046E+03,-1.66E+03,3.796E+03));
#9694 = DIRECTION('',(0.,0.,1.));
#9695 = DIRECTION('',(1.,0.,0.));
#9696 = ADVANCED_FACE('',(#9697),#9700,.F.);
#9697 = FACE_BOUND('',#9698,.T.);
#9698 = EDGE_LOOP('',(#9699));
#9699 = ORIENTED_EDGE('',*,*,#9675,.F.);
#9700 = PLANE('',#9701);
#9701 = AXIS2_PLACEMENT_3D('',#9702,#9703,#9704);
#9702 = CARTESIAN_POINT('',(7.046E+03,-1.66E+03,3.776E+03));
#9703 = DIRECTION('',(0.,0.,1.));
#9704 = DIRECTION('',(1.,0.,0.));
#9705 = MANIFOLD_SOLID_BREP('',#9706);
#9706 = CLOSED_SHELL('',(#9707,#9747,#9787,#9809,#9831,#9843));
#9707 = ADVANCED_FACE('',(#9708),#9742,.F.);
#9708 = FACE_BOUND('',#9709,.F.);
#9709 = EDGE_LOOP('',(#9710,#9720,#9728,#9736));
#9710 = ORIENTED_EDGE('',*,*,#9711,.F.);
#9711 = EDGE_CURVE('',#9712,#9714,#9716,.T.);
#9712 = VERTEX_POINT('',#9713);
#9713 = CARTESIAN_POINT('',(8.272E+03,2.976E+03,5.676E+03));
#9714 = VERTEX_POINT('',#9715);
#9715 = CARTESIAN_POINT('',(8.272E+03,2.976E+03,5.976E+03));
#9716 = LINE('',#9717,#9718);
#9717 = CARTESIAN_POINT('',(8.272E+03,2.976E+03,5.676E+03));
#9718 = VECTOR('',#9719,1.);
#9719 = DIRECTION('',(0.,0.,1.));
#9720 = ORIENTED_EDGE('',*,*,#9721,.T.);
#9721 = EDGE_CURVE('',#9712,#9722,#9724,.T.);
#9722 = VERTEX_POINT('',#9723);
#9723 = CARTESIAN_POINT('',(8.272E+03,3.226E+03,5.676E+03));
#9724 = LINE('',#9725,#9726);
#9725 = CARTESIAN_POINT('',(8.272E+03,2.976E+03,5.676E+03));
#9726 = VECTOR('',#9727,1.);
#9727 = DIRECTION('',(0.,1.,0.));
#9728 = ORIENTED_EDGE('',*,*,#9729,.T.);
#9729 = EDGE_CURVE('',#9722,#9730,#9732,.T.);
#9730 = VERTEX_POINT('',#9731);
#9731 = CARTESIAN_POINT('',(8.272E+03,3.226E+03,5.976E+03));
#9732 = LINE('',#9733,#9734);
#9733 = CARTESIAN_POINT('',(8.272E+03,3.226E+03,5.676E+03));
#9734 = VECTOR('',#9735,1.);
#9735 = DIRECTION('',(0.,0.,1.));
#9736 = ORIENTED_EDGE('',*,*,#9737,.F.);
#9737 = EDGE_CURVE('',#9714,#9730,#9738,.T.);
#9738 = LINE('',#9739,#9740);
#9739 = CARTESIAN_POINT('',(8.272E+03,2.976E+03,5.976E+03));
#9740 = VECTOR('',#9741,1.);
#9741 = DIRECTION('',(0.,1.,0.));
#9742 = PLANE('',#9743);
#9743 = AXIS2_PLACEMENT_3D('',#9744,#9745,#9746);
#9744 = CARTESIAN_POINT('',(8.272E+03,2.976E+03,5.676E+03));
#9745 = DIRECTION('',(1.,0.,0.));
#9746 = DIRECTION('',(0.,0.,1.));
#9747 = ADVANCED_FACE('',(#9748),#9782,.T.);
#9748 = FACE_BOUND('',#9749,.T.);
#9749 = EDGE_LOOP('',(#9750,#9760,#9768,#9776));
#9750 = ORIENTED_EDGE('',*,*,#9751,.F.);
#9751 = EDGE_CURVE('',#9752,#9754,#9756,.T.);
#9752 = VERTEX_POINT('',#9753);
#9753 = CARTESIAN_POINT('',(9.172E+03,2.976E+03,5.676E+03));
#9754 = VERTEX_POINT('',#9755);
#9755 = CARTESIAN_POINT('',(9.172E+03,2.976E+03,5.976E+03));
#9756 = LINE('',#9757,#9758);
#9757 = CARTESIAN_POINT('',(9.172E+03,2.976E+03,5.676E+03));
#9758 = VECTOR('',#9759,1.);
#9759 = DIRECTION('',(0.,0.,1.));
#9760 = ORIENTED_EDGE('',*,*,#9761,.T.);
#9761 = EDGE_CURVE('',#9752,#9762,#9764,.T.);
#9762 = VERTEX_POINT('',#9763);
#9763 = CARTESIAN_POINT('',(9.172E+03,3.226E+03,5.676E+03));
#9764 = LINE('',#9765,#9766);
#9765 = CARTESIAN_POINT('',(9.172E+03,2.976E+03,5.676E+03));
#9766 = VECTOR('',#9767,1.);
#9767 = DIRECTION('',(0.,1.,0.));
#9768 = ORIENTED_EDGE('',*,*,#9769,.T.);
#9769 = EDGE_CURVE('',#9762,#9770,#9772,.T.);
#9770 = VERTEX_POINT('',#9771);
#9771 = CARTESIAN_POINT('',(9.172E+03,3.226E+03,5.976E+03));
#9772 = LINE('',#9773,#9774);
#9773 = CARTESIAN_POINT('',(9.172E+03,3.226E+03,5.676E+03));
#9774 = VECTOR('',#9775,1.);
#9775 = DIRECTION('',(0.,0.,1.));
#9776 = ORIENTED_EDGE('',*,*,#9777,.F.);
#9777 = EDGE_CURVE('',#9754,#9770,#9778,.T.);
#9778 = LINE('',#9779,#9780);
#9779 = CARTESIAN_POINT('',(9.172E+03,2.976E+03,5.976E+03));
#9780 = VECTOR('',#9781,1.);
#9781 = DIRECTION('',(0.,1.,0.));
#9782 = PLANE('',#9783);
#9783 = AXIS2_PLACEMENT_3D('',#9784,#9785,#9786);
#9784 = CARTESIAN_POINT('',(9.172E+03,2.976E+03,5.676E+03));
#9785 = DIRECTION('',(1.,0.,0.));
#9786 = DIRECTION('',(0.,0.,1.));
#9787 = ADVANCED_FACE('',(#9788),#9804,.F.);
#9788 = FACE_BOUND('',#9789,.F.);
#9789 = EDGE_LOOP('',(#9790,#9796,#9797,#9803));
#9790 = ORIENTED_EDGE('',*,*,#9791,.F.);
#9791 = EDGE_CURVE('',#9712,#9752,#9792,.T.);
#9792 = LINE('',#9793,#9794);
#9793 = CARTESIAN_POINT('',(8.272E+03,2.976E+03,5.676E+03));
#9794 = VECTOR('',#9795,1.);
#9795 = DIRECTION('',(1.,0.,0.));
#9796 = ORIENTED_EDGE('',*,*,#9711,.T.);
#9797 = ORIENTED_EDGE('',*,*,#9798,.T.);
#9798 = EDGE_CURVE('',#9714,#9754,#9799,.T.);
#9799 = LINE('',#9800,#9801);
#9800 = CARTESIAN_POINT('',(8.272E+03,2.976E+03,5.976E+03));
#9801 = VECTOR('',#9802,1.);
#9802 = DIRECTION('',(1.,0.,0.));
#9803 = ORIENTED_EDGE('',*,*,#9751,.F.);
#9804 = PLANE('',#9805);
#9805 = AXIS2_PLACEMENT_3D('',#9806,#9807,#9808);
#9806 = CARTESIAN_POINT('',(8.272E+03,2.976E+03,5.676E+03));
#9807 = DIRECTION('',(0.,1.,0.));
#9808 = DIRECTION('',(0.,0.,1.));
#9809 = ADVANCED_FACE('',(#9810),#9826,.T.);
#9810 = FACE_BOUND('',#9811,.T.);
#9811 = EDGE_LOOP('',(#9812,#9818,#9819,#9825));
#9812 = ORIENTED_EDGE('',*,*,#9813,.F.);
#9813 = EDGE_CURVE('',#9722,#9762,#9814,.T.);
#9814 = LINE('',#9815,#9816);
#9815 = CARTESIAN_POINT('',(8.272E+03,3.226E+03,5.676E+03));
#9816 = VECTOR('',#9817,1.);
#9817 = DIRECTION('',(1.,0.,0.));
#9818 = ORIENTED_EDGE('',*,*,#9729,.T.);
#9819 = ORIENTED_EDGE('',*,*,#9820,.T.);
#9820 = EDGE_CURVE('',#9730,#9770,#9821,.T.);
#9821 = LINE('',#9822,#9823);
#9822 = CARTESIAN_POINT('',(8.272E+03,3.226E+03,5.976E+03));
#9823 = VECTOR('',#9824,1.);
#9824 = DIRECTION('',(1.,0.,0.));
#9825 = ORIENTED_EDGE('',*,*,#9769,.F.);
#9826 = PLANE('',#9827);
#9827 = AXIS2_PLACEMENT_3D('',#9828,#9829,#9830);
#9828 = CARTESIAN_POINT('',(8.272E+03,3.226E+03,5.676E+03));
#9829 = DIRECTION('',(0.,1.,0.));
#9830 = DIRECTION('',(0.,0.,1.));
#9831 = ADVANCED_FACE('',(#9832),#9838,.F.);
#9832 = FACE_BOUND('',#9833,.F.);
#9833 = EDGE_LOOP('',(#9834,#9835,#9836,#9837));
#9834 = ORIENTED_EDGE('',*,*,#9721,.F.);
#9835 = ORIENTED_EDGE('',*,*,#9791,.T.);
#9836 = ORIENTED_EDGE('',*,*,#9761,.T.);
#9837 = ORIENTED_EDGE('',*,*,#9813,.F.);
#9838 = PLANE('',#9839);
#9839 = AXIS2_PLACEMENT_3D('',#9840,#9841,#9842);
#9840 = CARTESIAN_POINT('',(8.272E+03,2.976E+03,5.676E+03));
#9841 = DIRECTION('',(0.,0.,1.));
#9842 = DIRECTION('',(1.,0.,0.));
#9843 = ADVANCED_FACE('',(#9844),#9850,.T.);
#9844 = FACE_BOUND('',#9845,.T.);
#9845 = EDGE_LOOP('',(#9846,#9847,#9848,#9849));
#9846 = ORIENTED_EDGE('',*,*,#9737,.F.);
#9847 = ORIENTED_EDGE('',*,*,#9798,.T.);
#9848 = ORIENTED_EDGE('',*,*,#9777,.T.);
#9849 = ORIENTED_EDGE('',*,*,#9820,.F.);
#9850 = PLANE('',#9851);
#9851 = AXIS2_PLACEMENT_3D('',#9852,#9853,#9854);
#9852 = CARTESIAN_POINT('',(8.272E+03,2.976E+03,5.976E+03));
#9853 = DIRECTION('',(0.,0.,1.));
#9854 = DIRECTION('',(1.,0.,0.));
#9855 = MANIFOLD_SOLID_BREP('',#9856);
#9856 = CLOSED_SHELL('',(#9857,#9897,#9937,#9959,#9981,#9993));
#9857 = ADVANCED_FACE('',(#9858),#9892,.F.);
#9858 = FACE_BOUND('',#9859,.F.);
#9859 = EDGE_LOOP('',(#9860,#9870,#9878,#9886));
#9860 = ORIENTED_EDGE('',*,*,#9861,.F.);
#9861 = EDGE_CURVE('',#9862,#9864,#9866,.T.);
#9862 = VERTEX_POINT('',#9863);
#9863 = CARTESIAN_POINT('',(8.89E+03,3.36E+03,5.276E+03));
#9864 = VERTEX_POINT('',#9865);
#9865 = CARTESIAN_POINT('',(8.89E+03,3.36E+03,5.826E+03));
#9866 = LINE('',#9867,#9868);
#9867 = CARTESIAN_POINT('',(8.89E+03,3.36E+03,5.276E+03));
#9868 = VECTOR('',#9869,1.);
#9869 = DIRECTION('',(0.,0.,1.));
#9870 = ORIENTED_EDGE('',*,*,#9871,.T.);
#9871 = EDGE_CURVE('',#9862,#9872,#9874,.T.);
#9872 = VERTEX_POINT('',#9873);
#9873 = CARTESIAN_POINT('',(8.89E+03,3.66E+03,5.276E+03));
#9874 = LINE('',#9875,#9876);
#9875 = CARTESIAN_POINT('',(8.89E+03,3.36E+03,5.276E+03));
#9876 = VECTOR('',#9877,1.);
#9877 = DIRECTION('',(0.,1.,0.));
#9878 = ORIENTED_EDGE('',*,*,#9879,.T.);
#9879 = EDGE_CURVE('',#9872,#9880,#9882,.T.);
#9880 = VERTEX_POINT('',#9881);
#9881 = CARTESIAN_POINT('',(8.89E+03,3.66E+03,5.826E+03));
#9882 = LINE('',#9883,#9884);
#9883 = CARTESIAN_POINT('',(8.89E+03,3.66E+03,5.276E+03));
#9884 = VECTOR('',#9885,1.);
#9885 = DIRECTION('',(0.,0.,1.));
#9886 = ORIENTED_EDGE('',*,*,#9887,.F.);
#9887 = EDGE_CURVE('',#9864,#9880,#9888,.T.);
#9888 = LINE('',#9889,#9890);
#9889 = CARTESIAN_POINT('',(8.89E+03,3.36E+03,5.826E+03));
#9890 = VECTOR('',#9891,1.);
#9891 = DIRECTION('',(0.,1.,0.));
#9892 = PLANE('',#9893);
#9893 = AXIS2_PLACEMENT_3D('',#9894,#9895,#9896);
#9894 = CARTESIAN_POINT('',(8.89E+03,3.36E+03,5.276E+03));
#9895 = DIRECTION('',(1.,0.,0.));
#9896 = DIRECTION('',(0.,0.,1.));
#9897 = ADVANCED_FACE('',(#9898),#9932,.T.);
#9898 = FACE_BOUND('',#9899,.T.);
#9899 = EDGE_LOOP('',(#9900,#9910,#9918,#9926));
#9900 = ORIENTED_EDGE('',*,*,#9901,.F.);
#9901 = EDGE_CURVE('',#9902,#9904,#9906,.T.);
#9902 = VERTEX_POINT('',#9903);
#9903 = CARTESIAN_POINT('',(9.69E+03,3.36E+03,5.276E+03));
#9904 = VERTEX_POINT('',#9905);
#9905 = CARTESIAN_POINT('',(9.69E+03,3.36E+03,5.826E+03));
#9906 = LINE('',#9907,#9908);
#9907 = CARTESIAN_POINT('',(9.69E+03,3.36E+03,5.276E+03));
#9908 = VECTOR('',#9909,1.);
#9909 = DIRECTION('',(0.,0.,1.));
#9910 = ORIENTED_EDGE('',*,*,#9911,.T.);
#9911 = EDGE_CURVE('',#9902,#9912,#9914,.T.);
#9912 = VERTEX_POINT('',#9913);
#9913 = CARTESIAN_POINT('',(9.69E+03,3.66E+03,5.276E+03));
#9914 = LINE('',#9915,#9916);
#9915 = CARTESIAN_POINT('',(9.69E+03,3.36E+03,5.276E+03));
#9916 = VECTOR('',#9917,1.);
#9917 = DIRECTION('',(0.,1.,0.));
#9918 = ORIENTED_EDGE('',*,*,#9919,.T.);
#9919 = EDGE_CURVE('',#9912,#9920,#9922,.T.);
#9920 = VERTEX_POINT('',#9921);
#9921 = CARTESIAN_POINT('',(9.69E+03,3.66E+03,5.826E+03));
#9922 = LINE('',#9923,#9924);
#9923 = CARTESIAN_POINT('',(9.69E+03,3.66E+03,5.276E+03));
#9924 = VECTOR('',#9925,1.);
#9925 = DIRECTION('',(0.,0.,1.));
#9926 = ORIENTED_EDGE('',*,*,#9927,.F.);
#9927 = EDGE_CURVE('',#9904,#9920,#9928,.T.);
#9928 = LINE('',#9929,#9930);
#9929 = CARTESIAN_POINT('',(9.69E+03,3.36E+03,5.826E+03));
#9930 = VECTOR('',#9931,1.);
#9931 = DIRECTION('',(0.,1.,0.));
#9932 = PLANE('',#9933);
#9933 = AXIS2_PLACEMENT_3D('',#9934,#9935,#9936);
#9934 = CARTESIAN_POINT('',(9.69E+03,3.36E+03,5.276E+03));
#9935 = DIRECTION('',(1.,0.,0.));
#9936 = DIRECTION('',(0.,0.,1.));
#9937 = ADVANCED_FACE('',(#9938),#9954,.F.);
#9938 = FACE_BOUND('',#9939,.F.);
#9939 = EDGE_LOOP('',(#9940,#9946,#9947,#9953));
#9940 = ORIENTED_EDGE('',*,*,#9941,.F.);
#9941 = EDGE_CURVE('',#9862,#9902,#9942,.T.);
#9942 = LINE('',#9943,#9944);
#9943 = CARTESIAN_POINT('',(8.89E+03,3.36E+03,5.276E+03));
#9944 = VECTOR('',#9945,1.);
#9945 = DIRECTION('',(1.,0.,0.));
#9946 = ORIENTED_EDGE('',*,*,#9861,.T.);
#9947 = ORIENTED_EDGE('',*,*,#9948,.T.);
#9948 = EDGE_CURVE('',#9864,#9904,#9949,.T.);
#9949 = LINE('',#9950,#9951);
#9950 = CARTESIAN_POINT('',(8.89E+03,3.36E+03,5.826E+03));
#9951 = VECTOR('',#9952,1.);
#9952 = DIRECTION('',(1.,0.,0.));
#9953 = ORIENTED_EDGE('',*,*,#9901,.F.);
#9954 = PLANE('',#9955);
#9955 = AXIS2_PLACEMENT_3D('',#9956,#9957,#9958);
#9956 = CARTESIAN_POINT('',(8.89E+03,3.36E+03,5.276E+03));
#9957 = DIRECTION('',(0.,1.,0.));
#9958 = DIRECTION('',(0.,0.,1.));
#9959 = ADVANCED_FACE('',(#9960),#9976,.T.);
#9960 = FACE_BOUND('',#9961,.T.);
#9961 = EDGE_LOOP('',(#9962,#9968,#9969,#9975));
#9962 = ORIENTED_EDGE('',*,*,#9963,.F.);
#9963 = EDGE_CURVE('',#9872,#9912,#9964,.T.);
#9964 = LINE('',#9965,#9966);
#9965 = CARTESIAN_POINT('',(8.89E+03,3.66E+03,5.276E+03));
#9966 = VECTOR('',#9967,1.);
#9967 = DIRECTION('',(1.,0.,0.));
#9968 = ORIENTED_EDGE('',*,*,#9879,.T.);
#9969 = ORIENTED_EDGE('',*,*,#9970,.T.);
#9970 = EDGE_CURVE('',#9880,#9920,#9971,.T.);
#9971 = LINE('',#9972,#9973);
#9972 = CARTESIAN_POINT('',(8.89E+03,3.66E+03,5.826E+03));
#9973 = VECTOR('',#9974,1.);
#9974 = DIRECTION('',(1.,0.,0.));
#9975 = ORIENTED_EDGE('',*,*,#9919,.F.);
#9976 = PLANE('',#9977);
#9977 = AXIS2_PLACEMENT_3D('',#9978,#9979,#9980);
#9978 = CARTESIAN_POINT('',(8.89E+03,3.66E+03,5.276E+03));
#9979 = DIRECTION('',(0.,1.,0.));
#9980 = DIRECTION('',(0.,0.,1.));
#9981 = ADVANCED_FACE('',(#9982),#9988,.F.);
#9982 = FACE_BOUND('',#9983,.F.);
#9983 = EDGE_LOOP('',(#9984,#9985,#9986,#9987));
#9984 = ORIENTED_EDGE('',*,*,#9871,.F.);
#9985 = ORIENTED_EDGE('',*,*,#9941,.T.);
#9986 = ORIENTED_EDGE('',*,*,#9911,.T.);
#9987 = ORIENTED_EDGE('',*,*,#9963,.F.);
#9988 = PLANE('',#9989);
#9989 = AXIS2_PLACEMENT_3D('',#9990,#9991,#9992);
#9990 = CARTESIAN_POINT('',(8.89E+03,3.36E+03,5.276E+03));
#9991 = DIRECTION('',(0.,0.,1.));
#9992 = DIRECTION('',(1.,0.,0.));
#9993 = ADVANCED_FACE('',(#9994),#10000,.T.);
#9994 = FACE_BOUND('',#9995,.T.);
#9995 = EDGE_LOOP('',(#9996,#9997,#9998,#9999));
#9996 = ORIENTED_EDGE('',*,*,#9887,.F.);
#9997 = ORIENTED_EDGE('',*,*,#9948,.T.);
#9998 = ORIENTED_EDGE('',*,*,#9927,.T.);
#9999 = ORIENTED_EDGE('',*,*,#9970,.F.);
#10000 = PLANE('',#10001);
#10001 = AXIS2_PLACEMENT_3D('',#10002,#10003,#10004);
#10002 = CARTESIAN_POINT('',(8.89E+03,3.36E+03,5.826E+03));
#10003 = DIRECTION('',(0.,0.,1.));
#10004 = DIRECTION('',(1.,0.,0.));
#10005 = MANIFOLD_SOLID_BREP('',#10006);
#10006 = CLOSED_SHELL('',(#10007,#10047,#10087,#10109,#10131,#10143));
#10007 = ADVANCED_FACE('',(#10008),#10042,.F.);
#10008 = FACE_BOUND('',#10009,.F.);
#10009 = EDGE_LOOP('',(#10010,#10020,#10028,#10036));
#10010 = ORIENTED_EDGE('',*,*,#10011,.F.);
#10011 = EDGE_CURVE('',#10012,#10014,#10016,.T.);
#10012 = VERTEX_POINT('',#10013);
#10013 = CARTESIAN_POINT('',(8.962E+03,3.041E+03,3.776E+03));
#10014 = VERTEX_POINT('',#10015);
#10015 = CARTESIAN_POINT('',(8.962E+03,3.041E+03,3.796E+03));
#10016 = LINE('',#10017,#10018);
#10017 = CARTESIAN_POINT('',(8.962E+03,3.041E+03,3.776E+03));
#10018 = VECTOR('',#10019,1.);
#10019 = DIRECTION('',(0.,0.,1.));
#10020 = ORIENTED_EDGE('',*,*,#10021,.T.);
#10021 = EDGE_CURVE('',#10012,#10022,#10024,.T.);
#10022 = VERTEX_POINT('',#10023);
#10023 = CARTESIAN_POINT('',(8.962E+03,3.161E+03,3.776E+03));
#10024 = LINE('',#10025,#10026);
#10025 = CARTESIAN_POINT('',(8.962E+03,3.041E+03,3.776E+03));
#10026 = VECTOR('',#10027,1.);
#10027 = DIRECTION('',(0.,1.,0.));
#10028 = ORIENTED_EDGE('',*,*,#10029,.T.);
#10029 = EDGE_CURVE('',#10022,#10030,#10032,.T.);
#10030 = VERTEX_POINT('',#10031);
#10031 = CARTESIAN_POINT('',(8.962E+03,3.161E+03,3.796E+03));
#10032 = LINE('',#10033,#10034);
#10033 = CARTESIAN_POINT('',(8.962E+03,3.161E+03,3.776E+03));
#10034 = VECTOR('',#10035,1.);
#10035 = DIRECTION('',(0.,0.,1.));
#10036 = ORIENTED_EDGE('',*,*,#10037,.F.);
#10037 = EDGE_CURVE('',#10014,#10030,#10038,.T.);
#10038 = LINE('',#10039,#10040);
#10039 = CARTESIAN_POINT('',(8.962E+03,3.041E+03,3.796E+03));
#10040 = VECTOR('',#10041,1.);
#10041 = DIRECTION('',(0.,1.,0.));
#10042 = PLANE('',#10043);
#10043 = AXIS2_PLACEMENT_3D('',#10044,#10045,#10046);
#10044 = CARTESIAN_POINT('',(8.962E+03,3.041E+03,3.776E+03));
#10045 = DIRECTION('',(1.,0.,0.));
#10046 = DIRECTION('',(0.,0.,1.));
#10047 = ADVANCED_FACE('',(#10048),#10082,.T.);
#10048 = FACE_BOUND('',#10049,.T.);
#10049 = EDGE_LOOP('',(#10050,#10060,#10068,#10076));
#10050 = ORIENTED_EDGE('',*,*,#10051,.F.);
#10051 = EDGE_CURVE('',#10052,#10054,#10056,.T.);
#10052 = VERTEX_POINT('',#10053);
#10053 = CARTESIAN_POINT('',(9.082E+03,3.041E+03,3.776E+03));
#10054 = VERTEX_POINT('',#10055);
#10055 = CARTESIAN_POINT('',(9.082E+03,3.041E+03,3.796E+03));
#10056 = LINE('',#10057,#10058);
#10057 = CARTESIAN_POINT('',(9.082E+03,3.041E+03,3.776E+03));
#10058 = VECTOR('',#10059,1.);
#10059 = DIRECTION('',(0.,0.,1.));
#10060 = ORIENTED_EDGE('',*,*,#10061,.T.);
#10061 = EDGE_CURVE('',#10052,#10062,#10064,.T.);
#10062 = VERTEX_POINT('',#10063);
#10063 = CARTESIAN_POINT('',(9.082E+03,3.161E+03,3.776E+03));
#10064 = LINE('',#10065,#10066);
#10065 = CARTESIAN_POINT('',(9.082E+03,3.041E+03,3.776E+03));
#10066 = VECTOR('',#10067,1.);
#10067 = DIRECTION('',(0.,1.,0.));
#10068 = ORIENTED_EDGE('',*,*,#10069,.T.);
#10069 = EDGE_CURVE('',#10062,#10070,#10072,.T.);
#10070 = VERTEX_POINT('',#10071);
#10071 = CARTESIAN_POINT('',(9.082E+03,3.161E+03,3.796E+03));
#10072 = LINE('',#10073,#10074);
#10073 = CARTESIAN_POINT('',(9.082E+03,3.161E+03,3.776E+03));
#10074 = VECTOR('',#10075,1.);
#10075 = DIRECTION('',(0.,0.,1.));
#10076 = ORIENTED_EDGE('',*,*,#10077,.F.);
#10077 = EDGE_CURVE('',#10054,#10070,#10078,.T.);
#10078 = LINE('',#10079,#10080);
#10079 = CARTESIAN_POINT('',(9.082E+03,3.041E+03,3.796E+03));
#10080 = VECTOR('',#10081,1.);
#10081 = DIRECTION('',(0.,1.,0.));
#10082 = PLANE('',#10083);
#10083 = AXIS2_PLACEMENT_3D('',#10084,#10085,#10086);
#10084 = CARTESIAN_POINT('',(9.082E+03,3.041E+03,3.776E+03));
#10085 = DIRECTION('',(1.,0.,0.));
#10086 = DIRECTION('',(0.,0.,1.));
#10087 = ADVANCED_FACE('',(#10088),#10104,.F.);
#10088 = FACE_BOUND('',#10089,.F.);
#10089 = EDGE_LOOP('',(#10090,#10096,#10097,#10103));
#10090 = ORIENTED_EDGE('',*,*,#10091,.F.);
#10091 = EDGE_CURVE('',#10012,#10052,#10092,.T.);
#10092 = LINE('',#10093,#10094);
#10093 = CARTESIAN_POINT('',(8.962E+03,3.041E+03,3.776E+03));
#10094 = VECTOR('',#10095,1.);
#10095 = DIRECTION('',(1.,0.,0.));
#10096 = ORIENTED_EDGE('',*,*,#10011,.T.);
#10097 = ORIENTED_EDGE('',*,*,#10098,.T.);
#10098 = EDGE_CURVE('',#10014,#10054,#10099,.T.);
#10099 = LINE('',#10100,#10101);
#10100 = CARTESIAN_POINT('',(8.962E+03,3.041E+03,3.796E+03));
#10101 = VECTOR('',#10102,1.);
#10102 = DIRECTION('',(1.,0.,0.));
#10103 = ORIENTED_EDGE('',*,*,#10051,.F.);
#10104 = PLANE('',#10105);
#10105 = AXIS2_PLACEMENT_3D('',#10106,#10107,#10108);
#10106 = CARTESIAN_POINT('',(8.962E+03,3.041E+03,3.776E+03));
#10107 = DIRECTION('',(0.,1.,0.));
#10108 = DIRECTION('',(0.,0.,1.));
#10109 = ADVANCED_FACE('',(#10110),#10126,.T.);
#10110 = FACE_BOUND('',#10111,.T.);
#10111 = EDGE_LOOP('',(#10112,#10118,#10119,#10125));
#10112 = ORIENTED_EDGE('',*,*,#10113,.F.);
#10113 = EDGE_CURVE('',#10022,#10062,#10114,.T.);
#10114 = LINE('',#10115,#10116);
#10115 = CARTESIAN_POINT('',(8.962E+03,3.161E+03,3.776E+03));
#10116 = VECTOR('',#10117,1.);
#10117 = DIRECTION('',(1.,0.,0.));
#10118 = ORIENTED_EDGE('',*,*,#10029,.T.);
#10119 = ORIENTED_EDGE('',*,*,#10120,.T.);
#10120 = EDGE_CURVE('',#10030,#10070,#10121,.T.);
#10121 = LINE('',#10122,#10123);
#10122 = CARTESIAN_POINT('',(8.962E+03,3.161E+03,3.796E+03));
#10123 = VECTOR('',#10124,1.);
#10124 = DIRECTION('',(1.,0.,0.));
#10125 = ORIENTED_EDGE('',*,*,#10069,.F.);
#10126 = PLANE('',#10127);
#10127 = AXIS2_PLACEMENT_3D('',#10128,#10129,#10130);
#10128 = CARTESIAN_POINT('',(8.962E+03,3.161E+03,3.776E+03));
#10129 = DIRECTION('',(0.,1.,0.));
#10130 = DIRECTION('',(0.,0.,1.));
#10131 = ADVANCED_FACE('',(#10132),#10138,.F.);
#10132 = FACE_BOUND('',#10133,.F.);
#10133 = EDGE_LOOP('',(#10134,#10135,#10136,#10137));
#10134 = ORIENTED_EDGE('',*,*,#10021,.F.);
#10135 = ORIENTED_EDGE('',*,*,#10091,.T.);
#10136 = ORIENTED_EDGE('',*,*,#10061,.T.);
#10137 = ORIENTED_EDGE('',*,*,#10113,.F.);
#10138 = PLANE('',#10139);
#10139 = AXIS2_PLACEMENT_3D('',#10140,#10141,#10142);
#10140 = CARTESIAN_POINT('',(8.962E+03,3.041E+03,3.776E+03));
#10141 = DIRECTION('',(0.,0.,1.));
#10142 = DIRECTION('',(1.,0.,0.));
#10143 = ADVANCED_FACE('',(#10144),#10150,.T.);
#10144 = FACE_BOUND('',#10145,.T.);
#10145 = EDGE_LOOP('',(#10146,#10147,#10148,#10149));
#10146 = ORIENTED_EDGE('',*,*,#10037,.F.);
#10147 = ORIENTED_EDGE('',*,*,#10098,.T.);
#10148 = ORIENTED_EDGE('',*,*,#10077,.T.);
#10149 = ORIENTED_EDGE('',*,*,#10120,.F.);
#10150 = PLANE('',#10151);
#10151 = AXIS2_PLACEMENT_3D('',#10152,#10153,#10154);
#10152 = CARTESIAN_POINT('',(8.962E+03,3.041E+03,3.796E+03));
#10153 = DIRECTION('',(0.,0.,1.));
#10154 = DIRECTION('',(1.,0.,0.));
#10155 = MANIFOLD_SOLID_BREP('',#10156);
#10156 = CLOSED_SHELL('',(#10157,#10197,#10237,#10259,#10281,#10293));
#10157 = ADVANCED_FACE('',(#10158),#10192,.F.);
#10158 = FACE_BOUND('',#10159,.F.);
#10159 = EDGE_LOOP('',(#10160,#10170,#10178,#10186));
#10160 = ORIENTED_EDGE('',*,*,#10161,.F.);
#10161 = EDGE_CURVE('',#10162,#10164,#10166,.T.);
#10162 = VERTEX_POINT('',#10163);
#10163 = CARTESIAN_POINT('',(8.058E+03,3.402E+03,3.776E+03));
#10164 = VERTEX_POINT('',#10165);
#10165 = CARTESIAN_POINT('',(8.058E+03,3.402E+03,3.796E+03));
#10166 = LINE('',#10167,#10168);
#10167 = CARTESIAN_POINT('',(8.058E+03,3.402E+03,3.776E+03));
#10168 = VECTOR('',#10169,1.);
#10169 = DIRECTION('',(0.,0.,1.));
#10170 = ORIENTED_EDGE('',*,*,#10171,.T.);
#10171 = EDGE_CURVE('',#10162,#10172,#10174,.T.);
#10172 = VERTEX_POINT('',#10173);
#10173 = CARTESIAN_POINT('',(8.058E+03,3.522E+03,3.776E+03));
#10174 = LINE('',#10175,#10176);
#10175 = CARTESIAN_POINT('',(8.058E+03,3.402E+03,3.776E+03));
#10176 = VECTOR('',#10177,1.);
#10177 = DIRECTION('',(0.,1.,0.));
#10178 = ORIENTED_EDGE('',*,*,#10179,.T.);
#10179 = EDGE_CURVE('',#10172,#10180,#10182,.T.);
#10180 = VERTEX_POINT('',#10181);
#10181 = CARTESIAN_POINT('',(8.058E+03,3.522E+03,3.796E+03));
#10182 = LINE('',#10183,#10184);
#10183 = CARTESIAN_POINT('',(8.058E+03,3.522E+03,3.776E+03));
#10184 = VECTOR('',#10185,1.);
#10185 = DIRECTION('',(0.,0.,1.));
#10186 = ORIENTED_EDGE('',*,*,#10187,.F.);
#10187 = EDGE_CURVE('',#10164,#10180,#10188,.T.);
#10188 = LINE('',#10189,#10190);
#10189 = CARTESIAN_POINT('',(8.058E+03,3.402E+03,3.796E+03));
#10190 = VECTOR('',#10191,1.);
#10191 = DIRECTION('',(0.,1.,0.));
#10192 = PLANE('',#10193);
#10193 = AXIS2_PLACEMENT_3D('',#10194,#10195,#10196);
#10194 = CARTESIAN_POINT('',(8.058E+03,3.402E+03,3.776E+03));
#10195 = DIRECTION('',(1.,0.,0.));
#10196 = DIRECTION('',(0.,0.,1.));
#10197 = ADVANCED_FACE('',(#10198),#10232,.T.);
#10198 = FACE_BOUND('',#10199,.T.);
#10199 = EDGE_LOOP('',(#10200,#10210,#10218,#10226));
#10200 = ORIENTED_EDGE('',*,*,#10201,.F.);
#10201 = EDGE_CURVE('',#10202,#10204,#10206,.T.);
#10202 = VERTEX_POINT('',#10203);
#10203 = CARTESIAN_POINT('',(8.178E+03,3.402E+03,3.776E+03));
#10204 = VERTEX_POINT('',#10205);
#10205 = CARTESIAN_POINT('',(8.178E+03,3.402E+03,3.796E+03));
#10206 = LINE('',#10207,#10208);
#10207 = CARTESIAN_POINT('',(8.178E+03,3.402E+03,3.776E+03));
#10208 = VECTOR('',#10209,1.);
#10209 = DIRECTION('',(0.,0.,1.));
#10210 = ORIENTED_EDGE('',*,*,#10211,.T.);
#10211 = EDGE_CURVE('',#10202,#10212,#10214,.T.);
#10212 = VERTEX_POINT('',#10213);
#10213 = CARTESIAN_POINT('',(8.178E+03,3.522E+03,3.776E+03));
#10214 = LINE('',#10215,#10216);
#10215 = CARTESIAN_POINT('',(8.178E+03,3.402E+03,3.776E+03));
#10216 = VECTOR('',#10217,1.);
#10217 = DIRECTION('',(0.,1.,0.));
#10218 = ORIENTED_EDGE('',*,*,#10219,.T.);
#10219 = EDGE_CURVE('',#10212,#10220,#10222,.T.);
#10220 = VERTEX_POINT('',#10221);
#10221 = CARTESIAN_POINT('',(8.178E+03,3.522E+03,3.796E+03));
#10222 = LINE('',#10223,#10224);
#10223 = CARTESIAN_POINT('',(8.178E+03,3.522E+03,3.776E+03));
#10224 = VECTOR('',#10225,1.);
#10225 = DIRECTION('',(0.,0.,1.));
#10226 = ORIENTED_EDGE('',*,*,#10227,.F.);
#10227 = EDGE_CURVE('',#10204,#10220,#10228,.T.);
#10228 = LINE('',#10229,#10230);
#10229 = CARTESIAN_POINT('',(8.178E+03,3.402E+03,3.796E+03));
#10230 = VECTOR('',#10231,1.);
#10231 = DIRECTION('',(0.,1.,0.));
#10232 = PLANE('',#10233);
#10233 = AXIS2_PLACEMENT_3D('',#10234,#10235,#10236);
#10234 = CARTESIAN_POINT('',(8.178E+03,3.402E+03,3.776E+03));
#10235 = DIRECTION('',(1.,0.,0.));
#10236 = DIRECTION('',(0.,0.,1.));
#10237 = ADVANCED_FACE('',(#10238),#10254,.F.);
#10238 = FACE_BOUND('',#10239,.F.);
#10239 = EDGE_LOOP('',(#10240,#10246,#10247,#10253));
#10240 = ORIENTED_EDGE('',*,*,#10241,.F.);
#10241 = EDGE_CURVE('',#10162,#10202,#10242,.T.);
#10242 = LINE('',#10243,#10244);
#10243 = CARTESIAN_POINT('',(8.058E+03,3.402E+03,3.776E+03));
#10244 = VECTOR('',#10245,1.);
#10245 = DIRECTION('',(1.,0.,0.));
#10246 = ORIENTED_EDGE('',*,*,#10161,.T.);
#10247 = ORIENTED_EDGE('',*,*,#10248,.T.);
#10248 = EDGE_CURVE('',#10164,#10204,#10249,.T.);
#10249 = LINE('',#10250,#10251);
#10250 = CARTESIAN_POINT('',(8.058E+03,3.402E+03,3.796E+03));
#10251 = VECTOR('',#10252,1.);
#10252 = DIRECTION('',(1.,0.,0.));
#10253 = ORIENTED_EDGE('',*,*,#10201,.F.);
#10254 = PLANE('',#10255);
#10255 = AXIS2_PLACEMENT_3D('',#10256,#10257,#10258);
#10256 = CARTESIAN_POINT('',(8.058E+03,3.402E+03,3.776E+03));
#10257 = DIRECTION('',(0.,1.,0.));
#10258 = DIRECTION('',(0.,0.,1.));
#10259 = ADVANCED_FACE('',(#10260),#10276,.T.);
#10260 = FACE_BOUND('',#10261,.T.);
#10261 = EDGE_LOOP('',(#10262,#10268,#10269,#10275));
#10262 = ORIENTED_EDGE('',*,*,#10263,.F.);
#10263 = EDGE_CURVE('',#10172,#10212,#10264,.T.);
#10264 = LINE('',#10265,#10266);
#10265 = CARTESIAN_POINT('',(8.058E+03,3.522E+03,3.776E+03));
#10266 = VECTOR('',#10267,1.);
#10267 = DIRECTION('',(1.,0.,0.));
#10268 = ORIENTED_EDGE('',*,*,#10179,.T.);
#10269 = ORIENTED_EDGE('',*,*,#10270,.T.);
#10270 = EDGE_CURVE('',#10180,#10220,#10271,.T.);
#10271 = LINE('',#10272,#10273);
#10272 = CARTESIAN_POINT('',(8.058E+03,3.522E+03,3.796E+03));
#10273 = VECTOR('',#10274,1.);
#10274 = DIRECTION('',(1.,0.,0.));
#10275 = ORIENTED_EDGE('',*,*,#10219,.F.);
#10276 = PLANE('',#10277);
#10277 = AXIS2_PLACEMENT_3D('',#10278,#10279,#10280);
#10278 = CARTESIAN_POINT('',(8.058E+03,3.522E+03,3.776E+03));
#10279 = DIRECTION('',(0.,1.,0.));
#10280 = DIRECTION('',(0.,0.,1.));
#10281 = ADVANCED_FACE('',(#10282),#10288,.F.);
#10282 = FACE_BOUND('',#10283,.F.);
#10283 = EDGE_LOOP('',(#10284,#10285,#10286,#10287));
#10284 = ORIENTED_EDGE('',*,*,#10171,.F.);
#10285 = ORIENTED_EDGE('',*,*,#10241,.T.);
#10286 = ORIENTED_EDGE('',*,*,#10211,.T.);
#10287 = ORIENTED_EDGE('',*,*,#10263,.F.);
#10288 = PLANE('',#10289);
#10289 = AXIS2_PLACEMENT_3D('',#10290,#10291,#10292);
#10290 = CARTESIAN_POINT('',(8.058E+03,3.402E+03,3.776E+03));
#10291 = DIRECTION('',(0.,0.,1.));
#10292 = DIRECTION('',(1.,0.,0.));
#10293 = ADVANCED_FACE('',(#10294),#10300,.T.);
#10294 = FACE_BOUND('',#10295,.T.);
#10295 = EDGE_LOOP('',(#10296,#10297,#10298,#10299));
#10296 = ORIENTED_EDGE('',*,*,#10187,.F.);
#10297 = ORIENTED_EDGE('',*,*,#10248,.T.);
#10298 = ORIENTED_EDGE('',*,*,#10227,.T.);
#10299 = ORIENTED_EDGE('',*,*,#10270,.F.);
#10300 = PLANE('',#10301);
#10301 = AXIS2_PLACEMENT_3D('',#10302,#10303,#10304);
#10302 = CARTESIAN_POINT('',(8.058E+03,3.402E+03,3.796E+03));
#10303 = DIRECTION('',(0.,0.,1.));
#10304 = DIRECTION('',(1.,0.,0.));
#10305 = MANIFOLD_SOLID_BREP('',#10306);
#10306 = CLOSED_SHELL('',(#10307,#10340,#10349));
#10307 = ADVANCED_FACE('',(#10308),#10335,.T.);
#10308 = FACE_BOUND('',#10309,.T.);
#10309 = EDGE_LOOP('',(#10310,#10319,#10327,#10334));
#10310 = ORIENTED_EDGE('',*,*,#10311,.F.);
#10311 = EDGE_CURVE('',#10312,#10312,#10314,.T.);
#10312 = VERTEX_POINT('',#10313);
#10313 = CARTESIAN_POINT('',(8.178E+03,2.862E+03,3.796E+03));
#10314 = CIRCLE('',#10315,60.);
#10315 = AXIS2_PLACEMENT_3D('',#10316,#10317,#10318);
#10316 = CARTESIAN_POINT('',(8.118E+03,2.862E+03,3.796E+03));
#10317 = DIRECTION('',(0.,0.,1.));
#10318 = DIRECTION('',(1.,0.,0.));
#10319 = ORIENTED_EDGE('',*,*,#10320,.F.);
#10320 = EDGE_CURVE('',#10321,#10312,#10323,.T.);
#10321 = VERTEX_POINT('',#10322);
#10322 = CARTESIAN_POINT('',(8.178E+03,2.862E+03,3.776E+03));
#10323 = LINE('',#10324,#10325);
#10324 = CARTESIAN_POINT('',(8.178E+03,2.862E+03,3.776E+03));
#10325 = VECTOR('',#10326,1.);
#10326 = DIRECTION('',(0.,0.,1.));
#10327 = ORIENTED_EDGE('',*,*,#10328,.T.);
#10328 = EDGE_CURVE('',#10321,#10321,#10329,.T.);
#10329 = CIRCLE('',#10330,60.);
#10330 = AXIS2_PLACEMENT_3D('',#10331,#10332,#10333);
#10331 = CARTESIAN_POINT('',(8.118E+03,2.862E+03,3.776E+03));
#10332 = DIRECTION('',(0.,0.,1.));
#10333 = DIRECTION('',(1.,0.,0.));
#10334 = ORIENTED_EDGE('',*,*,#10320,.T.);
#10335 = CYLINDRICAL_SURFACE('',#10336,60.);
#10336 = AXIS2_PLACEMENT_3D('',#10337,#10338,#10339);
#10337 = CARTESIAN_POINT('',(8.118E+03,2.862E+03,3.776E+03));
#10338 = DIRECTION('',(0.,0.,1.));
#10339 = DIRECTION('',(1.,0.,0.));
#10340 = ADVANCED_FACE('',(#10341),#10344,.T.);
#10341 = FACE_BOUND('',#10342,.T.);
#10342 = EDGE_LOOP('',(#10343));
#10343 = ORIENTED_EDGE('',*,*,#10311,.T.);
#10344 = PLANE('',#10345);
#10345 = AXIS2_PLACEMENT_3D('',#10346,#10347,#10348);
#10346 = CARTESIAN_POINT('',(8.118E+03,2.862E+03,3.796E+03));
#10347 = DIRECTION('',(0.,0.,1.));
#10348 = DIRECTION('',(1.,0.,0.));
#10349 = ADVANCED_FACE('',(#10350),#10353,.F.);
#10350 = FACE_BOUND('',#10351,.T.);
#10351 = EDGE_LOOP('',(#10352));
#10352 = ORIENTED_EDGE('',*,*,#10328,.F.);
#10353 = PLANE('',#10354);
#10354 = AXIS2_PLACEMENT_3D('',#10355,#10356,#10357);
#10355 = CARTESIAN_POINT('',(8.118E+03,2.862E+03,3.776E+03));
#10356 = DIRECTION('',(0.,0.,1.));
#10357 = DIRECTION('',(1.,0.,0.));
#10358 = MANIFOLD_SOLID_BREP('',#10359);
#10359 = CLOSED_SHELL('',(#10360,#10400,#10440,#10462,#10484,#10496));
#10360 = ADVANCED_FACE('',(#10361),#10395,.F.);
#10361 = FACE_BOUND('',#10362,.F.);
#10362 = EDGE_LOOP('',(#10363,#10373,#10381,#10389));
#10363 = ORIENTED_EDGE('',*,*,#10364,.F.);
#10364 = EDGE_CURVE('',#10365,#10367,#10369,.T.);
#10365 = VERTEX_POINT('',#10366);
#10366 = CARTESIAN_POINT('',(3.142E+03,4.45E+03,4.976E+03));
#10367 = VERTEX_POINT('',#10368);
#10368 = CARTESIAN_POINT('',(3.142E+03,4.45E+03,5.576E+03));
#10369 = LINE('',#10370,#10371);
#10370 = CARTESIAN_POINT('',(3.142E+03,4.45E+03,4.976E+03));
#10371 = VECTOR('',#10372,1.);
#10372 = DIRECTION('',(0.,0.,1.));
#10373 = ORIENTED_EDGE('',*,*,#10374,.T.);
#10374 = EDGE_CURVE('',#10365,#10375,#10377,.T.);
#10375 = VERTEX_POINT('',#10376);
#10376 = CARTESIAN_POINT('',(3.142E+03,4.6E+03,4.976E+03));
#10377 = LINE('',#10378,#10379);
#10378 = CARTESIAN_POINT('',(3.142E+03,4.45E+03,4.976E+03));
#10379 = VECTOR('',#10380,1.);
#10380 = DIRECTION('',(0.,1.,0.));
#10381 = ORIENTED_EDGE('',*,*,#10382,.T.);
#10382 = EDGE_CURVE('',#10375,#10383,#10385,.T.);
#10383 = VERTEX_POINT('',#10384);
#10384 = CARTESIAN_POINT('',(3.142E+03,4.6E+03,5.576E+03));
#10385 = LINE('',#10386,#10387);
#10386 = CARTESIAN_POINT('',(3.142E+03,4.6E+03,4.976E+03));
#10387 = VECTOR('',#10388,1.);
#10388 = DIRECTION('',(0.,0.,1.));
#10389 = ORIENTED_EDGE('',*,*,#10390,.F.);
#10390 = EDGE_CURVE('',#10367,#10383,#10391,.T.);
#10391 = LINE('',#10392,#10393);
#10392 = CARTESIAN_POINT('',(3.142E+03,4.45E+03,5.576E+03));
#10393 = VECTOR('',#10394,1.);
#10394 = DIRECTION('',(0.,1.,0.));
#10395 = PLANE('',#10396);
#10396 = AXIS2_PLACEMENT_3D('',#10397,#10398,#10399);
#10397 = CARTESIAN_POINT('',(3.142E+03,4.45E+03,4.976E+03));
#10398 = DIRECTION('',(1.,0.,0.));
#10399 = DIRECTION('',(0.,0.,1.));
#10400 = ADVANCED_FACE('',(#10401),#10435,.T.);
#10401 = FACE_BOUND('',#10402,.T.);
#10402 = EDGE_LOOP('',(#10403,#10413,#10421,#10429));
#10403 = ORIENTED_EDGE('',*,*,#10404,.F.);
#10404 = EDGE_CURVE('',#10405,#10407,#10409,.T.);
#10405 = VERTEX_POINT('',#10406);
#10406 = CARTESIAN_POINT('',(3.542E+03,4.45E+03,4.976E+03));
#10407 = VERTEX_POINT('',#10408);
#10408 = CARTESIAN_POINT('',(3.542E+03,4.45E+03,5.576E+03));
#10409 = LINE('',#10410,#10411);
#10410 = CARTESIAN_POINT('',(3.542E+03,4.45E+03,4.976E+03));
#10411 = VECTOR('',#10412,1.);
#10412 = DIRECTION('',(0.,0.,1.));
#10413 = ORIENTED_EDGE('',*,*,#10414,.T.);
#10414 = EDGE_CURVE('',#10405,#10415,#10417,.T.);
#10415 = VERTEX_POINT('',#10416);
#10416 = CARTESIAN_POINT('',(3.542E+03,4.6E+03,4.976E+03));
#10417 = LINE('',#10418,#10419);
#10418 = CARTESIAN_POINT('',(3.542E+03,4.45E+03,4.976E+03));
#10419 = VECTOR('',#10420,1.);
#10420 = DIRECTION('',(0.,1.,0.));
#10421 = ORIENTED_EDGE('',*,*,#10422,.T.);
#10422 = EDGE_CURVE('',#10415,#10423,#10425,.T.);
#10423 = VERTEX_POINT('',#10424);
#10424 = CARTESIAN_POINT('',(3.542E+03,4.6E+03,5.576E+03));
#10425 = LINE('',#10426,#10427);
#10426 = CARTESIAN_POINT('',(3.542E+03,4.6E+03,4.976E+03));
#10427 = VECTOR('',#10428,1.);
#10428 = DIRECTION('',(0.,0.,1.));
#10429 = ORIENTED_EDGE('',*,*,#10430,.F.);
#10430 = EDGE_CURVE('',#10407,#10423,#10431,.T.);
#10431 = LINE('',#10432,#10433);
#10432 = CARTESIAN_POINT('',(3.542E+03,4.45E+03,5.576E+03));
#10433 = VECTOR('',#10434,1.);
#10434 = DIRECTION('',(0.,1.,0.));
#10435 = PLANE('',#10436);
#10436 = AXIS2_PLACEMENT_3D('',#10437,#10438,#10439);
#10437 = CARTESIAN_POINT('',(3.542E+03,4.45E+03,4.976E+03));
#10438 = DIRECTION('',(1.,0.,0.));
#10439 = DIRECTION('',(0.,0.,1.));
#10440 = ADVANCED_FACE('',(#10441),#10457,.F.);
#10441 = FACE_BOUND('',#10442,.F.);
#10442 = EDGE_LOOP('',(#10443,#10449,#10450,#10456));
#10443 = ORIENTED_EDGE('',*,*,#10444,.F.);
#10444 = EDGE_CURVE('',#10365,#10405,#10445,.T.);
#10445 = LINE('',#10446,#10447);
#10446 = CARTESIAN_POINT('',(3.142E+03,4.45E+03,4.976E+03));
#10447 = VECTOR('',#10448,1.);
#10448 = DIRECTION('',(1.,0.,0.));
#10449 = ORIENTED_EDGE('',*,*,#10364,.T.);
#10450 = ORIENTED_EDGE('',*,*,#10451,.T.);
#10451 = EDGE_CURVE('',#10367,#10407,#10452,.T.);
#10452 = LINE('',#10453,#10454);
#10453 = CARTESIAN_POINT('',(3.142E+03,4.45E+03,5.576E+03));
#10454 = VECTOR('',#10455,1.);
#10455 = DIRECTION('',(1.,0.,0.));
#10456 = ORIENTED_EDGE('',*,*,#10404,.F.);
#10457 = PLANE('',#10458);
#10458 = AXIS2_PLACEMENT_3D('',#10459,#10460,#10461);
#10459 = CARTESIAN_POINT('',(3.142E+03,4.45E+03,4.976E+03));
#10460 = DIRECTION('',(0.,1.,0.));
#10461 = DIRECTION('',(0.,0.,1.));
#10462 = ADVANCED_FACE('',(#10463),#10479,.T.);
#10463 = FACE_BOUND('',#10464,.T.);
#10464 = EDGE_LOOP('',(#10465,#10471,#10472,#10478));
#10465 = ORIENTED_EDGE('',*,*,#10466,.F.);
#10466 = EDGE_CURVE('',#10375,#10415,#10467,.T.);
#10467 = LINE('',#10468,#10469);
#10468 = CARTESIAN_POINT('',(3.142E+03,4.6E+03,4.976E+03));
#10469 = VECTOR('',#10470,1.);
#10470 = DIRECTION('',(1.,0.,0.));
#10471 = ORIENTED_EDGE('',*,*,#10382,.T.);
#10472 = ORIENTED_EDGE('',*,*,#10473,.T.);
#10473 = EDGE_CURVE('',#10383,#10423,#10474,.T.);
#10474 = LINE('',#10475,#10476);
#10475 = CARTESIAN_POINT('',(3.142E+03,4.6E+03,5.576E+03));
#10476 = VECTOR('',#10477,1.);
#10477 = DIRECTION('',(1.,0.,0.));
#10478 = ORIENTED_EDGE('',*,*,#10422,.F.);
#10479 = PLANE('',#10480);
#10480 = AXIS2_PLACEMENT_3D('',#10481,#10482,#10483);
#10481 = CARTESIAN_POINT('',(3.142E+03,4.6E+03,4.976E+03));
#10482 = DIRECTION('',(0.,1.,0.));
#10483 = DIRECTION('',(0.,0.,1.));
#10484 = ADVANCED_FACE('',(#10485),#10491,.F.);
#10485 = FACE_BOUND('',#10486,.F.);
#10486 = EDGE_LOOP('',(#10487,#10488,#10489,#10490));
#10487 = ORIENTED_EDGE('',*,*,#10374,.F.);
#10488 = ORIENTED_EDGE('',*,*,#10444,.T.);
#10489 = ORIENTED_EDGE('',*,*,#10414,.T.);
#10490 = ORIENTED_EDGE('',*,*,#10466,.F.);
#10491 = PLANE('',#10492);
#10492 = AXIS2_PLACEMENT_3D('',#10493,#10494,#10495);
#10493 = CARTESIAN_POINT('',(3.142E+03,4.45E+03,4.976E+03));
#10494 = DIRECTION('',(0.,0.,1.));
#10495 = DIRECTION('',(1.,0.,0.));
#10496 = ADVANCED_FACE('',(#10497),#10503,.T.);
#10497 = FACE_BOUND('',#10498,.T.);
#10498 = EDGE_LOOP('',(#10499,#10500,#10501,#10502));
#10499 = ORIENTED_EDGE('',*,*,#10390,.F.);
#10500 = ORIENTED_EDGE('',*,*,#10451,.T.);
#10501 = ORIENTED_EDGE('',*,*,#10430,.T.);
#10502 = ORIENTED_EDGE('',*,*,#10473,.F.);
#10503 = PLANE('',#10504);
#10504 = AXIS2_PLACEMENT_3D('',#10505,#10506,#10507);
#10505 = CARTESIAN_POINT('',(3.142E+03,4.45E+03,5.576E+03));
#10506 = DIRECTION('',(0.,0.,1.));
#10507 = DIRECTION('',(1.,0.,0.));
#10508 = MANIFOLD_SOLID_BREP('',#10509);
#10509 = CLOSED_SHELL('',(#10510,#10550,#10590,#10612,#10634,#10646));
#10510 = ADVANCED_FACE('',(#10511),#10545,.F.);
#10511 = FACE_BOUND('',#10512,.F.);
#10512 = EDGE_LOOP('',(#10513,#10523,#10531,#10539));
#10513 = ORIENTED_EDGE('',*,*,#10514,.F.);
#10514 = EDGE_CURVE('',#10515,#10517,#10519,.T.);
#10515 = VERTEX_POINT('',#10516);
#10516 = CARTESIAN_POINT('',(3.042E+03,3.6E+03,3.476E+03));
#10517 = VERTEX_POINT('',#10518);
#10518 = CARTESIAN_POINT('',(3.042E+03,3.6E+03,4.576E+03));
#10519 = LINE('',#10520,#10521);
#10520 = CARTESIAN_POINT('',(3.042E+03,3.6E+03,3.476E+03));
#10521 = VECTOR('',#10522,1.);
#10522 = DIRECTION('',(0.,0.,1.));
#10523 = ORIENTED_EDGE('',*,*,#10524,.T.);
#10524 = EDGE_CURVE('',#10515,#10525,#10527,.T.);
#10525 = VERTEX_POINT('',#10526);
#10526 = CARTESIAN_POINT('',(3.042E+03,4.05E+03,3.476E+03));
#10527 = LINE('',#10528,#10529);
#10528 = CARTESIAN_POINT('',(3.042E+03,3.6E+03,3.476E+03));
#10529 = VECTOR('',#10530,1.);
#10530 = DIRECTION('',(0.,1.,0.));
#10531 = ORIENTED_EDGE('',*,*,#10532,.T.);
#10532 = EDGE_CURVE('',#10525,#10533,#10535,.T.);
#10533 = VERTEX_POINT('',#10534);
#10534 = CARTESIAN_POINT('',(3.042E+03,4.05E+03,4.576E+03));
#10535 = LINE('',#10536,#10537);
#10536 = CARTESIAN_POINT('',(3.042E+03,4.05E+03,3.476E+03));
#10537 = VECTOR('',#10538,1.);
#10538 = DIRECTION('',(0.,0.,1.));
#10539 = ORIENTED_EDGE('',*,*,#10540,.F.);
#10540 = EDGE_CURVE('',#10517,#10533,#10541,.T.);
#10541 = LINE('',#10542,#10543);
#10542 = CARTESIAN_POINT('',(3.042E+03,3.6E+03,4.576E+03));
#10543 = VECTOR('',#10544,1.);
#10544 = DIRECTION('',(0.,1.,0.));
#10545 = PLANE('',#10546);
#10546 = AXIS2_PLACEMENT_3D('',#10547,#10548,#10549);
#10547 = CARTESIAN_POINT('',(3.042E+03,3.6E+03,3.476E+03));
#10548 = DIRECTION('',(1.,0.,0.));
#10549 = DIRECTION('',(0.,0.,1.));
#10550 = ADVANCED_FACE('',(#10551),#10585,.T.);
#10551 = FACE_BOUND('',#10552,.T.);
#10552 = EDGE_LOOP('',(#10553,#10563,#10571,#10579));
#10553 = ORIENTED_EDGE('',*,*,#10554,.F.);
#10554 = EDGE_CURVE('',#10555,#10557,#10559,.T.);
#10555 = VERTEX_POINT('',#10556);
#10556 = CARTESIAN_POINT('',(3.642E+03,3.6E+03,3.476E+03));
#10557 = VERTEX_POINT('',#10558);
#10558 = CARTESIAN_POINT('',(3.642E+03,3.6E+03,4.576E+03));
#10559 = LINE('',#10560,#10561);
#10560 = CARTESIAN_POINT('',(3.642E+03,3.6E+03,3.476E+03));
#10561 = VECTOR('',#10562,1.);
#10562 = DIRECTION('',(0.,0.,1.));
#10563 = ORIENTED_EDGE('',*,*,#10564,.T.);
#10564 = EDGE_CURVE('',#10555,#10565,#10567,.T.);
#10565 = VERTEX_POINT('',#10566);
#10566 = CARTESIAN_POINT('',(3.642E+03,4.05E+03,3.476E+03));
#10567 = LINE('',#10568,#10569);
#10568 = CARTESIAN_POINT('',(3.642E+03,3.6E+03,3.476E+03));
#10569 = VECTOR('',#10570,1.);
#10570 = DIRECTION('',(0.,1.,0.));
#10571 = ORIENTED_EDGE('',*,*,#10572,.T.);
#10572 = EDGE_CURVE('',#10565,#10573,#10575,.T.);
#10573 = VERTEX_POINT('',#10574);
#10574 = CARTESIAN_POINT('',(3.642E+03,4.05E+03,4.576E+03));
#10575 = LINE('',#10576,#10577);
#10576 = CARTESIAN_POINT('',(3.642E+03,4.05E+03,3.476E+03));
#10577 = VECTOR('',#10578,1.);
#10578 = DIRECTION('',(0.,0.,1.));
#10579 = ORIENTED_EDGE('',*,*,#10580,.F.);
#10580 = EDGE_CURVE('',#10557,#10573,#10581,.T.);
#10581 = LINE('',#10582,#10583);
#10582 = CARTESIAN_POINT('',(3.642E+03,3.6E+03,4.576E+03));
#10583 = VECTOR('',#10584,1.);
#10584 = DIRECTION('',(0.,1.,0.));
#10585 = PLANE('',#10586);
#10586 = AXIS2_PLACEMENT_3D('',#10587,#10588,#10589);
#10587 = CARTESIAN_POINT('',(3.642E+03,3.6E+03,3.476E+03));
#10588 = DIRECTION('',(1.,0.,0.));
#10589 = DIRECTION('',(0.,0.,1.));
#10590 = ADVANCED_FACE('',(#10591),#10607,.F.);
#10591 = FACE_BOUND('',#10592,.F.);
#10592 = EDGE_LOOP('',(#10593,#10599,#10600,#10606));
#10593 = ORIENTED_EDGE('',*,*,#10594,.F.);
#10594 = EDGE_CURVE('',#10515,#10555,#10595,.T.);
#10595 = LINE('',#10596,#10597);
#10596 = CARTESIAN_POINT('',(3.042E+03,3.6E+03,3.476E+03));
#10597 = VECTOR('',#10598,1.);
#10598 = DIRECTION('',(1.,0.,0.));
#10599 = ORIENTED_EDGE('',*,*,#10514,.T.);
#10600 = ORIENTED_EDGE('',*,*,#10601,.T.);
#10601 = EDGE_CURVE('',#10517,#10557,#10602,.T.);
#10602 = LINE('',#10603,#10604);
#10603 = CARTESIAN_POINT('',(3.042E+03,3.6E+03,4.576E+03));
#10604 = VECTOR('',#10605,1.);
#10605 = DIRECTION('',(1.,0.,0.));
#10606 = ORIENTED_EDGE('',*,*,#10554,.F.);
#10607 = PLANE('',#10608);
#10608 = AXIS2_PLACEMENT_3D('',#10609,#10610,#10611);
#10609 = CARTESIAN_POINT('',(3.042E+03,3.6E+03,3.476E+03));
#10610 = DIRECTION('',(0.,1.,0.));
#10611 = DIRECTION('',(0.,0.,1.));
#10612 = ADVANCED_FACE('',(#10613),#10629,.T.);
#10613 = FACE_BOUND('',#10614,.T.);
#10614 = EDGE_LOOP('',(#10615,#10621,#10622,#10628));
#10615 = ORIENTED_EDGE('',*,*,#10616,.F.);
#10616 = EDGE_CURVE('',#10525,#10565,#10617,.T.);
#10617 = LINE('',#10618,#10619);
#10618 = CARTESIAN_POINT('',(3.042E+03,4.05E+03,3.476E+03));
#10619 = VECTOR('',#10620,1.);
#10620 = DIRECTION('',(1.,0.,0.));
#10621 = ORIENTED_EDGE('',*,*,#10532,.T.);
#10622 = ORIENTED_EDGE('',*,*,#10623,.T.);
#10623 = EDGE_CURVE('',#10533,#10573,#10624,.T.);
#10624 = LINE('',#10625,#10626);
#10625 = CARTESIAN_POINT('',(3.042E+03,4.05E+03,4.576E+03));
#10626 = VECTOR('',#10627,1.);
#10627 = DIRECTION('',(1.,0.,0.));
#10628 = ORIENTED_EDGE('',*,*,#10572,.F.);
#10629 = PLANE('',#10630);
#10630 = AXIS2_PLACEMENT_3D('',#10631,#10632,#10633);
#10631 = CARTESIAN_POINT('',(3.042E+03,4.05E+03,3.476E+03));
#10632 = DIRECTION('',(0.,1.,0.));
#10633 = DIRECTION('',(0.,0.,1.));
#10634 = ADVANCED_FACE('',(#10635),#10641,.F.);
#10635 = FACE_BOUND('',#10636,.F.);
#10636 = EDGE_LOOP('',(#10637,#10638,#10639,#10640));
#10637 = ORIENTED_EDGE('',*,*,#10524,.F.);
#10638 = ORIENTED_EDGE('',*,*,#10594,.T.);
#10639 = ORIENTED_EDGE('',*,*,#10564,.T.);
#10640 = ORIENTED_EDGE('',*,*,#10616,.F.);
#10641 = PLANE('',#10642);
#10642 = AXIS2_PLACEMENT_3D('',#10643,#10644,#10645);
#10643 = CARTESIAN_POINT('',(3.042E+03,3.6E+03,3.476E+03));
#10644 = DIRECTION('',(0.,0.,1.));
#10645 = DIRECTION('',(1.,0.,0.));
#10646 = ADVANCED_FACE('',(#10647),#10653,.T.);
#10647 = FACE_BOUND('',#10648,.T.);
#10648 = EDGE_LOOP('',(#10649,#10650,#10651,#10652));
#10649 = ORIENTED_EDGE('',*,*,#10540,.F.);
#10650 = ORIENTED_EDGE('',*,*,#10601,.T.);
#10651 = ORIENTED_EDGE('',*,*,#10580,.T.);
#10652 = ORIENTED_EDGE('',*,*,#10623,.F.);
#10653 = PLANE('',#10654);
#10654 = AXIS2_PLACEMENT_3D('',#10655,#10656,#10657);
#10655 = CARTESIAN_POINT('',(3.042E+03,3.6E+03,4.576E+03));
#10656 = DIRECTION('',(0.,0.,1.));
#10657 = DIRECTION('',(1.,0.,0.));
#10658 = MANIFOLD_SOLID_BREP('',#10659);
#10659 = CLOSED_SHELL('',(#10660,#10693,#10702));
#10660 = ADVANCED_FACE('',(#10661),#10688,.T.);
#10661 = FACE_BOUND('',#10662,.T.);
#10662 = EDGE_LOOP('',(#10663,#10672,#10680,#10687));
#10663 = ORIENTED_EDGE('',*,*,#10664,.F.);
#10664 = EDGE_CURVE('',#10665,#10665,#10667,.T.);
#10665 = VERTEX_POINT('',#10666);
#10666 = CARTESIAN_POINT('',(3.402E+03,4.225E+03,3.796E+03));
#10667 = CIRCLE('',#10668,60.);
#10668 = AXIS2_PLACEMENT_3D('',#10669,#10670,#10671);
#10669 = CARTESIAN_POINT('',(3.342E+03,4.225E+03,3.796E+03));
#10670 = DIRECTION('',(0.,0.,1.));
#10671 = DIRECTION('',(1.,0.,0.));
#10672 = ORIENTED_EDGE('',*,*,#10673,.F.);
#10673 = EDGE_CURVE('',#10674,#10665,#10676,.T.);
#10674 = VERTEX_POINT('',#10675);
#10675 = CARTESIAN_POINT('',(3.402E+03,4.225E+03,3.776E+03));
#10676 = LINE('',#10677,#10678);
#10677 = CARTESIAN_POINT('',(3.402E+03,4.225E+03,3.776E+03));
#10678 = VECTOR('',#10679,1.);
#10679 = DIRECTION('',(0.,0.,1.));
#10680 = ORIENTED_EDGE('',*,*,#10681,.T.);
#10681 = EDGE_CURVE('',#10674,#10674,#10682,.T.);
#10682 = CIRCLE('',#10683,60.);
#10683 = AXIS2_PLACEMENT_3D('',#10684,#10685,#10686);
#10684 = CARTESIAN_POINT('',(3.342E+03,4.225E+03,3.776E+03));
#10685 = DIRECTION('',(0.,0.,1.));
#10686 = DIRECTION('',(1.,0.,0.));
#10687 = ORIENTED_EDGE('',*,*,#10673,.T.);
#10688 = CYLINDRICAL_SURFACE('',#10689,60.);
#10689 = AXIS2_PLACEMENT_3D('',#10690,#10691,#10692);
#10690 = CARTESIAN_POINT('',(3.342E+03,4.225E+03,3.776E+03));
#10691 = DIRECTION('',(0.,0.,1.));
#10692 = DIRECTION('',(1.,0.,0.));
#10693 = ADVANCED_FACE('',(#10694),#10697,.T.);
#10694 = FACE_BOUND('',#10695,.T.);
#10695 = EDGE_LOOP('',(#10696));
#10696 = ORIENTED_EDGE('',*,*,#10664,.T.);
#10697 = PLANE('',#10698);
#10698 = AXIS2_PLACEMENT_3D('',#10699,#10700,#10701);
#10699 = CARTESIAN_POINT('',(3.342E+03,4.225E+03,3.796E+03));
#10700 = DIRECTION('',(0.,0.,1.));
#10701 = DIRECTION('',(1.,0.,0.));
#10702 = ADVANCED_FACE('',(#10703),#10706,.F.);
#10703 = FACE_BOUND('',#10704,.T.);
#10704 = EDGE_LOOP('',(#10705));
#10705 = ORIENTED_EDGE('',*,*,#10681,.F.);
#10706 = PLANE('',#10707);
#10707 = AXIS2_PLACEMENT_3D('',#10708,#10709,#10710);
#10708 = CARTESIAN_POINT('',(3.342E+03,4.225E+03,3.776E+03));
#10709 = DIRECTION('',(0.,0.,1.));
#10710 = DIRECTION('',(1.,0.,0.));
#10711 = MANIFOLD_SOLID_BREP('',#10712);
#10712 = CLOSED_SHELL('',(#10713,#10746,#10755));
#10713 = ADVANCED_FACE('',(#10714),#10741,.T.);
#10714 = FACE_BOUND('',#10715,.T.);
#10715 = EDGE_LOOP('',(#10716,#10725,#10733,#10740));
#10716 = ORIENTED_EDGE('',*,*,#10717,.F.);
#10717 = EDGE_CURVE('',#10718,#10718,#10720,.T.);
#10718 = VERTEX_POINT('',#10719);
#10719 = CARTESIAN_POINT('',(3.402E+03,4.525E+03,3.796E+03));
#10720 = CIRCLE('',#10721,60.);
#10721 = AXIS2_PLACEMENT_3D('',#10722,#10723,#10724);
#10722 = CARTESIAN_POINT('',(3.342E+03,4.525E+03,3.796E+03));
#10723 = DIRECTION('',(0.,0.,1.));
#10724 = DIRECTION('',(1.,0.,0.));
#10725 = ORIENTED_EDGE('',*,*,#10726,.F.);
#10726 = EDGE_CURVE('',#10727,#10718,#10729,.T.);
#10727 = VERTEX_POINT('',#10728);
#10728 = CARTESIAN_POINT('',(3.402E+03,4.525E+03,3.776E+03));
#10729 = LINE('',#10730,#10731);
#10730 = CARTESIAN_POINT('',(3.402E+03,4.525E+03,3.776E+03));
#10731 = VECTOR('',#10732,1.);
#10732 = DIRECTION('',(0.,0.,1.));
#10733 = ORIENTED_EDGE('',*,*,#10734,.T.);
#10734 = EDGE_CURVE('',#10727,#10727,#10735,.T.);
#10735 = CIRCLE('',#10736,60.);
#10736 = AXIS2_PLACEMENT_3D('',#10737,#10738,#10739);
#10737 = CARTESIAN_POINT('',(3.342E+03,4.525E+03,3.776E+03));
#10738 = DIRECTION('',(0.,0.,1.));
#10739 = DIRECTION('',(1.,0.,0.));
#10740 = ORIENTED_EDGE('',*,*,#10726,.T.);
#10741 = CYLINDRICAL_SURFACE('',#10742,60.);
#10742 = AXIS2_PLACEMENT_3D('',#10743,#10744,#10745);
#10743 = CARTESIAN_POINT('',(3.342E+03,4.525E+03,3.776E+03));
#10744 = DIRECTION('',(0.,0.,1.));
#10745 = DIRECTION('',(1.,0.,0.));
#10746 = ADVANCED_FACE('',(#10747),#10750,.T.);
#10747 = FACE_BOUND('',#10748,.T.);
#10748 = EDGE_LOOP('',(#10749));
#10749 = ORIENTED_EDGE('',*,*,#10717,.T.);
#10750 = PLANE('',#10751);
#10751 = AXIS2_PLACEMENT_3D('',#10752,#10753,#10754);
#10752 = CARTESIAN_POINT('',(3.342E+03,4.525E+03,3.796E+03));
#10753 = DIRECTION('',(0.,0.,1.));
#10754 = DIRECTION('',(1.,0.,0.));
#10755 = ADVANCED_FACE('',(#10756),#10759,.F.);
#10756 = FACE_BOUND('',#10757,.T.);
#10757 = EDGE_LOOP('',(#10758));
#10758 = ORIENTED_EDGE('',*,*,#10734,.F.);
#10759 = PLANE('',#10760);
#10760 = AXIS2_PLACEMENT_3D('',#10761,#10762,#10763);
#10761 = CARTESIAN_POINT('',(3.342E+03,4.525E+03,3.776E+03));
#10762 = DIRECTION('',(0.,0.,1.));
#10763 = DIRECTION('',(1.,0.,0.));
#10764 = MANIFOLD_SOLID_BREP('',#10765);
#10765 = CLOSED_SHELL('',(#10766,#10792));
#10766 = ADVANCED_FACE('',(#10767),#10787,.T.);
#10767 = FACE_BOUND('',#10768,.T.);
#10768 = EDGE_LOOP('',(#10769,#10778,#10786));
#10769 = ORIENTED_EDGE('',*,*,#10770,.F.);
#10770 = EDGE_CURVE('',#10771,#10771,#10773,.T.);
#10771 = VERTEX_POINT('',#10772);
#10772 = CARTESIAN_POINT('',(3.252E+03,-1.33E+03,5.956E+03));
#10773 = CIRCLE('',#10774,90.);
#10774 = AXIS2_PLACEMENT_3D('',#10775,#10776,#10777);
#10775 = CARTESIAN_POINT('',(3.342E+03,-1.33E+03,5.956E+03));
#10776 = DIRECTION('',(0.,0.,-1.));
#10777 = DIRECTION('',(-1.,0.,0.));
#10778 = ORIENTED_EDGE('',*,*,#10779,.F.);
#10779 = EDGE_CURVE('',#10780,#10771,#10782,.T.);
#10780 = VERTEX_POINT('',#10781);
#10781 = CARTESIAN_POINT('',(3.342E+03,-1.33E+03,6.076E+03));
#10782 = LINE('',#10783,#10784);
#10783 = CARTESIAN_POINT('',(3.342E+03,-1.33E+03,6.076E+03));
#10784 = VECTOR('',#10785,1.);
#10785 = DIRECTION('',(-0.6,-1.5E-16,-0.8));
#10786 = ORIENTED_EDGE('',*,*,#10779,.T.);
#10787 = CONICAL_SURFACE('',#10788,0.,0.643501108793);
#10788 = AXIS2_PLACEMENT_3D('',#10789,#10790,#10791);
#10789 = CARTESIAN_POINT('',(3.342E+03,-1.33E+03,6.076E+03));
#10790 = DIRECTION('',(0.,0.,-1.));
#10791 = DIRECTION('',(-1.,0.,0.));
#10792 = ADVANCED_FACE('',(#10793),#10796,.T.);
#10793 = FACE_BOUND('',#10794,.T.);
#10794 = EDGE_LOOP('',(#10795));
#10795 = ORIENTED_EDGE('',*,*,#10770,.T.);
#10796 = PLANE('',#10797);
#10797 = AXIS2_PLACEMENT_3D('',#10798,#10799,#10800);
#10798 = CARTESIAN_POINT('',(3.342E+03,-1.33E+03,5.956E+03));
#10799 = DIRECTION('',(0.,0.,-1.));
#10800 = DIRECTION('',(-1.,0.,0.));
#10801 = MANIFOLD_SOLID_BREP('',#10802);
#10802 = CLOSED_SHELL('',(#10803,#10843,#10883,#10905,#10927,#10939));
#10803 = ADVANCED_FACE('',(#10804),#10838,.F.);
#10804 = FACE_BOUND('',#10805,.F.);
#10805 = EDGE_LOOP('',(#10806,#10816,#10824,#10832));
#10806 = ORIENTED_EDGE('',*,*,#10807,.F.);
#10807 = EDGE_CURVE('',#10808,#10810,#10812,.T.);
#10808 = VERTEX_POINT('',#10809);
#10809 = CARTESIAN_POINT('',(3.018E+03,4.816E+03,4.576E+03));
#10810 = VERTEX_POINT('',#10811);
#10811 = CARTESIAN_POINT('',(3.018E+03,4.816E+03,4.826E+03));
#10812 = LINE('',#10813,#10814);
#10813 = CARTESIAN_POINT('',(3.018E+03,4.816E+03,4.576E+03));
#10814 = VECTOR('',#10815,1.);
#10815 = DIRECTION('',(0.,0.,1.));
#10816 = ORIENTED_EDGE('',*,*,#10817,.T.);
#10817 = EDGE_CURVE('',#10808,#10818,#10820,.T.);
#10818 = VERTEX_POINT('',#10819);
#10819 = CARTESIAN_POINT('',(3.018E+03,4.936E+03,4.576E+03));
#10820 = LINE('',#10821,#10822);
#10821 = CARTESIAN_POINT('',(3.018E+03,4.816E+03,4.576E+03));
#10822 = VECTOR('',#10823,1.);
#10823 = DIRECTION('',(0.,1.,0.));
#10824 = ORIENTED_EDGE('',*,*,#10825,.T.);
#10825 = EDGE_CURVE('',#10818,#10826,#10828,.T.);
#10826 = VERTEX_POINT('',#10827);
#10827 = CARTESIAN_POINT('',(3.018E+03,4.936E+03,4.826E+03));
#10828 = LINE('',#10829,#10830);
#10829 = CARTESIAN_POINT('',(3.018E+03,4.936E+03,4.576E+03));
#10830 = VECTOR('',#10831,1.);
#10831 = DIRECTION('',(0.,0.,1.));
#10832 = ORIENTED_EDGE('',*,*,#10833,.F.);
#10833 = EDGE_CURVE('',#10810,#10826,#10834,.T.);
#10834 = LINE('',#10835,#10836);
#10835 = CARTESIAN_POINT('',(3.018E+03,4.816E+03,4.826E+03));
#10836 = VECTOR('',#10837,1.);
#10837 = DIRECTION('',(0.,1.,0.));
#10838 = PLANE('',#10839);
#10839 = AXIS2_PLACEMENT_3D('',#10840,#10841,#10842);
#10840 = CARTESIAN_POINT('',(3.018E+03,4.816E+03,4.576E+03));
#10841 = DIRECTION('',(1.,0.,0.));
#10842 = DIRECTION('',(0.,0.,1.));
#10843 = ADVANCED_FACE('',(#10844),#10878,.T.);
#10844 = FACE_BOUND('',#10845,.T.);
#10845 = EDGE_LOOP('',(#10846,#10856,#10864,#10872));
#10846 = ORIENTED_EDGE('',*,*,#10847,.F.);
#10847 = EDGE_CURVE('',#10848,#10850,#10852,.T.);
#10848 = VERTEX_POINT('',#10849);
#10849 = CARTESIAN_POINT('',(3.138E+03,4.816E+03,4.576E+03));
#10850 = VERTEX_POINT('',#10851);
#10851 = CARTESIAN_POINT('',(3.138E+03,4.816E+03,4.826E+03));
#10852 = LINE('',#10853,#10854);
#10853 = CARTESIAN_POINT('',(3.138E+03,4.816E+03,4.576E+03));
#10854 = VECTOR('',#10855,1.);
#10855 = DIRECTION('',(0.,0.,1.));
#10856 = ORIENTED_EDGE('',*,*,#10857,.T.);
#10857 = EDGE_CURVE('',#10848,#10858,#10860,.T.);
#10858 = VERTEX_POINT('',#10859);
#10859 = CARTESIAN_POINT('',(3.138E+03,4.936E+03,4.576E+03));
#10860 = LINE('',#10861,#10862);
#10861 = CARTESIAN_POINT('',(3.138E+03,4.816E+03,4.576E+03));
#10862 = VECTOR('',#10863,1.);
#10863 = DIRECTION('',(0.,1.,0.));
#10864 = ORIENTED_EDGE('',*,*,#10865,.T.);
#10865 = EDGE_CURVE('',#10858,#10866,#10868,.T.);
#10866 = VERTEX_POINT('',#10867);
#10867 = CARTESIAN_POINT('',(3.138E+03,4.936E+03,4.826E+03));
#10868 = LINE('',#10869,#10870);
#10869 = CARTESIAN_POINT('',(3.138E+03,4.936E+03,4.576E+03));
#10870 = VECTOR('',#10871,1.);
#10871 = DIRECTION('',(0.,0.,1.));
#10872 = ORIENTED_EDGE('',*,*,#10873,.F.);
#10873 = EDGE_CURVE('',#10850,#10866,#10874,.T.);
#10874 = LINE('',#10875,#10876);
#10875 = CARTESIAN_POINT('',(3.138E+03,4.816E+03,4.826E+03));
#10876 = VECTOR('',#10877,1.);
#10877 = DIRECTION('',(0.,1.,0.));
#10878 = PLANE('',#10879);
#10879 = AXIS2_PLACEMENT_3D('',#10880,#10881,#10882);
#10880 = CARTESIAN_POINT('',(3.138E+03,4.816E+03,4.576E+03));
#10881 = DIRECTION('',(1.,0.,0.));
#10882 = DIRECTION('',(0.,0.,1.));
#10883 = ADVANCED_FACE('',(#10884),#10900,.F.);
#10884 = FACE_BOUND('',#10885,.F.);
#10885 = EDGE_LOOP('',(#10886,#10892,#10893,#10899));
#10886 = ORIENTED_EDGE('',*,*,#10887,.F.);
#10887 = EDGE_CURVE('',#10808,#10848,#10888,.T.);
#10888 = LINE('',#10889,#10890);
#10889 = CARTESIAN_POINT('',(3.018E+03,4.816E+03,4.576E+03));
#10890 = VECTOR('',#10891,1.);
#10891 = DIRECTION('',(1.,0.,0.));
#10892 = ORIENTED_EDGE('',*,*,#10807,.T.);
#10893 = ORIENTED_EDGE('',*,*,#10894,.T.);
#10894 = EDGE_CURVE('',#10810,#10850,#10895,.T.);
#10895 = LINE('',#10896,#10897);
#10896 = CARTESIAN_POINT('',(3.018E+03,4.816E+03,4.826E+03));
#10897 = VECTOR('',#10898,1.);
#10898 = DIRECTION('',(1.,0.,0.));
#10899 = ORIENTED_EDGE('',*,*,#10847,.F.);
#10900 = PLANE('',#10901);
#10901 = AXIS2_PLACEMENT_3D('',#10902,#10903,#10904);
#10902 = CARTESIAN_POINT('',(3.018E+03,4.816E+03,4.576E+03));
#10903 = DIRECTION('',(0.,1.,0.));
#10904 = DIRECTION('',(0.,0.,1.));
#10905 = ADVANCED_FACE('',(#10906),#10922,.T.);
#10906 = FACE_BOUND('',#10907,.T.);
#10907 = EDGE_LOOP('',(#10908,#10914,#10915,#10921));
#10908 = ORIENTED_EDGE('',*,*,#10909,.F.);
#10909 = EDGE_CURVE('',#10818,#10858,#10910,.T.);
#10910 = LINE('',#10911,#10912);
#10911 = CARTESIAN_POINT('',(3.018E+03,4.936E+03,4.576E+03));
#10912 = VECTOR('',#10913,1.);
#10913 = DIRECTION('',(1.,0.,0.));
#10914 = ORIENTED_EDGE('',*,*,#10825,.T.);
#10915 = ORIENTED_EDGE('',*,*,#10916,.T.);
#10916 = EDGE_CURVE('',#10826,#10866,#10917,.T.);
#10917 = LINE('',#10918,#10919);
#10918 = CARTESIAN_POINT('',(3.018E+03,4.936E+03,4.826E+03));
#10919 = VECTOR('',#10920,1.);
#10920 = DIRECTION('',(1.,0.,0.));
#10921 = ORIENTED_EDGE('',*,*,#10865,.F.);
#10922 = PLANE('',#10923);
#10923 = AXIS2_PLACEMENT_3D('',#10924,#10925,#10926);
#10924 = CARTESIAN_POINT('',(3.018E+03,4.936E+03,4.576E+03));
#10925 = DIRECTION('',(0.,1.,0.));
#10926 = DIRECTION('',(0.,0.,1.));
#10927 = ADVANCED_FACE('',(#10928),#10934,.F.);
#10928 = FACE_BOUND('',#10929,.F.);
#10929 = EDGE_LOOP('',(#10930,#10931,#10932,#10933));
#10930 = ORIENTED_EDGE('',*,*,#10817,.F.);
#10931 = ORIENTED_EDGE('',*,*,#10887,.T.);
#10932 = ORIENTED_EDGE('',*,*,#10857,.T.);
#10933 = ORIENTED_EDGE('',*,*,#10909,.F.);
#10934 = PLANE('',#10935);
#10935 = AXIS2_PLACEMENT_3D('',#10936,#10937,#10938);
#10936 = CARTESIAN_POINT('',(3.018E+03,4.816E+03,4.576E+03));
#10937 = DIRECTION('',(0.,0.,1.));
#10938 = DIRECTION('',(1.,0.,0.));
#10939 = ADVANCED_FACE('',(#10940),#10946,.T.);
#10940 = FACE_BOUND('',#10941,.T.);
#10941 = EDGE_LOOP('',(#10942,#10943,#10944,#10945));
#10942 = ORIENTED_EDGE('',*,*,#10833,.F.);
#10943 = ORIENTED_EDGE('',*,*,#10894,.T.);
#10944 = ORIENTED_EDGE('',*,*,#10873,.T.);
#10945 = ORIENTED_EDGE('',*,*,#10916,.F.);
#10946 = PLANE('',#10947);
#10947 = AXIS2_PLACEMENT_3D('',#10948,#10949,#10950);
#10948 = CARTESIAN_POINT('',(3.018E+03,4.816E+03,4.826E+03));
#10949 = DIRECTION('',(0.,0.,1.));
#10950 = DIRECTION('',(1.,0.,0.));
#10951 = MANIFOLD_SOLID_BREP('',#10952);
#10952 = CLOSED_SHELL('',(#10953,#10986,#10995));
#10953 = ADVANCED_FACE('',(#10954),#10981,.T.);
#10954 = FACE_BOUND('',#10955,.T.);
#10955 = EDGE_LOOP('',(#10956,#10965,#10973,#10980));
#10956 = ORIENTED_EDGE('',*,*,#10957,.F.);
#10957 = EDGE_CURVE('',#10958,#10958,#10960,.T.);
#10958 = VERTEX_POINT('',#10959);
#10959 = CARTESIAN_POINT('',(94.,1.495E+03,6.416E+03));
#10960 = CIRCLE('',#10961,110.);
#10961 = AXIS2_PLACEMENT_3D('',#10962,#10963,#10964);
#10962 = CARTESIAN_POINT('',(-16.,1.495E+03,6.416E+03));
#10963 = DIRECTION('',(0.,0.,1.));
#10964 = DIRECTION('',(1.,0.,0.));
#10965 = ORIENTED_EDGE('',*,*,#10966,.F.);
#10966 = EDGE_CURVE('',#10967,#10958,#10969,.T.);
#10967 = VERTEX_POINT('',#10968);
#10968 = CARTESIAN_POINT('',(94.,1.495E+03,6.376E+03));
#10969 = LINE('',#10970,#10971);
#10970 = CARTESIAN_POINT('',(94.,1.495E+03,6.376E+03));
#10971 = VECTOR('',#10972,1.);
#10972 = DIRECTION('',(0.,0.,1.));
#10973 = ORIENTED_EDGE('',*,*,#10974,.T.);
#10974 = EDGE_CURVE('',#10967,#10967,#10975,.T.);
#10975 = CIRCLE('',#10976,110.);
#10976 = AXIS2_PLACEMENT_3D('',#10977,#10978,#10979);
#10977 = CARTESIAN_POINT('',(-16.,1.495E+03,6.376E+03));
#10978 = DIRECTION('',(0.,0.,1.));
#10979 = DIRECTION('',(1.,0.,0.));
#10980 = ORIENTED_EDGE('',*,*,#10966,.T.);
#10981 = CYLINDRICAL_SURFACE('',#10982,110.);
#10982 = AXIS2_PLACEMENT_3D('',#10983,#10984,#10985);
#10983 = CARTESIAN_POINT('',(-16.,1.495E+03,6.376E+03));
#10984 = DIRECTION('',(0.,0.,1.));
#10985 = DIRECTION('',(1.,0.,0.));
#10986 = ADVANCED_FACE('',(#10987),#10990,.T.);
#10987 = FACE_BOUND('',#10988,.T.);
#10988 = EDGE_LOOP('',(#10989));
#10989 = ORIENTED_EDGE('',*,*,#10957,.T.);
#10990 = PLANE('',#10991);
#10991 = AXIS2_PLACEMENT_3D('',#10992,#10993,#10994);
#10992 = CARTESIAN_POINT('',(-16.,1.495E+03,6.416E+03));
#10993 = DIRECTION('',(0.,0.,1.));
#10994 = DIRECTION('',(1.,0.,0.));
#10995 = ADVANCED_FACE('',(#10996),#10999,.F.);
#10996 = FACE_BOUND('',#10997,.T.);
#10997 = EDGE_LOOP('',(#10998));
#10998 = ORIENTED_EDGE('',*,*,#10974,.F.);
#10999 = PLANE('',#11000);
#11000 = AXIS2_PLACEMENT_3D('',#11001,#11002,#11003);
#11001 = CARTESIAN_POINT('',(-16.,1.495E+03,6.376E+03));
#11002 = DIRECTION('',(0.,0.,1.));
#11003 = DIRECTION('',(1.,0.,0.));
#11004 = MANIFOLD_SOLID_BREP('',#11005);
#11005 = CLOSED_SHELL('',(#11006,#11046,#11086,#11108,#11130,#11142));
#11006 = ADVANCED_FACE('',(#11007),#11041,.F.);
#11007 = FACE_BOUND('',#11008,.F.);
#11008 = EDGE_LOOP('',(#11009,#11019,#11027,#11035));
#11009 = ORIENTED_EDGE('',*,*,#11010,.F.);
#11010 = EDGE_CURVE('',#11011,#11013,#11015,.T.);
#11011 = VERTEX_POINT('',#11012);
#11012 = CARTESIAN_POINT('',(-8.325E+03,-724.,3.476E+03));
#11013 = VERTEX_POINT('',#11014);
#11014 = CARTESIAN_POINT('',(-8.325E+03,-724.,4.876E+03));
#11015 = LINE('',#11016,#11017);
#11016 = CARTESIAN_POINT('',(-8.325E+03,-724.,3.476E+03));
#11017 = VECTOR('',#11018,1.);
#11018 = DIRECTION('',(0.,0.,1.));
#11019 = ORIENTED_EDGE('',*,*,#11020,.T.);
#11020 = EDGE_CURVE('',#11011,#11021,#11023,.T.);
#11021 = VERTEX_POINT('',#11022);
#11022 = CARTESIAN_POINT('',(-8.325E+03,76.,3.476E+03));
#11023 = LINE('',#11024,#11025);
#11024 = CARTESIAN_POINT('',(-8.325E+03,-724.,3.476E+03));
#11025 = VECTOR('',#11026,1.);
#11026 = DIRECTION('',(0.,1.,0.));
#11027 = ORIENTED_EDGE('',*,*,#11028,.T.);
#11028 = EDGE_CURVE('',#11021,#11029,#11031,.T.);
#11029 = VERTEX_POINT('',#11030);
#11030 = CARTESIAN_POINT('',(-8.325E+03,76.,4.876E+03));
#11031 = LINE('',#11032,#11033);
#11032 = CARTESIAN_POINT('',(-8.325E+03,76.,3.476E+03));
#11033 = VECTOR('',#11034,1.);
#11034 = DIRECTION('',(0.,0.,1.));
#11035 = ORIENTED_EDGE('',*,*,#11036,.F.);
#11036 = EDGE_CURVE('',#11013,#11029,#11037,.T.);
#11037 = LINE('',#11038,#11039);
#11038 = CARTESIAN_POINT('',(-8.325E+03,-724.,4.876E+03));
#11039 = VECTOR('',#11040,1.);
#11040 = DIRECTION('',(0.,1.,0.));
#11041 = PLANE('',#11042);
#11042 = AXIS2_PLACEMENT_3D('',#11043,#11044,#11045);
#11043 = CARTESIAN_POINT('',(-8.325E+03,-724.,3.476E+03));
#11044 = DIRECTION('',(1.,0.,0.));
#11045 = DIRECTION('',(0.,0.,1.));
#11046 = ADVANCED_FACE('',(#11047),#11081,.T.);
#11047 = FACE_BOUND('',#11048,.T.);
#11048 = EDGE_LOOP('',(#11049,#11059,#11067,#11075));
#11049 = ORIENTED_EDGE('',*,*,#11050,.F.);
#11050 = EDGE_CURVE('',#11051,#11053,#11055,.T.);
#11051 = VERTEX_POINT('',#11052);
#11052 = CARTESIAN_POINT('',(-7.725E+03,-724.,3.476E+03));
#11053 = VERTEX_POINT('',#11054);
#11054 = CARTESIAN_POINT('',(-7.725E+03,-724.,4.876E+03));
#11055 = LINE('',#11056,#11057);
#11056 = CARTESIAN_POINT('',(-7.725E+03,-724.,3.476E+03));
#11057 = VECTOR('',#11058,1.);
#11058 = DIRECTION('',(0.,0.,1.));
#11059 = ORIENTED_EDGE('',*,*,#11060,.T.);
#11060 = EDGE_CURVE('',#11051,#11061,#11063,.T.);
#11061 = VERTEX_POINT('',#11062);
#11062 = CARTESIAN_POINT('',(-7.725E+03,76.,3.476E+03));
#11063 = LINE('',#11064,#11065);
#11064 = CARTESIAN_POINT('',(-7.725E+03,-724.,3.476E+03));
#11065 = VECTOR('',#11066,1.);
#11066 = DIRECTION('',(0.,1.,0.));
#11067 = ORIENTED_EDGE('',*,*,#11068,.T.);
#11068 = EDGE_CURVE('',#11061,#11069,#11071,.T.);
#11069 = VERTEX_POINT('',#11070);
#11070 = CARTESIAN_POINT('',(-7.725E+03,76.,4.876E+03));
#11071 = LINE('',#11072,#11073);
#11072 = CARTESIAN_POINT('',(-7.725E+03,76.,3.476E+03));
#11073 = VECTOR('',#11074,1.);
#11074 = DIRECTION('',(0.,0.,1.));
#11075 = ORIENTED_EDGE('',*,*,#11076,.F.);
#11076 = EDGE_CURVE('',#11053,#11069,#11077,.T.);
#11077 = LINE('',#11078,#11079);
#11078 = CARTESIAN_POINT('',(-7.725E+03,-724.,4.876E+03));
#11079 = VECTOR('',#11080,1.);
#11080 = DIRECTION('',(0.,1.,0.));
#11081 = PLANE('',#11082);
#11082 = AXIS2_PLACEMENT_3D('',#11083,#11084,#11085);
#11083 = CARTESIAN_POINT('',(-7.725E+03,-724.,3.476E+03));
#11084 = DIRECTION('',(1.,0.,0.));
#11085 = DIRECTION('',(0.,0.,1.));
#11086 = ADVANCED_FACE('',(#11087),#11103,.F.);
#11087 = FACE_BOUND('',#11088,.F.);
#11088 = EDGE_LOOP('',(#11089,#11095,#11096,#11102));
#11089 = ORIENTED_EDGE('',*,*,#11090,.F.);
#11090 = EDGE_CURVE('',#11011,#11051,#11091,.T.);
#11091 = LINE('',#11092,#11093);
#11092 = CARTESIAN_POINT('',(-8.325E+03,-724.,3.476E+03));
#11093 = VECTOR('',#11094,1.);
#11094 = DIRECTION('',(1.,0.,0.));
#11095 = ORIENTED_EDGE('',*,*,#11010,.T.);
#11096 = ORIENTED_EDGE('',*,*,#11097,.T.);
#11097 = EDGE_CURVE('',#11013,#11053,#11098,.T.);
#11098 = LINE('',#11099,#11100);
#11099 = CARTESIAN_POINT('',(-8.325E+03,-724.,4.876E+03));
#11100 = VECTOR('',#11101,1.);
#11101 = DIRECTION('',(1.,0.,0.));
#11102 = ORIENTED_EDGE('',*,*,#11050,.F.);
#11103 = PLANE('',#11104);
#11104 = AXIS2_PLACEMENT_3D('',#11105,#11106,#11107);
#11105 = CARTESIAN_POINT('',(-8.325E+03,-724.,3.476E+03));
#11106 = DIRECTION('',(0.,1.,0.));
#11107 = DIRECTION('',(0.,0.,1.));
#11108 = ADVANCED_FACE('',(#11109),#11125,.T.);
#11109 = FACE_BOUND('',#11110,.T.);
#11110 = EDGE_LOOP('',(#11111,#11117,#11118,#11124));
#11111 = ORIENTED_EDGE('',*,*,#11112,.F.);
#11112 = EDGE_CURVE('',#11021,#11061,#11113,.T.);
#11113 = LINE('',#11114,#11115);
#11114 = CARTESIAN_POINT('',(-8.325E+03,76.,3.476E+03));
#11115 = VECTOR('',#11116,1.);
#11116 = DIRECTION('',(1.,0.,0.));
#11117 = ORIENTED_EDGE('',*,*,#11028,.T.);
#11118 = ORIENTED_EDGE('',*,*,#11119,.T.);
#11119 = EDGE_CURVE('',#11029,#11069,#11120,.T.);
#11120 = LINE('',#11121,#11122);
#11121 = CARTESIAN_POINT('',(-8.325E+03,76.,4.876E+03));
#11122 = VECTOR('',#11123,1.);
#11123 = DIRECTION('',(1.,0.,0.));
#11124 = ORIENTED_EDGE('',*,*,#11068,.F.);
#11125 = PLANE('',#11126);
#11126 = AXIS2_PLACEMENT_3D('',#11127,#11128,#11129);
#11127 = CARTESIAN_POINT('',(-8.325E+03,76.,3.476E+03));
#11128 = DIRECTION('',(0.,1.,0.));
#11129 = DIRECTION('',(0.,0.,1.));
#11130 = ADVANCED_FACE('',(#11131),#11137,.F.);
#11131 = FACE_BOUND('',#11132,.F.);
#11132 = EDGE_LOOP('',(#11133,#11134,#11135,#11136));
#11133 = ORIENTED_EDGE('',*,*,#11020,.F.);
#11134 = ORIENTED_EDGE('',*,*,#11090,.T.);
#11135 = ORIENTED_EDGE('',*,*,#11060,.T.);
#11136 = ORIENTED_EDGE('',*,*,#11112,.F.);
#11137 = PLANE('',#11138);
#11138 = AXIS2_PLACEMENT_3D('',#11139,#11140,#11141);
#11139 = CARTESIAN_POINT('',(-8.325E+03,-724.,3.476E+03));
#11140 = DIRECTION('',(0.,0.,1.));
#11141 = DIRECTION('',(1.,0.,0.));
#11142 = ADVANCED_FACE('',(#11143),#11149,.T.);
#11143 = FACE_BOUND('',#11144,.T.);
#11144 = EDGE_LOOP('',(#11145,#11146,#11147,#11148));
#11145 = ORIENTED_EDGE('',*,*,#11036,.F.);
#11146 = ORIENTED_EDGE('',*,*,#11097,.T.);
#11147 = ORIENTED_EDGE('',*,*,#11076,.T.);
#11148 = ORIENTED_EDGE('',*,*,#11119,.F.);
#11149 = PLANE('',#11150);
#11150 = AXIS2_PLACEMENT_3D('',#11151,#11152,#11153);
#11151 = CARTESIAN_POINT('',(-8.325E+03,-724.,4.876E+03));
#11152 = DIRECTION('',(0.,0.,1.));
#11153 = DIRECTION('',(1.,0.,0.));
#11154 = MANIFOLD_SOLID_BREP('',#11155);
#11155 = CLOSED_SHELL('',(#11156,#11196,#11236,#11258,#11280,#11292));
#11156 = ADVANCED_FACE('',(#11157),#11191,.F.);
#11157 = FACE_BOUND('',#11158,.F.);
#11158 = EDGE_LOOP('',(#11159,#11169,#11177,#11185));
#11159 = ORIENTED_EDGE('',*,*,#11160,.F.);
#11160 = EDGE_CURVE('',#11161,#11163,#11165,.T.);
#11161 = VERTEX_POINT('',#11162);
#11162 = CARTESIAN_POINT('',(-8.225E+03,-1.099E+03,4.976E+03));
#11163 = VERTEX_POINT('',#11164);
#11164 = CARTESIAN_POINT('',(-8.225E+03,-1.099E+03,5.576E+03));
#11165 = LINE('',#11166,#11167);
#11166 = CARTESIAN_POINT('',(-8.225E+03,-1.099E+03,4.976E+03));
#11167 = VECTOR('',#11168,1.);
#11168 = DIRECTION('',(0.,0.,1.));
#11169 = ORIENTED_EDGE('',*,*,#11170,.T.);
#11170 = EDGE_CURVE('',#11161,#11171,#11173,.T.);
#11171 = VERTEX_POINT('',#11172);
#11172 = CARTESIAN_POINT('',(-8.225E+03,-949.,4.976E+03));
#11173 = LINE('',#11174,#11175);
#11174 = CARTESIAN_POINT('',(-8.225E+03,-1.099E+03,4.976E+03));
#11175 = VECTOR('',#11176,1.);
#11176 = DIRECTION('',(0.,1.,0.));
#11177 = ORIENTED_EDGE('',*,*,#11178,.T.);
#11178 = EDGE_CURVE('',#11171,#11179,#11181,.T.);
#11179 = VERTEX_POINT('',#11180);
#11180 = CARTESIAN_POINT('',(-8.225E+03,-949.,5.576E+03));
#11181 = LINE('',#11182,#11183);
#11182 = CARTESIAN_POINT('',(-8.225E+03,-949.,4.976E+03));
#11183 = VECTOR('',#11184,1.);
#11184 = DIRECTION('',(0.,0.,1.));
#11185 = ORIENTED_EDGE('',*,*,#11186,.F.);
#11186 = EDGE_CURVE('',#11163,#11179,#11187,.T.);
#11187 = LINE('',#11188,#11189);
#11188 = CARTESIAN_POINT('',(-8.225E+03,-1.099E+03,5.576E+03));
#11189 = VECTOR('',#11190,1.);
#11190 = DIRECTION('',(0.,1.,0.));
#11191 = PLANE('',#11192);
#11192 = AXIS2_PLACEMENT_3D('',#11193,#11194,#11195);
#11193 = CARTESIAN_POINT('',(-8.225E+03,-1.099E+03,4.976E+03));
#11194 = DIRECTION('',(1.,0.,0.));
#11195 = DIRECTION('',(0.,0.,1.));
#11196 = ADVANCED_FACE('',(#11197),#11231,.T.);
#11197 = FACE_BOUND('',#11198,.T.);
#11198 = EDGE_LOOP('',(#11199,#11209,#11217,#11225));
#11199 = ORIENTED_EDGE('',*,*,#11200,.F.);
#11200 = EDGE_CURVE('',#11201,#11203,#11205,.T.);
#11201 = VERTEX_POINT('',#11202);
#11202 = CARTESIAN_POINT('',(-7.825E+03,-1.099E+03,4.976E+03));
#11203 = VERTEX_POINT('',#11204);
#11204 = CARTESIAN_POINT('',(-7.825E+03,-1.099E+03,5.576E+03));
#11205 = LINE('',#11206,#11207);
#11206 = CARTESIAN_POINT('',(-7.825E+03,-1.099E+03,4.976E+03));
#11207 = VECTOR('',#11208,1.);
#11208 = DIRECTION('',(0.,0.,1.));
#11209 = ORIENTED_EDGE('',*,*,#11210,.T.);
#11210 = EDGE_CURVE('',#11201,#11211,#11213,.T.);
#11211 = VERTEX_POINT('',#11212);
#11212 = CARTESIAN_POINT('',(-7.825E+03,-949.,4.976E+03));
#11213 = LINE('',#11214,#11215);
#11214 = CARTESIAN_POINT('',(-7.825E+03,-1.099E+03,4.976E+03));
#11215 = VECTOR('',#11216,1.);
#11216 = DIRECTION('',(0.,1.,0.));
#11217 = ORIENTED_EDGE('',*,*,#11218,.T.);
#11218 = EDGE_CURVE('',#11211,#11219,#11221,.T.);
#11219 = VERTEX_POINT('',#11220);
#11220 = CARTESIAN_POINT('',(-7.825E+03,-949.,5.576E+03));
#11221 = LINE('',#11222,#11223);
#11222 = CARTESIAN_POINT('',(-7.825E+03,-949.,4.976E+03));
#11223 = VECTOR('',#11224,1.);
#11224 = DIRECTION('',(0.,0.,1.));
#11225 = ORIENTED_EDGE('',*,*,#11226,.F.);
#11226 = EDGE_CURVE('',#11203,#11219,#11227,.T.);
#11227 = LINE('',#11228,#11229);
#11228 = CARTESIAN_POINT('',(-7.825E+03,-1.099E+03,5.576E+03));
#11229 = VECTOR('',#11230,1.);
#11230 = DIRECTION('',(0.,1.,0.));
#11231 = PLANE('',#11232);
#11232 = AXIS2_PLACEMENT_3D('',#11233,#11234,#11235);
#11233 = CARTESIAN_POINT('',(-7.825E+03,-1.099E+03,4.976E+03));
#11234 = DIRECTION('',(1.,0.,0.));
#11235 = DIRECTION('',(0.,0.,1.));
#11236 = ADVANCED_FACE('',(#11237),#11253,.F.);
#11237 = FACE_BOUND('',#11238,.F.);
#11238 = EDGE_LOOP('',(#11239,#11245,#11246,#11252));
#11239 = ORIENTED_EDGE('',*,*,#11240,.F.);
#11240 = EDGE_CURVE('',#11161,#11201,#11241,.T.);
#11241 = LINE('',#11242,#11243);
#11242 = CARTESIAN_POINT('',(-8.225E+03,-1.099E+03,4.976E+03));
#11243 = VECTOR('',#11244,1.);
#11244 = DIRECTION('',(1.,0.,0.));
#11245 = ORIENTED_EDGE('',*,*,#11160,.T.);
#11246 = ORIENTED_EDGE('',*,*,#11247,.T.);
#11247 = EDGE_CURVE('',#11163,#11203,#11248,.T.);
#11248 = LINE('',#11249,#11250);
#11249 = CARTESIAN_POINT('',(-8.225E+03,-1.099E+03,5.576E+03));
#11250 = VECTOR('',#11251,1.);
#11251 = DIRECTION('',(1.,0.,0.));
#11252 = ORIENTED_EDGE('',*,*,#11200,.F.);
#11253 = PLANE('',#11254);
#11254 = AXIS2_PLACEMENT_3D('',#11255,#11256,#11257);
#11255 = CARTESIAN_POINT('',(-8.225E+03,-1.099E+03,4.976E+03));
#11256 = DIRECTION('',(0.,1.,0.));
#11257 = DIRECTION('',(0.,0.,1.));
#11258 = ADVANCED_FACE('',(#11259),#11275,.T.);
#11259 = FACE_BOUND('',#11260,.T.);
#11260 = EDGE_LOOP('',(#11261,#11267,#11268,#11274));
#11261 = ORIENTED_EDGE('',*,*,#11262,.F.);
#11262 = EDGE_CURVE('',#11171,#11211,#11263,.T.);
#11263 = LINE('',#11264,#11265);
#11264 = CARTESIAN_POINT('',(-8.225E+03,-949.,4.976E+03));
#11265 = VECTOR('',#11266,1.);
#11266 = DIRECTION('',(1.,0.,0.));
#11267 = ORIENTED_EDGE('',*,*,#11178,.T.);
#11268 = ORIENTED_EDGE('',*,*,#11269,.T.);
#11269 = EDGE_CURVE('',#11179,#11219,#11270,.T.);
#11270 = LINE('',#11271,#11272);
#11271 = CARTESIAN_POINT('',(-8.225E+03,-949.,5.576E+03));
#11272 = VECTOR('',#11273,1.);
#11273 = DIRECTION('',(1.,0.,0.));
#11274 = ORIENTED_EDGE('',*,*,#11218,.F.);
#11275 = PLANE('',#11276);
#11276 = AXIS2_PLACEMENT_3D('',#11277,#11278,#11279);
#11277 = CARTESIAN_POINT('',(-8.225E+03,-949.,4.976E+03));
#11278 = DIRECTION('',(0.,1.,0.));
#11279 = DIRECTION('',(0.,0.,1.));
#11280 = ADVANCED_FACE('',(#11281),#11287,.F.);
#11281 = FACE_BOUND('',#11282,.F.);
#11282 = EDGE_LOOP('',(#11283,#11284,#11285,#11286));
#11283 = ORIENTED_EDGE('',*,*,#11170,.F.);
#11284 = ORIENTED_EDGE('',*,*,#11240,.T.);
#11285 = ORIENTED_EDGE('',*,*,#11210,.T.);
#11286 = ORIENTED_EDGE('',*,*,#11262,.F.);
#11287 = PLANE('',#11288);
#11288 = AXIS2_PLACEMENT_3D('',#11289,#11290,#11291);
#11289 = CARTESIAN_POINT('',(-8.225E+03,-1.099E+03,4.976E+03));
#11290 = DIRECTION('',(0.,0.,1.));
#11291 = DIRECTION('',(1.,0.,0.));
#11292 = ADVANCED_FACE('',(#11293),#11299,.T.);
#11293 = FACE_BOUND('',#11294,.T.);
#11294 = EDGE_LOOP('',(#11295,#11296,#11297,#11298));
#11295 = ORIENTED_EDGE('',*,*,#11186,.F.);
#11296 = ORIENTED_EDGE('',*,*,#11247,.T.);
#11297 = ORIENTED_EDGE('',*,*,#11226,.T.);
#11298 = ORIENTED_EDGE('',*,*,#11269,.F.);
#11299 = PLANE('',#11300);
#11300 = AXIS2_PLACEMENT_3D('',#11301,#11302,#11303);
#11301 = CARTESIAN_POINT('',(-8.225E+03,-1.099E+03,5.576E+03));
#11302 = DIRECTION('',(0.,0.,1.));
#11303 = DIRECTION('',(1.,0.,0.));
#11304 = MANIFOLD_SOLID_BREP('',#11305);
#11305 = CLOSED_SHELL('',(#11306,#11346,#11386,#11408,#11430,#11442));
#11306 = ADVANCED_FACE('',(#11307),#11341,.F.);
#11307 = FACE_BOUND('',#11308,.F.);
#11308 = EDGE_LOOP('',(#11309,#11319,#11327,#11335));
#11309 = ORIENTED_EDGE('',*,*,#11310,.F.);
#11310 = EDGE_CURVE('',#11311,#11313,#11315,.T.);
#11311 = VERTEX_POINT('',#11312);
#11312 = CARTESIAN_POINT('',(-6.225E+03,-624.,3.476E+03));
#11313 = VERTEX_POINT('',#11314);
#11314 = CARTESIAN_POINT('',(-6.225E+03,-624.,4.676E+03));
#11315 = LINE('',#11316,#11317);
#11316 = CARTESIAN_POINT('',(-6.225E+03,-624.,3.476E+03));
#11317 = VECTOR('',#11318,1.);
#11318 = DIRECTION('',(0.,0.,1.));
#11319 = ORIENTED_EDGE('',*,*,#11320,.T.);
#11320 = EDGE_CURVE('',#11311,#11321,#11323,.T.);
#11321 = VERTEX_POINT('',#11322);
#11322 = CARTESIAN_POINT('',(-6.225E+03,-24.,3.476E+03));
#11323 = LINE('',#11324,#11325);
#11324 = CARTESIAN_POINT('',(-6.225E+03,-624.,3.476E+03));
#11325 = VECTOR('',#11326,1.);
#11326 = DIRECTION('',(0.,1.,0.));
#11327 = ORIENTED_EDGE('',*,*,#11328,.T.);
#11328 = EDGE_CURVE('',#11321,#11329,#11331,.T.);
#11329 = VERTEX_POINT('',#11330);
#11330 = CARTESIAN_POINT('',(-6.225E+03,-24.,4.676E+03));
#11331 = LINE('',#11332,#11333);
#11332 = CARTESIAN_POINT('',(-6.225E+03,-24.,3.476E+03));
#11333 = VECTOR('',#11334,1.);
#11334 = DIRECTION('',(0.,0.,1.));
#11335 = ORIENTED_EDGE('',*,*,#11336,.F.);
#11336 = EDGE_CURVE('',#11313,#11329,#11337,.T.);
#11337 = LINE('',#11338,#11339);
#11338 = CARTESIAN_POINT('',(-6.225E+03,-624.,4.676E+03));
#11339 = VECTOR('',#11340,1.);
#11340 = DIRECTION('',(0.,1.,0.));
#11341 = PLANE('',#11342);
#11342 = AXIS2_PLACEMENT_3D('',#11343,#11344,#11345);
#11343 = CARTESIAN_POINT('',(-6.225E+03,-624.,3.476E+03));
#11344 = DIRECTION('',(1.,0.,0.));
#11345 = DIRECTION('',(0.,0.,1.));
#11346 = ADVANCED_FACE('',(#11347),#11381,.T.);
#11347 = FACE_BOUND('',#11348,.T.);
#11348 = EDGE_LOOP('',(#11349,#11359,#11367,#11375));
#11349 = ORIENTED_EDGE('',*,*,#11350,.F.);
#11350 = EDGE_CURVE('',#11351,#11353,#11355,.T.);
#11351 = VERTEX_POINT('',#11352);
#11352 = CARTESIAN_POINT('',(-5.625E+03,-624.,3.476E+03));
#11353 = VERTEX_POINT('',#11354);
#11354 = CARTESIAN_POINT('',(-5.625E+03,-624.,4.676E+03));
#11355 = LINE('',#11356,#11357);
#11356 = CARTESIAN_POINT('',(-5.625E+03,-624.,3.476E+03));
#11357 = VECTOR('',#11358,1.);
#11358 = DIRECTION('',(0.,0.,1.));
#11359 = ORIENTED_EDGE('',*,*,#11360,.T.);
#11360 = EDGE_CURVE('',#11351,#11361,#11363,.T.);
#11361 = VERTEX_POINT('',#11362);
#11362 = CARTESIAN_POINT('',(-5.625E+03,-24.,3.476E+03));
#11363 = LINE('',#11364,#11365);
#11364 = CARTESIAN_POINT('',(-5.625E+03,-624.,3.476E+03));
#11365 = VECTOR('',#11366,1.);
#11366 = DIRECTION('',(0.,1.,0.));
#11367 = ORIENTED_EDGE('',*,*,#11368,.T.);
#11368 = EDGE_CURVE('',#11361,#11369,#11371,.T.);
#11369 = VERTEX_POINT('',#11370);
#11370 = CARTESIAN_POINT('',(-5.625E+03,-24.,4.676E+03));
#11371 = LINE('',#11372,#11373);
#11372 = CARTESIAN_POINT('',(-5.625E+03,-24.,3.476E+03));
#11373 = VECTOR('',#11374,1.);
#11374 = DIRECTION('',(0.,0.,1.));
#11375 = ORIENTED_EDGE('',*,*,#11376,.F.);
#11376 = EDGE_CURVE('',#11353,#11369,#11377,.T.);
#11377 = LINE('',#11378,#11379);
#11378 = CARTESIAN_POINT('',(-5.625E+03,-624.,4.676E+03));
#11379 = VECTOR('',#11380,1.);
#11380 = DIRECTION('',(0.,1.,0.));
#11381 = PLANE('',#11382);
#11382 = AXIS2_PLACEMENT_3D('',#11383,#11384,#11385);
#11383 = CARTESIAN_POINT('',(-5.625E+03,-624.,3.476E+03));
#11384 = DIRECTION('',(1.,0.,0.));
#11385 = DIRECTION('',(0.,0.,1.));
#11386 = ADVANCED_FACE('',(#11387),#11403,.F.);
#11387 = FACE_BOUND('',#11388,.F.);
#11388 = EDGE_LOOP('',(#11389,#11395,#11396,#11402));
#11389 = ORIENTED_EDGE('',*,*,#11390,.F.);
#11390 = EDGE_CURVE('',#11311,#11351,#11391,.T.);
#11391 = LINE('',#11392,#11393);
#11392 = CARTESIAN_POINT('',(-6.225E+03,-624.,3.476E+03));
#11393 = VECTOR('',#11394,1.);
#11394 = DIRECTION('',(1.,0.,0.));
#11395 = ORIENTED_EDGE('',*,*,#11310,.T.);
#11396 = ORIENTED_EDGE('',*,*,#11397,.T.);
#11397 = EDGE_CURVE('',#11313,#11353,#11398,.T.);
#11398 = LINE('',#11399,#11400);
#11399 = CARTESIAN_POINT('',(-6.225E+03,-624.,4.676E+03));
#11400 = VECTOR('',#11401,1.);
#11401 = DIRECTION('',(1.,0.,0.));
#11402 = ORIENTED_EDGE('',*,*,#11350,.F.);
#11403 = PLANE('',#11404);
#11404 = AXIS2_PLACEMENT_3D('',#11405,#11406,#11407);
#11405 = CARTESIAN_POINT('',(-6.225E+03,-624.,3.476E+03));
#11406 = DIRECTION('',(0.,1.,0.));
#11407 = DIRECTION('',(0.,0.,1.));
#11408 = ADVANCED_FACE('',(#11409),#11425,.T.);
#11409 = FACE_BOUND('',#11410,.T.);
#11410 = EDGE_LOOP('',(#11411,#11417,#11418,#11424));
#11411 = ORIENTED_EDGE('',*,*,#11412,.F.);
#11412 = EDGE_CURVE('',#11321,#11361,#11413,.T.);
#11413 = LINE('',#11414,#11415);
#11414 = CARTESIAN_POINT('',(-6.225E+03,-24.,3.476E+03));
#11415 = VECTOR('',#11416,1.);
#11416 = DIRECTION('',(1.,0.,0.));
#11417 = ORIENTED_EDGE('',*,*,#11328,.T.);
#11418 = ORIENTED_EDGE('',*,*,#11419,.T.);
#11419 = EDGE_CURVE('',#11329,#11369,#11420,.T.);
#11420 = LINE('',#11421,#11422);
#11421 = CARTESIAN_POINT('',(-6.225E+03,-24.,4.676E+03));
#11422 = VECTOR('',#11423,1.);
#11423 = DIRECTION('',(1.,0.,0.));
#11424 = ORIENTED_EDGE('',*,*,#11368,.F.);
#11425 = PLANE('',#11426);
#11426 = AXIS2_PLACEMENT_3D('',#11427,#11428,#11429);
#11427 = CARTESIAN_POINT('',(-6.225E+03,-24.,3.476E+03));
#11428 = DIRECTION('',(0.,1.,0.));
#11429 = DIRECTION('',(0.,0.,1.));
#11430 = ADVANCED_FACE('',(#11431),#11437,.F.);
#11431 = FACE_BOUND('',#11432,.F.);
#11432 = EDGE_LOOP('',(#11433,#11434,#11435,#11436));
#11433 = ORIENTED_EDGE('',*,*,#11320,.F.);
#11434 = ORIENTED_EDGE('',*,*,#11390,.T.);
#11435 = ORIENTED_EDGE('',*,*,#11360,.T.);
#11436 = ORIENTED_EDGE('',*,*,#11412,.F.);
#11437 = PLANE('',#11438);
#11438 = AXIS2_PLACEMENT_3D('',#11439,#11440,#11441);
#11439 = CARTESIAN_POINT('',(-6.225E+03,-624.,3.476E+03));
#11440 = DIRECTION('',(0.,0.,1.));
#11441 = DIRECTION('',(1.,0.,0.));
#11442 = ADVANCED_FACE('',(#11443),#11449,.T.);
#11443 = FACE_BOUND('',#11444,.T.);
#11444 = EDGE_LOOP('',(#11445,#11446,#11447,#11448));
#11445 = ORIENTED_EDGE('',*,*,#11336,.F.);
#11446 = ORIENTED_EDGE('',*,*,#11397,.T.);
#11447 = ORIENTED_EDGE('',*,*,#11376,.T.);
#11448 = ORIENTED_EDGE('',*,*,#11419,.F.);
#11449 = PLANE('',#11450);
#11450 = AXIS2_PLACEMENT_3D('',#11451,#11452,#11453);
#11451 = CARTESIAN_POINT('',(-6.225E+03,-624.,4.676E+03));
#11452 = DIRECTION('',(0.,0.,1.));
#11453 = DIRECTION('',(1.,0.,0.));
#11454 = MANIFOLD_SOLID_BREP('',#11455);
#11455 = CLOSED_SHELL('',(#11456,#11496,#11536,#11558,#11580,#11592));
#11456 = ADVANCED_FACE('',(#11457),#11491,.F.);
#11457 = FACE_BOUND('',#11458,.F.);
#11458 = EDGE_LOOP('',(#11459,#11469,#11477,#11485));
#11459 = ORIENTED_EDGE('',*,*,#11460,.F.);
#11460 = EDGE_CURVE('',#11461,#11463,#11465,.T.);
#11461 = VERTEX_POINT('',#11462);
#11462 = CARTESIAN_POINT('',(-4.985E+03,-34.,3.776E+03));
#11463 = VERTEX_POINT('',#11464);
#11464 = CARTESIAN_POINT('',(-4.985E+03,-34.,3.796E+03));
#11465 = LINE('',#11466,#11467);
#11466 = CARTESIAN_POINT('',(-4.985E+03,-34.,3.776E+03));
#11467 = VECTOR('',#11468,1.);
#11468 = DIRECTION('',(0.,0.,1.));
#11469 = ORIENTED_EDGE('',*,*,#11470,.T.);
#11470 = EDGE_CURVE('',#11461,#11471,#11473,.T.);
#11471 = VERTEX_POINT('',#11472);
#11472 = CARTESIAN_POINT('',(-4.985E+03,86.,3.776E+03));
#11473 = LINE('',#11474,#11475);
#11474 = CARTESIAN_POINT('',(-4.985E+03,-34.,3.776E+03));
#11475 = VECTOR('',#11476,1.);
#11476 = DIRECTION('',(0.,1.,0.));
#11477 = ORIENTED_EDGE('',*,*,#11478,.T.);
#11478 = EDGE_CURVE('',#11471,#11479,#11481,.T.);
#11479 = VERTEX_POINT('',#11480);
#11480 = CARTESIAN_POINT('',(-4.985E+03,86.,3.796E+03));
#11481 = LINE('',#11482,#11483);
#11482 = CARTESIAN_POINT('',(-4.985E+03,86.,3.776E+03));
#11483 = VECTOR('',#11484,1.);
#11484 = DIRECTION('',(0.,0.,1.));
#11485 = ORIENTED_EDGE('',*,*,#11486,.F.);
#11486 = EDGE_CURVE('',#11463,#11479,#11487,.T.);
#11487 = LINE('',#11488,#11489);
#11488 = CARTESIAN_POINT('',(-4.985E+03,-34.,3.796E+03));
#11489 = VECTOR('',#11490,1.);
#11490 = DIRECTION('',(0.,1.,0.));
#11491 = PLANE('',#11492);
#11492 = AXIS2_PLACEMENT_3D('',#11493,#11494,#11495);
#11493 = CARTESIAN_POINT('',(-4.985E+03,-34.,3.776E+03));
#11494 = DIRECTION('',(1.,0.,0.));
#11495 = DIRECTION('',(0.,0.,1.));
#11496 = ADVANCED_FACE('',(#11497),#11531,.T.);
#11497 = FACE_BOUND('',#11498,.T.);
#11498 = EDGE_LOOP('',(#11499,#11509,#11517,#11525));
#11499 = ORIENTED_EDGE('',*,*,#11500,.F.);
#11500 = EDGE_CURVE('',#11501,#11503,#11505,.T.);
#11501 = VERTEX_POINT('',#11502);
#11502 = CARTESIAN_POINT('',(-4.865E+03,-34.,3.776E+03));
#11503 = VERTEX_POINT('',#11504);
#11504 = CARTESIAN_POINT('',(-4.865E+03,-34.,3.796E+03));
#11505 = LINE('',#11506,#11507);
#11506 = CARTESIAN_POINT('',(-4.865E+03,-34.,3.776E+03));
#11507 = VECTOR('',#11508,1.);
#11508 = DIRECTION('',(0.,0.,1.));
#11509 = ORIENTED_EDGE('',*,*,#11510,.T.);
#11510 = EDGE_CURVE('',#11501,#11511,#11513,.T.);
#11511 = VERTEX_POINT('',#11512);
#11512 = CARTESIAN_POINT('',(-4.865E+03,86.,3.776E+03));
#11513 = LINE('',#11514,#11515);
#11514 = CARTESIAN_POINT('',(-4.865E+03,-34.,3.776E+03));
#11515 = VECTOR('',#11516,1.);
#11516 = DIRECTION('',(0.,1.,0.));
#11517 = ORIENTED_EDGE('',*,*,#11518,.T.);
#11518 = EDGE_CURVE('',#11511,#11519,#11521,.T.);
#11519 = VERTEX_POINT('',#11520);
#11520 = CARTESIAN_POINT('',(-4.865E+03,86.,3.796E+03));
#11521 = LINE('',#11522,#11523);
#11522 = CARTESIAN_POINT('',(-4.865E+03,86.,3.776E+03));
#11523 = VECTOR('',#11524,1.);
#11524 = DIRECTION('',(0.,0.,1.));
#11525 = ORIENTED_EDGE('',*,*,#11526,.F.);
#11526 = EDGE_CURVE('',#11503,#11519,#11527,.T.);
#11527 = LINE('',#11528,#11529);
#11528 = CARTESIAN_POINT('',(-4.865E+03,-34.,3.796E+03));
#11529 = VECTOR('',#11530,1.);
#11530 = DIRECTION('',(0.,1.,0.));
#11531 = PLANE('',#11532);
#11532 = AXIS2_PLACEMENT_3D('',#11533,#11534,#11535);
#11533 = CARTESIAN_POINT('',(-4.865E+03,-34.,3.776E+03));
#11534 = DIRECTION('',(1.,0.,0.));
#11535 = DIRECTION('',(0.,0.,1.));
#11536 = ADVANCED_FACE('',(#11537),#11553,.F.);
#11537 = FACE_BOUND('',#11538,.F.);
#11538 = EDGE_LOOP('',(#11539,#11545,#11546,#11552));
#11539 = ORIENTED_EDGE('',*,*,#11540,.F.);
#11540 = EDGE_CURVE('',#11461,#11501,#11541,.T.);
#11541 = LINE('',#11542,#11543);
#11542 = CARTESIAN_POINT('',(-4.985E+03,-34.,3.776E+03));
#11543 = VECTOR('',#11544,1.);
#11544 = DIRECTION('',(1.,0.,0.));
#11545 = ORIENTED_EDGE('',*,*,#11460,.T.);
#11546 = ORIENTED_EDGE('',*,*,#11547,.T.);
#11547 = EDGE_CURVE('',#11463,#11503,#11548,.T.);
#11548 = LINE('',#11549,#11550);
#11549 = CARTESIAN_POINT('',(-4.985E+03,-34.,3.796E+03));
#11550 = VECTOR('',#11551,1.);
#11551 = DIRECTION('',(1.,0.,0.));
#11552 = ORIENTED_EDGE('',*,*,#11500,.F.);
#11553 = PLANE('',#11554);
#11554 = AXIS2_PLACEMENT_3D('',#11555,#11556,#11557);
#11555 = CARTESIAN_POINT('',(-4.985E+03,-34.,3.776E+03));
#11556 = DIRECTION('',(0.,1.,0.));
#11557 = DIRECTION('',(0.,0.,1.));
#11558 = ADVANCED_FACE('',(#11559),#11575,.T.);
#11559 = FACE_BOUND('',#11560,.T.);
#11560 = EDGE_LOOP('',(#11561,#11567,#11568,#11574));
#11561 = ORIENTED_EDGE('',*,*,#11562,.F.);
#11562 = EDGE_CURVE('',#11471,#11511,#11563,.T.);
#11563 = LINE('',#11564,#11565);
#11564 = CARTESIAN_POINT('',(-4.985E+03,86.,3.776E+03));
#11565 = VECTOR('',#11566,1.);
#11566 = DIRECTION('',(1.,0.,0.));
#11567 = ORIENTED_EDGE('',*,*,#11478,.T.);
#11568 = ORIENTED_EDGE('',*,*,#11569,.T.);
#11569 = EDGE_CURVE('',#11479,#11519,#11570,.T.);
#11570 = LINE('',#11571,#11572);
#11571 = CARTESIAN_POINT('',(-4.985E+03,86.,3.796E+03));
#11572 = VECTOR('',#11573,1.);
#11573 = DIRECTION('',(1.,0.,0.));
#11574 = ORIENTED_EDGE('',*,*,#11518,.F.);
#11575 = PLANE('',#11576);
#11576 = AXIS2_PLACEMENT_3D('',#11577,#11578,#11579);
#11577 = CARTESIAN_POINT('',(-4.985E+03,86.,3.776E+03));
#11578 = DIRECTION('',(0.,1.,0.));
#11579 = DIRECTION('',(0.,0.,1.));
#11580 = ADVANCED_FACE('',(#11581),#11587,.F.);
#11581 = FACE_BOUND('',#11582,.F.);
#11582 = EDGE_LOOP('',(#11583,#11584,#11585,#11586));
#11583 = ORIENTED_EDGE('',*,*,#11470,.F.);
#11584 = ORIENTED_EDGE('',*,*,#11540,.T.);
#11585 = ORIENTED_EDGE('',*,*,#11510,.T.);
#11586 = ORIENTED_EDGE('',*,*,#11562,.F.);
#11587 = PLANE('',#11588);
#11588 = AXIS2_PLACEMENT_3D('',#11589,#11590,#11591);
#11589 = CARTESIAN_POINT('',(-4.985E+03,-34.,3.776E+03));
#11590 = DIRECTION('',(0.,0.,1.));
#11591 = DIRECTION('',(1.,0.,0.));
#11592 = ADVANCED_FACE('',(#11593),#11599,.T.);
#11593 = FACE_BOUND('',#11594,.T.);
#11594 = EDGE_LOOP('',(#11595,#11596,#11597,#11598));
#11595 = ORIENTED_EDGE('',*,*,#11486,.F.);
#11596 = ORIENTED_EDGE('',*,*,#11547,.T.);
#11597 = ORIENTED_EDGE('',*,*,#11526,.T.);
#11598 = ORIENTED_EDGE('',*,*,#11569,.F.);
#11599 = PLANE('',#11600);
#11600 = AXIS2_PLACEMENT_3D('',#11601,#11602,#11603);
#11601 = CARTESIAN_POINT('',(-4.985E+03,-34.,3.796E+03));
#11602 = DIRECTION('',(0.,0.,1.));
#11603 = DIRECTION('',(1.,0.,0.));
#11604 = MANIFOLD_SOLID_BREP('',#11605);
#11605 = CLOSED_SHELL('',(#11606,#11646,#11686,#11708,#11730,#11742));
#11606 = ADVANCED_FACE('',(#11607),#11641,.F.);
#11607 = FACE_BOUND('',#11608,.F.);
#11608 = EDGE_LOOP('',(#11609,#11619,#11627,#11635));
#11609 = ORIENTED_EDGE('',*,*,#11610,.F.);
#11610 = EDGE_CURVE('',#11611,#11613,#11615,.T.);
#11611 = VERTEX_POINT('',#11612);
#11612 = CARTESIAN_POINT('',(-4.285E+03,-34.,3.776E+03));
#11613 = VERTEX_POINT('',#11614);
#11614 = CARTESIAN_POINT('',(-4.285E+03,-34.,3.796E+03));
#11615 = LINE('',#11616,#11617);
#11616 = CARTESIAN_POINT('',(-4.285E+03,-34.,3.776E+03));
#11617 = VECTOR('',#11618,1.);
#11618 = DIRECTION('',(0.,0.,1.));
#11619 = ORIENTED_EDGE('',*,*,#11620,.T.);
#11620 = EDGE_CURVE('',#11611,#11621,#11623,.T.);
#11621 = VERTEX_POINT('',#11622);
#11622 = CARTESIAN_POINT('',(-4.285E+03,86.,3.776E+03));
#11623 = LINE('',#11624,#11625);
#11624 = CARTESIAN_POINT('',(-4.285E+03,-34.,3.776E+03));
#11625 = VECTOR('',#11626,1.);
#11626 = DIRECTION('',(0.,1.,0.));
#11627 = ORIENTED_EDGE('',*,*,#11628,.T.);
#11628 = EDGE_CURVE('',#11621,#11629,#11631,.T.);
#11629 = VERTEX_POINT('',#11630);
#11630 = CARTESIAN_POINT('',(-4.285E+03,86.,3.796E+03));
#11631 = LINE('',#11632,#11633);
#11632 = CARTESIAN_POINT('',(-4.285E+03,86.,3.776E+03));
#11633 = VECTOR('',#11634,1.);
#11634 = DIRECTION('',(0.,0.,1.));
#11635 = ORIENTED_EDGE('',*,*,#11636,.F.);
#11636 = EDGE_CURVE('',#11613,#11629,#11637,.T.);
#11637 = LINE('',#11638,#11639);
#11638 = CARTESIAN_POINT('',(-4.285E+03,-34.,3.796E+03));
#11639 = VECTOR('',#11640,1.);
#11640 = DIRECTION('',(0.,1.,0.));
#11641 = PLANE('',#11642);
#11642 = AXIS2_PLACEMENT_3D('',#11643,#11644,#11645);
#11643 = CARTESIAN_POINT('',(-4.285E+03,-34.,3.776E+03));
#11644 = DIRECTION('',(1.,0.,0.));
#11645 = DIRECTION('',(0.,0.,1.));
#11646 = ADVANCED_FACE('',(#11647),#11681,.T.);
#11647 = FACE_BOUND('',#11648,.T.);
#11648 = EDGE_LOOP('',(#11649,#11659,#11667,#11675));
#11649 = ORIENTED_EDGE('',*,*,#11650,.F.);
#11650 = EDGE_CURVE('',#11651,#11653,#11655,.T.);
#11651 = VERTEX_POINT('',#11652);
#11652 = CARTESIAN_POINT('',(-4.165E+03,-34.,3.776E+03));
#11653 = VERTEX_POINT('',#11654);
#11654 = CARTESIAN_POINT('',(-4.165E+03,-34.,3.796E+03));
#11655 = LINE('',#11656,#11657);
#11656 = CARTESIAN_POINT('',(-4.165E+03,-34.,3.776E+03));
#11657 = VECTOR('',#11658,1.);
#11658 = DIRECTION('',(0.,0.,1.));
#11659 = ORIENTED_EDGE('',*,*,#11660,.T.);
#11660 = EDGE_CURVE('',#11651,#11661,#11663,.T.);
#11661 = VERTEX_POINT('',#11662);
#11662 = CARTESIAN_POINT('',(-4.165E+03,86.,3.776E+03));
#11663 = LINE('',#11664,#11665);
#11664 = CARTESIAN_POINT('',(-4.165E+03,-34.,3.776E+03));
#11665 = VECTOR('',#11666,1.);
#11666 = DIRECTION('',(0.,1.,0.));
#11667 = ORIENTED_EDGE('',*,*,#11668,.T.);
#11668 = EDGE_CURVE('',#11661,#11669,#11671,.T.);
#11669 = VERTEX_POINT('',#11670);
#11670 = CARTESIAN_POINT('',(-4.165E+03,86.,3.796E+03));
#11671 = LINE('',#11672,#11673);
#11672 = CARTESIAN_POINT('',(-4.165E+03,86.,3.776E+03));
#11673 = VECTOR('',#11674,1.);
#11674 = DIRECTION('',(0.,0.,1.));
#11675 = ORIENTED_EDGE('',*,*,#11676,.F.);
#11676 = EDGE_CURVE('',#11653,#11669,#11677,.T.);
#11677 = LINE('',#11678,#11679);
#11678 = CARTESIAN_POINT('',(-4.165E+03,-34.,3.796E+03));
#11679 = VECTOR('',#11680,1.);
#11680 = DIRECTION('',(0.,1.,0.));
#11681 = PLANE('',#11682);
#11682 = AXIS2_PLACEMENT_3D('',#11683,#11684,#11685);
#11683 = CARTESIAN_POINT('',(-4.165E+03,-34.,3.776E+03));
#11684 = DIRECTION('',(1.,0.,0.));
#11685 = DIRECTION('',(0.,0.,1.));
#11686 = ADVANCED_FACE('',(#11687),#11703,.F.);
#11687 = FACE_BOUND('',#11688,.F.);
#11688 = EDGE_LOOP('',(#11689,#11695,#11696,#11702));
#11689 = ORIENTED_EDGE('',*,*,#11690,.F.);
#11690 = EDGE_CURVE('',#11611,#11651,#11691,.T.);
#11691 = LINE('',#11692,#11693);
#11692 = CARTESIAN_POINT('',(-4.285E+03,-34.,3.776E+03));
#11693 = VECTOR('',#11694,1.);
#11694 = DIRECTION('',(1.,0.,0.));
#11695 = ORIENTED_EDGE('',*,*,#11610,.T.);
#11696 = ORIENTED_EDGE('',*,*,#11697,.T.);
#11697 = EDGE_CURVE('',#11613,#11653,#11698,.T.);
#11698 = LINE('',#11699,#11700);
#11699 = CARTESIAN_POINT('',(-4.285E+03,-34.,3.796E+03));
#11700 = VECTOR('',#11701,1.);
#11701 = DIRECTION('',(1.,0.,0.));
#11702 = ORIENTED_EDGE('',*,*,#11650,.F.);
#11703 = PLANE('',#11704);
#11704 = AXIS2_PLACEMENT_3D('',#11705,#11706,#11707);
#11705 = CARTESIAN_POINT('',(-4.285E+03,-34.,3.776E+03));
#11706 = DIRECTION('',(0.,1.,0.));
#11707 = DIRECTION('',(0.,0.,1.));
#11708 = ADVANCED_FACE('',(#11709),#11725,.T.);
#11709 = FACE_BOUND('',#11710,.T.);
#11710 = EDGE_LOOP('',(#11711,#11717,#11718,#11724));
#11711 = ORIENTED_EDGE('',*,*,#11712,.F.);
#11712 = EDGE_CURVE('',#11621,#11661,#11713,.T.);
#11713 = LINE('',#11714,#11715);
#11714 = CARTESIAN_POINT('',(-4.285E+03,86.,3.776E+03));
#11715 = VECTOR('',#11716,1.);
#11716 = DIRECTION('',(1.,0.,0.));
#11717 = ORIENTED_EDGE('',*,*,#11628,.T.);
#11718 = ORIENTED_EDGE('',*,*,#11719,.T.);
#11719 = EDGE_CURVE('',#11629,#11669,#11720,.T.);
#11720 = LINE('',#11721,#11722);
#11721 = CARTESIAN_POINT('',(-4.285E+03,86.,3.796E+03));
#11722 = VECTOR('',#11723,1.);
#11723 = DIRECTION('',(1.,0.,0.));
#11724 = ORIENTED_EDGE('',*,*,#11668,.F.);
#11725 = PLANE('',#11726);
#11726 = AXIS2_PLACEMENT_3D('',#11727,#11728,#11729);
#11727 = CARTESIAN_POINT('',(-4.285E+03,86.,3.776E+03));
#11728 = DIRECTION('',(0.,1.,0.));
#11729 = DIRECTION('',(0.,0.,1.));
#11730 = ADVANCED_FACE('',(#11731),#11737,.F.);
#11731 = FACE_BOUND('',#11732,.F.);
#11732 = EDGE_LOOP('',(#11733,#11734,#11735,#11736));
#11733 = ORIENTED_EDGE('',*,*,#11620,.F.);
#11734 = ORIENTED_EDGE('',*,*,#11690,.T.);
#11735 = ORIENTED_EDGE('',*,*,#11660,.T.);
#11736 = ORIENTED_EDGE('',*,*,#11712,.F.);
#11737 = PLANE('',#11738);
#11738 = AXIS2_PLACEMENT_3D('',#11739,#11740,#11741);
#11739 = CARTESIAN_POINT('',(-4.285E+03,-34.,3.776E+03));
#11740 = DIRECTION('',(0.,0.,1.));
#11741 = DIRECTION('',(1.,0.,0.));
#11742 = ADVANCED_FACE('',(#11743),#11749,.T.);
#11743 = FACE_BOUND('',#11744,.T.);
#11744 = EDGE_LOOP('',(#11745,#11746,#11747,#11748));
#11745 = ORIENTED_EDGE('',*,*,#11636,.F.);
#11746 = ORIENTED_EDGE('',*,*,#11697,.T.);
#11747 = ORIENTED_EDGE('',*,*,#11676,.T.);
#11748 = ORIENTED_EDGE('',*,*,#11719,.F.);
#11749 = PLANE('',#11750);
#11750 = AXIS2_PLACEMENT_3D('',#11751,#11752,#11753);
#11751 = CARTESIAN_POINT('',(-4.285E+03,-34.,3.796E+03));
#11752 = DIRECTION('',(0.,0.,1.));
#11753 = DIRECTION('',(1.,0.,0.));
#11754 = MANIFOLD_SOLID_BREP('',#11755);
#11755 = CLOSED_SHELL('',(#11756,#11796,#11836,#11858,#11880,#11892));
#11756 = ADVANCED_FACE('',(#11757),#11791,.F.);
#11757 = FACE_BOUND('',#11758,.F.);
#11758 = EDGE_LOOP('',(#11759,#11769,#11777,#11785));
#11759 = ORIENTED_EDGE('',*,*,#11760,.F.);
#11760 = EDGE_CURVE('',#11761,#11763,#11765,.T.);
#11761 = VERTEX_POINT('',#11762);
#11762 = CARTESIAN_POINT('',(-3.934E+03,-484.,3.776E+03));
#11763 = VERTEX_POINT('',#11764);
#11764 = CARTESIAN_POINT('',(-3.934E+03,-484.,3.796E+03));
#11765 = LINE('',#11766,#11767);
#11766 = CARTESIAN_POINT('',(-3.934E+03,-484.,3.776E+03));
#11767 = VECTOR('',#11768,1.);
#11768 = DIRECTION('',(0.,0.,1.));
#11769 = ORIENTED_EDGE('',*,*,#11770,.T.);
#11770 = EDGE_CURVE('',#11761,#11771,#11773,.T.);
#11771 = VERTEX_POINT('',#11772);
#11772 = CARTESIAN_POINT('',(-3.934E+03,-364.,3.776E+03));
#11773 = LINE('',#11774,#11775);
#11774 = CARTESIAN_POINT('',(-3.934E+03,-484.,3.776E+03));
#11775 = VECTOR('',#11776,1.);
#11776 = DIRECTION('',(0.,1.,0.));
#11777 = ORIENTED_EDGE('',*,*,#11778,.T.);
#11778 = EDGE_CURVE('',#11771,#11779,#11781,.T.);
#11779 = VERTEX_POINT('',#11780);
#11780 = CARTESIAN_POINT('',(-3.934E+03,-364.,3.796E+03));
#11781 = LINE('',#11782,#11783);
#11782 = CARTESIAN_POINT('',(-3.934E+03,-364.,3.776E+03));
#11783 = VECTOR('',#11784,1.);
#11784 = DIRECTION('',(0.,0.,1.));
#11785 = ORIENTED_EDGE('',*,*,#11786,.F.);
#11786 = EDGE_CURVE('',#11763,#11779,#11787,.T.);
#11787 = LINE('',#11788,#11789);
#11788 = CARTESIAN_POINT('',(-3.934E+03,-484.,3.796E+03));
#11789 = VECTOR('',#11790,1.);
#11790 = DIRECTION('',(0.,1.,0.));
#11791 = PLANE('',#11792);
#11792 = AXIS2_PLACEMENT_3D('',#11793,#11794,#11795);
#11793 = CARTESIAN_POINT('',(-3.934E+03,-484.,3.776E+03));
#11794 = DIRECTION('',(1.,0.,0.));
#11795 = DIRECTION('',(0.,0.,1.));
#11796 = ADVANCED_FACE('',(#11797),#11831,.T.);
#11797 = FACE_BOUND('',#11798,.T.);
#11798 = EDGE_LOOP('',(#11799,#11809,#11817,#11825));
#11799 = ORIENTED_EDGE('',*,*,#11800,.F.);
#11800 = EDGE_CURVE('',#11801,#11803,#11805,.T.);
#11801 = VERTEX_POINT('',#11802);
#11802 = CARTESIAN_POINT('',(-3.814E+03,-484.,3.776E+03));
#11803 = VERTEX_POINT('',#11804);
#11804 = CARTESIAN_POINT('',(-3.814E+03,-484.,3.796E+03));
#11805 = LINE('',#11806,#11807);
#11806 = CARTESIAN_POINT('',(-3.814E+03,-484.,3.776E+03));
#11807 = VECTOR('',#11808,1.);
#11808 = DIRECTION('',(0.,0.,1.));
#11809 = ORIENTED_EDGE('',*,*,#11810,.T.);
#11810 = EDGE_CURVE('',#11801,#11811,#11813,.T.);
#11811 = VERTEX_POINT('',#11812);
#11812 = CARTESIAN_POINT('',(-3.814E+03,-364.,3.776E+03));
#11813 = LINE('',#11814,#11815);
#11814 = CARTESIAN_POINT('',(-3.814E+03,-484.,3.776E+03));
#11815 = VECTOR('',#11816,1.);
#11816 = DIRECTION('',(0.,1.,0.));
#11817 = ORIENTED_EDGE('',*,*,#11818,.T.);
#11818 = EDGE_CURVE('',#11811,#11819,#11821,.T.);
#11819 = VERTEX_POINT('',#11820);
#11820 = CARTESIAN_POINT('',(-3.814E+03,-364.,3.796E+03));
#11821 = LINE('',#11822,#11823);
#11822 = CARTESIAN_POINT('',(-3.814E+03,-364.,3.776E+03));
#11823 = VECTOR('',#11824,1.);
#11824 = DIRECTION('',(0.,0.,1.));
#11825 = ORIENTED_EDGE('',*,*,#11826,.F.);
#11826 = EDGE_CURVE('',#11803,#11819,#11827,.T.);
#11827 = LINE('',#11828,#11829);
#11828 = CARTESIAN_POINT('',(-3.814E+03,-484.,3.796E+03));
#11829 = VECTOR('',#11830,1.);
#11830 = DIRECTION('',(0.,1.,0.));
#11831 = PLANE('',#11832);
#11832 = AXIS2_PLACEMENT_3D('',#11833,#11834,#11835);
#11833 = CARTESIAN_POINT('',(-3.814E+03,-484.,3.776E+03));
#11834 = DIRECTION('',(1.,0.,0.));
#11835 = DIRECTION('',(0.,0.,1.));
#11836 = ADVANCED_FACE('',(#11837),#11853,.F.);
#11837 = FACE_BOUND('',#11838,.F.);
#11838 = EDGE_LOOP('',(#11839,#11845,#11846,#11852));
#11839 = ORIENTED_EDGE('',*,*,#11840,.F.);
#11840 = EDGE_CURVE('',#11761,#11801,#11841,.T.);
#11841 = LINE('',#11842,#11843);
#11842 = CARTESIAN_POINT('',(-3.934E+03,-484.,3.776E+03));
#11843 = VECTOR('',#11844,1.);
#11844 = DIRECTION('',(1.,0.,0.));
#11845 = ORIENTED_EDGE('',*,*,#11760,.T.);
#11846 = ORIENTED_EDGE('',*,*,#11847,.T.);
#11847 = EDGE_CURVE('',#11763,#11803,#11848,.T.);
#11848 = LINE('',#11849,#11850);
#11849 = CARTESIAN_POINT('',(-3.934E+03,-484.,3.796E+03));
#11850 = VECTOR('',#11851,1.);
#11851 = DIRECTION('',(1.,0.,0.));
#11852 = ORIENTED_EDGE('',*,*,#11800,.F.);
#11853 = PLANE('',#11854);
#11854 = AXIS2_PLACEMENT_3D('',#11855,#11856,#11857);
#11855 = CARTESIAN_POINT('',(-3.934E+03,-484.,3.776E+03));
#11856 = DIRECTION('',(0.,1.,0.));
#11857 = DIRECTION('',(0.,0.,1.));
#11858 = ADVANCED_FACE('',(#11859),#11875,.T.);
#11859 = FACE_BOUND('',#11860,.T.);
#11860 = EDGE_LOOP('',(#11861,#11867,#11868,#11874));
#11861 = ORIENTED_EDGE('',*,*,#11862,.F.);
#11862 = EDGE_CURVE('',#11771,#11811,#11863,.T.);
#11863 = LINE('',#11864,#11865);
#11864 = CARTESIAN_POINT('',(-3.934E+03,-364.,3.776E+03));
#11865 = VECTOR('',#11866,1.);
#11866 = DIRECTION('',(1.,0.,0.));
#11867 = ORIENTED_EDGE('',*,*,#11778,.T.);
#11868 = ORIENTED_EDGE('',*,*,#11869,.T.);
#11869 = EDGE_CURVE('',#11779,#11819,#11870,.T.);
#11870 = LINE('',#11871,#11872);
#11871 = CARTESIAN_POINT('',(-3.934E+03,-364.,3.796E+03));
#11872 = VECTOR('',#11873,1.);
#11873 = DIRECTION('',(1.,0.,0.));
#11874 = ORIENTED_EDGE('',*,*,#11818,.F.);
#11875 = PLANE('',#11876);
#11876 = AXIS2_PLACEMENT_3D('',#11877,#11878,#11879);
#11877 = CARTESIAN_POINT('',(-3.934E+03,-364.,3.776E+03));
#11878 = DIRECTION('',(0.,1.,0.));
#11879 = DIRECTION('',(0.,0.,1.));
#11880 = ADVANCED_FACE('',(#11881),#11887,.F.);
#11881 = FACE_BOUND('',#11882,.F.);
#11882 = EDGE_LOOP('',(#11883,#11884,#11885,#11886));
#11883 = ORIENTED_EDGE('',*,*,#11770,.F.);
#11884 = ORIENTED_EDGE('',*,*,#11840,.T.);
#11885 = ORIENTED_EDGE('',*,*,#11810,.T.);
#11886 = ORIENTED_EDGE('',*,*,#11862,.F.);
#11887 = PLANE('',#11888);
#11888 = AXIS2_PLACEMENT_3D('',#11889,#11890,#11891);
#11889 = CARTESIAN_POINT('',(-3.934E+03,-484.,3.776E+03));
#11890 = DIRECTION('',(0.,0.,1.));
#11891 = DIRECTION('',(1.,0.,0.));
#11892 = ADVANCED_FACE('',(#11893),#11899,.T.);
#11893 = FACE_BOUND('',#11894,.T.);
#11894 = EDGE_LOOP('',(#11895,#11896,#11897,#11898));
#11895 = ORIENTED_EDGE('',*,*,#11786,.F.);
#11896 = ORIENTED_EDGE('',*,*,#11847,.T.);
#11897 = ORIENTED_EDGE('',*,*,#11826,.T.);
#11898 = ORIENTED_EDGE('',*,*,#11869,.F.);
#11899 = PLANE('',#11900);
#11900 = AXIS2_PLACEMENT_3D('',#11901,#11902,#11903);
#11901 = CARTESIAN_POINT('',(-3.934E+03,-484.,3.796E+03));
#11902 = DIRECTION('',(0.,0.,1.));
#11903 = DIRECTION('',(1.,0.,0.));
#11904 = MANIFOLD_SOLID_BREP('',#11905);
#11905 = CLOSED_SHELL('',(#11906,#11946,#11986,#12008,#12030,#12042));
#11906 = ADVANCED_FACE('',(#11907),#11941,.F.);
#11907 = FACE_BOUND('',#11908,.F.);
#11908 = EDGE_LOOP('',(#11909,#11919,#11927,#11935));
#11909 = ORIENTED_EDGE('',*,*,#11910,.F.);
#11910 = EDGE_CURVE('',#11911,#11913,#11915,.T.);
#11911 = VERTEX_POINT('',#11912);
#11912 = CARTESIAN_POINT('',(-3.934E+03,-1.284E+03,3.776E+03));
#11913 = VERTEX_POINT('',#11914);
#11914 = CARTESIAN_POINT('',(-3.934E+03,-1.284E+03,3.796E+03));
#11915 = LINE('',#11916,#11917);
#11916 = CARTESIAN_POINT('',(-3.934E+03,-1.284E+03,3.776E+03));
#11917 = VECTOR('',#11918,1.);
#11918 = DIRECTION('',(0.,0.,1.));
#11919 = ORIENTED_EDGE('',*,*,#11920,.T.);
#11920 = EDGE_CURVE('',#11911,#11921,#11923,.T.);
#11921 = VERTEX_POINT('',#11922);
#11922 = CARTESIAN_POINT('',(-3.934E+03,-1.164E+03,3.776E+03));
#11923 = LINE('',#11924,#11925);
#11924 = CARTESIAN_POINT('',(-3.934E+03,-1.284E+03,3.776E+03));
#11925 = VECTOR('',#11926,1.);
#11926 = DIRECTION('',(0.,1.,0.));
#11927 = ORIENTED_EDGE('',*,*,#11928,.T.);
#11928 = EDGE_CURVE('',#11921,#11929,#11931,.T.);
#11929 = VERTEX_POINT('',#11930);
#11930 = CARTESIAN_POINT('',(-3.934E+03,-1.164E+03,3.796E+03));
#11931 = LINE('',#11932,#11933);
#11932 = CARTESIAN_POINT('',(-3.934E+03,-1.164E+03,3.776E+03));
#11933 = VECTOR('',#11934,1.);
#11934 = DIRECTION('',(0.,0.,1.));
#11935 = ORIENTED_EDGE('',*,*,#11936,.F.);
#11936 = EDGE_CURVE('',#11913,#11929,#11937,.T.);
#11937 = LINE('',#11938,#11939);
#11938 = CARTESIAN_POINT('',(-3.934E+03,-1.284E+03,3.796E+03));
#11939 = VECTOR('',#11940,1.);
#11940 = DIRECTION('',(0.,1.,0.));
#11941 = PLANE('',#11942);
#11942 = AXIS2_PLACEMENT_3D('',#11943,#11944,#11945);
#11943 = CARTESIAN_POINT('',(-3.934E+03,-1.284E+03,3.776E+03));
#11944 = DIRECTION('',(1.,0.,0.));
#11945 = DIRECTION('',(0.,0.,1.));
#11946 = ADVANCED_FACE('',(#11947),#11981,.T.);
#11947 = FACE_BOUND('',#11948,.T.);
#11948 = EDGE_LOOP('',(#11949,#11959,#11967,#11975));
#11949 = ORIENTED_EDGE('',*,*,#11950,.F.);
#11950 = EDGE_CURVE('',#11951,#11953,#11955,.T.);
#11951 = VERTEX_POINT('',#11952);
#11952 = CARTESIAN_POINT('',(-3.814E+03,-1.284E+03,3.776E+03));
#11953 = VERTEX_POINT('',#11954);
#11954 = CARTESIAN_POINT('',(-3.814E+03,-1.284E+03,3.796E+03));
#11955 = LINE('',#11956,#11957);
#11956 = CARTESIAN_POINT('',(-3.814E+03,-1.284E+03,3.776E+03));
#11957 = VECTOR('',#11958,1.);
#11958 = DIRECTION('',(0.,0.,1.));
#11959 = ORIENTED_EDGE('',*,*,#11960,.T.);
#11960 = EDGE_CURVE('',#11951,#11961,#11963,.T.);
#11961 = VERTEX_POINT('',#11962);
#11962 = CARTESIAN_POINT('',(-3.814E+03,-1.164E+03,3.776E+03));
#11963 = LINE('',#11964,#11965);
#11964 = CARTESIAN_POINT('',(-3.814E+03,-1.284E+03,3.776E+03));
#11965 = VECTOR('',#11966,1.);
#11966 = DIRECTION('',(0.,1.,0.));
#11967 = ORIENTED_EDGE('',*,*,#11968,.T.);
#11968 = EDGE_CURVE('',#11961,#11969,#11971,.T.);
#11969 = VERTEX_POINT('',#11970);
#11970 = CARTESIAN_POINT('',(-3.814E+03,-1.164E+03,3.796E+03));
#11971 = LINE('',#11972,#11973);
#11972 = CARTESIAN_POINT('',(-3.814E+03,-1.164E+03,3.776E+03));
#11973 = VECTOR('',#11974,1.);
#11974 = DIRECTION('',(0.,0.,1.));
#11975 = ORIENTED_EDGE('',*,*,#11976,.F.);
#11976 = EDGE_CURVE('',#11953,#11969,#11977,.T.);
#11977 = LINE('',#11978,#11979);
#11978 = CARTESIAN_POINT('',(-3.814E+03,-1.284E+03,3.796E+03));
#11979 = VECTOR('',#11980,1.);
#11980 = DIRECTION('',(0.,1.,0.));
#11981 = PLANE('',#11982);
#11982 = AXIS2_PLACEMENT_3D('',#11983,#11984,#11985);
#11983 = CARTESIAN_POINT('',(-3.814E+03,-1.284E+03,3.776E+03));
#11984 = DIRECTION('',(1.,0.,0.));
#11985 = DIRECTION('',(0.,0.,1.));
#11986 = ADVANCED_FACE('',(#11987),#12003,.F.);
#11987 = FACE_BOUND('',#11988,.F.);
#11988 = EDGE_LOOP('',(#11989,#11995,#11996,#12002));
#11989 = ORIENTED_EDGE('',*,*,#11990,.F.);
#11990 = EDGE_CURVE('',#11911,#11951,#11991,.T.);
#11991 = LINE('',#11992,#11993);
#11992 = CARTESIAN_POINT('',(-3.934E+03,-1.284E+03,3.776E+03));
#11993 = VECTOR('',#11994,1.);
#11994 = DIRECTION('',(1.,0.,0.));
#11995 = ORIENTED_EDGE('',*,*,#11910,.T.);
#11996 = ORIENTED_EDGE('',*,*,#11997,.T.);
#11997 = EDGE_CURVE('',#11913,#11953,#11998,.T.);
#11998 = LINE('',#11999,#12000);
#11999 = CARTESIAN_POINT('',(-3.934E+03,-1.284E+03,3.796E+03));
#12000 = VECTOR('',#12001,1.);
#12001 = DIRECTION('',(1.,0.,0.));
#12002 = ORIENTED_EDGE('',*,*,#11950,.F.);
#12003 = PLANE('',#12004);
#12004 = AXIS2_PLACEMENT_3D('',#12005,#12006,#12007);
#12005 = CARTESIAN_POINT('',(-3.934E+03,-1.284E+03,3.776E+03));
#12006 = DIRECTION('',(0.,1.,0.));
#12007 = DIRECTION('',(0.,0.,1.));
#12008 = ADVANCED_FACE('',(#12009),#12025,.T.);
#12009 = FACE_BOUND('',#12010,.T.);
#12010 = EDGE_LOOP('',(#12011,#12017,#12018,#12024));
#12011 = ORIENTED_EDGE('',*,*,#12012,.F.);
#12012 = EDGE_CURVE('',#11921,#11961,#12013,.T.);
#12013 = LINE('',#12014,#12015);
#12014 = CARTESIAN_POINT('',(-3.934E+03,-1.164E+03,3.776E+03));
#12015 = VECTOR('',#12016,1.);
#12016 = DIRECTION('',(1.,0.,0.));
#12017 = ORIENTED_EDGE('',*,*,#11928,.T.);
#12018 = ORIENTED_EDGE('',*,*,#12019,.T.);
#12019 = EDGE_CURVE('',#11929,#11969,#12020,.T.);
#12020 = LINE('',#12021,#12022);
#12021 = CARTESIAN_POINT('',(-3.934E+03,-1.164E+03,3.796E+03));
#12022 = VECTOR('',#12023,1.);
#12023 = DIRECTION('',(1.,0.,0.));
#12024 = ORIENTED_EDGE('',*,*,#11968,.F.);
#12025 = PLANE('',#12026);
#12026 = AXIS2_PLACEMENT_3D('',#12027,#12028,#12029);
#12027 = CARTESIAN_POINT('',(-3.934E+03,-1.164E+03,3.776E+03));
#12028 = DIRECTION('',(0.,1.,0.));
#12029 = DIRECTION('',(0.,0.,1.));
#12030 = ADVANCED_FACE('',(#12031),#12037,.F.);
#12031 = FACE_BOUND('',#12032,.F.);
#12032 = EDGE_LOOP('',(#12033,#12034,#12035,#12036));
#12033 = ORIENTED_EDGE('',*,*,#11920,.F.);
#12034 = ORIENTED_EDGE('',*,*,#11990,.T.);
#12035 = ORIENTED_EDGE('',*,*,#11960,.T.);
#12036 = ORIENTED_EDGE('',*,*,#12012,.F.);
#12037 = PLANE('',#12038);
#12038 = AXIS2_PLACEMENT_3D('',#12039,#12040,#12041);
#12039 = CARTESIAN_POINT('',(-3.934E+03,-1.284E+03,3.776E+03));
#12040 = DIRECTION('',(0.,0.,1.));
#12041 = DIRECTION('',(1.,0.,0.));
#12042 = ADVANCED_FACE('',(#12043),#12049,.T.);
#12043 = FACE_BOUND('',#12044,.T.);
#12044 = EDGE_LOOP('',(#12045,#12046,#12047,#12048));
#12045 = ORIENTED_EDGE('',*,*,#11936,.F.);
#12046 = ORIENTED_EDGE('',*,*,#11997,.T.);
#12047 = ORIENTED_EDGE('',*,*,#11976,.T.);
#12048 = ORIENTED_EDGE('',*,*,#12019,.F.);
#12049 = PLANE('',#12050);
#12050 = AXIS2_PLACEMENT_3D('',#12051,#12052,#12053);
#12051 = CARTESIAN_POINT('',(-3.934E+03,-1.284E+03,3.796E+03));
#12052 = DIRECTION('',(0.,0.,1.));
#12053 = DIRECTION('',(1.,0.,0.));
#12054 = MANIFOLD_SOLID_BREP('',#12055);
#12055 = CLOSED_SHELL('',(#12056,#12096,#12136,#12158,#12180,#12192));
#12056 = ADVANCED_FACE('',(#12057),#12091,.F.);
#12057 = FACE_BOUND('',#12058,.F.);
#12058 = EDGE_LOOP('',(#12059,#12069,#12077,#12085));
#12059 = ORIENTED_EDGE('',*,*,#12060,.F.);
#12060 = EDGE_CURVE('',#12061,#12063,#12065,.T.);
#12061 = VERTEX_POINT('',#12062);
#12062 = CARTESIAN_POINT('',(-3.934E+03,-2.084E+03,3.776E+03));
#12063 = VERTEX_POINT('',#12064);
#12064 = CARTESIAN_POINT('',(-3.934E+03,-2.084E+03,3.796E+03));
#12065 = LINE('',#12066,#12067);
#12066 = CARTESIAN_POINT('',(-3.934E+03,-2.084E+03,3.776E+03));
#12067 = VECTOR('',#12068,1.);
#12068 = DIRECTION('',(0.,0.,1.));
#12069 = ORIENTED_EDGE('',*,*,#12070,.T.);
#12070 = EDGE_CURVE('',#12061,#12071,#12073,.T.);
#12071 = VERTEX_POINT('',#12072);
#12072 = CARTESIAN_POINT('',(-3.934E+03,-1.964E+03,3.776E+03));
#12073 = LINE('',#12074,#12075);
#12074 = CARTESIAN_POINT('',(-3.934E+03,-2.084E+03,3.776E+03));
#12075 = VECTOR('',#12076,1.);
#12076 = DIRECTION('',(0.,1.,0.));
#12077 = ORIENTED_EDGE('',*,*,#12078,.T.);
#12078 = EDGE_CURVE('',#12071,#12079,#12081,.T.);
#12079 = VERTEX_POINT('',#12080);
#12080 = CARTESIAN_POINT('',(-3.934E+03,-1.964E+03,3.796E+03));
#12081 = LINE('',#12082,#12083);
#12082 = CARTESIAN_POINT('',(-3.934E+03,-1.964E+03,3.776E+03));
#12083 = VECTOR('',#12084,1.);
#12084 = DIRECTION('',(0.,0.,1.));
#12085 = ORIENTED_EDGE('',*,*,#12086,.F.);
#12086 = EDGE_CURVE('',#12063,#12079,#12087,.T.);
#12087 = LINE('',#12088,#12089);
#12088 = CARTESIAN_POINT('',(-3.934E+03,-2.084E+03,3.796E+03));
#12089 = VECTOR('',#12090,1.);
#12090 = DIRECTION('',(0.,1.,0.));
#12091 = PLANE('',#12092);
#12092 = AXIS2_PLACEMENT_3D('',#12093,#12094,#12095);
#12093 = CARTESIAN_POINT('',(-3.934E+03,-2.084E+03,3.776E+03));
#12094 = DIRECTION('',(1.,0.,0.));
#12095 = DIRECTION('',(0.,0.,1.));
#12096 = ADVANCED_FACE('',(#12097),#12131,.T.);
#12097 = FACE_BOUND('',#12098,.T.);
#12098 = EDGE_LOOP('',(#12099,#12109,#12117,#12125));
#12099 = ORIENTED_EDGE('',*,*,#12100,.F.);
#12100 = EDGE_CURVE('',#12101,#12103,#12105,.T.);
#12101 = VERTEX_POINT('',#12102);
#12102 = CARTESIAN_POINT('',(-3.814E+03,-2.084E+03,3.776E+03));
#12103 = VERTEX_POINT('',#12104);
#12104 = CARTESIAN_POINT('',(-3.814E+03,-2.084E+03,3.796E+03));
#12105 = LINE('',#12106,#12107);
#12106 = CARTESIAN_POINT('',(-3.814E+03,-2.084E+03,3.776E+03));
#12107 = VECTOR('',#12108,1.);
#12108 = DIRECTION('',(0.,0.,1.));
#12109 = ORIENTED_EDGE('',*,*,#12110,.T.);
#12110 = EDGE_CURVE('',#12101,#12111,#12113,.T.);
#12111 = VERTEX_POINT('',#12112);
#12112 = CARTESIAN_POINT('',(-3.814E+03,-1.964E+03,3.776E+03));
#12113 = LINE('',#12114,#12115);
#12114 = CARTESIAN_POINT('',(-3.814E+03,-2.084E+03,3.776E+03));
#12115 = VECTOR('',#12116,1.);
#12116 = DIRECTION('',(0.,1.,0.));
#12117 = ORIENTED_EDGE('',*,*,#12118,.T.);
#12118 = EDGE_CURVE('',#12111,#12119,#12121,.T.);
#12119 = VERTEX_POINT('',#12120);
#12120 = CARTESIAN_POINT('',(-3.814E+03,-1.964E+03,3.796E+03));
#12121 = LINE('',#12122,#12123);
#12122 = CARTESIAN_POINT('',(-3.814E+03,-1.964E+03,3.776E+03));
#12123 = VECTOR('',#12124,1.);
#12124 = DIRECTION('',(0.,0.,1.));
#12125 = ORIENTED_EDGE('',*,*,#12126,.F.);
#12126 = EDGE_CURVE('',#12103,#12119,#12127,.T.);
#12127 = LINE('',#12128,#12129);
#12128 = CARTESIAN_POINT('',(-3.814E+03,-2.084E+03,3.796E+03));
#12129 = VECTOR('',#12130,1.);
#12130 = DIRECTION('',(0.,1.,0.));
#12131 = PLANE('',#12132);
#12132 = AXIS2_PLACEMENT_3D('',#12133,#12134,#12135);
#12133 = CARTESIAN_POINT('',(-3.814E+03,-2.084E+03,3.776E+03));
#12134 = DIRECTION('',(1.,0.,0.));
#12135 = DIRECTION('',(0.,0.,1.));
#12136 = ADVANCED_FACE('',(#12137),#12153,.F.);
#12137 = FACE_BOUND('',#12138,.F.);
#12138 = EDGE_LOOP('',(#12139,#12145,#12146,#12152));
#12139 = ORIENTED_EDGE('',*,*,#12140,.F.);
#12140 = EDGE_CURVE('',#12061,#12101,#12141,.T.);
#12141 = LINE('',#12142,#12143);
#12142 = CARTESIAN_POINT('',(-3.934E+03,-2.084E+03,3.776E+03));
#12143 = VECTOR('',#12144,1.);
#12144 = DIRECTION('',(1.,0.,0.));
#12145 = ORIENTED_EDGE('',*,*,#12060,.T.);
#12146 = ORIENTED_EDGE('',*,*,#12147,.T.);
#12147 = EDGE_CURVE('',#12063,#12103,#12148,.T.);
#12148 = LINE('',#12149,#12150);
#12149 = CARTESIAN_POINT('',(-3.934E+03,-2.084E+03,3.796E+03));
#12150 = VECTOR('',#12151,1.);
#12151 = DIRECTION('',(1.,0.,0.));
#12152 = ORIENTED_EDGE('',*,*,#12100,.F.);
#12153 = PLANE('',#12154);
#12154 = AXIS2_PLACEMENT_3D('',#12155,#12156,#12157);
#12155 = CARTESIAN_POINT('',(-3.934E+03,-2.084E+03,3.776E+03));
#12156 = DIRECTION('',(0.,1.,0.));
#12157 = DIRECTION('',(0.,0.,1.));
#12158 = ADVANCED_FACE('',(#12159),#12175,.T.);
#12159 = FACE_BOUND('',#12160,.T.);
#12160 = EDGE_LOOP('',(#12161,#12167,#12168,#12174));
#12161 = ORIENTED_EDGE('',*,*,#12162,.F.);
#12162 = EDGE_CURVE('',#12071,#12111,#12163,.T.);
#12163 = LINE('',#12164,#12165);
#12164 = CARTESIAN_POINT('',(-3.934E+03,-1.964E+03,3.776E+03));
#12165 = VECTOR('',#12166,1.);
#12166 = DIRECTION('',(1.,0.,0.));
#12167 = ORIENTED_EDGE('',*,*,#12078,.T.);
#12168 = ORIENTED_EDGE('',*,*,#12169,.T.);
#12169 = EDGE_CURVE('',#12079,#12119,#12170,.T.);
#12170 = LINE('',#12171,#12172);
#12171 = CARTESIAN_POINT('',(-3.934E+03,-1.964E+03,3.796E+03));
#12172 = VECTOR('',#12173,1.);
#12173 = DIRECTION('',(1.,0.,0.));
#12174 = ORIENTED_EDGE('',*,*,#12118,.F.);
#12175 = PLANE('',#12176);
#12176 = AXIS2_PLACEMENT_3D('',#12177,#12178,#12179);
#12177 = CARTESIAN_POINT('',(-3.934E+03,-1.964E+03,3.776E+03));
#12178 = DIRECTION('',(0.,1.,0.));
#12179 = DIRECTION('',(0.,0.,1.));
#12180 = ADVANCED_FACE('',(#12181),#12187,.F.);
#12181 = FACE_BOUND('',#12182,.F.);
#12182 = EDGE_LOOP('',(#12183,#12184,#12185,#12186));
#12183 = ORIENTED_EDGE('',*,*,#12070,.F.);
#12184 = ORIENTED_EDGE('',*,*,#12140,.T.);
#12185 = ORIENTED_EDGE('',*,*,#12110,.T.);
#12186 = ORIENTED_EDGE('',*,*,#12162,.F.);
#12187 = PLANE('',#12188);
#12188 = AXIS2_PLACEMENT_3D('',#12189,#12190,#12191);
#12189 = CARTESIAN_POINT('',(-3.934E+03,-2.084E+03,3.776E+03));
#12190 = DIRECTION('',(0.,0.,1.));
#12191 = DIRECTION('',(1.,0.,0.));
#12192 = ADVANCED_FACE('',(#12193),#12199,.T.);
#12193 = FACE_BOUND('',#12194,.T.);
#12194 = EDGE_LOOP('',(#12195,#12196,#12197,#12198));
#12195 = ORIENTED_EDGE('',*,*,#12086,.F.);
#12196 = ORIENTED_EDGE('',*,*,#12147,.T.);
#12197 = ORIENTED_EDGE('',*,*,#12126,.T.);
#12198 = ORIENTED_EDGE('',*,*,#12169,.F.);
#12199 = PLANE('',#12200);
#12200 = AXIS2_PLACEMENT_3D('',#12201,#12202,#12203);
#12201 = CARTESIAN_POINT('',(-3.934E+03,-2.084E+03,3.796E+03));
#12202 = DIRECTION('',(0.,0.,1.));
#12203 = DIRECTION('',(1.,0.,0.));
#12204 = MANIFOLD_SOLID_BREP('',#12205);
#12205 = CLOSED_SHELL('',(#12206,#12239,#12248));
#12206 = ADVANCED_FACE('',(#12207),#12234,.T.);
#12207 = FACE_BOUND('',#12208,.T.);
#12208 = EDGE_LOOP('',(#12209,#12218,#12226,#12233));
#12209 = ORIENTED_EDGE('',*,*,#12210,.F.);
#12210 = EDGE_CURVE('',#12211,#12211,#12213,.T.);
#12211 = VERTEX_POINT('',#12212);
#12212 = CARTESIAN_POINT('',(-7.165E+03,-824.,3.796E+03));
#12213 = CIRCLE('',#12214,60.);
#12214 = AXIS2_PLACEMENT_3D('',#12215,#12216,#12217);
#12215 = CARTESIAN_POINT('',(-7.225E+03,-824.,3.796E+03));
#12216 = DIRECTION('',(0.,0.,1.));
#12217 = DIRECTION('',(1.,0.,0.));
#12218 = ORIENTED_EDGE('',*,*,#12219,.F.);
#12219 = EDGE_CURVE('',#12220,#12211,#12222,.T.);
#12220 = VERTEX_POINT('',#12221);
#12221 = CARTESIAN_POINT('',(-7.165E+03,-824.,3.776E+03));
#12222 = LINE('',#12223,#12224);
#12223 = CARTESIAN_POINT('',(-7.165E+03,-824.,3.776E+03));
#12224 = VECTOR('',#12225,1.);
#12225 = DIRECTION('',(0.,0.,1.));
#12226 = ORIENTED_EDGE('',*,*,#12227,.T.);
#12227 = EDGE_CURVE('',#12220,#12220,#12228,.T.);
#12228 = CIRCLE('',#12229,60.);
#12229 = AXIS2_PLACEMENT_3D('',#12230,#12231,#12232);
#12230 = CARTESIAN_POINT('',(-7.225E+03,-824.,3.776E+03));
#12231 = DIRECTION('',(0.,0.,1.));
#12232 = DIRECTION('',(1.,0.,0.));
#12233 = ORIENTED_EDGE('',*,*,#12219,.T.);
#12234 = CYLINDRICAL_SURFACE('',#12235,60.);
#12235 = AXIS2_PLACEMENT_3D('',#12236,#12237,#12238);
#12236 = CARTESIAN_POINT('',(-7.225E+03,-824.,3.776E+03));
#12237 = DIRECTION('',(0.,0.,1.));
#12238 = DIRECTION('',(1.,0.,0.));
#12239 = ADVANCED_FACE('',(#12240),#12243,.T.);
#12240 = FACE_BOUND('',#12241,.T.);
#12241 = EDGE_LOOP('',(#12242));
#12242 = ORIENTED_EDGE('',*,*,#12210,.T.);
#12243 = PLANE('',#12244);
#12244 = AXIS2_PLACEMENT_3D('',#12245,#12246,#12247);
#12245 = CARTESIAN_POINT('',(-7.225E+03,-824.,3.796E+03));
#12246 = DIRECTION('',(0.,0.,1.));
#12247 = DIRECTION('',(1.,0.,0.));
#12248 = ADVANCED_FACE('',(#12249),#12252,.F.);
#12249 = FACE_BOUND('',#12250,.T.);
#12250 = EDGE_LOOP('',(#12251));
#12251 = ORIENTED_EDGE('',*,*,#12227,.F.);
#12252 = PLANE('',#12253);
#12253 = AXIS2_PLACEMENT_3D('',#12254,#12255,#12256);
#12254 = CARTESIAN_POINT('',(-7.225E+03,-824.,3.776E+03));
#12255 = DIRECTION('',(0.,0.,1.));
#12256 = DIRECTION('',(1.,0.,0.));
#12257 = MANIFOLD_SOLID_BREP('',#12258);
#12258 = CLOSED_SHELL('',(#12259,#12292,#12301));
#12259 = ADVANCED_FACE('',(#12260),#12287,.T.);
#12260 = FACE_BOUND('',#12261,.T.);
#12261 = EDGE_LOOP('',(#12262,#12271,#12279,#12286));
#12262 = ORIENTED_EDGE('',*,*,#12263,.F.);
#12263 = EDGE_CURVE('',#12264,#12264,#12266,.T.);
#12264 = VERTEX_POINT('',#12265);
#12265 = CARTESIAN_POINT('',(-6.765E+03,-824.,3.796E+03));
#12266 = CIRCLE('',#12267,60.);
#12267 = AXIS2_PLACEMENT_3D('',#12268,#12269,#12270);
#12268 = CARTESIAN_POINT('',(-6.825E+03,-824.,3.796E+03));
#12269 = DIRECTION('',(0.,0.,1.));
#12270 = DIRECTION('',(1.,0.,0.));
#12271 = ORIENTED_EDGE('',*,*,#12272,.F.);
#12272 = EDGE_CURVE('',#12273,#12264,#12275,.T.);
#12273 = VERTEX_POINT('',#12274);
#12274 = CARTESIAN_POINT('',(-6.765E+03,-824.,3.776E+03));
#12275 = LINE('',#12276,#12277);
#12276 = CARTESIAN_POINT('',(-6.765E+03,-824.,3.776E+03));
#12277 = VECTOR('',#12278,1.);
#12278 = DIRECTION('',(0.,0.,1.));
#12279 = ORIENTED_EDGE('',*,*,#12280,.T.);
#12280 = EDGE_CURVE('',#12273,#12273,#12281,.T.);
#12281 = CIRCLE('',#12282,60.);
#12282 = AXIS2_PLACEMENT_3D('',#12283,#12284,#12285);
#12283 = CARTESIAN_POINT('',(-6.825E+03,-824.,3.776E+03));
#12284 = DIRECTION('',(0.,0.,1.));
#12285 = DIRECTION('',(1.,0.,0.));
#12286 = ORIENTED_EDGE('',*,*,#12272,.T.);
#12287 = CYLINDRICAL_SURFACE('',#12288,60.);
#12288 = AXIS2_PLACEMENT_3D('',#12289,#12290,#12291);
#12289 = CARTESIAN_POINT('',(-6.825E+03,-824.,3.776E+03));
#12290 = DIRECTION('',(0.,0.,1.));
#12291 = DIRECTION('',(1.,0.,0.));
#12292 = ADVANCED_FACE('',(#12293),#12296,.T.);
#12293 = FACE_BOUND('',#12294,.T.);
#12294 = EDGE_LOOP('',(#12295));
#12295 = ORIENTED_EDGE('',*,*,#12263,.T.);
#12296 = PLANE('',#12297);
#12297 = AXIS2_PLACEMENT_3D('',#12298,#12299,#12300);
#12298 = CARTESIAN_POINT('',(-6.825E+03,-824.,3.796E+03));
#12299 = DIRECTION('',(0.,0.,1.));
#12300 = DIRECTION('',(1.,0.,0.));
#12301 = ADVANCED_FACE('',(#12302),#12305,.F.);
#12302 = FACE_BOUND('',#12303,.T.);
#12303 = EDGE_LOOP('',(#12304));
#12304 = ORIENTED_EDGE('',*,*,#12280,.F.);
#12305 = PLANE('',#12306);
#12306 = AXIS2_PLACEMENT_3D('',#12307,#12308,#12309);
#12307 = CARTESIAN_POINT('',(-6.825E+03,-824.,3.776E+03));
#12308 = DIRECTION('',(0.,0.,1.));
#12309 = DIRECTION('',(1.,0.,0.));
#12310 = MANIFOLD_SOLID_BREP('',#12311);
#12311 = CLOSED_SHELL('',(#12312,#12345,#12354));
#12312 = ADVANCED_FACE('',(#12313),#12340,.T.);
#12313 = FACE_BOUND('',#12314,.T.);
#12314 = EDGE_LOOP('',(#12315,#12324,#12332,#12339));
#12315 = ORIENTED_EDGE('',*,*,#12316,.F.);
#12316 = EDGE_CURVE('',#12317,#12317,#12319,.T.);
#12317 = VERTEX_POINT('',#12318);
#12318 = CARTESIAN_POINT('',(-8.399E+03,-3.239E+03,3.796E+03));
#12319 = CIRCLE('',#12320,60.);
#12320 = AXIS2_PLACEMENT_3D('',#12321,#12322,#12323);
#12321 = CARTESIAN_POINT('',(-8.459E+03,-3.239E+03,3.796E+03));
#12322 = DIRECTION('',(0.,0.,1.));
#12323 = DIRECTION('',(1.,0.,0.));
#12324 = ORIENTED_EDGE('',*,*,#12325,.F.);
#12325 = EDGE_CURVE('',#12326,#12317,#12328,.T.);
#12326 = VERTEX_POINT('',#12327);
#12327 = CARTESIAN_POINT('',(-8.399E+03,-3.239E+03,3.776E+03));
#12328 = LINE('',#12329,#12330);
#12329 = CARTESIAN_POINT('',(-8.399E+03,-3.239E+03,3.776E+03));
#12330 = VECTOR('',#12331,1.);
#12331 = DIRECTION('',(0.,0.,1.));
#12332 = ORIENTED_EDGE('',*,*,#12333,.T.);
#12333 = EDGE_CURVE('',#12326,#12326,#12334,.T.);
#12334 = CIRCLE('',#12335,60.);
#12335 = AXIS2_PLACEMENT_3D('',#12336,#12337,#12338);
#12336 = CARTESIAN_POINT('',(-8.459E+03,-3.239E+03,3.776E+03));
#12337 = DIRECTION('',(0.,0.,1.));
#12338 = DIRECTION('',(1.,0.,0.));
#12339 = ORIENTED_EDGE('',*,*,#12325,.T.);
#12340 = CYLINDRICAL_SURFACE('',#12341,60.);
#12341 = AXIS2_PLACEMENT_3D('',#12342,#12343,#12344);
#12342 = CARTESIAN_POINT('',(-8.459E+03,-3.239E+03,3.776E+03));
#12343 = DIRECTION('',(0.,0.,1.));
#12344 = DIRECTION('',(1.,0.,0.));
#12345 = ADVANCED_FACE('',(#12346),#12349,.T.);
#12346 = FACE_BOUND('',#12347,.T.);
#12347 = EDGE_LOOP('',(#12348));
#12348 = ORIENTED_EDGE('',*,*,#12316,.T.);
#12349 = PLANE('',#12350);
#12350 = AXIS2_PLACEMENT_3D('',#12351,#12352,#12353);
#12351 = CARTESIAN_POINT('',(-8.459E+03,-3.239E+03,3.796E+03));
#12352 = DIRECTION('',(0.,0.,1.));
#12353 = DIRECTION('',(1.,0.,0.));
#12354 = ADVANCED_FACE('',(#12355),#12358,.F.);
#12355 = FACE_BOUND('',#12356,.T.);
#12356 = EDGE_LOOP('',(#12357));
#12357 = ORIENTED_EDGE('',*,*,#12333,.F.);
#12358 = PLANE('',#12359);
#12359 = AXIS2_PLACEMENT_3D('',#12360,#12361,#12362);
#12360 = CARTESIAN_POINT('',(-8.459E+03,-3.239E+03,3.776E+03));
#12361 = DIRECTION('',(0.,0.,1.));
#12362 = DIRECTION('',(1.,0.,0.));
#12363 = MANIFOLD_SOLID_BREP('',#12364);
#12364 = CLOSED_SHELL('',(#12365,#12398,#12407));
#12365 = ADVANCED_FACE('',(#12366),#12393,.T.);
#12366 = FACE_BOUND('',#12367,.T.);
#12367 = EDGE_LOOP('',(#12368,#12377,#12385,#12392));
#12368 = ORIENTED_EDGE('',*,*,#12369,.F.);
#12369 = EDGE_CURVE('',#12370,#12370,#12372,.T.);
#12370 = VERTEX_POINT('',#12371);
#12371 = CARTESIAN_POINT('',(-8.393E+03,-3.239E+03,3.796E+03));
#12372 = CIRCLE('',#12373,60.);
#12373 = AXIS2_PLACEMENT_3D('',#12374,#12375,#12376);
#12374 = CARTESIAN_POINT('',(-8.453E+03,-3.239E+03,3.796E+03));
#12375 = DIRECTION('',(0.,0.,1.));
#12376 = DIRECTION('',(1.,0.,0.));
#12377 = ORIENTED_EDGE('',*,*,#12378,.F.);
#12378 = EDGE_CURVE('',#12379,#12370,#12381,.T.);
#12379 = VERTEX_POINT('',#12380);
#12380 = CARTESIAN_POINT('',(-8.393E+03,-3.239E+03,3.776E+03));
#12381 = LINE('',#12382,#12383);
#12382 = CARTESIAN_POINT('',(-8.393E+03,-3.239E+03,3.776E+03));
#12383 = VECTOR('',#12384,1.);
#12384 = DIRECTION('',(0.,0.,1.));
#12385 = ORIENTED_EDGE('',*,*,#12386,.T.);
#12386 = EDGE_CURVE('',#12379,#12379,#12387,.T.);
#12387 = CIRCLE('',#12388,60.);
#12388 = AXIS2_PLACEMENT_3D('',#12389,#12390,#12391);
#12389 = CARTESIAN_POINT('',(-8.453E+03,-3.239E+03,3.776E+03));
#12390 = DIRECTION('',(0.,0.,1.));
#12391 = DIRECTION('',(1.,0.,0.));
#12392 = ORIENTED_EDGE('',*,*,#12378,.T.);
#12393 = CYLINDRICAL_SURFACE('',#12394,60.);
#12394 = AXIS2_PLACEMENT_3D('',#12395,#12396,#12397);
#12395 = CARTESIAN_POINT('',(-8.453E+03,-3.239E+03,3.776E+03));
#12396 = DIRECTION('',(0.,0.,1.));
#12397 = DIRECTION('',(1.,0.,0.));
#12398 = ADVANCED_FACE('',(#12399),#12402,.T.);
#12399 = FACE_BOUND('',#12400,.T.);
#12400 = EDGE_LOOP('',(#12401));
#12401 = ORIENTED_EDGE('',*,*,#12369,.T.);
#12402 = PLANE('',#12403);
#12403 = AXIS2_PLACEMENT_3D('',#12404,#12405,#12406);
#12404 = CARTESIAN_POINT('',(-8.453E+03,-3.239E+03,3.796E+03));
#12405 = DIRECTION('',(0.,0.,1.));
#12406 = DIRECTION('',(1.,0.,0.));
#12407 = ADVANCED_FACE('',(#12408),#12411,.F.);
#12408 = FACE_BOUND('',#12409,.T.);
#12409 = EDGE_LOOP('',(#12410));
#12410 = ORIENTED_EDGE('',*,*,#12386,.F.);
#12411 = PLANE('',#12412);
#12412 = AXIS2_PLACEMENT_3D('',#12413,#12414,#12415);
#12413 = CARTESIAN_POINT('',(-8.453E+03,-3.239E+03,3.776E+03));
#12414 = DIRECTION('',(0.,0.,1.));
#12415 = DIRECTION('',(1.,0.,0.));
#12416 = MANIFOLD_SOLID_BREP('',#12417);
#12417 = CLOSED_SHELL('',(#12418,#12451,#12460));
#12418 = ADVANCED_FACE('',(#12419),#12446,.T.);
#12419 = FACE_BOUND('',#12420,.T.);
#12420 = EDGE_LOOP('',(#12421,#12430,#12438,#12445));
#12421 = ORIENTED_EDGE('',*,*,#12422,.F.);
#12422 = EDGE_CURVE('',#12423,#12423,#12425,.T.);
#12423 = VERTEX_POINT('',#12424);
#12424 = CARTESIAN_POINT('',(-8.387E+03,-3.239E+03,3.796E+03));
#12425 = CIRCLE('',#12426,60.);
#12426 = AXIS2_PLACEMENT_3D('',#12427,#12428,#12429);
#12427 = CARTESIAN_POINT('',(-8.447E+03,-3.239E+03,3.796E+03));
#12428 = DIRECTION('',(0.,0.,1.));
#12429 = DIRECTION('',(1.,0.,0.));
#12430 = ORIENTED_EDGE('',*,*,#12431,.F.);
#12431 = EDGE_CURVE('',#12432,#12423,#12434,.T.);
#12432 = VERTEX_POINT('',#12433);
#12433 = CARTESIAN_POINT('',(-8.387E+03,-3.239E+03,3.776E+03));
#12434 = LINE('',#12435,#12436);
#12435 = CARTESIAN_POINT('',(-8.387E+03,-3.239E+03,3.776E+03));
#12436 = VECTOR('',#12437,1.);
#12437 = DIRECTION('',(0.,0.,1.));
#12438 = ORIENTED_EDGE('',*,*,#12439,.T.);
#12439 = EDGE_CURVE('',#12432,#12432,#12440,.T.);
#12440 = CIRCLE('',#12441,60.);
#12441 = AXIS2_PLACEMENT_3D('',#12442,#12443,#12444);
#12442 = CARTESIAN_POINT('',(-8.447E+03,-3.239E+03,3.776E+03));
#12443 = DIRECTION('',(0.,0.,1.));
#12444 = DIRECTION('',(1.,0.,0.));
#12445 = ORIENTED_EDGE('',*,*,#12431,.T.);
#12446 = CYLINDRICAL_SURFACE('',#12447,60.);
#12447 = AXIS2_PLACEMENT_3D('',#12448,#12449,#12450);
#12448 = CARTESIAN_POINT('',(-8.447E+03,-3.239E+03,3.776E+03));
#12449 = DIRECTION('',(0.,0.,1.));
#12450 = DIRECTION('',(1.,0.,0.));
#12451 = ADVANCED_FACE('',(#12452),#12455,.T.);
#12452 = FACE_BOUND('',#12453,.T.);
#12453 = EDGE_LOOP('',(#12454));
#12454 = ORIENTED_EDGE('',*,*,#12422,.T.);
#12455 = PLANE('',#12456);
#12456 = AXIS2_PLACEMENT_3D('',#12457,#12458,#12459);
#12457 = CARTESIAN_POINT('',(-8.447E+03,-3.239E+03,3.796E+03));
#12458 = DIRECTION('',(0.,0.,1.));
#12459 = DIRECTION('',(1.,0.,0.));
#12460 = ADVANCED_FACE('',(#12461),#12464,.F.);
#12461 = FACE_BOUND('',#12462,.T.);
#12462 = EDGE_LOOP('',(#12463));
#12463 = ORIENTED_EDGE('',*,*,#12439,.F.);
#12464 = PLANE('',#12465);
#12465 = AXIS2_PLACEMENT_3D('',#12466,#12467,#12468);
#12466 = CARTESIAN_POINT('',(-8.447E+03,-3.239E+03,3.776E+03));
#12467 = DIRECTION('',(0.,0.,1.));
#12468 = DIRECTION('',(1.,0.,0.));
#12469 = MANIFOLD_SOLID_BREP('',#12470);
#12470 = CLOSED_SHELL('',(#12471,#12504,#12513));
#12471 = ADVANCED_FACE('',(#12472),#12499,.T.);
#12472 = FACE_BOUND('',#12473,.T.);
#12473 = EDGE_LOOP('',(#12474,#12483,#12491,#12498));
#12474 = ORIENTED_EDGE('',*,*,#12475,.F.);
#12475 = EDGE_CURVE('',#12476,#12476,#12478,.T.);
#12476 = VERTEX_POINT('',#12477);
#12477 = CARTESIAN_POINT('',(-8.382E+03,-3.239E+03,3.796E+03));
#12478 = CIRCLE('',#12479,60.);
#12479 = AXIS2_PLACEMENT_3D('',#12480,#12481,#12482);
#12480 = CARTESIAN_POINT('',(-8.442E+03,-3.239E+03,3.796E+03));
#12481 = DIRECTION('',(0.,0.,1.));
#12482 = DIRECTION('',(1.,0.,0.));
#12483 = ORIENTED_EDGE('',*,*,#12484,.F.);
#12484 = EDGE_CURVE('',#12485,#12476,#12487,.T.);
#12485 = VERTEX_POINT('',#12486);
#12486 = CARTESIAN_POINT('',(-8.382E+03,-3.239E+03,3.776E+03));
#12487 = LINE('',#12488,#12489);
#12488 = CARTESIAN_POINT('',(-8.382E+03,-3.239E+03,3.776E+03));
#12489 = VECTOR('',#12490,1.);
#12490 = DIRECTION('',(0.,0.,1.));
#12491 = ORIENTED_EDGE('',*,*,#12492,.T.);
#12492 = EDGE_CURVE('',#12485,#12485,#12493,.T.);
#12493 = CIRCLE('',#12494,60.);
#12494 = AXIS2_PLACEMENT_3D('',#12495,#12496,#12497);
#12495 = CARTESIAN_POINT('',(-8.442E+03,-3.239E+03,3.776E+03));
#12496 = DIRECTION('',(0.,0.,1.));
#12497 = DIRECTION('',(1.,0.,0.));
#12498 = ORIENTED_EDGE('',*,*,#12484,.T.);
#12499 = CYLINDRICAL_SURFACE('',#12500,60.);
#12500 = AXIS2_PLACEMENT_3D('',#12501,#12502,#12503);
#12501 = CARTESIAN_POINT('',(-8.442E+03,-3.239E+03,3.776E+03));
#12502 = DIRECTION('',(0.,0.,1.));
#12503 = DIRECTION('',(1.,0.,0.));
#12504 = ADVANCED_FACE('',(#12505),#12508,.T.);
#12505 = FACE_BOUND('',#12506,.T.);
#12506 = EDGE_LOOP('',(#12507));
#12507 = ORIENTED_EDGE('',*,*,#12475,.T.);
#12508 = PLANE('',#12509);
#12509 = AXIS2_PLACEMENT_3D('',#12510,#12511,#12512);
#12510 = CARTESIAN_POINT('',(-8.442E+03,-3.239E+03,3.796E+03));
#12511 = DIRECTION('',(0.,0.,1.));
#12512 = DIRECTION('',(1.,0.,0.));
#12513 = ADVANCED_FACE('',(#12514),#12517,.F.);
#12514 = FACE_BOUND('',#12515,.T.);
#12515 = EDGE_LOOP('',(#12516));
#12516 = ORIENTED_EDGE('',*,*,#12492,.F.);
#12517 = PLANE('',#12518);
#12518 = AXIS2_PLACEMENT_3D('',#12519,#12520,#12521);
#12519 = CARTESIAN_POINT('',(-8.442E+03,-3.239E+03,3.776E+03));
#12520 = DIRECTION('',(0.,0.,1.));
#12521 = DIRECTION('',(1.,0.,0.));
#12522 = MANIFOLD_SOLID_BREP('',#12523);
#12523 = CLOSED_SHELL('',(#12524,#12557,#12566));
#12524 = ADVANCED_FACE('',(#12525),#12552,.T.);
#12525 = FACE_BOUND('',#12526,.T.);
#12526 = EDGE_LOOP('',(#12527,#12536,#12544,#12551));
#12527 = ORIENTED_EDGE('',*,*,#12528,.F.);
#12528 = EDGE_CURVE('',#12529,#12529,#12531,.T.);
#12529 = VERTEX_POINT('',#12530);
#12530 = CARTESIAN_POINT('',(-8.376E+03,-3.239E+03,3.796E+03));
#12531 = CIRCLE('',#12532,60.);
#12532 = AXIS2_PLACEMENT_3D('',#12533,#12534,#12535);
#12533 = CARTESIAN_POINT('',(-8.436E+03,-3.239E+03,3.796E+03));
#12534 = DIRECTION('',(0.,0.,1.));
#12535 = DIRECTION('',(1.,0.,0.));
#12536 = ORIENTED_EDGE('',*,*,#12537,.F.);
#12537 = EDGE_CURVE('',#12538,#12529,#12540,.T.);
#12538 = VERTEX_POINT('',#12539);
#12539 = CARTESIAN_POINT('',(-8.376E+03,-3.239E+03,3.776E+03));
#12540 = LINE('',#12541,#12542);
#12541 = CARTESIAN_POINT('',(-8.376E+03,-3.239E+03,3.776E+03));
#12542 = VECTOR('',#12543,1.);
#12543 = DIRECTION('',(0.,0.,1.));
#12544 = ORIENTED_EDGE('',*,*,#12545,.T.);
#12545 = EDGE_CURVE('',#12538,#12538,#12546,.T.);
#12546 = CIRCLE('',#12547,60.);
#12547 = AXIS2_PLACEMENT_3D('',#12548,#12549,#12550);
#12548 = CARTESIAN_POINT('',(-8.436E+03,-3.239E+03,3.776E+03));
#12549 = DIRECTION('',(0.,0.,1.));
#12550 = DIRECTION('',(1.,0.,0.));
#12551 = ORIENTED_EDGE('',*,*,#12537,.T.);
#12552 = CYLINDRICAL_SURFACE('',#12553,60.);
#12553 = AXIS2_PLACEMENT_3D('',#12554,#12555,#12556);
#12554 = CARTESIAN_POINT('',(-8.436E+03,-3.239E+03,3.776E+03));
#12555 = DIRECTION('',(0.,0.,1.));
#12556 = DIRECTION('',(1.,0.,0.));
#12557 = ADVANCED_FACE('',(#12558),#12561,.T.);
#12558 = FACE_BOUND('',#12559,.T.);
#12559 = EDGE_LOOP('',(#12560));
#12560 = ORIENTED_EDGE('',*,*,#12528,.T.);
#12561 = PLANE('',#12562);
#12562 = AXIS2_PLACEMENT_3D('',#12563,#12564,#12565);
#12563 = CARTESIAN_POINT('',(-8.436E+03,-3.239E+03,3.796E+03));
#12564 = DIRECTION('',(0.,0.,1.));
#12565 = DIRECTION('',(1.,0.,0.));
#12566 = ADVANCED_FACE('',(#12567),#12570,.F.);
#12567 = FACE_BOUND('',#12568,.T.);
#12568 = EDGE_LOOP('',(#12569));
#12569 = ORIENTED_EDGE('',*,*,#12545,.F.);
#12570 = PLANE('',#12571);
#12571 = AXIS2_PLACEMENT_3D('',#12572,#12573,#12574);
#12572 = CARTESIAN_POINT('',(-8.436E+03,-3.239E+03,3.776E+03));
#12573 = DIRECTION('',(0.,0.,1.));
#12574 = DIRECTION('',(1.,0.,0.));
#12575 = MANIFOLD_SOLID_BREP('',#12576);
#12576 = CLOSED_SHELL('',(#12577,#12610,#12619));
#12577 = ADVANCED_FACE('',(#12578),#12605,.T.);
#12578 = FACE_BOUND('',#12579,.T.);
#12579 = EDGE_LOOP('',(#12580,#12589,#12597,#12604));
#12580 = ORIENTED_EDGE('',*,*,#12581,.F.);
#12581 = EDGE_CURVE('',#12582,#12582,#12584,.T.);
#12582 = VERTEX_POINT('',#12583);
#12583 = CARTESIAN_POINT('',(-8.37E+03,-3.239E+03,3.796E+03));
#12584 = CIRCLE('',#12585,60.);
#12585 = AXIS2_PLACEMENT_3D('',#12586,#12587,#12588);
#12586 = CARTESIAN_POINT('',(-8.43E+03,-3.239E+03,3.796E+03));
#12587 = DIRECTION('',(0.,0.,1.));
#12588 = DIRECTION('',(1.,0.,0.));
#12589 = ORIENTED_EDGE('',*,*,#12590,.F.);
#12590 = EDGE_CURVE('',#12591,#12582,#12593,.T.);
#12591 = VERTEX_POINT('',#12592);
#12592 = CARTESIAN_POINT('',(-8.37E+03,-3.239E+03,3.776E+03));
#12593 = LINE('',#12594,#12595);
#12594 = CARTESIAN_POINT('',(-8.37E+03,-3.239E+03,3.776E+03));
#12595 = VECTOR('',#12596,1.);
#12596 = DIRECTION('',(0.,0.,1.));
#12597 = ORIENTED_EDGE('',*,*,#12598,.T.);
#12598 = EDGE_CURVE('',#12591,#12591,#12599,.T.);
#12599 = CIRCLE('',#12600,60.);
#12600 = AXIS2_PLACEMENT_3D('',#12601,#12602,#12603);
#12601 = CARTESIAN_POINT('',(-8.43E+03,-3.239E+03,3.776E+03));
#12602 = DIRECTION('',(0.,0.,1.));
#12603 = DIRECTION('',(1.,0.,0.));
#12604 = ORIENTED_EDGE('',*,*,#12590,.T.);
#12605 = CYLINDRICAL_SURFACE('',#12606,60.);
#12606 = AXIS2_PLACEMENT_3D('',#12607,#12608,#12609);
#12607 = CARTESIAN_POINT('',(-8.43E+03,-3.239E+03,3.776E+03));
#12608 = DIRECTION('',(0.,0.,1.));
#12609 = DIRECTION('',(1.,0.,0.));
#12610 = ADVANCED_FACE('',(#12611),#12614,.T.);
#12611 = FACE_BOUND('',#12612,.T.);
#12612 = EDGE_LOOP('',(#12613));
#12613 = ORIENTED_EDGE('',*,*,#12581,.T.);
#12614 = PLANE('',#12615);
#12615 = AXIS2_PLACEMENT_3D('',#12616,#12617,#12618);
#12616 = CARTESIAN_POINT('',(-8.43E+03,-3.239E+03,3.796E+03));
#12617 = DIRECTION('',(0.,0.,1.));
#12618 = DIRECTION('',(1.,0.,0.));
#12619 = ADVANCED_FACE('',(#12620),#12623,.F.);
#12620 = FACE_BOUND('',#12621,.T.);
#12621 = EDGE_LOOP('',(#12622));
#12622 = ORIENTED_EDGE('',*,*,#12598,.F.);
#12623 = PLANE('',#12624);
#12624 = AXIS2_PLACEMENT_3D('',#12625,#12626,#12627);
#12625 = CARTESIAN_POINT('',(-8.43E+03,-3.239E+03,3.776E+03));
#12626 = DIRECTION('',(0.,0.,1.));
#12627 = DIRECTION('',(1.,0.,0.));
#12628 = MANIFOLD_SOLID_BREP('',#12629);
#12629 = CLOSED_SHELL('',(#12630,#12670,#12710,#12732,#12754,#12766));
#12630 = ADVANCED_FACE('',(#12631),#12665,.F.);
#12631 = FACE_BOUND('',#12632,.F.);
#12632 = EDGE_LOOP('',(#12633,#12643,#12651,#12659));
#12633 = ORIENTED_EDGE('',*,*,#12634,.F.);
#12634 = EDGE_CURVE('',#12635,#12637,#12639,.T.);
#12635 = VERTEX_POINT('',#12636);
#12636 = CARTESIAN_POINT('',(-8.722E+03,-3.299E+03,3.776E+03));
#12637 = VERTEX_POINT('',#12638);
#12638 = CARTESIAN_POINT('',(-8.722E+03,-3.299E+03,3.796E+03));
#12639 = LINE('',#12640,#12641);
#12640 = CARTESIAN_POINT('',(-8.722E+03,-3.299E+03,3.776E+03));
#12641 = VECTOR('',#12642,1.);
#12642 = DIRECTION('',(0.,0.,1.));
#12643 = ORIENTED_EDGE('',*,*,#12644,.T.);
#12644 = EDGE_CURVE('',#12635,#12645,#12647,.T.);
#12645 = VERTEX_POINT('',#12646);
#12646 = CARTESIAN_POINT('',(-8.722E+03,-3.179E+03,3.776E+03));
#12647 = LINE('',#12648,#12649);
#12648 = CARTESIAN_POINT('',(-8.722E+03,-3.299E+03,3.776E+03));
#12649 = VECTOR('',#12650,1.);
#12650 = DIRECTION('',(0.,1.,0.));
#12651 = ORIENTED_EDGE('',*,*,#12652,.T.);
#12652 = EDGE_CURVE('',#12645,#12653,#12655,.T.);
#12653 = VERTEX_POINT('',#12654);
#12654 = CARTESIAN_POINT('',(-8.722E+03,-3.179E+03,3.796E+03));
#12655 = LINE('',#12656,#12657);
#12656 = CARTESIAN_POINT('',(-8.722E+03,-3.179E+03,3.776E+03));
#12657 = VECTOR('',#12658,1.);
#12658 = DIRECTION('',(0.,0.,1.));
#12659 = ORIENTED_EDGE('',*,*,#12660,.F.);
#12660 = EDGE_CURVE('',#12637,#12653,#12661,.T.);
#12661 = LINE('',#12662,#12663);
#12662 = CARTESIAN_POINT('',(-8.722E+03,-3.299E+03,3.796E+03));
#12663 = VECTOR('',#12664,1.);
#12664 = DIRECTION('',(0.,1.,0.));
#12665 = PLANE('',#12666);
#12666 = AXIS2_PLACEMENT_3D('',#12667,#12668,#12669);
#12667 = CARTESIAN_POINT('',(-8.722E+03,-3.299E+03,3.776E+03));
#12668 = DIRECTION('',(1.,0.,0.));
#12669 = DIRECTION('',(0.,0.,1.));
#12670 = ADVANCED_FACE('',(#12671),#12705,.T.);
#12671 = FACE_BOUND('',#12672,.T.);
#12672 = EDGE_LOOP('',(#12673,#12683,#12691,#12699));
#12673 = ORIENTED_EDGE('',*,*,#12674,.F.);
#12674 = EDGE_CURVE('',#12675,#12677,#12679,.T.);
#12675 = VERTEX_POINT('',#12676);
#12676 = CARTESIAN_POINT('',(-8.602E+03,-3.299E+03,3.776E+03));
#12677 = VERTEX_POINT('',#12678);
#12678 = CARTESIAN_POINT('',(-8.602E+03,-3.299E+03,3.796E+03));
#12679 = LINE('',#12680,#12681);
#12680 = CARTESIAN_POINT('',(-8.602E+03,-3.299E+03,3.776E+03));
#12681 = VECTOR('',#12682,1.);
#12682 = DIRECTION('',(0.,0.,1.));
#12683 = ORIENTED_EDGE('',*,*,#12684,.T.);
#12684 = EDGE_CURVE('',#12675,#12685,#12687,.T.);
#12685 = VERTEX_POINT('',#12686);
#12686 = CARTESIAN_POINT('',(-8.602E+03,-3.179E+03,3.776E+03));
#12687 = LINE('',#12688,#12689);
#12688 = CARTESIAN_POINT('',(-8.602E+03,-3.299E+03,3.776E+03));
#12689 = VECTOR('',#12690,1.);
#12690 = DIRECTION('',(0.,1.,0.));
#12691 = ORIENTED_EDGE('',*,*,#12692,.T.);
#12692 = EDGE_CURVE('',#12685,#12693,#12695,.T.);
#12693 = VERTEX_POINT('',#12694);
#12694 = CARTESIAN_POINT('',(-8.602E+03,-3.179E+03,3.796E+03));
#12695 = LINE('',#12696,#12697);
#12696 = CARTESIAN_POINT('',(-8.602E+03,-3.179E+03,3.776E+03));
#12697 = VECTOR('',#12698,1.);
#12698 = DIRECTION('',(0.,0.,1.));
#12699 = ORIENTED_EDGE('',*,*,#12700,.F.);
#12700 = EDGE_CURVE('',#12677,#12693,#12701,.T.);
#12701 = LINE('',#12702,#12703);
#12702 = CARTESIAN_POINT('',(-8.602E+03,-3.299E+03,3.796E+03));
#12703 = VECTOR('',#12704,1.);
#12704 = DIRECTION('',(0.,1.,0.));
#12705 = PLANE('',#12706);
#12706 = AXIS2_PLACEMENT_3D('',#12707,#12708,#12709);
#12707 = CARTESIAN_POINT('',(-8.602E+03,-3.299E+03,3.776E+03));
#12708 = DIRECTION('',(1.,0.,0.));
#12709 = DIRECTION('',(0.,0.,1.));
#12710 = ADVANCED_FACE('',(#12711),#12727,.F.);
#12711 = FACE_BOUND('',#12712,.F.);
#12712 = EDGE_LOOP('',(#12713,#12719,#12720,#12726));
#12713 = ORIENTED_EDGE('',*,*,#12714,.F.);
#12714 = EDGE_CURVE('',#12635,#12675,#12715,.T.);
#12715 = LINE('',#12716,#12717);
#12716 = CARTESIAN_POINT('',(-8.722E+03,-3.299E+03,3.776E+03));
#12717 = VECTOR('',#12718,1.);
#12718 = DIRECTION('',(1.,0.,0.));
#12719 = ORIENTED_EDGE('',*,*,#12634,.T.);
#12720 = ORIENTED_EDGE('',*,*,#12721,.T.);
#12721 = EDGE_CURVE('',#12637,#12677,#12722,.T.);
#12722 = LINE('',#12723,#12724);
#12723 = CARTESIAN_POINT('',(-8.722E+03,-3.299E+03,3.796E+03));
#12724 = VECTOR('',#12725,1.);
#12725 = DIRECTION('',(1.,0.,0.));
#12726 = ORIENTED_EDGE('',*,*,#12674,.F.);
#12727 = PLANE('',#12728);
#12728 = AXIS2_PLACEMENT_3D('',#12729,#12730,#12731);
#12729 = CARTESIAN_POINT('',(-8.722E+03,-3.299E+03,3.776E+03));
#12730 = DIRECTION('',(0.,1.,0.));
#12731 = DIRECTION('',(0.,0.,1.));
#12732 = ADVANCED_FACE('',(#12733),#12749,.T.);
#12733 = FACE_BOUND('',#12734,.T.);
#12734 = EDGE_LOOP('',(#12735,#12741,#12742,#12748));
#12735 = ORIENTED_EDGE('',*,*,#12736,.F.);
#12736 = EDGE_CURVE('',#12645,#12685,#12737,.T.);
#12737 = LINE('',#12738,#12739);
#12738 = CARTESIAN_POINT('',(-8.722E+03,-3.179E+03,3.776E+03));
#12739 = VECTOR('',#12740,1.);
#12740 = DIRECTION('',(1.,0.,0.));
#12741 = ORIENTED_EDGE('',*,*,#12652,.T.);
#12742 = ORIENTED_EDGE('',*,*,#12743,.T.);
#12743 = EDGE_CURVE('',#12653,#12693,#12744,.T.);
#12744 = LINE('',#12745,#12746);
#12745 = CARTESIAN_POINT('',(-8.722E+03,-3.179E+03,3.796E+03));
#12746 = VECTOR('',#12747,1.);
#12747 = DIRECTION('',(1.,0.,0.));
#12748 = ORIENTED_EDGE('',*,*,#12692,.F.);
#12749 = PLANE('',#12750);
#12750 = AXIS2_PLACEMENT_3D('',#12751,#12752,#12753);
#12751 = CARTESIAN_POINT('',(-8.722E+03,-3.179E+03,3.776E+03));
#12752 = DIRECTION('',(0.,1.,0.));
#12753 = DIRECTION('',(0.,0.,1.));
#12754 = ADVANCED_FACE('',(#12755),#12761,.F.);
#12755 = FACE_BOUND('',#12756,.F.);
#12756 = EDGE_LOOP('',(#12757,#12758,#12759,#12760));
#12757 = ORIENTED_EDGE('',*,*,#12644,.F.);
#12758 = ORIENTED_EDGE('',*,*,#12714,.T.);
#12759 = ORIENTED_EDGE('',*,*,#12684,.T.);
#12760 = ORIENTED_EDGE('',*,*,#12736,.F.);
#12761 = PLANE('',#12762);
#12762 = AXIS2_PLACEMENT_3D('',#12763,#12764,#12765);
#12763 = CARTESIAN_POINT('',(-8.722E+03,-3.299E+03,3.776E+03));
#12764 = DIRECTION('',(0.,0.,1.));
#12765 = DIRECTION('',(1.,0.,0.));
#12766 = ADVANCED_FACE('',(#12767),#12773,.T.);
#12767 = FACE_BOUND('',#12768,.T.);
#12768 = EDGE_LOOP('',(#12769,#12770,#12771,#12772));
#12769 = ORIENTED_EDGE('',*,*,#12660,.F.);
#12770 = ORIENTED_EDGE('',*,*,#12721,.T.);
#12771 = ORIENTED_EDGE('',*,*,#12700,.T.);
#12772 = ORIENTED_EDGE('',*,*,#12743,.F.);
#12773 = PLANE('',#12774);
#12774 = AXIS2_PLACEMENT_3D('',#12775,#12776,#12777);
#12775 = CARTESIAN_POINT('',(-8.722E+03,-3.299E+03,3.796E+03));
#12776 = DIRECTION('',(0.,0.,1.));
#12777 = DIRECTION('',(1.,0.,0.));
#12778 = MANIFOLD_SOLID_BREP('',#12779);
#12779 = CLOSED_SHELL('',(#12780,#12820,#12860,#12882,#12904,#12916));
#12780 = ADVANCED_FACE('',(#12781),#12815,.F.);
#12781 = FACE_BOUND('',#12782,.F.);
#12782 = EDGE_LOOP('',(#12783,#12793,#12801,#12809));
#12783 = ORIENTED_EDGE('',*,*,#12784,.F.);
#12784 = EDGE_CURVE('',#12785,#12787,#12789,.T.);
#12785 = VERTEX_POINT('',#12786);
#12786 = CARTESIAN_POINT('',(-8.287E+03,-3.299E+03,3.776E+03));
#12787 = VERTEX_POINT('',#12788);
#12788 = CARTESIAN_POINT('',(-8.287E+03,-3.299E+03,3.796E+03));
#12789 = LINE('',#12790,#12791);
#12790 = CARTESIAN_POINT('',(-8.287E+03,-3.299E+03,3.776E+03));
#12791 = VECTOR('',#12792,1.);
#12792 = DIRECTION('',(0.,0.,1.));
#12793 = ORIENTED_EDGE('',*,*,#12794,.T.);
#12794 = EDGE_CURVE('',#12785,#12795,#12797,.T.);
#12795 = VERTEX_POINT('',#12796);
#12796 = CARTESIAN_POINT('',(-8.287E+03,-3.179E+03,3.776E+03));
#12797 = LINE('',#12798,#12799);
#12798 = CARTESIAN_POINT('',(-8.287E+03,-3.299E+03,3.776E+03));
#12799 = VECTOR('',#12800,1.);
#12800 = DIRECTION('',(0.,1.,0.));
#12801 = ORIENTED_EDGE('',*,*,#12802,.T.);
#12802 = EDGE_CURVE('',#12795,#12803,#12805,.T.);
#12803 = VERTEX_POINT('',#12804);
#12804 = CARTESIAN_POINT('',(-8.287E+03,-3.179E+03,3.796E+03));
#12805 = LINE('',#12806,#12807);
#12806 = CARTESIAN_POINT('',(-8.287E+03,-3.179E+03,3.776E+03));
#12807 = VECTOR('',#12808,1.);
#12808 = DIRECTION('',(0.,0.,1.));
#12809 = ORIENTED_EDGE('',*,*,#12810,.F.);
#12810 = EDGE_CURVE('',#12787,#12803,#12811,.T.);
#12811 = LINE('',#12812,#12813);
#12812 = CARTESIAN_POINT('',(-8.287E+03,-3.299E+03,3.796E+03));
#12813 = VECTOR('',#12814,1.);
#12814 = DIRECTION('',(0.,1.,0.));
#12815 = PLANE('',#12816);
#12816 = AXIS2_PLACEMENT_3D('',#12817,#12818,#12819);
#12817 = CARTESIAN_POINT('',(-8.287E+03,-3.299E+03,3.776E+03));
#12818 = DIRECTION('',(1.,0.,0.));
#12819 = DIRECTION('',(0.,0.,1.));
#12820 = ADVANCED_FACE('',(#12821),#12855,.T.);
#12821 = FACE_BOUND('',#12822,.T.);
#12822 = EDGE_LOOP('',(#12823,#12833,#12841,#12849));
#12823 = ORIENTED_EDGE('',*,*,#12824,.F.);
#12824 = EDGE_CURVE('',#12825,#12827,#12829,.T.);
#12825 = VERTEX_POINT('',#12826);
#12826 = CARTESIAN_POINT('',(-8.167E+03,-3.299E+03,3.776E+03));
#12827 = VERTEX_POINT('',#12828);
#12828 = CARTESIAN_POINT('',(-8.167E+03,-3.299E+03,3.796E+03));
#12829 = LINE('',#12830,#12831);
#12830 = CARTESIAN_POINT('',(-8.167E+03,-3.299E+03,3.776E+03));
#12831 = VECTOR('',#12832,1.);
#12832 = DIRECTION('',(0.,0.,1.));
#12833 = ORIENTED_EDGE('',*,*,#12834,.T.);
#12834 = EDGE_CURVE('',#12825,#12835,#12837,.T.);
#12835 = VERTEX_POINT('',#12836);
#12836 = CARTESIAN_POINT('',(-8.167E+03,-3.179E+03,3.776E+03));
#12837 = LINE('',#12838,#12839);
#12838 = CARTESIAN_POINT('',(-8.167E+03,-3.299E+03,3.776E+03));
#12839 = VECTOR('',#12840,1.);
#12840 = DIRECTION('',(0.,1.,0.));
#12841 = ORIENTED_EDGE('',*,*,#12842,.T.);
#12842 = EDGE_CURVE('',#12835,#12843,#12845,.T.);
#12843 = VERTEX_POINT('',#12844);
#12844 = CARTESIAN_POINT('',(-8.167E+03,-3.179E+03,3.796E+03));
#12845 = LINE('',#12846,#12847);
#12846 = CARTESIAN_POINT('',(-8.167E+03,-3.179E+03,3.776E+03));
#12847 = VECTOR('',#12848,1.);
#12848 = DIRECTION('',(0.,0.,1.));
#12849 = ORIENTED_EDGE('',*,*,#12850,.F.);
#12850 = EDGE_CURVE('',#12827,#12843,#12851,.T.);
#12851 = LINE('',#12852,#12853);
#12852 = CARTESIAN_POINT('',(-8.167E+03,-3.299E+03,3.796E+03));
#12853 = VECTOR('',#12854,1.);
#12854 = DIRECTION('',(0.,1.,0.));
#12855 = PLANE('',#12856);
#12856 = AXIS2_PLACEMENT_3D('',#12857,#12858,#12859);
#12857 = CARTESIAN_POINT('',(-8.167E+03,-3.299E+03,3.776E+03));
#12858 = DIRECTION('',(1.,0.,0.));
#12859 = DIRECTION('',(0.,0.,1.));
#12860 = ADVANCED_FACE('',(#12861),#12877,.F.);
#12861 = FACE_BOUND('',#12862,.F.);
#12862 = EDGE_LOOP('',(#12863,#12869,#12870,#12876));
#12863 = ORIENTED_EDGE('',*,*,#12864,.F.);
#12864 = EDGE_CURVE('',#12785,#12825,#12865,.T.);
#12865 = LINE('',#12866,#12867);
#12866 = CARTESIAN_POINT('',(-8.287E+03,-3.299E+03,3.776E+03));
#12867 = VECTOR('',#12868,1.);
#12868 = DIRECTION('',(1.,0.,0.));
#12869 = ORIENTED_EDGE('',*,*,#12784,.T.);
#12870 = ORIENTED_EDGE('',*,*,#12871,.T.);
#12871 = EDGE_CURVE('',#12787,#12827,#12872,.T.);
#12872 = LINE('',#12873,#12874);
#12873 = CARTESIAN_POINT('',(-8.287E+03,-3.299E+03,3.796E+03));
#12874 = VECTOR('',#12875,1.);
#12875 = DIRECTION('',(1.,0.,0.));
#12876 = ORIENTED_EDGE('',*,*,#12824,.F.);
#12877 = PLANE('',#12878);
#12878 = AXIS2_PLACEMENT_3D('',#12879,#12880,#12881);
#12879 = CARTESIAN_POINT('',(-8.287E+03,-3.299E+03,3.776E+03));
#12880 = DIRECTION('',(0.,1.,0.));
#12881 = DIRECTION('',(0.,0.,1.));
#12882 = ADVANCED_FACE('',(#12883),#12899,.T.);
#12883 = FACE_BOUND('',#12884,.T.);
#12884 = EDGE_LOOP('',(#12885,#12891,#12892,#12898));
#12885 = ORIENTED_EDGE('',*,*,#12886,.F.);
#12886 = EDGE_CURVE('',#12795,#12835,#12887,.T.);
#12887 = LINE('',#12888,#12889);
#12888 = CARTESIAN_POINT('',(-8.287E+03,-3.179E+03,3.776E+03));
#12889 = VECTOR('',#12890,1.);
#12890 = DIRECTION('',(1.,0.,0.));
#12891 = ORIENTED_EDGE('',*,*,#12802,.T.);
#12892 = ORIENTED_EDGE('',*,*,#12893,.T.);
#12893 = EDGE_CURVE('',#12803,#12843,#12894,.T.);
#12894 = LINE('',#12895,#12896);
#12895 = CARTESIAN_POINT('',(-8.287E+03,-3.179E+03,3.796E+03));
#12896 = VECTOR('',#12897,1.);
#12897 = DIRECTION('',(1.,0.,0.));
#12898 = ORIENTED_EDGE('',*,*,#12842,.F.);
#12899 = PLANE('',#12900);
#12900 = AXIS2_PLACEMENT_3D('',#12901,#12902,#12903);
#12901 = CARTESIAN_POINT('',(-8.287E+03,-3.179E+03,3.776E+03));
#12902 = DIRECTION('',(0.,1.,0.));
#12903 = DIRECTION('',(0.,0.,1.));
#12904 = ADVANCED_FACE('',(#12905),#12911,.F.);
#12905 = FACE_BOUND('',#12906,.F.);
#12906 = EDGE_LOOP('',(#12907,#12908,#12909,#12910));
#12907 = ORIENTED_EDGE('',*,*,#12794,.F.);
#12908 = ORIENTED_EDGE('',*,*,#12864,.T.);
#12909 = ORIENTED_EDGE('',*,*,#12834,.T.);
#12910 = ORIENTED_EDGE('',*,*,#12886,.F.);
#12911 = PLANE('',#12912);
#12912 = AXIS2_PLACEMENT_3D('',#12913,#12914,#12915);
#12913 = CARTESIAN_POINT('',(-8.287E+03,-3.299E+03,3.776E+03));
#12914 = DIRECTION('',(0.,0.,1.));
#12915 = DIRECTION('',(1.,0.,0.));
#12916 = ADVANCED_FACE('',(#12917),#12923,.T.);
#12917 = FACE_BOUND('',#12918,.T.);
#12918 = EDGE_LOOP('',(#12919,#12920,#12921,#12922));
#12919 = ORIENTED_EDGE('',*,*,#12810,.F.);
#12920 = ORIENTED_EDGE('',*,*,#12871,.T.);
#12921 = ORIENTED_EDGE('',*,*,#12850,.T.);
#12922 = ORIENTED_EDGE('',*,*,#12893,.F.);
#12923 = PLANE('',#12924);
#12924 = AXIS2_PLACEMENT_3D('',#12925,#12926,#12927);
#12925 = CARTESIAN_POINT('',(-8.287E+03,-3.299E+03,3.796E+03));
#12926 = DIRECTION('',(0.,0.,1.));
#12927 = DIRECTION('',(1.,0.,0.));
#12928 = MANIFOLD_SOLID_BREP('',#12929);
#12929 = CLOSED_SHELL('',(#12930,#12970,#13010,#13032,#13054,#13066));
#12930 = ADVANCED_FACE('',(#12931),#12965,.F.);
#12931 = FACE_BOUND('',#12932,.F.);
#12932 = EDGE_LOOP('',(#12933,#12943,#12951,#12959));
#12933 = ORIENTED_EDGE('',*,*,#12934,.F.);
#12934 = EDGE_CURVE('',#12935,#12937,#12939,.T.);
#12935 = VERTEX_POINT('',#12936);
#12936 = CARTESIAN_POINT('',(-6.184E+03,-6.008E+03,3.776E+03));
#12937 = VERTEX_POINT('',#12938);
#12938 = CARTESIAN_POINT('',(-6.184E+03,-6.008E+03,3.796E+03));
#12939 = LINE('',#12940,#12941);
#12940 = CARTESIAN_POINT('',(-6.184E+03,-6.008E+03,3.776E+03));
#12941 = VECTOR('',#12942,1.);
#12942 = DIRECTION('',(0.,0.,1.));
#12943 = ORIENTED_EDGE('',*,*,#12944,.T.);
#12944 = EDGE_CURVE('',#12935,#12945,#12947,.T.);
#12945 = VERTEX_POINT('',#12946);
#12946 = CARTESIAN_POINT('',(-6.184E+03,-5.888E+03,3.776E+03));
#12947 = LINE('',#12948,#12949);
#12948 = CARTESIAN_POINT('',(-6.184E+03,-6.008E+03,3.776E+03));
#12949 = VECTOR('',#12950,1.);
#12950 = DIRECTION('',(0.,1.,0.));
#12951 = ORIENTED_EDGE('',*,*,#12952,.T.);
#12952 = EDGE_CURVE('',#12945,#12953,#12955,.T.);
#12953 = VERTEX_POINT('',#12954);
#12954 = CARTESIAN_POINT('',(-6.184E+03,-5.888E+03,3.796E+03));
#12955 = LINE('',#12956,#12957);
#12956 = CARTESIAN_POINT('',(-6.184E+03,-5.888E+03,3.776E+03));
#12957 = VECTOR('',#12958,1.);
#12958 = DIRECTION('',(0.,0.,1.));
#12959 = ORIENTED_EDGE('',*,*,#12960,.F.);
#12960 = EDGE_CURVE('',#12937,#12953,#12961,.T.);
#12961 = LINE('',#12962,#12963);
#12962 = CARTESIAN_POINT('',(-6.184E+03,-6.008E+03,3.796E+03));
#12963 = VECTOR('',#12964,1.);
#12964 = DIRECTION('',(0.,1.,0.));
#12965 = PLANE('',#12966);
#12966 = AXIS2_PLACEMENT_3D('',#12967,#12968,#12969);
#12967 = CARTESIAN_POINT('',(-6.184E+03,-6.008E+03,3.776E+03));
#12968 = DIRECTION('',(1.,0.,0.));
#12969 = DIRECTION('',(0.,0.,1.));
#12970 = ADVANCED_FACE('',(#12971),#13005,.T.);
#12971 = FACE_BOUND('',#12972,.T.);
#12972 = EDGE_LOOP('',(#12973,#12983,#12991,#12999));
#12973 = ORIENTED_EDGE('',*,*,#12974,.F.);
#12974 = EDGE_CURVE('',#12975,#12977,#12979,.T.);
#12975 = VERTEX_POINT('',#12976);
#12976 = CARTESIAN_POINT('',(-6.064E+03,-6.008E+03,3.776E+03));
#12977 = VERTEX_POINT('',#12978);
#12978 = CARTESIAN_POINT('',(-6.064E+03,-6.008E+03,3.796E+03));
#12979 = LINE('',#12980,#12981);
#12980 = CARTESIAN_POINT('',(-6.064E+03,-6.008E+03,3.776E+03));
#12981 = VECTOR('',#12982,1.);
#12982 = DIRECTION('',(0.,0.,1.));
#12983 = ORIENTED_EDGE('',*,*,#12984,.T.);
#12984 = EDGE_CURVE('',#12975,#12985,#12987,.T.);
#12985 = VERTEX_POINT('',#12986);
#12986 = CARTESIAN_POINT('',(-6.064E+03,-5.888E+03,3.776E+03));
#12987 = LINE('',#12988,#12989);
#12988 = CARTESIAN_POINT('',(-6.064E+03,-6.008E+03,3.776E+03));
#12989 = VECTOR('',#12990,1.);
#12990 = DIRECTION('',(0.,1.,0.));
#12991 = ORIENTED_EDGE('',*,*,#12992,.T.);
#12992 = EDGE_CURVE('',#12985,#12993,#12995,.T.);
#12993 = VERTEX_POINT('',#12994);
#12994 = CARTESIAN_POINT('',(-6.064E+03,-5.888E+03,3.796E+03));
#12995 = LINE('',#12996,#12997);
#12996 = CARTESIAN_POINT('',(-6.064E+03,-5.888E+03,3.776E+03));
#12997 = VECTOR('',#12998,1.);
#12998 = DIRECTION('',(0.,0.,1.));
#12999 = ORIENTED_EDGE('',*,*,#13000,.F.);
#13000 = EDGE_CURVE('',#12977,#12993,#13001,.T.);
#13001 = LINE('',#13002,#13003);
#13002 = CARTESIAN_POINT('',(-6.064E+03,-6.008E+03,3.796E+03));
#13003 = VECTOR('',#13004,1.);
#13004 = DIRECTION('',(0.,1.,0.));
#13005 = PLANE('',#13006);
#13006 = AXIS2_PLACEMENT_3D('',#13007,#13008,#13009);
#13007 = CARTESIAN_POINT('',(-6.064E+03,-6.008E+03,3.776E+03));
#13008 = DIRECTION('',(1.,0.,0.));
#13009 = DIRECTION('',(0.,0.,1.));
#13010 = ADVANCED_FACE('',(#13011),#13027,.F.);
#13011 = FACE_BOUND('',#13012,.F.);
#13012 = EDGE_LOOP('',(#13013,#13019,#13020,#13026));
#13013 = ORIENTED_EDGE('',*,*,#13014,.F.);
#13014 = EDGE_CURVE('',#12935,#12975,#13015,.T.);
#13015 = LINE('',#13016,#13017);
#13016 = CARTESIAN_POINT('',(-6.184E+03,-6.008E+03,3.776E+03));
#13017 = VECTOR('',#13018,1.);
#13018 = DIRECTION('',(1.,0.,0.));
#13019 = ORIENTED_EDGE('',*,*,#12934,.T.);
#13020 = ORIENTED_EDGE('',*,*,#13021,.T.);
#13021 = EDGE_CURVE('',#12937,#12977,#13022,.T.);
#13022 = LINE('',#13023,#13024);
#13023 = CARTESIAN_POINT('',(-6.184E+03,-6.008E+03,3.796E+03));
#13024 = VECTOR('',#13025,1.);
#13025 = DIRECTION('',(1.,0.,0.));
#13026 = ORIENTED_EDGE('',*,*,#12974,.F.);
#13027 = PLANE('',#13028);
#13028 = AXIS2_PLACEMENT_3D('',#13029,#13030,#13031);
#13029 = CARTESIAN_POINT('',(-6.184E+03,-6.008E+03,3.776E+03));
#13030 = DIRECTION('',(0.,1.,0.));
#13031 = DIRECTION('',(0.,0.,1.));
#13032 = ADVANCED_FACE('',(#13033),#13049,.T.);
#13033 = FACE_BOUND('',#13034,.T.);
#13034 = EDGE_LOOP('',(#13035,#13041,#13042,#13048));
#13035 = ORIENTED_EDGE('',*,*,#13036,.F.);
#13036 = EDGE_CURVE('',#12945,#12985,#13037,.T.);
#13037 = LINE('',#13038,#13039);
#13038 = CARTESIAN_POINT('',(-6.184E+03,-5.888E+03,3.776E+03));
#13039 = VECTOR('',#13040,1.);
#13040 = DIRECTION('',(1.,0.,0.));
#13041 = ORIENTED_EDGE('',*,*,#12952,.T.);
#13042 = ORIENTED_EDGE('',*,*,#13043,.T.);
#13043 = EDGE_CURVE('',#12953,#12993,#13044,.T.);
#13044 = LINE('',#13045,#13046);
#13045 = CARTESIAN_POINT('',(-6.184E+03,-5.888E+03,3.796E+03));
#13046 = VECTOR('',#13047,1.);
#13047 = DIRECTION('',(1.,0.,0.));
#13048 = ORIENTED_EDGE('',*,*,#12992,.F.);
#13049 = PLANE('',#13050);
#13050 = AXIS2_PLACEMENT_3D('',#13051,#13052,#13053);
#13051 = CARTESIAN_POINT('',(-6.184E+03,-5.888E+03,3.776E+03));
#13052 = DIRECTION('',(0.,1.,0.));
#13053 = DIRECTION('',(0.,0.,1.));
#13054 = ADVANCED_FACE('',(#13055),#13061,.F.);
#13055 = FACE_BOUND('',#13056,.F.);
#13056 = EDGE_LOOP('',(#13057,#13058,#13059,#13060));
#13057 = ORIENTED_EDGE('',*,*,#12944,.F.);
#13058 = ORIENTED_EDGE('',*,*,#13014,.T.);
#13059 = ORIENTED_EDGE('',*,*,#12984,.T.);
#13060 = ORIENTED_EDGE('',*,*,#13036,.F.);
#13061 = PLANE('',#13062);
#13062 = AXIS2_PLACEMENT_3D('',#13063,#13064,#13065);
#13063 = CARTESIAN_POINT('',(-6.184E+03,-6.008E+03,3.776E+03));
#13064 = DIRECTION('',(0.,0.,1.));
#13065 = DIRECTION('',(1.,0.,0.));
#13066 = ADVANCED_FACE('',(#13067),#13073,.T.);
#13067 = FACE_BOUND('',#13068,.T.);
#13068 = EDGE_LOOP('',(#13069,#13070,#13071,#13072));
#13069 = ORIENTED_EDGE('',*,*,#12960,.F.);
#13070 = ORIENTED_EDGE('',*,*,#13021,.T.);
#13071 = ORIENTED_EDGE('',*,*,#13000,.T.);
#13072 = ORIENTED_EDGE('',*,*,#13043,.F.);
#13073 = PLANE('',#13074);
#13074 = AXIS2_PLACEMENT_3D('',#13075,#13076,#13077);
#13075 = CARTESIAN_POINT('',(-6.184E+03,-6.008E+03,3.796E+03));
#13076 = DIRECTION('',(0.,0.,1.));
#13077 = DIRECTION('',(1.,0.,0.));
#13078 = MANIFOLD_SOLID_BREP('',#13079);
#13079 = CLOSED_SHELL('',(#13080,#13120,#13160,#13182,#13204,#13216));
#13080 = ADVANCED_FACE('',(#13081),#13115,.F.);
#13081 = FACE_BOUND('',#13082,.F.);
#13082 = EDGE_LOOP('',(#13083,#13093,#13101,#13109));
#13083 = ORIENTED_EDGE('',*,*,#13084,.F.);
#13084 = EDGE_CURVE('',#13085,#13087,#13089,.T.);
#13085 = VERTEX_POINT('',#13086);
#13086 = CARTESIAN_POINT('',(-7.672E+03,-3.188E+03,3.776E+03));
#13087 = VERTEX_POINT('',#13088);
#13088 = CARTESIAN_POINT('',(-7.672E+03,-3.188E+03,3.796E+03));
#13089 = LINE('',#13090,#13091);
#13090 = CARTESIAN_POINT('',(-7.672E+03,-3.188E+03,3.776E+03));
#13091 = VECTOR('',#13092,1.);
#13092 = DIRECTION('',(0.,0.,1.));
#13093 = ORIENTED_EDGE('',*,*,#13094,.T.);
#13094 = EDGE_CURVE('',#13085,#13095,#13097,.T.);
#13095 = VERTEX_POINT('',#13096);
#13096 = CARTESIAN_POINT('',(-7.672E+03,-3.068E+03,3.776E+03));
#13097 = LINE('',#13098,#13099);
#13098 = CARTESIAN_POINT('',(-7.672E+03,-3.188E+03,3.776E+03));
#13099 = VECTOR('',#13100,1.);
#13100 = DIRECTION('',(0.,1.,0.));
#13101 = ORIENTED_EDGE('',*,*,#13102,.T.);
#13102 = EDGE_CURVE('',#13095,#13103,#13105,.T.);
#13103 = VERTEX_POINT('',#13104);
#13104 = CARTESIAN_POINT('',(-7.672E+03,-3.068E+03,3.796E+03));
#13105 = LINE('',#13106,#13107);
#13106 = CARTESIAN_POINT('',(-7.672E+03,-3.068E+03,3.776E+03));
#13107 = VECTOR('',#13108,1.);
#13108 = DIRECTION('',(0.,0.,1.));
#13109 = ORIENTED_EDGE('',*,*,#13110,.F.);
#13110 = EDGE_CURVE('',#13087,#13103,#13111,.T.);
#13111 = LINE('',#13112,#13113);
#13112 = CARTESIAN_POINT('',(-7.672E+03,-3.188E+03,3.796E+03));
#13113 = VECTOR('',#13114,1.);
#13114 = DIRECTION('',(0.,1.,0.));
#13115 = PLANE('',#13116);
#13116 = AXIS2_PLACEMENT_3D('',#13117,#13118,#13119);
#13117 = CARTESIAN_POINT('',(-7.672E+03,-3.188E+03,3.776E+03));
#13118 = DIRECTION('',(1.,0.,0.));
#13119 = DIRECTION('',(0.,0.,1.));
#13120 = ADVANCED_FACE('',(#13121),#13155,.T.);
#13121 = FACE_BOUND('',#13122,.T.);
#13122 = EDGE_LOOP('',(#13123,#13133,#13141,#13149));
#13123 = ORIENTED_EDGE('',*,*,#13124,.F.);
#13124 = EDGE_CURVE('',#13125,#13127,#13129,.T.);
#13125 = VERTEX_POINT('',#13126);
#13126 = CARTESIAN_POINT('',(-7.552E+03,-3.188E+03,3.776E+03));
#13127 = VERTEX_POINT('',#13128);
#13128 = CARTESIAN_POINT('',(-7.552E+03,-3.188E+03,3.796E+03));
#13129 = LINE('',#13130,#13131);
#13130 = CARTESIAN_POINT('',(-7.552E+03,-3.188E+03,3.776E+03));
#13131 = VECTOR('',#13132,1.);
#13132 = DIRECTION('',(0.,0.,1.));
#13133 = ORIENTED_EDGE('',*,*,#13134,.T.);
#13134 = EDGE_CURVE('',#13125,#13135,#13137,.T.);
#13135 = VERTEX_POINT('',#13136);
#13136 = CARTESIAN_POINT('',(-7.552E+03,-3.068E+03,3.776E+03));
#13137 = LINE('',#13138,#13139);
#13138 = CARTESIAN_POINT('',(-7.552E+03,-3.188E+03,3.776E+03));
#13139 = VECTOR('',#13140,1.);
#13140 = DIRECTION('',(0.,1.,0.));
#13141 = ORIENTED_EDGE('',*,*,#13142,.T.);
#13142 = EDGE_CURVE('',#13135,#13143,#13145,.T.);
#13143 = VERTEX_POINT('',#13144);
#13144 = CARTESIAN_POINT('',(-7.552E+03,-3.068E+03,3.796E+03));
#13145 = LINE('',#13146,#13147);
#13146 = CARTESIAN_POINT('',(-7.552E+03,-3.068E+03,3.776E+03));
#13147 = VECTOR('',#13148,1.);
#13148 = DIRECTION('',(0.,0.,1.));
#13149 = ORIENTED_EDGE('',*,*,#13150,.F.);
#13150 = EDGE_CURVE('',#13127,#13143,#13151,.T.);
#13151 = LINE('',#13152,#13153);
#13152 = CARTESIAN_POINT('',(-7.552E+03,-3.188E+03,3.796E+03));
#13153 = VECTOR('',#13154,1.);
#13154 = DIRECTION('',(0.,1.,0.));
#13155 = PLANE('',#13156);
#13156 = AXIS2_PLACEMENT_3D('',#13157,#13158,#13159);
#13157 = CARTESIAN_POINT('',(-7.552E+03,-3.188E+03,3.776E+03));
#13158 = DIRECTION('',(1.,0.,0.));
#13159 = DIRECTION('',(0.,0.,1.));
#13160 = ADVANCED_FACE('',(#13161),#13177,.F.);
#13161 = FACE_BOUND('',#13162,.F.);
#13162 = EDGE_LOOP('',(#13163,#13169,#13170,#13176));
#13163 = ORIENTED_EDGE('',*,*,#13164,.F.);
#13164 = EDGE_CURVE('',#13085,#13125,#13165,.T.);
#13165 = LINE('',#13166,#13167);
#13166 = CARTESIAN_POINT('',(-7.672E+03,-3.188E+03,3.776E+03));
#13167 = VECTOR('',#13168,1.);
#13168 = DIRECTION('',(1.,0.,0.));
#13169 = ORIENTED_EDGE('',*,*,#13084,.T.);
#13170 = ORIENTED_EDGE('',*,*,#13171,.T.);
#13171 = EDGE_CURVE('',#13087,#13127,#13172,.T.);
#13172 = LINE('',#13173,#13174);
#13173 = CARTESIAN_POINT('',(-7.672E+03,-3.188E+03,3.796E+03));
#13174 = VECTOR('',#13175,1.);
#13175 = DIRECTION('',(1.,0.,0.));
#13176 = ORIENTED_EDGE('',*,*,#13124,.F.);
#13177 = PLANE('',#13178);
#13178 = AXIS2_PLACEMENT_3D('',#13179,#13180,#13181);
#13179 = CARTESIAN_POINT('',(-7.672E+03,-3.188E+03,3.776E+03));
#13180 = DIRECTION('',(0.,1.,0.));
#13181 = DIRECTION('',(0.,0.,1.));
#13182 = ADVANCED_FACE('',(#13183),#13199,.T.);
#13183 = FACE_BOUND('',#13184,.T.);
#13184 = EDGE_LOOP('',(#13185,#13191,#13192,#13198));
#13185 = ORIENTED_EDGE('',*,*,#13186,.F.);
#13186 = EDGE_CURVE('',#13095,#13135,#13187,.T.);
#13187 = LINE('',#13188,#13189);
#13188 = CARTESIAN_POINT('',(-7.672E+03,-3.068E+03,3.776E+03));
#13189 = VECTOR('',#13190,1.);
#13190 = DIRECTION('',(1.,0.,0.));
#13191 = ORIENTED_EDGE('',*,*,#13102,.T.);
#13192 = ORIENTED_EDGE('',*,*,#13193,.T.);
#13193 = EDGE_CURVE('',#13103,#13143,#13194,.T.);
#13194 = LINE('',#13195,#13196);
#13195 = CARTESIAN_POINT('',(-7.672E+03,-3.068E+03,3.796E+03));
#13196 = VECTOR('',#13197,1.);
#13197 = DIRECTION('',(1.,0.,0.));
#13198 = ORIENTED_EDGE('',*,*,#13142,.F.);
#13199 = PLANE('',#13200);
#13200 = AXIS2_PLACEMENT_3D('',#13201,#13202,#13203);
#13201 = CARTESIAN_POINT('',(-7.672E+03,-3.068E+03,3.776E+03));
#13202 = DIRECTION('',(0.,1.,0.));
#13203 = DIRECTION('',(0.,0.,1.));
#13204 = ADVANCED_FACE('',(#13205),#13211,.F.);
#13205 = FACE_BOUND('',#13206,.F.);
#13206 = EDGE_LOOP('',(#13207,#13208,#13209,#13210));
#13207 = ORIENTED_EDGE('',*,*,#13094,.F.);
#13208 = ORIENTED_EDGE('',*,*,#13164,.T.);
#13209 = ORIENTED_EDGE('',*,*,#13134,.T.);
#13210 = ORIENTED_EDGE('',*,*,#13186,.F.);
#13211 = PLANE('',#13212);
#13212 = AXIS2_PLACEMENT_3D('',#13213,#13214,#13215);
#13213 = CARTESIAN_POINT('',(-7.672E+03,-3.188E+03,3.776E+03));
#13214 = DIRECTION('',(0.,0.,1.));
#13215 = DIRECTION('',(1.,0.,0.));
#13216 = ADVANCED_FACE('',(#13217),#13223,.T.);
#13217 = FACE_BOUND('',#13218,.T.);
#13218 = EDGE_LOOP('',(#13219,#13220,#13221,#13222));
#13219 = ORIENTED_EDGE('',*,*,#13110,.F.);
#13220 = ORIENTED_EDGE('',*,*,#13171,.T.);
#13221 = ORIENTED_EDGE('',*,*,#13150,.T.);
#13222 = ORIENTED_EDGE('',*,*,#13193,.F.);
#13223 = PLANE('',#13224);
#13224 = AXIS2_PLACEMENT_3D('',#13225,#13226,#13227);
#13225 = CARTESIAN_POINT('',(-7.672E+03,-3.188E+03,3.796E+03));
#13226 = DIRECTION('',(0.,0.,1.));
#13227 = DIRECTION('',(1.,0.,0.));
#13228 = MANIFOLD_SOLID_BREP('',#13229);
#13229 = CLOSED_SHELL('',(#13230,#13256));
#13230 = ADVANCED_FACE('',(#13231),#13251,.T.);
#13231 = FACE_BOUND('',#13232,.T.);
#13232 = EDGE_LOOP('',(#13233,#13242,#13250));
#13233 = ORIENTED_EDGE('',*,*,#13234,.F.);
#13234 = EDGE_CURVE('',#13235,#13235,#13237,.T.);
#13235 = VERTEX_POINT('',#13236);
#13236 = CARTESIAN_POINT('',(-4.014E+03,-5.898E+03,5.956E+03));
#13237 = CIRCLE('',#13238,90.);
#13238 = AXIS2_PLACEMENT_3D('',#13239,#13240,#13241);
#13239 = CARTESIAN_POINT('',(-3.924E+03,-5.898E+03,5.956E+03));
#13240 = DIRECTION('',(0.,0.,-1.));
#13241 = DIRECTION('',(-1.,0.,0.));
#13242 = ORIENTED_EDGE('',*,*,#13243,.F.);
#13243 = EDGE_CURVE('',#13244,#13235,#13246,.T.);
#13244 = VERTEX_POINT('',#13245);
#13245 = CARTESIAN_POINT('',(-3.924E+03,-5.898E+03,6.076E+03));
#13246 = LINE('',#13247,#13248);
#13247 = CARTESIAN_POINT('',(-3.924E+03,-5.898E+03,6.076E+03));
#13248 = VECTOR('',#13249,1.);
#13249 = DIRECTION('',(-0.6,-1.5E-16,-0.8));
#13250 = ORIENTED_EDGE('',*,*,#13243,.T.);
#13251 = CONICAL_SURFACE('',#13252,0.,0.643501108793);
#13252 = AXIS2_PLACEMENT_3D('',#13253,#13254,#13255);
#13253 = CARTESIAN_POINT('',(-3.924E+03,-5.898E+03,6.076E+03));
#13254 = DIRECTION('',(0.,0.,-1.));
#13255 = DIRECTION('',(-1.,0.,0.));
#13256 = ADVANCED_FACE('',(#13257),#13260,.T.);
#13257 = FACE_BOUND('',#13258,.T.);
#13258 = EDGE_LOOP('',(#13259));
#13259 = ORIENTED_EDGE('',*,*,#13234,.T.);
#13260 = PLANE('',#13261);
#13261 = AXIS2_PLACEMENT_3D('',#13262,#13263,#13264);
#13262 = CARTESIAN_POINT('',(-3.924E+03,-5.898E+03,5.956E+03));
#13263 = DIRECTION('',(0.,0.,-1.));
#13264 = DIRECTION('',(-1.,0.,0.));
#13265 = MANIFOLD_SOLID_BREP('',#13266);
#13266 = CLOSED_SHELL('',(#13267,#13307,#13347,#13369,#13391,#13403));
#13267 = ADVANCED_FACE('',(#13268),#13302,.F.);
#13268 = FACE_BOUND('',#13269,.F.);
#13269 = EDGE_LOOP('',(#13270,#13280,#13288,#13296));
#13270 = ORIENTED_EDGE('',*,*,#13271,.F.);
#13271 = EDGE_CURVE('',#13272,#13274,#13276,.T.);
#13272 = VERTEX_POINT('',#13273);
#13273 = CARTESIAN_POINT('',(-8.585E+03,-3.021E+03,4.576E+03));
#13274 = VERTEX_POINT('',#13275);
#13275 = CARTESIAN_POINT('',(-8.585E+03,-3.021E+03,4.826E+03));
#13276 = LINE('',#13277,#13278);
#13277 = CARTESIAN_POINT('',(-8.585E+03,-3.021E+03,4.576E+03));
#13278 = VECTOR('',#13279,1.);
#13279 = DIRECTION('',(0.,0.,1.));
#13280 = ORIENTED_EDGE('',*,*,#13281,.T.);
#13281 = EDGE_CURVE('',#13272,#13282,#13284,.T.);
#13282 = VERTEX_POINT('',#13283);
#13283 = CARTESIAN_POINT('',(-8.585E+03,-2.901E+03,4.576E+03));
#13284 = LINE('',#13285,#13286);
#13285 = CARTESIAN_POINT('',(-8.585E+03,-3.021E+03,4.576E+03));
#13286 = VECTOR('',#13287,1.);
#13287 = DIRECTION('',(0.,1.,0.));
#13288 = ORIENTED_EDGE('',*,*,#13289,.T.);
#13289 = EDGE_CURVE('',#13282,#13290,#13292,.T.);
#13290 = VERTEX_POINT('',#13291);
#13291 = CARTESIAN_POINT('',(-8.585E+03,-2.901E+03,4.826E+03));
#13292 = LINE('',#13293,#13294);
#13293 = CARTESIAN_POINT('',(-8.585E+03,-2.901E+03,4.576E+03));
#13294 = VECTOR('',#13295,1.);
#13295 = DIRECTION('',(0.,0.,1.));
#13296 = ORIENTED_EDGE('',*,*,#13297,.F.);
#13297 = EDGE_CURVE('',#13274,#13290,#13298,.T.);
#13298 = LINE('',#13299,#13300);
#13299 = CARTESIAN_POINT('',(-8.585E+03,-3.021E+03,4.826E+03));
#13300 = VECTOR('',#13301,1.);
#13301 = DIRECTION('',(0.,1.,0.));
#13302 = PLANE('',#13303);
#13303 = AXIS2_PLACEMENT_3D('',#13304,#13305,#13306);
#13304 = CARTESIAN_POINT('',(-8.585E+03,-3.021E+03,4.576E+03));
#13305 = DIRECTION('',(1.,0.,0.));
#13306 = DIRECTION('',(0.,0.,1.));
#13307 = ADVANCED_FACE('',(#13308),#13342,.T.);
#13308 = FACE_BOUND('',#13309,.T.);
#13309 = EDGE_LOOP('',(#13310,#13320,#13328,#13336));
#13310 = ORIENTED_EDGE('',*,*,#13311,.F.);
#13311 = EDGE_CURVE('',#13312,#13314,#13316,.T.);
#13312 = VERTEX_POINT('',#13313);
#13313 = CARTESIAN_POINT('',(-8.465E+03,-3.021E+03,4.576E+03));
#13314 = VERTEX_POINT('',#13315);
#13315 = CARTESIAN_POINT('',(-8.465E+03,-3.021E+03,4.826E+03));
#13316 = LINE('',#13317,#13318);
#13317 = CARTESIAN_POINT('',(-8.465E+03,-3.021E+03,4.576E+03));
#13318 = VECTOR('',#13319,1.);
#13319 = DIRECTION('',(0.,0.,1.));
#13320 = ORIENTED_EDGE('',*,*,#13321,.T.);
#13321 = EDGE_CURVE('',#13312,#13322,#13324,.T.);
#13322 = VERTEX_POINT('',#13323);
#13323 = CARTESIAN_POINT('',(-8.465E+03,-2.901E+03,4.576E+03));
#13324 = LINE('',#13325,#13326);
#13325 = CARTESIAN_POINT('',(-8.465E+03,-3.021E+03,4.576E+03));
#13326 = VECTOR('',#13327,1.);
#13327 = DIRECTION('',(0.,1.,0.));
#13328 = ORIENTED_EDGE('',*,*,#13329,.T.);
#13329 = EDGE_CURVE('',#13322,#13330,#13332,.T.);
#13330 = VERTEX_POINT('',#13331);
#13331 = CARTESIAN_POINT('',(-8.465E+03,-2.901E+03,4.826E+03));
#13332 = LINE('',#13333,#13334);
#13333 = CARTESIAN_POINT('',(-8.465E+03,-2.901E+03,4.576E+03));
#13334 = VECTOR('',#13335,1.);
#13335 = DIRECTION('',(0.,0.,1.));
#13336 = ORIENTED_EDGE('',*,*,#13337,.F.);
#13337 = EDGE_CURVE('',#13314,#13330,#13338,.T.);
#13338 = LINE('',#13339,#13340);
#13339 = CARTESIAN_POINT('',(-8.465E+03,-3.021E+03,4.826E+03));
#13340 = VECTOR('',#13341,1.);
#13341 = DIRECTION('',(0.,1.,0.));
#13342 = PLANE('',#13343);
#13343 = AXIS2_PLACEMENT_3D('',#13344,#13345,#13346);
#13344 = CARTESIAN_POINT('',(-8.465E+03,-3.021E+03,4.576E+03));
#13345 = DIRECTION('',(1.,0.,0.));
#13346 = DIRECTION('',(0.,0.,1.));
#13347 = ADVANCED_FACE('',(#13348),#13364,.F.);
#13348 = FACE_BOUND('',#13349,.F.);
#13349 = EDGE_LOOP('',(#13350,#13356,#13357,#13363));
#13350 = ORIENTED_EDGE('',*,*,#13351,.F.);
#13351 = EDGE_CURVE('',#13272,#13312,#13352,.T.);
#13352 = LINE('',#13353,#13354);
#13353 = CARTESIAN_POINT('',(-8.585E+03,-3.021E+03,4.576E+03));
#13354 = VECTOR('',#13355,1.);
#13355 = DIRECTION('',(1.,0.,0.));
#13356 = ORIENTED_EDGE('',*,*,#13271,.T.);
#13357 = ORIENTED_EDGE('',*,*,#13358,.T.);
#13358 = EDGE_CURVE('',#13274,#13314,#13359,.T.);
#13359 = LINE('',#13360,#13361);
#13360 = CARTESIAN_POINT('',(-8.585E+03,-3.021E+03,4.826E+03));
#13361 = VECTOR('',#13362,1.);
#13362 = DIRECTION('',(1.,0.,0.));
#13363 = ORIENTED_EDGE('',*,*,#13311,.F.);
#13364 = PLANE('',#13365);
#13365 = AXIS2_PLACEMENT_3D('',#13366,#13367,#13368);
#13366 = CARTESIAN_POINT('',(-8.585E+03,-3.021E+03,4.576E+03));
#13367 = DIRECTION('',(0.,1.,0.));
#13368 = DIRECTION('',(0.,0.,1.));
#13369 = ADVANCED_FACE('',(#13370),#13386,.T.);
#13370 = FACE_BOUND('',#13371,.T.);
#13371 = EDGE_LOOP('',(#13372,#13378,#13379,#13385));
#13372 = ORIENTED_EDGE('',*,*,#13373,.F.);
#13373 = EDGE_CURVE('',#13282,#13322,#13374,.T.);
#13374 = LINE('',#13375,#13376);
#13375 = CARTESIAN_POINT('',(-8.585E+03,-2.901E+03,4.576E+03));
#13376 = VECTOR('',#13377,1.);
#13377 = DIRECTION('',(1.,0.,0.));
#13378 = ORIENTED_EDGE('',*,*,#13289,.T.);
#13379 = ORIENTED_EDGE('',*,*,#13380,.T.);
#13380 = EDGE_CURVE('',#13290,#13330,#13381,.T.);
#13381 = LINE('',#13382,#13383);
#13382 = CARTESIAN_POINT('',(-8.585E+03,-2.901E+03,4.826E+03));
#13383 = VECTOR('',#13384,1.);
#13384 = DIRECTION('',(1.,0.,0.));
#13385 = ORIENTED_EDGE('',*,*,#13329,.F.);
#13386 = PLANE('',#13387);
#13387 = AXIS2_PLACEMENT_3D('',#13388,#13389,#13390);
#13388 = CARTESIAN_POINT('',(-8.585E+03,-2.901E+03,4.576E+03));
#13389 = DIRECTION('',(0.,1.,0.));
#13390 = DIRECTION('',(0.,0.,1.));
#13391 = ADVANCED_FACE('',(#13392),#13398,.F.);
#13392 = FACE_BOUND('',#13393,.F.);
#13393 = EDGE_LOOP('',(#13394,#13395,#13396,#13397));
#13394 = ORIENTED_EDGE('',*,*,#13281,.F.);
#13395 = ORIENTED_EDGE('',*,*,#13351,.T.);
#13396 = ORIENTED_EDGE('',*,*,#13321,.T.);
#13397 = ORIENTED_EDGE('',*,*,#13373,.F.);
#13398 = PLANE('',#13399);
#13399 = AXIS2_PLACEMENT_3D('',#13400,#13401,#13402);
#13400 = CARTESIAN_POINT('',(-8.585E+03,-3.021E+03,4.576E+03));
#13401 = DIRECTION('',(0.,0.,1.));
#13402 = DIRECTION('',(1.,0.,0.));
#13403 = ADVANCED_FACE('',(#13404),#13410,.T.);
#13404 = FACE_BOUND('',#13405,.T.);
#13405 = EDGE_LOOP('',(#13406,#13407,#13408,#13409));
#13406 = ORIENTED_EDGE('',*,*,#13297,.F.);
#13407 = ORIENTED_EDGE('',*,*,#13358,.T.);
#13408 = ORIENTED_EDGE('',*,*,#13337,.T.);
#13409 = ORIENTED_EDGE('',*,*,#13380,.F.);
#13410 = PLANE('',#13411);
#13411 = AXIS2_PLACEMENT_3D('',#13412,#13413,#13414);
#13412 = CARTESIAN_POINT('',(-8.585E+03,-3.021E+03,4.826E+03));
#13413 = DIRECTION('',(0.,0.,1.));
#13414 = DIRECTION('',(1.,0.,0.));
#13415 = MANIFOLD_SOLID_BREP('',#13416);
#13416 = CLOSED_SHELL('',(#13417,#13450,#13459));
#13417 = ADVANCED_FACE('',(#13418),#13445,.T.);
#13418 = FACE_BOUND('',#13419,.T.);
#13419 = EDGE_LOOP('',(#13420,#13429,#13437,#13444));
#13420 = ORIENTED_EDGE('',*,*,#13421,.F.);
#13421 = EDGE_CURVE('',#13422,#13422,#13424,.T.);
#13422 = VERTEX_POINT('',#13423);
#13423 = CARTESIAN_POINT('',(-7.165E+03,-1.124E+03,3.796E+03));
#13424 = CIRCLE('',#13425,60.);
#13425 = AXIS2_PLACEMENT_3D('',#13426,#13427,#13428);
#13426 = CARTESIAN_POINT('',(-7.225E+03,-1.124E+03,3.796E+03));
#13427 = DIRECTION('',(0.,0.,1.));
#13428 = DIRECTION('',(1.,0.,0.));
#13429 = ORIENTED_EDGE('',*,*,#13430,.F.);
#13430 = EDGE_CURVE('',#13431,#13422,#13433,.T.);
#13431 = VERTEX_POINT('',#13432);
#13432 = CARTESIAN_POINT('',(-7.165E+03,-1.124E+03,3.776E+03));
#13433 = LINE('',#13434,#13435);
#13434 = CARTESIAN_POINT('',(-7.165E+03,-1.124E+03,3.776E+03));
#13435 = VECTOR('',#13436,1.);
#13436 = DIRECTION('',(0.,0.,1.));
#13437 = ORIENTED_EDGE('',*,*,#13438,.T.);
#13438 = EDGE_CURVE('',#13431,#13431,#13439,.T.);
#13439 = CIRCLE('',#13440,60.);
#13440 = AXIS2_PLACEMENT_3D('',#13441,#13442,#13443);
#13441 = CARTESIAN_POINT('',(-7.225E+03,-1.124E+03,3.776E+03));
#13442 = DIRECTION('',(0.,0.,1.));
#13443 = DIRECTION('',(1.,0.,0.));
#13444 = ORIENTED_EDGE('',*,*,#13430,.T.);
#13445 = CYLINDRICAL_SURFACE('',#13446,60.);
#13446 = AXIS2_PLACEMENT_3D('',#13447,#13448,#13449);
#13447 = CARTESIAN_POINT('',(-7.225E+03,-1.124E+03,3.776E+03));
#13448 = DIRECTION('',(0.,0.,1.));
#13449 = DIRECTION('',(1.,0.,0.));
#13450 = ADVANCED_FACE('',(#13451),#13454,.T.);
#13451 = FACE_BOUND('',#13452,.T.);
#13452 = EDGE_LOOP('',(#13453));
#13453 = ORIENTED_EDGE('',*,*,#13421,.T.);
#13454 = PLANE('',#13455);
#13455 = AXIS2_PLACEMENT_3D('',#13456,#13457,#13458);
#13456 = CARTESIAN_POINT('',(-7.225E+03,-1.124E+03,3.796E+03));
#13457 = DIRECTION('',(0.,0.,1.));
#13458 = DIRECTION('',(1.,0.,0.));
#13459 = ADVANCED_FACE('',(#13460),#13463,.F.);
#13460 = FACE_BOUND('',#13461,.T.);
#13461 = EDGE_LOOP('',(#13462));
#13462 = ORIENTED_EDGE('',*,*,#13438,.F.);
#13463 = PLANE('',#13464);
#13464 = AXIS2_PLACEMENT_3D('',#13465,#13466,#13467);
#13465 = CARTESIAN_POINT('',(-7.225E+03,-1.124E+03,3.776E+03));
#13466 = DIRECTION('',(0.,0.,1.));
#13467 = DIRECTION('',(1.,0.,0.));
#13468 = MANIFOLD_SOLID_BREP('',#13469);
#13469 = CLOSED_SHELL('',(#13470,#13503,#13512));
#13470 = ADVANCED_FACE('',(#13471),#13498,.T.);
#13471 = FACE_BOUND('',#13472,.T.);
#13472 = EDGE_LOOP('',(#13473,#13482,#13490,#13497));
#13473 = ORIENTED_EDGE('',*,*,#13474,.F.);
#13474 = EDGE_CURVE('',#13475,#13475,#13477,.T.);
#13475 = VERTEX_POINT('',#13476);
#13476 = CARTESIAN_POINT('',(5.41E+03,-1.627E+03,3.796E+03));
#13477 = CIRCLE('',#13478,60.);
#13478 = AXIS2_PLACEMENT_3D('',#13479,#13480,#13481);
#13479 = CARTESIAN_POINT('',(5.35E+03,-1.627E+03,3.796E+03));
#13480 = DIRECTION('',(0.,0.,1.));
#13481 = DIRECTION('',(1.,0.,0.));
#13482 = ORIENTED_EDGE('',*,*,#13483,.F.);
#13483 = EDGE_CURVE('',#13484,#13475,#13486,.T.);
#13484 = VERTEX_POINT('',#13485);
#13485 = CARTESIAN_POINT('',(5.41E+03,-1.627E+03,3.776E+03));
#13486 = LINE('',#13487,#13488);
#13487 = CARTESIAN_POINT('',(5.41E+03,-1.627E+03,3.776E+03));
#13488 = VECTOR('',#13489,1.);
#13489 = DIRECTION('',(0.,0.,1.));
#13490 = ORIENTED_EDGE('',*,*,#13491,.T.);
#13491 = EDGE_CURVE('',#13484,#13484,#13492,.T.);
#13492 = CIRCLE('',#13493,60.);
#13493 = AXIS2_PLACEMENT_3D('',#13494,#13495,#13496);
#13494 = CARTESIAN_POINT('',(5.35E+03,-1.627E+03,3.776E+03));
#13495 = DIRECTION('',(0.,0.,1.));
#13496 = DIRECTION('',(1.,0.,0.));
#13497 = ORIENTED_EDGE('',*,*,#13483,.T.);
#13498 = CYLINDRICAL_SURFACE('',#13499,60.);
#13499 = AXIS2_PLACEMENT_3D('',#13500,#13501,#13502);
#13500 = CARTESIAN_POINT('',(5.35E+03,-1.627E+03,3.776E+03));
#13501 = DIRECTION('',(0.,0.,1.));
#13502 = DIRECTION('',(1.,0.,0.));
#13503 = ADVANCED_FACE('',(#13504),#13507,.T.);
#13504 = FACE_BOUND('',#13505,.T.);
#13505 = EDGE_LOOP('',(#13506));
#13506 = ORIENTED_EDGE('',*,*,#13474,.T.);
#13507 = PLANE('',#13508);
#13508 = AXIS2_PLACEMENT_3D('',#13509,#13510,#13511);
#13509 = CARTESIAN_POINT('',(5.35E+03,-1.627E+03,3.796E+03));
#13510 = DIRECTION('',(0.,0.,1.));
#13511 = DIRECTION('',(1.,0.,0.));
#13512 = ADVANCED_FACE('',(#13513),#13516,.F.);
#13513 = FACE_BOUND('',#13514,.T.);
#13514 = EDGE_LOOP('',(#13515));
#13515 = ORIENTED_EDGE('',*,*,#13491,.F.);
#13516 = PLANE('',#13517);
#13517 = AXIS2_PLACEMENT_3D('',#13518,#13519,#13520);
#13518 = CARTESIAN_POINT('',(5.35E+03,-1.627E+03,3.776E+03));
#13519 = DIRECTION('',(0.,0.,1.));
#13520 = DIRECTION('',(1.,0.,0.));
#13521 = MANIFOLD_SOLID_BREP('',#13522);
#13522 = CLOSED_SHELL('',(#13523,#13556,#13565));
#13523 = ADVANCED_FACE('',(#13524),#13551,.T.);
#13524 = FACE_BOUND('',#13525,.T.);
#13525 = EDGE_LOOP('',(#13526,#13535,#13543,#13550));
#13526 = ORIENTED_EDGE('',*,*,#13527,.F.);
#13527 = EDGE_CURVE('',#13528,#13528,#13530,.T.);
#13528 = VERTEX_POINT('',#13529);
#13529 = CARTESIAN_POINT('',(7.997E+03,-1.627E+03,3.796E+03));
#13530 = CIRCLE('',#13531,60.);
#13531 = AXIS2_PLACEMENT_3D('',#13532,#13533,#13534);
#13532 = CARTESIAN_POINT('',(7.937E+03,-1.627E+03,3.796E+03));
#13533 = DIRECTION('',(0.,0.,1.));
#13534 = DIRECTION('',(1.,0.,0.));
#13535 = ORIENTED_EDGE('',*,*,#13536,.F.);
#13536 = EDGE_CURVE('',#13537,#13528,#13539,.T.);
#13537 = VERTEX_POINT('',#13538);
#13538 = CARTESIAN_POINT('',(7.997E+03,-1.627E+03,3.776E+03));
#13539 = LINE('',#13540,#13541);
#13540 = CARTESIAN_POINT('',(7.997E+03,-1.627E+03,3.776E+03));
#13541 = VECTOR('',#13542,1.);
#13542 = DIRECTION('',(0.,0.,1.));
#13543 = ORIENTED_EDGE('',*,*,#13544,.T.);
#13544 = EDGE_CURVE('',#13537,#13537,#13545,.T.);
#13545 = CIRCLE('',#13546,60.);
#13546 = AXIS2_PLACEMENT_3D('',#13547,#13548,#13549);
#13547 = CARTESIAN_POINT('',(7.937E+03,-1.627E+03,3.776E+03));
#13548 = DIRECTION('',(0.,0.,1.));
#13549 = DIRECTION('',(1.,0.,0.));
#13550 = ORIENTED_EDGE('',*,*,#13536,.T.);
#13551 = CYLINDRICAL_SURFACE('',#13552,60.);
#13552 = AXIS2_PLACEMENT_3D('',#13553,#13554,#13555);
#13553 = CARTESIAN_POINT('',(7.937E+03,-1.627E+03,3.776E+03));
#13554 = DIRECTION('',(0.,0.,1.));
#13555 = DIRECTION('',(1.,0.,0.));
#13556 = ADVANCED_FACE('',(#13557),#13560,.T.);
#13557 = FACE_BOUND('',#13558,.T.);
#13558 = EDGE_LOOP('',(#13559));
#13559 = ORIENTED_EDGE('',*,*,#13527,.T.);
#13560 = PLANE('',#13561);
#13561 = AXIS2_PLACEMENT_3D('',#13562,#13563,#13564);
#13562 = CARTESIAN_POINT('',(7.937E+03,-1.627E+03,3.796E+03));
#13563 = DIRECTION('',(0.,0.,1.));
#13564 = DIRECTION('',(1.,0.,0.));
#13565 = ADVANCED_FACE('',(#13566),#13569,.F.);
#13566 = FACE_BOUND('',#13567,.T.);
#13567 = EDGE_LOOP('',(#13568));
#13568 = ORIENTED_EDGE('',*,*,#13544,.F.);
#13569 = PLANE('',#13570);
#13570 = AXIS2_PLACEMENT_3D('',#13571,#13572,#13573);
#13571 = CARTESIAN_POINT('',(7.937E+03,-1.627E+03,3.776E+03));
#13572 = DIRECTION('',(0.,0.,1.));
#13573 = DIRECTION('',(1.,0.,0.));
#13574 = MANIFOLD_SOLID_BREP('',#13575);
#13575 = CLOSED_SHELL('',(#13576,#13616,#13656,#13678,#13700,#13712));
#13576 = ADVANCED_FACE('',(#13577),#13611,.F.);
#13577 = FACE_BOUND('',#13578,.F.);
#13578 = EDGE_LOOP('',(#13579,#13589,#13597,#13605));
#13579 = ORIENTED_EDGE('',*,*,#13580,.F.);
#13580 = EDGE_CURVE('',#13581,#13583,#13585,.T.);
#13581 = VERTEX_POINT('',#13582);
#13582 = CARTESIAN_POINT('',(6.344E+03,-2.901E+03,6.476E+03));
#13583 = VERTEX_POINT('',#13584);
#13584 = CARTESIAN_POINT('',(6.344E+03,-2.901E+03,6.496E+03));
#13585 = LINE('',#13586,#13587);
#13586 = CARTESIAN_POINT('',(6.344E+03,-2.901E+03,6.476E+03));
#13587 = VECTOR('',#13588,1.);
#13588 = DIRECTION('',(0.,0.,1.));
#13589 = ORIENTED_EDGE('',*,*,#13590,.T.);
#13590 = EDGE_CURVE('',#13581,#13591,#13593,.T.);
#13591 = VERTEX_POINT('',#13592);
#13592 = CARTESIAN_POINT('',(6.344E+03,-2.301E+03,6.476E+03));
#13593 = LINE('',#13594,#13595);
#13594 = CARTESIAN_POINT('',(6.344E+03,-2.901E+03,6.476E+03));
#13595 = VECTOR('',#13596,1.);
#13596 = DIRECTION('',(0.,1.,0.));
#13597 = ORIENTED_EDGE('',*,*,#13598,.T.);
#13598 = EDGE_CURVE('',#13591,#13599,#13601,.T.);
#13599 = VERTEX_POINT('',#13600);
#13600 = CARTESIAN_POINT('',(6.344E+03,-2.301E+03,6.496E+03));
#13601 = LINE('',#13602,#13603);
#13602 = CARTESIAN_POINT('',(6.344E+03,-2.301E+03,6.476E+03));
#13603 = VECTOR('',#13604,1.);
#13604 = DIRECTION('',(0.,0.,1.));
#13605 = ORIENTED_EDGE('',*,*,#13606,.F.);
#13606 = EDGE_CURVE('',#13583,#13599,#13607,.T.);
#13607 = LINE('',#13608,#13609);
#13608 = CARTESIAN_POINT('',(6.344E+03,-2.901E+03,6.496E+03));
#13609 = VECTOR('',#13610,1.);
#13610 = DIRECTION('',(0.,1.,0.));
#13611 = PLANE('',#13612);
#13612 = AXIS2_PLACEMENT_3D('',#13613,#13614,#13615);
#13613 = CARTESIAN_POINT('',(6.344E+03,-2.901E+03,6.476E+03));
#13614 = DIRECTION('',(1.,0.,0.));
#13615 = DIRECTION('',(0.,0.,1.));
#13616 = ADVANCED_FACE('',(#13617),#13651,.T.);
#13617 = FACE_BOUND('',#13618,.T.);
#13618 = EDGE_LOOP('',(#13619,#13629,#13637,#13645));
#13619 = ORIENTED_EDGE('',*,*,#13620,.F.);
#13620 = EDGE_CURVE('',#13621,#13623,#13625,.T.);
#13621 = VERTEX_POINT('',#13622);
#13622 = CARTESIAN_POINT('',(6.944E+03,-2.901E+03,6.476E+03));
#13623 = VERTEX_POINT('',#13624);
#13624 = CARTESIAN_POINT('',(6.944E+03,-2.901E+03,6.496E+03));
#13625 = LINE('',#13626,#13627);
#13626 = CARTESIAN_POINT('',(6.944E+03,-2.901E+03,6.476E+03));
#13627 = VECTOR('',#13628,1.);
#13628 = DIRECTION('',(0.,0.,1.));
#13629 = ORIENTED_EDGE('',*,*,#13630,.T.);
#13630 = EDGE_CURVE('',#13621,#13631,#13633,.T.);
#13631 = VERTEX_POINT('',#13632);
#13632 = CARTESIAN_POINT('',(6.944E+03,-2.301E+03,6.476E+03));
#13633 = LINE('',#13634,#13635);
#13634 = CARTESIAN_POINT('',(6.944E+03,-2.901E+03,6.476E+03));
#13635 = VECTOR('',#13636,1.);
#13636 = DIRECTION('',(0.,1.,0.));
#13637 = ORIENTED_EDGE('',*,*,#13638,.T.);
#13638 = EDGE_CURVE('',#13631,#13639,#13641,.T.);
#13639 = VERTEX_POINT('',#13640);
#13640 = CARTESIAN_POINT('',(6.944E+03,-2.301E+03,6.496E+03));
#13641 = LINE('',#13642,#13643);
#13642 = CARTESIAN_POINT('',(6.944E+03,-2.301E+03,6.476E+03));
#13643 = VECTOR('',#13644,1.);
#13644 = DIRECTION('',(0.,0.,1.));
#13645 = ORIENTED_EDGE('',*,*,#13646,.F.);
#13646 = EDGE_CURVE('',#13623,#13639,#13647,.T.);
#13647 = LINE('',#13648,#13649);
#13648 = CARTESIAN_POINT('',(6.944E+03,-2.901E+03,6.496E+03));
#13649 = VECTOR('',#13650,1.);
#13650 = DIRECTION('',(0.,1.,0.));
#13651 = PLANE('',#13652);
#13652 = AXIS2_PLACEMENT_3D('',#13653,#13654,#13655);
#13653 = CARTESIAN_POINT('',(6.944E+03,-2.901E+03,6.476E+03));
#13654 = DIRECTION('',(1.,0.,0.));
#13655 = DIRECTION('',(0.,0.,1.));
#13656 = ADVANCED_FACE('',(#13657),#13673,.F.);
#13657 = FACE_BOUND('',#13658,.F.);
#13658 = EDGE_LOOP('',(#13659,#13665,#13666,#13672));
#13659 = ORIENTED_EDGE('',*,*,#13660,.F.);
#13660 = EDGE_CURVE('',#13581,#13621,#13661,.T.);
#13661 = LINE('',#13662,#13663);
#13662 = CARTESIAN_POINT('',(6.344E+03,-2.901E+03,6.476E+03));
#13663 = VECTOR('',#13664,1.);
#13664 = DIRECTION('',(1.,0.,0.));
#13665 = ORIENTED_EDGE('',*,*,#13580,.T.);
#13666 = ORIENTED_EDGE('',*,*,#13667,.T.);
#13667 = EDGE_CURVE('',#13583,#13623,#13668,.T.);
#13668 = LINE('',#13669,#13670);
#13669 = CARTESIAN_POINT('',(6.344E+03,-2.901E+03,6.496E+03));
#13670 = VECTOR('',#13671,1.);
#13671 = DIRECTION('',(1.,0.,0.));
#13672 = ORIENTED_EDGE('',*,*,#13620,.F.);
#13673 = PLANE('',#13674);
#13674 = AXIS2_PLACEMENT_3D('',#13675,#13676,#13677);
#13675 = CARTESIAN_POINT('',(6.344E+03,-2.901E+03,6.476E+03));
#13676 = DIRECTION('',(0.,1.,0.));
#13677 = DIRECTION('',(0.,0.,1.));
#13678 = ADVANCED_FACE('',(#13679),#13695,.T.);
#13679 = FACE_BOUND('',#13680,.T.);
#13680 = EDGE_LOOP('',(#13681,#13687,#13688,#13694));
#13681 = ORIENTED_EDGE('',*,*,#13682,.F.);
#13682 = EDGE_CURVE('',#13591,#13631,#13683,.T.);
#13683 = LINE('',#13684,#13685);
#13684 = CARTESIAN_POINT('',(6.344E+03,-2.301E+03,6.476E+03));
#13685 = VECTOR('',#13686,1.);
#13686 = DIRECTION('',(1.,0.,0.));
#13687 = ORIENTED_EDGE('',*,*,#13598,.T.);
#13688 = ORIENTED_EDGE('',*,*,#13689,.T.);
#13689 = EDGE_CURVE('',#13599,#13639,#13690,.T.);
#13690 = LINE('',#13691,#13692);
#13691 = CARTESIAN_POINT('',(6.344E+03,-2.301E+03,6.496E+03));
#13692 = VECTOR('',#13693,1.);
#13693 = DIRECTION('',(1.,0.,0.));
#13694 = ORIENTED_EDGE('',*,*,#13638,.F.);
#13695 = PLANE('',#13696);
#13696 = AXIS2_PLACEMENT_3D('',#13697,#13698,#13699);
#13697 = CARTESIAN_POINT('',(6.344E+03,-2.301E+03,6.476E+03));
#13698 = DIRECTION('',(0.,1.,0.));
#13699 = DIRECTION('',(0.,0.,1.));
#13700 = ADVANCED_FACE('',(#13701),#13707,.F.);
#13701 = FACE_BOUND('',#13702,.F.);
#13702 = EDGE_LOOP('',(#13703,#13704,#13705,#13706));
#13703 = ORIENTED_EDGE('',*,*,#13590,.F.);
#13704 = ORIENTED_EDGE('',*,*,#13660,.T.);
#13705 = ORIENTED_EDGE('',*,*,#13630,.T.);
#13706 = ORIENTED_EDGE('',*,*,#13682,.F.);
#13707 = PLANE('',#13708);
#13708 = AXIS2_PLACEMENT_3D('',#13709,#13710,#13711);
#13709 = CARTESIAN_POINT('',(6.344E+03,-2.901E+03,6.476E+03));
#13710 = DIRECTION('',(0.,0.,1.));
#13711 = DIRECTION('',(1.,0.,0.));
#13712 = ADVANCED_FACE('',(#13713),#13719,.T.);
#13713 = FACE_BOUND('',#13714,.T.);
#13714 = EDGE_LOOP('',(#13715,#13716,#13717,#13718));
#13715 = ORIENTED_EDGE('',*,*,#13606,.F.);
#13716 = ORIENTED_EDGE('',*,*,#13667,.T.);
#13717 = ORIENTED_EDGE('',*,*,#13646,.T.);
#13718 = ORIENTED_EDGE('',*,*,#13689,.F.);
#13719 = PLANE('',#13720);
#13720 = AXIS2_PLACEMENT_3D('',#13721,#13722,#13723);
#13721 = CARTESIAN_POINT('',(6.344E+03,-2.901E+03,6.496E+03));
#13722 = DIRECTION('',(0.,0.,1.));
#13723 = DIRECTION('',(1.,0.,0.));
#13724 = MANIFOLD_SOLID_BREP('',#13725);
#13725 = CLOSED_SHELL('',(#13726,#13766,#13806,#13828,#13850,#13862));
#13726 = ADVANCED_FACE('',(#13727),#13761,.F.);
#13727 = FACE_BOUND('',#13728,.F.);
#13728 = EDGE_LOOP('',(#13729,#13739,#13747,#13755));
#13729 = ORIENTED_EDGE('',*,*,#13730,.F.);
#13730 = EDGE_CURVE('',#13731,#13733,#13735,.T.);
#13731 = VERTEX_POINT('',#13732);
#13732 = CARTESIAN_POINT('',(6.527E+03,-1.537E+03,4.576E+03));
#13733 = VERTEX_POINT('',#13734);
#13734 = CARTESIAN_POINT('',(6.527E+03,-1.537E+03,4.826E+03));
#13735 = LINE('',#13736,#13737);
#13736 = CARTESIAN_POINT('',(6.527E+03,-1.537E+03,4.576E+03));
#13737 = VECTOR('',#13738,1.);
#13738 = DIRECTION('',(0.,0.,1.));
#13739 = ORIENTED_EDGE('',*,*,#13740,.T.);
#13740 = EDGE_CURVE('',#13731,#13741,#13743,.T.);
#13741 = VERTEX_POINT('',#13742);
#13742 = CARTESIAN_POINT('',(6.527E+03,-1.417E+03,4.576E+03));
#13743 = LINE('',#13744,#13745);
#13744 = CARTESIAN_POINT('',(6.527E+03,-1.537E+03,4.576E+03));
#13745 = VECTOR('',#13746,1.);
#13746 = DIRECTION('',(0.,1.,0.));
#13747 = ORIENTED_EDGE('',*,*,#13748,.T.);
#13748 = EDGE_CURVE('',#13741,#13749,#13751,.T.);
#13749 = VERTEX_POINT('',#13750);
#13750 = CARTESIAN_POINT('',(6.527E+03,-1.417E+03,4.826E+03));
#13751 = LINE('',#13752,#13753);
#13752 = CARTESIAN_POINT('',(6.527E+03,-1.417E+03,4.576E+03));
#13753 = VECTOR('',#13754,1.);
#13754 = DIRECTION('',(0.,0.,1.));
#13755 = ORIENTED_EDGE('',*,*,#13756,.F.);
#13756 = EDGE_CURVE('',#13733,#13749,#13757,.T.);
#13757 = LINE('',#13758,#13759);
#13758 = CARTESIAN_POINT('',(6.527E+03,-1.537E+03,4.826E+03));
#13759 = VECTOR('',#13760,1.);
#13760 = DIRECTION('',(0.,1.,0.));
#13761 = PLANE('',#13762);
#13762 = AXIS2_PLACEMENT_3D('',#13763,#13764,#13765);
#13763 = CARTESIAN_POINT('',(6.527E+03,-1.537E+03,4.576E+03));
#13764 = DIRECTION('',(1.,0.,0.));
#13765 = DIRECTION('',(0.,0.,1.));
#13766 = ADVANCED_FACE('',(#13767),#13801,.T.);
#13767 = FACE_BOUND('',#13768,.T.);
#13768 = EDGE_LOOP('',(#13769,#13779,#13787,#13795));
#13769 = ORIENTED_EDGE('',*,*,#13770,.F.);
#13770 = EDGE_CURVE('',#13771,#13773,#13775,.T.);
#13771 = VERTEX_POINT('',#13772);
#13772 = CARTESIAN_POINT('',(6.647E+03,-1.537E+03,4.576E+03));
#13773 = VERTEX_POINT('',#13774);
#13774 = CARTESIAN_POINT('',(6.647E+03,-1.537E+03,4.826E+03));
#13775 = LINE('',#13776,#13777);
#13776 = CARTESIAN_POINT('',(6.647E+03,-1.537E+03,4.576E+03));
#13777 = VECTOR('',#13778,1.);
#13778 = DIRECTION('',(0.,0.,1.));
#13779 = ORIENTED_EDGE('',*,*,#13780,.T.);
#13780 = EDGE_CURVE('',#13771,#13781,#13783,.T.);
#13781 = VERTEX_POINT('',#13782);
#13782 = CARTESIAN_POINT('',(6.647E+03,-1.417E+03,4.576E+03));
#13783 = LINE('',#13784,#13785);
#13784 = CARTESIAN_POINT('',(6.647E+03,-1.537E+03,4.576E+03));
#13785 = VECTOR('',#13786,1.);
#13786 = DIRECTION('',(0.,1.,0.));
#13787 = ORIENTED_EDGE('',*,*,#13788,.T.);
#13788 = EDGE_CURVE('',#13781,#13789,#13791,.T.);
#13789 = VERTEX_POINT('',#13790);
#13790 = CARTESIAN_POINT('',(6.647E+03,-1.417E+03,4.826E+03));
#13791 = LINE('',#13792,#13793);
#13792 = CARTESIAN_POINT('',(6.647E+03,-1.417E+03,4.576E+03));
#13793 = VECTOR('',#13794,1.);
#13794 = DIRECTION('',(0.,0.,1.));
#13795 = ORIENTED_EDGE('',*,*,#13796,.F.);
#13796 = EDGE_CURVE('',#13773,#13789,#13797,.T.);
#13797 = LINE('',#13798,#13799);
#13798 = CARTESIAN_POINT('',(6.647E+03,-1.537E+03,4.826E+03));
#13799 = VECTOR('',#13800,1.);
#13800 = DIRECTION('',(0.,1.,0.));
#13801 = PLANE('',#13802);
#13802 = AXIS2_PLACEMENT_3D('',#13803,#13804,#13805);
#13803 = CARTESIAN_POINT('',(6.647E+03,-1.537E+03,4.576E+03));
#13804 = DIRECTION('',(1.,0.,0.));
#13805 = DIRECTION('',(0.,0.,1.));
#13806 = ADVANCED_FACE('',(#13807),#13823,.F.);
#13807 = FACE_BOUND('',#13808,.F.);
#13808 = EDGE_LOOP('',(#13809,#13815,#13816,#13822));
#13809 = ORIENTED_EDGE('',*,*,#13810,.F.);
#13810 = EDGE_CURVE('',#13731,#13771,#13811,.T.);
#13811 = LINE('',#13812,#13813);
#13812 = CARTESIAN_POINT('',(6.527E+03,-1.537E+03,4.576E+03));
#13813 = VECTOR('',#13814,1.);
#13814 = DIRECTION('',(1.,0.,0.));
#13815 = ORIENTED_EDGE('',*,*,#13730,.T.);
#13816 = ORIENTED_EDGE('',*,*,#13817,.T.);
#13817 = EDGE_CURVE('',#13733,#13773,#13818,.T.);
#13818 = LINE('',#13819,#13820);
#13819 = CARTESIAN_POINT('',(6.527E+03,-1.537E+03,4.826E+03));
#13820 = VECTOR('',#13821,1.);
#13821 = DIRECTION('',(1.,0.,0.));
#13822 = ORIENTED_EDGE('',*,*,#13770,.F.);
#13823 = PLANE('',#13824);
#13824 = AXIS2_PLACEMENT_3D('',#13825,#13826,#13827);
#13825 = CARTESIAN_POINT('',(6.527E+03,-1.537E+03,4.576E+03));
#13826 = DIRECTION('',(0.,1.,0.));
#13827 = DIRECTION('',(0.,0.,1.));
#13828 = ADVANCED_FACE('',(#13829),#13845,.T.);
#13829 = FACE_BOUND('',#13830,.T.);
#13830 = EDGE_LOOP('',(#13831,#13837,#13838,#13844));
#13831 = ORIENTED_EDGE('',*,*,#13832,.F.);
#13832 = EDGE_CURVE('',#13741,#13781,#13833,.T.);
#13833 = LINE('',#13834,#13835);
#13834 = CARTESIAN_POINT('',(6.527E+03,-1.417E+03,4.576E+03));
#13835 = VECTOR('',#13836,1.);
#13836 = DIRECTION('',(1.,0.,0.));
#13837 = ORIENTED_EDGE('',*,*,#13748,.T.);
#13838 = ORIENTED_EDGE('',*,*,#13839,.T.);
#13839 = EDGE_CURVE('',#13749,#13789,#13840,.T.);
#13840 = LINE('',#13841,#13842);
#13841 = CARTESIAN_POINT('',(6.527E+03,-1.417E+03,4.826E+03));
#13842 = VECTOR('',#13843,1.);
#13843 = DIRECTION('',(1.,0.,0.));
#13844 = ORIENTED_EDGE('',*,*,#13788,.F.);
#13845 = PLANE('',#13846);
#13846 = AXIS2_PLACEMENT_3D('',#13847,#13848,#13849);
#13847 = CARTESIAN_POINT('',(6.527E+03,-1.417E+03,4.576E+03));
#13848 = DIRECTION('',(0.,1.,0.));
#13849 = DIRECTION('',(0.,0.,1.));
#13850 = ADVANCED_FACE('',(#13851),#13857,.F.);
#13851 = FACE_BOUND('',#13852,.F.);
#13852 = EDGE_LOOP('',(#13853,#13854,#13855,#13856));
#13853 = ORIENTED_EDGE('',*,*,#13740,.F.);
#13854 = ORIENTED_EDGE('',*,*,#13810,.T.);
#13855 = ORIENTED_EDGE('',*,*,#13780,.T.);
#13856 = ORIENTED_EDGE('',*,*,#13832,.F.);
#13857 = PLANE('',#13858);
#13858 = AXIS2_PLACEMENT_3D('',#13859,#13860,#13861);
#13859 = CARTESIAN_POINT('',(6.527E+03,-1.537E+03,4.576E+03));
#13860 = DIRECTION('',(0.,0.,1.));
#13861 = DIRECTION('',(1.,0.,0.));
#13862 = ADVANCED_FACE('',(#13863),#13869,.T.);
#13863 = FACE_BOUND('',#13864,.T.);
#13864 = EDGE_LOOP('',(#13865,#13866,#13867,#13868));
#13865 = ORIENTED_EDGE('',*,*,#13756,.F.);
#13866 = ORIENTED_EDGE('',*,*,#13817,.T.);
#13867 = ORIENTED_EDGE('',*,*,#13796,.T.);
#13868 = ORIENTED_EDGE('',*,*,#13839,.F.);
#13869 = PLANE('',#13870);
#13870 = AXIS2_PLACEMENT_3D('',#13871,#13872,#13873);
#13871 = CARTESIAN_POINT('',(6.527E+03,-1.537E+03,4.826E+03));
#13872 = DIRECTION('',(0.,0.,1.));
#13873 = DIRECTION('',(1.,0.,0.));
#13874 = MANIFOLD_SOLID_BREP('',#13875);
#13875 = CLOSED_SHELL('',(#13876,#13902));
#13876 = ADVANCED_FACE('',(#13877),#13897,.T.);
#13877 = FACE_BOUND('',#13878,.T.);
#13878 = EDGE_LOOP('',(#13879,#13888,#13896));
#13879 = ORIENTED_EDGE('',*,*,#13880,.F.);
#13880 = EDGE_CURVE('',#13881,#13881,#13883,.T.);
#13881 = VERTEX_POINT('',#13882);
#13882 = CARTESIAN_POINT('',(6.897E+03,-1.077E+03,5.956E+03));
#13883 = CIRCLE('',#13884,90.);
#13884 = AXIS2_PLACEMENT_3D('',#13885,#13886,#13887);
#13885 = CARTESIAN_POINT('',(6.987E+03,-1.077E+03,5.956E+03));
#13886 = DIRECTION('',(0.,0.,-1.));
#13887 = DIRECTION('',(-1.,0.,0.));
#13888 = ORIENTED_EDGE('',*,*,#13889,.F.);
#13889 = EDGE_CURVE('',#13890,#13881,#13892,.T.);
#13890 = VERTEX_POINT('',#13891);
#13891 = CARTESIAN_POINT('',(6.987E+03,-1.077E+03,6.076E+03));
#13892 = LINE('',#13893,#13894);
#13893 = CARTESIAN_POINT('',(6.987E+03,-1.077E+03,6.076E+03));
#13894 = VECTOR('',#13895,1.);
#13895 = DIRECTION('',(-0.6,-1.5E-16,-0.8));
#13896 = ORIENTED_EDGE('',*,*,#13889,.T.);
#13897 = CONICAL_SURFACE('',#13898,0.,0.643501108793);
#13898 = AXIS2_PLACEMENT_3D('',#13899,#13900,#13901);
#13899 = CARTESIAN_POINT('',(6.987E+03,-1.077E+03,6.076E+03));
#13900 = DIRECTION('',(0.,0.,-1.));
#13901 = DIRECTION('',(-1.,0.,0.));
#13902 = ADVANCED_FACE('',(#13903),#13906,.T.);
#13903 = FACE_BOUND('',#13904,.T.);
#13904 = EDGE_LOOP('',(#13905));
#13905 = ORIENTED_EDGE('',*,*,#13880,.T.);
#13906 = PLANE('',#13907);
#13907 = AXIS2_PLACEMENT_3D('',#13908,#13909,#13910);
#13908 = CARTESIAN_POINT('',(6.987E+03,-1.077E+03,5.956E+03));
#13909 = DIRECTION('',(0.,0.,-1.));
#13910 = DIRECTION('',(-1.,0.,0.));
#13911 = MANIFOLD_SOLID_BREP('',#13912);
#13912 = CLOSED_SHELL('',(#13913,#13946,#13955));
#13913 = ADVANCED_FACE('',(#13914),#13941,.T.);
#13914 = FACE_BOUND('',#13915,.T.);
#13915 = EDGE_LOOP('',(#13916,#13925,#13933,#13940));
#13916 = ORIENTED_EDGE('',*,*,#13917,.F.);
#13917 = EDGE_CURVE('',#13918,#13918,#13920,.T.);
#13918 = VERTEX_POINT('',#13919);
#13919 = CARTESIAN_POINT('',(7.308E+03,3.367E+03,3.796E+03));
#13920 = CIRCLE('',#13921,60.);
#13921 = AXIS2_PLACEMENT_3D('',#13922,#13923,#13924);
#13922 = CARTESIAN_POINT('',(7.248E+03,3.367E+03,3.796E+03));
#13923 = DIRECTION('',(0.,0.,1.));
#13924 = DIRECTION('',(1.,0.,0.));
#13925 = ORIENTED_EDGE('',*,*,#13926,.F.);
#13926 = EDGE_CURVE('',#13927,#13918,#13929,.T.);
#13927 = VERTEX_POINT('',#13928);
#13928 = CARTESIAN_POINT('',(7.308E+03,3.367E+03,3.776E+03));
#13929 = LINE('',#13930,#13931);
#13930 = CARTESIAN_POINT('',(7.308E+03,3.367E+03,3.776E+03));
#13931 = VECTOR('',#13932,1.);
#13932 = DIRECTION('',(0.,0.,1.));
#13933 = ORIENTED_EDGE('',*,*,#13934,.T.);
#13934 = EDGE_CURVE('',#13927,#13927,#13935,.T.);
#13935 = CIRCLE('',#13936,60.);
#13936 = AXIS2_PLACEMENT_3D('',#13937,#13938,#13939);
#13937 = CARTESIAN_POINT('',(7.248E+03,3.367E+03,3.776E+03));
#13938 = DIRECTION('',(0.,0.,1.));
#13939 = DIRECTION('',(1.,0.,0.));
#13940 = ORIENTED_EDGE('',*,*,#13926,.T.);
#13941 = CYLINDRICAL_SURFACE('',#13942,60.);
#13942 = AXIS2_PLACEMENT_3D('',#13943,#13944,#13945);
#13943 = CARTESIAN_POINT('',(7.248E+03,3.367E+03,3.776E+03));
#13944 = DIRECTION('',(0.,0.,1.));
#13945 = DIRECTION('',(1.,0.,0.));
#13946 = ADVANCED_FACE('',(#13947),#13950,.T.);
#13947 = FACE_BOUND('',#13948,.T.);
#13948 = EDGE_LOOP('',(#13949));
#13949 = ORIENTED_EDGE('',*,*,#13917,.T.);
#13950 = PLANE('',#13951);
#13951 = AXIS2_PLACEMENT_3D('',#13952,#13953,#13954);
#13952 = CARTESIAN_POINT('',(7.248E+03,3.367E+03,3.796E+03));
#13953 = DIRECTION('',(0.,0.,1.));
#13954 = DIRECTION('',(1.,0.,0.));
#13955 = ADVANCED_FACE('',(#13956),#13959,.F.);
#13956 = FACE_BOUND('',#13957,.T.);
#13957 = EDGE_LOOP('',(#13958));
#13958 = ORIENTED_EDGE('',*,*,#13934,.F.);
#13959 = PLANE('',#13960);
#13960 = AXIS2_PLACEMENT_3D('',#13961,#13962,#13963);
#13961 = CARTESIAN_POINT('',(7.248E+03,3.367E+03,3.776E+03));
#13962 = DIRECTION('',(0.,0.,1.));
#13963 = DIRECTION('',(1.,0.,0.));
#13964 = MANIFOLD_SOLID_BREP('',#13965);
#13965 = CLOSED_SHELL('',(#13966,#13999,#14008));
#13966 = ADVANCED_FACE('',(#13967),#13994,.T.);
#13967 = FACE_BOUND('',#13968,.T.);
#13968 = EDGE_LOOP('',(#13969,#13978,#13986,#13993));
#13969 = ORIENTED_EDGE('',*,*,#13970,.F.);
#13970 = EDGE_CURVE('',#13971,#13971,#13973,.T.);
#13971 = VERTEX_POINT('',#13972);
#13972 = CARTESIAN_POINT('',(-3.04E+03,5.566E+03,3.796E+03));
#13973 = CIRCLE('',#13974,60.);
#13974 = AXIS2_PLACEMENT_3D('',#13975,#13976,#13977);
#13975 = CARTESIAN_POINT('',(-3.1E+03,5.566E+03,3.796E+03));
#13976 = DIRECTION('',(0.,0.,1.));
#13977 = DIRECTION('',(1.,0.,0.));
#13978 = ORIENTED_EDGE('',*,*,#13979,.F.);
#13979 = EDGE_CURVE('',#13980,#13971,#13982,.T.);
#13980 = VERTEX_POINT('',#13981);
#13981 = CARTESIAN_POINT('',(-3.04E+03,5.566E+03,3.776E+03));
#13982 = LINE('',#13983,#13984);
#13983 = CARTESIAN_POINT('',(-3.04E+03,5.566E+03,3.776E+03));
#13984 = VECTOR('',#13985,1.);
#13985 = DIRECTION('',(0.,0.,1.));
#13986 = ORIENTED_EDGE('',*,*,#13987,.T.);
#13987 = EDGE_CURVE('',#13980,#13980,#13988,.T.);
#13988 = CIRCLE('',#13989,60.);
#13989 = AXIS2_PLACEMENT_3D('',#13990,#13991,#13992);
#13990 = CARTESIAN_POINT('',(-3.1E+03,5.566E+03,3.776E+03));
#13991 = DIRECTION('',(0.,0.,1.));
#13992 = DIRECTION('',(1.,0.,0.));
#13993 = ORIENTED_EDGE('',*,*,#13979,.T.);
#13994 = CYLINDRICAL_SURFACE('',#13995,60.);
#13995 = AXIS2_PLACEMENT_3D('',#13996,#13997,#13998);
#13996 = CARTESIAN_POINT('',(-3.1E+03,5.566E+03,3.776E+03));
#13997 = DIRECTION('',(0.,0.,1.));
#13998 = DIRECTION('',(1.,0.,0.));
#13999 = ADVANCED_FACE('',(#14000),#14003,.T.);
#14000 = FACE_BOUND('',#14001,.T.);
#14001 = EDGE_LOOP('',(#14002));
#14002 = ORIENTED_EDGE('',*,*,#13970,.T.);
#14003 = PLANE('',#14004);
#14004 = AXIS2_PLACEMENT_3D('',#14005,#14006,#14007);
#14005 = CARTESIAN_POINT('',(-3.1E+03,5.566E+03,3.796E+03));
#14006 = DIRECTION('',(0.,0.,1.));
#14007 = DIRECTION('',(1.,0.,0.));
#14008 = ADVANCED_FACE('',(#14009),#14012,.F.);
#14009 = FACE_BOUND('',#14010,.T.);
#14010 = EDGE_LOOP('',(#14011));
#14011 = ORIENTED_EDGE('',*,*,#13987,.F.);
#14012 = PLANE('',#14013);
#14013 = AXIS2_PLACEMENT_3D('',#14014,#14015,#14016);
#14014 = CARTESIAN_POINT('',(-3.1E+03,5.566E+03,3.776E+03));
#14015 = DIRECTION('',(0.,0.,1.));
#14016 = DIRECTION('',(1.,0.,0.));
#14017 = ( GEOMETRIC_REPRESENTATION_CONTEXT(3) 
GLOBAL_UNCERTAINTY_ASSIGNED_CONTEXT((#14021)) 
GLOBAL_UNIT_ASSIGNED_CONTEXT((#14018,#14019,#14020)) 
REPRESENTATION_CONTEXT('Context #1',
  '3D Context with UNIT and UNCERTAINTY') );
#14018 = ( LENGTH_UNIT() NAMED_UNIT(*) SI_UNIT(.MILLI.,.METRE.) );
#14019 = ( NAMED_UNIT(*) PLANE_ANGLE_UNIT() SI_UNIT($,.RADIAN.) );
#14020 = ( NAMED_UNIT(*) SI_UNIT($,.STERADIAN.) SOLID_ANGLE_UNIT() );
#14021 = UNCERTAINTY_MEASURE_WITH_UNIT(LENGTH_MEASURE(1.E-07),#14018,
  'distance_accuracy_value','confusion accuracy');
#14022 = PRODUCT_RELATED_PRODUCT_CATEGORY('part',$,(#7));
ENDSEC;
END-ISO-10303-21;
