ISO-10303-21;
HEADER;
FILE_DESCRIPTION(('FreeCAD Model'),'2;1');
FILE_NAME('Open CASCADE Shape Model','2026-09-12T16:39:29',('FreeCAD'),(
    'FreeCAD'),'Open CASCADE STEP processor 7.8','FreeCAD','Unknown');
FILE_SCHEMA(('AUTOMOTIVE_DESIGN { 1 0 10303 214 1 1 1 1 }'));
ENDSEC;
DATA;
#1 = APPLICATION_PROTOCOL_DEFINITION('international standard',
  'automotive_design',2000,#2);
#2 = APPLICATION_CONTEXT(
  'core data for automotive mechanical design processes');
#3 = SHAPE_DEFINITION_REPRESENTATION(#4,#10);
#4 = PRODUCT_DEFINITION_SHAPE('','',#5);
#5 = PRODUCT_DEFINITION('design','',#6,#9);
#6 = PRODUCT_DEFINITION_FORMATION('','',#7);
#7 = PRODUCT('Open CASCADE STEP translator 7.8 1',
  'Open CASCADE STEP translator 7.8 1','',(#8));
#8 = PRODUCT_CONTEXT('',#2,'mechanical');
#9 = PRODUCT_DEFINITION_CONTEXT('part definition',#2,'design');
#10 = SHAPE_REPRESENTATION('',(#11,#15,#165,#315,#465,#615,#765,#915,
    #1065,#1215,#1365,#1418,#1568,#1718,#1868,#2018,#2168,#2318,#2468,
    #2521,#2671,#2821,#2971,#3121,#3271,#3421,#3571,#3721,#3871,#3924,
    #3977,#4127,#4277,#4427,#4577,#4727,#4780,#4833,#4983,#5133,#5283,
    #5433,#5583,#5733,#5883,#5936,#5989,#6042,#6095,#6148,#6298,#6448,
    #6598,#6748,#6801,#6951,#7101,#7154,#7207,#7260,#7313,#7366,#7516,
    #7569,#7719,#7756,#7793,#7846,#7899,#8049,#8199,#8349,#8499,#8552,
    #8605,#8642,#8792,#8829,#8882,#8935,#8988,#9041,#9094,#9147,#9297,
    #9334,#9484,#9634,#9784,#9934,#10084,#10234,#10384,#10534,#10684,
    #10721,#10871,#11021,#11171,#11224,#11277,#11330,#11383,#11436,
    #11489,#11639,#11676,#11729,#11782,#11835,#11888,#11941,#11994,
    #12047,#12100,#12153,#12206,#12259,#12312,#12365,#12418,#12471,
    #12524,#12577,#12630,#12683,#12736,#12886,#13036,#13073,#13126),
  #13179);
#11 = AXIS2_PLACEMENT_3D('',#12,#13,#14);
#12 = CARTESIAN_POINT('',(0.,0.,0.));
#13 = DIRECTION('',(0.,0.,1.));
#14 = DIRECTION('',(1.,0.,-0.));
#15 = MANIFOLD_SOLID_BREP('',#16);
#16 = CLOSED_SHELL('',(#17,#57,#97,#119,#141,#153));
#17 = ADVANCED_FACE('',(#18),#52,.F.);
#18 = FACE_BOUND('',#19,.F.);
#19 = EDGE_LOOP('',(#20,#30,#38,#46));
#20 = ORIENTED_EDGE('',*,*,#21,.F.);
#21 = EDGE_CURVE('',#22,#24,#26,.T.);
#22 = VERTEX_POINT('',#23);
#23 = CARTESIAN_POINT('',(6.095E+03,387.,3.E+03));
#24 = VERTEX_POINT('',#25);
#25 = CARTESIAN_POINT('',(6.095E+03,387.,3.02E+03));
#26 = LINE('',#27,#28);
#27 = CARTESIAN_POINT('',(6.095E+03,387.,3.E+03));
#28 = VECTOR('',#29,1.);
#29 = DIRECTION('',(0.,0.,1.));
#30 = ORIENTED_EDGE('',*,*,#31,.T.);
#31 = EDGE_CURVE('',#22,#32,#34,.T.);
#32 = VERTEX_POINT('',#33);
#33 = CARTESIAN_POINT('',(6.095E+03,987.,3.E+03));
#34 = LINE('',#35,#36);
#35 = CARTESIAN_POINT('',(6.095E+03,387.,3.E+03));
#36 = VECTOR('',#37,1.);
#37 = DIRECTION('',(0.,1.,0.));
#38 = ORIENTED_EDGE('',*,*,#39,.T.);
#39 = EDGE_CURVE('',#32,#40,#42,.T.);
#40 = VERTEX_POINT('',#41);
#41 = CARTESIAN_POINT('',(6.095E+03,987.,3.02E+03));
#42 = LINE('',#43,#44);
#43 = CARTESIAN_POINT('',(6.095E+03,987.,3.E+03));
#44 = VECTOR('',#45,1.);
#45 = DIRECTION('',(0.,0.,1.));
#46 = ORIENTED_EDGE('',*,*,#47,.F.);
#47 = EDGE_CURVE('',#24,#40,#48,.T.);
#48 = LINE('',#49,#50);
#49 = CARTESIAN_POINT('',(6.095E+03,387.,3.02E+03));
#50 = VECTOR('',#51,1.);
#51 = DIRECTION('',(0.,1.,0.));
#52 = PLANE('',#53);
#53 = AXIS2_PLACEMENT_3D('',#54,#55,#56);
#54 = CARTESIAN_POINT('',(6.095E+03,387.,3.E+03));
#55 = DIRECTION('',(1.,0.,0.));
#56 = DIRECTION('',(0.,0.,1.));
#57 = ADVANCED_FACE('',(#58),#92,.T.);
#58 = FACE_BOUND('',#59,.T.);
#59 = EDGE_LOOP('',(#60,#70,#78,#86));
#60 = ORIENTED_EDGE('',*,*,#61,.F.);
#61 = EDGE_CURVE('',#62,#64,#66,.T.);
#62 = VERTEX_POINT('',#63);
#63 = CARTESIAN_POINT('',(6.695E+03,387.,3.E+03));
#64 = VERTEX_POINT('',#65);
#65 = CARTESIAN_POINT('',(6.695E+03,387.,3.02E+03));
#66 = LINE('',#67,#68);
#67 = CARTESIAN_POINT('',(6.695E+03,387.,3.E+03));
#68 = VECTOR('',#69,1.);
#69 = DIRECTION('',(0.,0.,1.));
#70 = ORIENTED_EDGE('',*,*,#71,.T.);
#71 = EDGE_CURVE('',#62,#72,#74,.T.);
#72 = VERTEX_POINT('',#73);
#73 = CARTESIAN_POINT('',(6.695E+03,987.,3.E+03));
#74 = LINE('',#75,#76);
#75 = CARTESIAN_POINT('',(6.695E+03,387.,3.E+03));
#76 = VECTOR('',#77,1.);
#77 = DIRECTION('',(0.,1.,0.));
#78 = ORIENTED_EDGE('',*,*,#79,.T.);
#79 = EDGE_CURVE('',#72,#80,#82,.T.);
#80 = VERTEX_POINT('',#81);
#81 = CARTESIAN_POINT('',(6.695E+03,987.,3.02E+03));
#82 = LINE('',#83,#84);
#83 = CARTESIAN_POINT('',(6.695E+03,987.,3.E+03));
#84 = VECTOR('',#85,1.);
#85 = DIRECTION('',(0.,0.,1.));
#86 = ORIENTED_EDGE('',*,*,#87,.F.);
#87 = EDGE_CURVE('',#64,#80,#88,.T.);
#88 = LINE('',#89,#90);
#89 = CARTESIAN_POINT('',(6.695E+03,387.,3.02E+03));
#90 = VECTOR('',#91,1.);
#91 = DIRECTION('',(0.,1.,0.));
#92 = PLANE('',#93);
#93 = AXIS2_PLACEMENT_3D('',#94,#95,#96);
#94 = CARTESIAN_POINT('',(6.695E+03,387.,3.E+03));
#95 = DIRECTION('',(1.,0.,0.));
#96 = DIRECTION('',(0.,0.,1.));
#97 = ADVANCED_FACE('',(#98),#114,.F.);
#98 = FACE_BOUND('',#99,.F.);
#99 = EDGE_LOOP('',(#100,#106,#107,#113));
#100 = ORIENTED_EDGE('',*,*,#101,.F.);
#101 = EDGE_CURVE('',#22,#62,#102,.T.);
#102 = LINE('',#103,#104);
#103 = CARTESIAN_POINT('',(6.095E+03,387.,3.E+03));
#104 = VECTOR('',#105,1.);
#105 = DIRECTION('',(1.,0.,0.));
#106 = ORIENTED_EDGE('',*,*,#21,.T.);
#107 = ORIENTED_EDGE('',*,*,#108,.T.);
#108 = EDGE_CURVE('',#24,#64,#109,.T.);
#109 = LINE('',#110,#111);
#110 = CARTESIAN_POINT('',(6.095E+03,387.,3.02E+03));
#111 = VECTOR('',#112,1.);
#112 = DIRECTION('',(1.,0.,0.));
#113 = ORIENTED_EDGE('',*,*,#61,.F.);
#114 = PLANE('',#115);
#115 = AXIS2_PLACEMENT_3D('',#116,#117,#118);
#116 = CARTESIAN_POINT('',(6.095E+03,387.,3.E+03));
#117 = DIRECTION('',(0.,1.,0.));
#118 = DIRECTION('',(0.,0.,1.));
#119 = ADVANCED_FACE('',(#120),#136,.T.);
#120 = FACE_BOUND('',#121,.T.);
#121 = EDGE_LOOP('',(#122,#128,#129,#135));
#122 = ORIENTED_EDGE('',*,*,#123,.F.);
#123 = EDGE_CURVE('',#32,#72,#124,.T.);
#124 = LINE('',#125,#126);
#125 = CARTESIAN_POINT('',(6.095E+03,987.,3.E+03));
#126 = VECTOR('',#127,1.);
#127 = DIRECTION('',(1.,0.,0.));
#128 = ORIENTED_EDGE('',*,*,#39,.T.);
#129 = ORIENTED_EDGE('',*,*,#130,.T.);
#130 = EDGE_CURVE('',#40,#80,#131,.T.);
#131 = LINE('',#132,#133);
#132 = CARTESIAN_POINT('',(6.095E+03,987.,3.02E+03));
#133 = VECTOR('',#134,1.);
#134 = DIRECTION('',(1.,0.,0.));
#135 = ORIENTED_EDGE('',*,*,#79,.F.);
#136 = PLANE('',#137);
#137 = AXIS2_PLACEMENT_3D('',#138,#139,#140);
#138 = CARTESIAN_POINT('',(6.095E+03,987.,3.E+03));
#139 = DIRECTION('',(0.,1.,0.));
#140 = DIRECTION('',(0.,0.,1.));
#141 = ADVANCED_FACE('',(#142),#148,.F.);
#142 = FACE_BOUND('',#143,.F.);
#143 = EDGE_LOOP('',(#144,#145,#146,#147));
#144 = ORIENTED_EDGE('',*,*,#31,.F.);
#145 = ORIENTED_EDGE('',*,*,#101,.T.);
#146 = ORIENTED_EDGE('',*,*,#71,.T.);
#147 = ORIENTED_EDGE('',*,*,#123,.F.);
#148 = PLANE('',#149);
#149 = AXIS2_PLACEMENT_3D('',#150,#151,#152);
#150 = CARTESIAN_POINT('',(6.095E+03,387.,3.E+03));
#151 = DIRECTION('',(0.,0.,1.));
#152 = DIRECTION('',(1.,0.,0.));
#153 = ADVANCED_FACE('',(#154),#160,.T.);
#154 = FACE_BOUND('',#155,.T.);
#155 = EDGE_LOOP('',(#156,#157,#158,#159));
#156 = ORIENTED_EDGE('',*,*,#47,.F.);
#157 = ORIENTED_EDGE('',*,*,#108,.T.);
#158 = ORIENTED_EDGE('',*,*,#87,.T.);
#159 = ORIENTED_EDGE('',*,*,#130,.F.);
#160 = PLANE('',#161);
#161 = AXIS2_PLACEMENT_3D('',#162,#163,#164);
#162 = CARTESIAN_POINT('',(6.095E+03,387.,3.02E+03));
#163 = DIRECTION('',(0.,0.,1.));
#164 = DIRECTION('',(1.,0.,0.));
#165 = MANIFOLD_SOLID_BREP('',#166);
#166 = CLOSED_SHELL('',(#167,#207,#247,#269,#291,#303));
#167 = ADVANCED_FACE('',(#168),#202,.F.);
#168 = FACE_BOUND('',#169,.F.);
#169 = EDGE_LOOP('',(#170,#180,#188,#196));
#170 = ORIENTED_EDGE('',*,*,#171,.F.);
#171 = EDGE_CURVE('',#172,#174,#176,.T.);
#172 = VERTEX_POINT('',#173);
#173 = CARTESIAN_POINT('',(6.095E+03,2.382E+03,3.E+03));
#174 = VERTEX_POINT('',#175);
#175 = CARTESIAN_POINT('',(6.095E+03,2.382E+03,3.02E+03));
#176 = LINE('',#177,#178);
#177 = CARTESIAN_POINT('',(6.095E+03,2.382E+03,3.E+03));
#178 = VECTOR('',#179,1.);
#179 = DIRECTION('',(0.,0.,1.));
#180 = ORIENTED_EDGE('',*,*,#181,.T.);
#181 = EDGE_CURVE('',#172,#182,#184,.T.);
#182 = VERTEX_POINT('',#183);
#183 = CARTESIAN_POINT('',(6.095E+03,2.982E+03,3.E+03));
#184 = LINE('',#185,#186);
#185 = CARTESIAN_POINT('',(6.095E+03,2.382E+03,3.E+03));
#186 = VECTOR('',#187,1.);
#187 = DIRECTION('',(0.,1.,0.));
#188 = ORIENTED_EDGE('',*,*,#189,.T.);
#189 = EDGE_CURVE('',#182,#190,#192,.T.);
#190 = VERTEX_POINT('',#191);
#191 = CARTESIAN_POINT('',(6.095E+03,2.982E+03,3.02E+03));
#192 = LINE('',#193,#194);
#193 = CARTESIAN_POINT('',(6.095E+03,2.982E+03,3.E+03));
#194 = VECTOR('',#195,1.);
#195 = DIRECTION('',(0.,0.,1.));
#196 = ORIENTED_EDGE('',*,*,#197,.F.);
#197 = EDGE_CURVE('',#174,#190,#198,.T.);
#198 = LINE('',#199,#200);
#199 = CARTESIAN_POINT('',(6.095E+03,2.382E+03,3.02E+03));
#200 = VECTOR('',#201,1.);
#201 = DIRECTION('',(0.,1.,0.));
#202 = PLANE('',#203);
#203 = AXIS2_PLACEMENT_3D('',#204,#205,#206);
#204 = CARTESIAN_POINT('',(6.095E+03,2.382E+03,3.E+03));
#205 = DIRECTION('',(1.,0.,0.));
#206 = DIRECTION('',(0.,0.,1.));
#207 = ADVANCED_FACE('',(#208),#242,.T.);
#208 = FACE_BOUND('',#209,.T.);
#209 = EDGE_LOOP('',(#210,#220,#228,#236));
#210 = ORIENTED_EDGE('',*,*,#211,.F.);
#211 = EDGE_CURVE('',#212,#214,#216,.T.);
#212 = VERTEX_POINT('',#213);
#213 = CARTESIAN_POINT('',(6.695E+03,2.382E+03,3.E+03));
#214 = VERTEX_POINT('',#215);
#215 = CARTESIAN_POINT('',(6.695E+03,2.382E+03,3.02E+03));
#216 = LINE('',#217,#218);
#217 = CARTESIAN_POINT('',(6.695E+03,2.382E+03,3.E+03));
#218 = VECTOR('',#219,1.);
#219 = DIRECTION('',(0.,0.,1.));
#220 = ORIENTED_EDGE('',*,*,#221,.T.);
#221 = EDGE_CURVE('',#212,#222,#224,.T.);
#222 = VERTEX_POINT('',#223);
#223 = CARTESIAN_POINT('',(6.695E+03,2.982E+03,3.E+03));
#224 = LINE('',#225,#226);
#225 = CARTESIAN_POINT('',(6.695E+03,2.382E+03,3.E+03));
#226 = VECTOR('',#227,1.);
#227 = DIRECTION('',(0.,1.,0.));
#228 = ORIENTED_EDGE('',*,*,#229,.T.);
#229 = EDGE_CURVE('',#222,#230,#232,.T.);
#230 = VERTEX_POINT('',#231);
#231 = CARTESIAN_POINT('',(6.695E+03,2.982E+03,3.02E+03));
#232 = LINE('',#233,#234);
#233 = CARTESIAN_POINT('',(6.695E+03,2.982E+03,3.E+03));
#234 = VECTOR('',#235,1.);
#235 = DIRECTION('',(0.,0.,1.));
#236 = ORIENTED_EDGE('',*,*,#237,.F.);
#237 = EDGE_CURVE('',#214,#230,#238,.T.);
#238 = LINE('',#239,#240);
#239 = CARTESIAN_POINT('',(6.695E+03,2.382E+03,3.02E+03));
#240 = VECTOR('',#241,1.);
#241 = DIRECTION('',(0.,1.,0.));
#242 = PLANE('',#243);
#243 = AXIS2_PLACEMENT_3D('',#244,#245,#246);
#244 = CARTESIAN_POINT('',(6.695E+03,2.382E+03,3.E+03));
#245 = DIRECTION('',(1.,0.,0.));
#246 = DIRECTION('',(0.,0.,1.));
#247 = ADVANCED_FACE('',(#248),#264,.F.);
#248 = FACE_BOUND('',#249,.F.);
#249 = EDGE_LOOP('',(#250,#256,#257,#263));
#250 = ORIENTED_EDGE('',*,*,#251,.F.);
#251 = EDGE_CURVE('',#172,#212,#252,.T.);
#252 = LINE('',#253,#254);
#253 = CARTESIAN_POINT('',(6.095E+03,2.382E+03,3.E+03));
#254 = VECTOR('',#255,1.);
#255 = DIRECTION('',(1.,0.,0.));
#256 = ORIENTED_EDGE('',*,*,#171,.T.);
#257 = ORIENTED_EDGE('',*,*,#258,.T.);
#258 = EDGE_CURVE('',#174,#214,#259,.T.);
#259 = LINE('',#260,#261);
#260 = CARTESIAN_POINT('',(6.095E+03,2.382E+03,3.02E+03));
#261 = VECTOR('',#262,1.);
#262 = DIRECTION('',(1.,0.,0.));
#263 = ORIENTED_EDGE('',*,*,#211,.F.);
#264 = PLANE('',#265);
#265 = AXIS2_PLACEMENT_3D('',#266,#267,#268);
#266 = CARTESIAN_POINT('',(6.095E+03,2.382E+03,3.E+03));
#267 = DIRECTION('',(0.,1.,0.));
#268 = DIRECTION('',(0.,0.,1.));
#269 = ADVANCED_FACE('',(#270),#286,.T.);
#270 = FACE_BOUND('',#271,.T.);
#271 = EDGE_LOOP('',(#272,#278,#279,#285));
#272 = ORIENTED_EDGE('',*,*,#273,.F.);
#273 = EDGE_CURVE('',#182,#222,#274,.T.);
#274 = LINE('',#275,#276);
#275 = CARTESIAN_POINT('',(6.095E+03,2.982E+03,3.E+03));
#276 = VECTOR('',#277,1.);
#277 = DIRECTION('',(1.,0.,0.));
#278 = ORIENTED_EDGE('',*,*,#189,.T.);
#279 = ORIENTED_EDGE('',*,*,#280,.T.);
#280 = EDGE_CURVE('',#190,#230,#281,.T.);
#281 = LINE('',#282,#283);
#282 = CARTESIAN_POINT('',(6.095E+03,2.982E+03,3.02E+03));
#283 = VECTOR('',#284,1.);
#284 = DIRECTION('',(1.,0.,0.));
#285 = ORIENTED_EDGE('',*,*,#229,.F.);
#286 = PLANE('',#287);
#287 = AXIS2_PLACEMENT_3D('',#288,#289,#290);
#288 = CARTESIAN_POINT('',(6.095E+03,2.982E+03,3.E+03));
#289 = DIRECTION('',(0.,1.,0.));
#290 = DIRECTION('',(0.,0.,1.));
#291 = ADVANCED_FACE('',(#292),#298,.F.);
#292 = FACE_BOUND('',#293,.F.);
#293 = EDGE_LOOP('',(#294,#295,#296,#297));
#294 = ORIENTED_EDGE('',*,*,#181,.F.);
#295 = ORIENTED_EDGE('',*,*,#251,.T.);
#296 = ORIENTED_EDGE('',*,*,#221,.T.);
#297 = ORIENTED_EDGE('',*,*,#273,.F.);
#298 = PLANE('',#299);
#299 = AXIS2_PLACEMENT_3D('',#300,#301,#302);
#300 = CARTESIAN_POINT('',(6.095E+03,2.382E+03,3.E+03));
#301 = DIRECTION('',(0.,0.,1.));
#302 = DIRECTION('',(1.,0.,0.));
#303 = ADVANCED_FACE('',(#304),#310,.T.);
#304 = FACE_BOUND('',#305,.T.);
#305 = EDGE_LOOP('',(#306,#307,#308,#309));
#306 = ORIENTED_EDGE('',*,*,#197,.F.);
#307 = ORIENTED_EDGE('',*,*,#258,.T.);
#308 = ORIENTED_EDGE('',*,*,#237,.T.);
#309 = ORIENTED_EDGE('',*,*,#280,.F.);
#310 = PLANE('',#311);
#311 = AXIS2_PLACEMENT_3D('',#312,#313,#314);
#312 = CARTESIAN_POINT('',(6.095E+03,2.382E+03,3.02E+03));
#313 = DIRECTION('',(0.,0.,1.));
#314 = DIRECTION('',(1.,0.,0.));
#315 = MANIFOLD_SOLID_BREP('',#316);
#316 = CLOSED_SHELL('',(#317,#357,#397,#419,#441,#453));
#317 = ADVANCED_FACE('',(#318),#352,.F.);
#318 = FACE_BOUND('',#319,.F.);
#319 = EDGE_LOOP('',(#320,#330,#338,#346));
#320 = ORIENTED_EDGE('',*,*,#321,.F.);
#321 = EDGE_CURVE('',#322,#324,#326,.T.);
#322 = VERTEX_POINT('',#323);
#323 = CARTESIAN_POINT('',(4.259E+03,387.,3.E+03));
#324 = VERTEX_POINT('',#325);
#325 = CARTESIAN_POINT('',(4.259E+03,387.,3.02E+03));
#326 = LINE('',#327,#328);
#327 = CARTESIAN_POINT('',(4.259E+03,387.,3.E+03));
#328 = VECTOR('',#329,1.);
#329 = DIRECTION('',(0.,0.,1.));
#330 = ORIENTED_EDGE('',*,*,#331,.T.);
#331 = EDGE_CURVE('',#322,#332,#334,.T.);
#332 = VERTEX_POINT('',#333);
#333 = CARTESIAN_POINT('',(4.259E+03,987.,3.E+03));
#334 = LINE('',#335,#336);
#335 = CARTESIAN_POINT('',(4.259E+03,387.,3.E+03));
#336 = VECTOR('',#337,1.);
#337 = DIRECTION('',(0.,1.,0.));
#338 = ORIENTED_EDGE('',*,*,#339,.T.);
#339 = EDGE_CURVE('',#332,#340,#342,.T.);
#340 = VERTEX_POINT('',#341);
#341 = CARTESIAN_POINT('',(4.259E+03,987.,3.02E+03));
#342 = LINE('',#343,#344);
#343 = CARTESIAN_POINT('',(4.259E+03,987.,3.E+03));
#344 = VECTOR('',#345,1.);
#345 = DIRECTION('',(0.,0.,1.));
#346 = ORIENTED_EDGE('',*,*,#347,.F.);
#347 = EDGE_CURVE('',#324,#340,#348,.T.);
#348 = LINE('',#349,#350);
#349 = CARTESIAN_POINT('',(4.259E+03,387.,3.02E+03));
#350 = VECTOR('',#351,1.);
#351 = DIRECTION('',(0.,1.,0.));
#352 = PLANE('',#353);
#353 = AXIS2_PLACEMENT_3D('',#354,#355,#356);
#354 = CARTESIAN_POINT('',(4.259E+03,387.,3.E+03));
#355 = DIRECTION('',(1.,0.,0.));
#356 = DIRECTION('',(0.,0.,1.));
#357 = ADVANCED_FACE('',(#358),#392,.T.);
#358 = FACE_BOUND('',#359,.T.);
#359 = EDGE_LOOP('',(#360,#370,#378,#386));
#360 = ORIENTED_EDGE('',*,*,#361,.F.);
#361 = EDGE_CURVE('',#362,#364,#366,.T.);
#362 = VERTEX_POINT('',#363);
#363 = CARTESIAN_POINT('',(4.859E+03,387.,3.E+03));
#364 = VERTEX_POINT('',#365);
#365 = CARTESIAN_POINT('',(4.859E+03,387.,3.02E+03));
#366 = LINE('',#367,#368);
#367 = CARTESIAN_POINT('',(4.859E+03,387.,3.E+03));
#368 = VECTOR('',#369,1.);
#369 = DIRECTION('',(0.,0.,1.));
#370 = ORIENTED_EDGE('',*,*,#371,.T.);
#371 = EDGE_CURVE('',#362,#372,#374,.T.);
#372 = VERTEX_POINT('',#373);
#373 = CARTESIAN_POINT('',(4.859E+03,987.,3.E+03));
#374 = LINE('',#375,#376);
#375 = CARTESIAN_POINT('',(4.859E+03,387.,3.E+03));
#376 = VECTOR('',#377,1.);
#377 = DIRECTION('',(0.,1.,0.));
#378 = ORIENTED_EDGE('',*,*,#379,.T.);
#379 = EDGE_CURVE('',#372,#380,#382,.T.);
#380 = VERTEX_POINT('',#381);
#381 = CARTESIAN_POINT('',(4.859E+03,987.,3.02E+03));
#382 = LINE('',#383,#384);
#383 = CARTESIAN_POINT('',(4.859E+03,987.,3.E+03));
#384 = VECTOR('',#385,1.);
#385 = DIRECTION('',(0.,0.,1.));
#386 = ORIENTED_EDGE('',*,*,#387,.F.);
#387 = EDGE_CURVE('',#364,#380,#388,.T.);
#388 = LINE('',#389,#390);
#389 = CARTESIAN_POINT('',(4.859E+03,387.,3.02E+03));
#390 = VECTOR('',#391,1.);
#391 = DIRECTION('',(0.,1.,0.));
#392 = PLANE('',#393);
#393 = AXIS2_PLACEMENT_3D('',#394,#395,#396);
#394 = CARTESIAN_POINT('',(4.859E+03,387.,3.E+03));
#395 = DIRECTION('',(1.,0.,0.));
#396 = DIRECTION('',(0.,0.,1.));
#397 = ADVANCED_FACE('',(#398),#414,.F.);
#398 = FACE_BOUND('',#399,.F.);
#399 = EDGE_LOOP('',(#400,#406,#407,#413));
#400 = ORIENTED_EDGE('',*,*,#401,.F.);
#401 = EDGE_CURVE('',#322,#362,#402,.T.);
#402 = LINE('',#403,#404);
#403 = CARTESIAN_POINT('',(4.259E+03,387.,3.E+03));
#404 = VECTOR('',#405,1.);
#405 = DIRECTION('',(1.,0.,0.));
#406 = ORIENTED_EDGE('',*,*,#321,.T.);
#407 = ORIENTED_EDGE('',*,*,#408,.T.);
#408 = EDGE_CURVE('',#324,#364,#409,.T.);
#409 = LINE('',#410,#411);
#410 = CARTESIAN_POINT('',(4.259E+03,387.,3.02E+03));
#411 = VECTOR('',#412,1.);
#412 = DIRECTION('',(1.,0.,0.));
#413 = ORIENTED_EDGE('',*,*,#361,.F.);
#414 = PLANE('',#415);
#415 = AXIS2_PLACEMENT_3D('',#416,#417,#418);
#416 = CARTESIAN_POINT('',(4.259E+03,387.,3.E+03));
#417 = DIRECTION('',(0.,1.,0.));
#418 = DIRECTION('',(0.,0.,1.));
#419 = ADVANCED_FACE('',(#420),#436,.T.);
#420 = FACE_BOUND('',#421,.T.);
#421 = EDGE_LOOP('',(#422,#428,#429,#435));
#422 = ORIENTED_EDGE('',*,*,#423,.F.);
#423 = EDGE_CURVE('',#332,#372,#424,.T.);
#424 = LINE('',#425,#426);
#425 = CARTESIAN_POINT('',(4.259E+03,987.,3.E+03));
#426 = VECTOR('',#427,1.);
#427 = DIRECTION('',(1.,0.,0.));
#428 = ORIENTED_EDGE('',*,*,#339,.T.);
#429 = ORIENTED_EDGE('',*,*,#430,.T.);
#430 = EDGE_CURVE('',#340,#380,#431,.T.);
#431 = LINE('',#432,#433);
#432 = CARTESIAN_POINT('',(4.259E+03,987.,3.02E+03));
#433 = VECTOR('',#434,1.);
#434 = DIRECTION('',(1.,0.,0.));
#435 = ORIENTED_EDGE('',*,*,#379,.F.);
#436 = PLANE('',#437);
#437 = AXIS2_PLACEMENT_3D('',#438,#439,#440);
#438 = CARTESIAN_POINT('',(4.259E+03,987.,3.E+03));
#439 = DIRECTION('',(0.,1.,0.));
#440 = DIRECTION('',(0.,0.,1.));
#441 = ADVANCED_FACE('',(#442),#448,.F.);
#442 = FACE_BOUND('',#443,.F.);
#443 = EDGE_LOOP('',(#444,#445,#446,#447));
#444 = ORIENTED_EDGE('',*,*,#331,.F.);
#445 = ORIENTED_EDGE('',*,*,#401,.T.);
#446 = ORIENTED_EDGE('',*,*,#371,.T.);
#447 = ORIENTED_EDGE('',*,*,#423,.F.);
#448 = PLANE('',#449);
#449 = AXIS2_PLACEMENT_3D('',#450,#451,#452);
#450 = CARTESIAN_POINT('',(4.259E+03,387.,3.E+03));
#451 = DIRECTION('',(0.,0.,1.));
#452 = DIRECTION('',(1.,0.,0.));
#453 = ADVANCED_FACE('',(#454),#460,.T.);
#454 = FACE_BOUND('',#455,.T.);
#455 = EDGE_LOOP('',(#456,#457,#458,#459));
#456 = ORIENTED_EDGE('',*,*,#347,.F.);
#457 = ORIENTED_EDGE('',*,*,#408,.T.);
#458 = ORIENTED_EDGE('',*,*,#387,.T.);
#459 = ORIENTED_EDGE('',*,*,#430,.F.);
#460 = PLANE('',#461);
#461 = AXIS2_PLACEMENT_3D('',#462,#463,#464);
#462 = CARTESIAN_POINT('',(4.259E+03,387.,3.02E+03));
#463 = DIRECTION('',(0.,0.,1.));
#464 = DIRECTION('',(1.,0.,0.));
#465 = MANIFOLD_SOLID_BREP('',#466);
#466 = CLOSED_SHELL('',(#467,#507,#547,#569,#591,#603));
#467 = ADVANCED_FACE('',(#468),#502,.F.);
#468 = FACE_BOUND('',#469,.F.);
#469 = EDGE_LOOP('',(#470,#480,#488,#496));
#470 = ORIENTED_EDGE('',*,*,#471,.F.);
#471 = EDGE_CURVE('',#472,#474,#476,.T.);
#472 = VERTEX_POINT('',#473);
#473 = CARTESIAN_POINT('',(7.93E+03,387.,3.E+03));
#474 = VERTEX_POINT('',#475);
#475 = CARTESIAN_POINT('',(7.93E+03,387.,3.02E+03));
#476 = LINE('',#477,#478);
#477 = CARTESIAN_POINT('',(7.93E+03,387.,3.E+03));
#478 = VECTOR('',#479,1.);
#479 = DIRECTION('',(0.,0.,1.));
#480 = ORIENTED_EDGE('',*,*,#481,.T.);
#481 = EDGE_CURVE('',#472,#482,#484,.T.);
#482 = VERTEX_POINT('',#483);
#483 = CARTESIAN_POINT('',(7.93E+03,987.,3.E+03));
#484 = LINE('',#485,#486);
#485 = CARTESIAN_POINT('',(7.93E+03,387.,3.E+03));
#486 = VECTOR('',#487,1.);
#487 = DIRECTION('',(0.,1.,0.));
#488 = ORIENTED_EDGE('',*,*,#489,.T.);
#489 = EDGE_CURVE('',#482,#490,#492,.T.);
#490 = VERTEX_POINT('',#491);
#491 = CARTESIAN_POINT('',(7.93E+03,987.,3.02E+03));
#492 = LINE('',#493,#494);
#493 = CARTESIAN_POINT('',(7.93E+03,987.,3.E+03));
#494 = VECTOR('',#495,1.);
#495 = DIRECTION('',(0.,0.,1.));
#496 = ORIENTED_EDGE('',*,*,#497,.F.);
#497 = EDGE_CURVE('',#474,#490,#498,.T.);
#498 = LINE('',#499,#500);
#499 = CARTESIAN_POINT('',(7.93E+03,387.,3.02E+03));
#500 = VECTOR('',#501,1.);
#501 = DIRECTION('',(0.,1.,0.));
#502 = PLANE('',#503);
#503 = AXIS2_PLACEMENT_3D('',#504,#505,#506);
#504 = CARTESIAN_POINT('',(7.93E+03,387.,3.E+03));
#505 = DIRECTION('',(1.,0.,0.));
#506 = DIRECTION('',(0.,0.,1.));
#507 = ADVANCED_FACE('',(#508),#542,.T.);
#508 = FACE_BOUND('',#509,.T.);
#509 = EDGE_LOOP('',(#510,#520,#528,#536));
#510 = ORIENTED_EDGE('',*,*,#511,.F.);
#511 = EDGE_CURVE('',#512,#514,#516,.T.);
#512 = VERTEX_POINT('',#513);
#513 = CARTESIAN_POINT('',(8.53E+03,387.,3.E+03));
#514 = VERTEX_POINT('',#515);
#515 = CARTESIAN_POINT('',(8.53E+03,387.,3.02E+03));
#516 = LINE('',#517,#518);
#517 = CARTESIAN_POINT('',(8.53E+03,387.,3.E+03));
#518 = VECTOR('',#519,1.);
#519 = DIRECTION('',(0.,0.,1.));
#520 = ORIENTED_EDGE('',*,*,#521,.T.);
#521 = EDGE_CURVE('',#512,#522,#524,.T.);
#522 = VERTEX_POINT('',#523);
#523 = CARTESIAN_POINT('',(8.53E+03,987.,3.E+03));
#524 = LINE('',#525,#526);
#525 = CARTESIAN_POINT('',(8.53E+03,387.,3.E+03));
#526 = VECTOR('',#527,1.);
#527 = DIRECTION('',(0.,1.,0.));
#528 = ORIENTED_EDGE('',*,*,#529,.T.);
#529 = EDGE_CURVE('',#522,#530,#532,.T.);
#530 = VERTEX_POINT('',#531);
#531 = CARTESIAN_POINT('',(8.53E+03,987.,3.02E+03));
#532 = LINE('',#533,#534);
#533 = CARTESIAN_POINT('',(8.53E+03,987.,3.E+03));
#534 = VECTOR('',#535,1.);
#535 = DIRECTION('',(0.,0.,1.));
#536 = ORIENTED_EDGE('',*,*,#537,.F.);
#537 = EDGE_CURVE('',#514,#530,#538,.T.);
#538 = LINE('',#539,#540);
#539 = CARTESIAN_POINT('',(8.53E+03,387.,3.02E+03));
#540 = VECTOR('',#541,1.);
#541 = DIRECTION('',(0.,1.,0.));
#542 = PLANE('',#543);
#543 = AXIS2_PLACEMENT_3D('',#544,#545,#546);
#544 = CARTESIAN_POINT('',(8.53E+03,387.,3.E+03));
#545 = DIRECTION('',(1.,0.,0.));
#546 = DIRECTION('',(0.,0.,1.));
#547 = ADVANCED_FACE('',(#548),#564,.F.);
#548 = FACE_BOUND('',#549,.F.);
#549 = EDGE_LOOP('',(#550,#556,#557,#563));
#550 = ORIENTED_EDGE('',*,*,#551,.F.);
#551 = EDGE_CURVE('',#472,#512,#552,.T.);
#552 = LINE('',#553,#554);
#553 = CARTESIAN_POINT('',(7.93E+03,387.,3.E+03));
#554 = VECTOR('',#555,1.);
#555 = DIRECTION('',(1.,0.,0.));
#556 = ORIENTED_EDGE('',*,*,#471,.T.);
#557 = ORIENTED_EDGE('',*,*,#558,.T.);
#558 = EDGE_CURVE('',#474,#514,#559,.T.);
#559 = LINE('',#560,#561);
#560 = CARTESIAN_POINT('',(7.93E+03,387.,3.02E+03));
#561 = VECTOR('',#562,1.);
#562 = DIRECTION('',(1.,0.,0.));
#563 = ORIENTED_EDGE('',*,*,#511,.F.);
#564 = PLANE('',#565);
#565 = AXIS2_PLACEMENT_3D('',#566,#567,#568);
#566 = CARTESIAN_POINT('',(7.93E+03,387.,3.E+03));
#567 = DIRECTION('',(0.,1.,0.));
#568 = DIRECTION('',(0.,0.,1.));
#569 = ADVANCED_FACE('',(#570),#586,.T.);
#570 = FACE_BOUND('',#571,.T.);
#571 = EDGE_LOOP('',(#572,#578,#579,#585));
#572 = ORIENTED_EDGE('',*,*,#573,.F.);
#573 = EDGE_CURVE('',#482,#522,#574,.T.);
#574 = LINE('',#575,#576);
#575 = CARTESIAN_POINT('',(7.93E+03,987.,3.E+03));
#576 = VECTOR('',#577,1.);
#577 = DIRECTION('',(1.,0.,0.));
#578 = ORIENTED_EDGE('',*,*,#489,.T.);
#579 = ORIENTED_EDGE('',*,*,#580,.T.);
#580 = EDGE_CURVE('',#490,#530,#581,.T.);
#581 = LINE('',#582,#583);
#582 = CARTESIAN_POINT('',(7.93E+03,987.,3.02E+03));
#583 = VECTOR('',#584,1.);
#584 = DIRECTION('',(1.,0.,0.));
#585 = ORIENTED_EDGE('',*,*,#529,.F.);
#586 = PLANE('',#587);
#587 = AXIS2_PLACEMENT_3D('',#588,#589,#590);
#588 = CARTESIAN_POINT('',(7.93E+03,987.,3.E+03));
#589 = DIRECTION('',(0.,1.,0.));
#590 = DIRECTION('',(0.,0.,1.));
#591 = ADVANCED_FACE('',(#592),#598,.F.);
#592 = FACE_BOUND('',#593,.F.);
#593 = EDGE_LOOP('',(#594,#595,#596,#597));
#594 = ORIENTED_EDGE('',*,*,#481,.F.);
#595 = ORIENTED_EDGE('',*,*,#551,.T.);
#596 = ORIENTED_EDGE('',*,*,#521,.T.);
#597 = ORIENTED_EDGE('',*,*,#573,.F.);
#598 = PLANE('',#599);
#599 = AXIS2_PLACEMENT_3D('',#600,#601,#602);
#600 = CARTESIAN_POINT('',(7.93E+03,387.,3.E+03));
#601 = DIRECTION('',(0.,0.,1.));
#602 = DIRECTION('',(1.,0.,0.));
#603 = ADVANCED_FACE('',(#604),#610,.T.);
#604 = FACE_BOUND('',#605,.T.);
#605 = EDGE_LOOP('',(#606,#607,#608,#609));
#606 = ORIENTED_EDGE('',*,*,#497,.F.);
#607 = ORIENTED_EDGE('',*,*,#558,.T.);
#608 = ORIENTED_EDGE('',*,*,#537,.T.);
#609 = ORIENTED_EDGE('',*,*,#580,.F.);
#610 = PLANE('',#611);
#611 = AXIS2_PLACEMENT_3D('',#612,#613,#614);
#612 = CARTESIAN_POINT('',(7.93E+03,387.,3.02E+03));
#613 = DIRECTION('',(0.,0.,1.));
#614 = DIRECTION('',(1.,0.,0.));
#615 = MANIFOLD_SOLID_BREP('',#616);
#616 = CLOSED_SHELL('',(#617,#657,#697,#719,#741,#753));
#617 = ADVANCED_FACE('',(#618),#652,.F.);
#618 = FACE_BOUND('',#619,.F.);
#619 = EDGE_LOOP('',(#620,#630,#638,#646));
#620 = ORIENTED_EDGE('',*,*,#621,.F.);
#621 = EDGE_CURVE('',#622,#624,#626,.T.);
#622 = VERTEX_POINT('',#623);
#623 = CARTESIAN_POINT('',(4.259E+03,2.382E+03,3.E+03));
#624 = VERTEX_POINT('',#625);
#625 = CARTESIAN_POINT('',(4.259E+03,2.382E+03,3.02E+03));
#626 = LINE('',#627,#628);
#627 = CARTESIAN_POINT('',(4.259E+03,2.382E+03,3.E+03));
#628 = VECTOR('',#629,1.);
#629 = DIRECTION('',(0.,0.,1.));
#630 = ORIENTED_EDGE('',*,*,#631,.T.);
#631 = EDGE_CURVE('',#622,#632,#634,.T.);
#632 = VERTEX_POINT('',#633);
#633 = CARTESIAN_POINT('',(4.259E+03,2.982E+03,3.E+03));
#634 = LINE('',#635,#636);
#635 = CARTESIAN_POINT('',(4.259E+03,2.382E+03,3.E+03));
#636 = VECTOR('',#637,1.);
#637 = DIRECTION('',(0.,1.,0.));
#638 = ORIENTED_EDGE('',*,*,#639,.T.);
#639 = EDGE_CURVE('',#632,#640,#642,.T.);
#640 = VERTEX_POINT('',#641);
#641 = CARTESIAN_POINT('',(4.259E+03,2.982E+03,3.02E+03));
#642 = LINE('',#643,#644);
#643 = CARTESIAN_POINT('',(4.259E+03,2.982E+03,3.E+03));
#644 = VECTOR('',#645,1.);
#645 = DIRECTION('',(0.,0.,1.));
#646 = ORIENTED_EDGE('',*,*,#647,.F.);
#647 = EDGE_CURVE('',#624,#640,#648,.T.);
#648 = LINE('',#649,#650);
#649 = CARTESIAN_POINT('',(4.259E+03,2.382E+03,3.02E+03));
#650 = VECTOR('',#651,1.);
#651 = DIRECTION('',(0.,1.,0.));
#652 = PLANE('',#653);
#653 = AXIS2_PLACEMENT_3D('',#654,#655,#656);
#654 = CARTESIAN_POINT('',(4.259E+03,2.382E+03,3.E+03));
#655 = DIRECTION('',(1.,0.,0.));
#656 = DIRECTION('',(0.,0.,1.));
#657 = ADVANCED_FACE('',(#658),#692,.T.);
#658 = FACE_BOUND('',#659,.T.);
#659 = EDGE_LOOP('',(#660,#670,#678,#686));
#660 = ORIENTED_EDGE('',*,*,#661,.F.);
#661 = EDGE_CURVE('',#662,#664,#666,.T.);
#662 = VERTEX_POINT('',#663);
#663 = CARTESIAN_POINT('',(4.859E+03,2.382E+03,3.E+03));
#664 = VERTEX_POINT('',#665);
#665 = CARTESIAN_POINT('',(4.859E+03,2.382E+03,3.02E+03));
#666 = LINE('',#667,#668);
#667 = CARTESIAN_POINT('',(4.859E+03,2.382E+03,3.E+03));
#668 = VECTOR('',#669,1.);
#669 = DIRECTION('',(0.,0.,1.));
#670 = ORIENTED_EDGE('',*,*,#671,.T.);
#671 = EDGE_CURVE('',#662,#672,#674,.T.);
#672 = VERTEX_POINT('',#673);
#673 = CARTESIAN_POINT('',(4.859E+03,2.982E+03,3.E+03));
#674 = LINE('',#675,#676);
#675 = CARTESIAN_POINT('',(4.859E+03,2.382E+03,3.E+03));
#676 = VECTOR('',#677,1.);
#677 = DIRECTION('',(0.,1.,0.));
#678 = ORIENTED_EDGE('',*,*,#679,.T.);
#679 = EDGE_CURVE('',#672,#680,#682,.T.);
#680 = VERTEX_POINT('',#681);
#681 = CARTESIAN_POINT('',(4.859E+03,2.982E+03,3.02E+03));
#682 = LINE('',#683,#684);
#683 = CARTESIAN_POINT('',(4.859E+03,2.982E+03,3.E+03));
#684 = VECTOR('',#685,1.);
#685 = DIRECTION('',(0.,0.,1.));
#686 = ORIENTED_EDGE('',*,*,#687,.F.);
#687 = EDGE_CURVE('',#664,#680,#688,.T.);
#688 = LINE('',#689,#690);
#689 = CARTESIAN_POINT('',(4.859E+03,2.382E+03,3.02E+03));
#690 = VECTOR('',#691,1.);
#691 = DIRECTION('',(0.,1.,0.));
#692 = PLANE('',#693);
#693 = AXIS2_PLACEMENT_3D('',#694,#695,#696);
#694 = CARTESIAN_POINT('',(4.859E+03,2.382E+03,3.E+03));
#695 = DIRECTION('',(1.,0.,0.));
#696 = DIRECTION('',(0.,0.,1.));
#697 = ADVANCED_FACE('',(#698),#714,.F.);
#698 = FACE_BOUND('',#699,.F.);
#699 = EDGE_LOOP('',(#700,#706,#707,#713));
#700 = ORIENTED_EDGE('',*,*,#701,.F.);
#701 = EDGE_CURVE('',#622,#662,#702,.T.);
#702 = LINE('',#703,#704);
#703 = CARTESIAN_POINT('',(4.259E+03,2.382E+03,3.E+03));
#704 = VECTOR('',#705,1.);
#705 = DIRECTION('',(1.,0.,0.));
#706 = ORIENTED_EDGE('',*,*,#621,.T.);
#707 = ORIENTED_EDGE('',*,*,#708,.T.);
#708 = EDGE_CURVE('',#624,#664,#709,.T.);
#709 = LINE('',#710,#711);
#710 = CARTESIAN_POINT('',(4.259E+03,2.382E+03,3.02E+03));
#711 = VECTOR('',#712,1.);
#712 = DIRECTION('',(1.,0.,0.));
#713 = ORIENTED_EDGE('',*,*,#661,.F.);
#714 = PLANE('',#715);
#715 = AXIS2_PLACEMENT_3D('',#716,#717,#718);
#716 = CARTESIAN_POINT('',(4.259E+03,2.382E+03,3.E+03));
#717 = DIRECTION('',(0.,1.,0.));
#718 = DIRECTION('',(0.,0.,1.));
#719 = ADVANCED_FACE('',(#720),#736,.T.);
#720 = FACE_BOUND('',#721,.T.);
#721 = EDGE_LOOP('',(#722,#728,#729,#735));
#722 = ORIENTED_EDGE('',*,*,#723,.F.);
#723 = EDGE_CURVE('',#632,#672,#724,.T.);
#724 = LINE('',#725,#726);
#725 = CARTESIAN_POINT('',(4.259E+03,2.982E+03,3.E+03));
#726 = VECTOR('',#727,1.);
#727 = DIRECTION('',(1.,0.,0.));
#728 = ORIENTED_EDGE('',*,*,#639,.T.);
#729 = ORIENTED_EDGE('',*,*,#730,.T.);
#730 = EDGE_CURVE('',#640,#680,#731,.T.);
#731 = LINE('',#732,#733);
#732 = CARTESIAN_POINT('',(4.259E+03,2.982E+03,3.02E+03));
#733 = VECTOR('',#734,1.);
#734 = DIRECTION('',(1.,0.,0.));
#735 = ORIENTED_EDGE('',*,*,#679,.F.);
#736 = PLANE('',#737);
#737 = AXIS2_PLACEMENT_3D('',#738,#739,#740);
#738 = CARTESIAN_POINT('',(4.259E+03,2.982E+03,3.E+03));
#739 = DIRECTION('',(0.,1.,0.));
#740 = DIRECTION('',(0.,0.,1.));
#741 = ADVANCED_FACE('',(#742),#748,.F.);
#742 = FACE_BOUND('',#743,.F.);
#743 = EDGE_LOOP('',(#744,#745,#746,#747));
#744 = ORIENTED_EDGE('',*,*,#631,.F.);
#745 = ORIENTED_EDGE('',*,*,#701,.T.);
#746 = ORIENTED_EDGE('',*,*,#671,.T.);
#747 = ORIENTED_EDGE('',*,*,#723,.F.);
#748 = PLANE('',#749);
#749 = AXIS2_PLACEMENT_3D('',#750,#751,#752);
#750 = CARTESIAN_POINT('',(4.259E+03,2.382E+03,3.E+03));
#751 = DIRECTION('',(0.,0.,1.));
#752 = DIRECTION('',(1.,0.,0.));
#753 = ADVANCED_FACE('',(#754),#760,.T.);
#754 = FACE_BOUND('',#755,.T.);
#755 = EDGE_LOOP('',(#756,#757,#758,#759));
#756 = ORIENTED_EDGE('',*,*,#647,.F.);
#757 = ORIENTED_EDGE('',*,*,#708,.T.);
#758 = ORIENTED_EDGE('',*,*,#687,.T.);
#759 = ORIENTED_EDGE('',*,*,#730,.F.);
#760 = PLANE('',#761);
#761 = AXIS2_PLACEMENT_3D('',#762,#763,#764);
#762 = CARTESIAN_POINT('',(4.259E+03,2.382E+03,3.02E+03));
#763 = DIRECTION('',(0.,0.,1.));
#764 = DIRECTION('',(1.,0.,0.));
#765 = MANIFOLD_SOLID_BREP('',#766);
#766 = CLOSED_SHELL('',(#767,#807,#847,#869,#891,#903));
#767 = ADVANCED_FACE('',(#768),#802,.F.);
#768 = FACE_BOUND('',#769,.F.);
#769 = EDGE_LOOP('',(#770,#780,#788,#796));
#770 = ORIENTED_EDGE('',*,*,#771,.F.);
#771 = EDGE_CURVE('',#772,#774,#776,.T.);
#772 = VERTEX_POINT('',#773);
#773 = CARTESIAN_POINT('',(-4.761E+03,-1.98E+03,3.E+03));
#774 = VERTEX_POINT('',#775);
#775 = CARTESIAN_POINT('',(-4.761E+03,-1.98E+03,3.02E+03));
#776 = LINE('',#777,#778);
#777 = CARTESIAN_POINT('',(-4.761E+03,-1.98E+03,3.E+03));
#778 = VECTOR('',#779,1.);
#779 = DIRECTION('',(0.,0.,1.));
#780 = ORIENTED_EDGE('',*,*,#781,.T.);
#781 = EDGE_CURVE('',#772,#782,#784,.T.);
#782 = VERTEX_POINT('',#783);
#783 = CARTESIAN_POINT('',(-4.761E+03,-1.38E+03,3.E+03));
#784 = LINE('',#785,#786);
#785 = CARTESIAN_POINT('',(-4.761E+03,-1.98E+03,3.E+03));
#786 = VECTOR('',#787,1.);
#787 = DIRECTION('',(0.,1.,0.));
#788 = ORIENTED_EDGE('',*,*,#789,.T.);
#789 = EDGE_CURVE('',#782,#790,#792,.T.);
#790 = VERTEX_POINT('',#791);
#791 = CARTESIAN_POINT('',(-4.761E+03,-1.38E+03,3.02E+03));
#792 = LINE('',#793,#794);
#793 = CARTESIAN_POINT('',(-4.761E+03,-1.38E+03,3.E+03));
#794 = VECTOR('',#795,1.);
#795 = DIRECTION('',(0.,0.,1.));
#796 = ORIENTED_EDGE('',*,*,#797,.F.);
#797 = EDGE_CURVE('',#774,#790,#798,.T.);
#798 = LINE('',#799,#800);
#799 = CARTESIAN_POINT('',(-4.761E+03,-1.98E+03,3.02E+03));
#800 = VECTOR('',#801,1.);
#801 = DIRECTION('',(0.,1.,0.));
#802 = PLANE('',#803);
#803 = AXIS2_PLACEMENT_3D('',#804,#805,#806);
#804 = CARTESIAN_POINT('',(-4.761E+03,-1.98E+03,3.E+03));
#805 = DIRECTION('',(1.,0.,0.));
#806 = DIRECTION('',(0.,0.,1.));
#807 = ADVANCED_FACE('',(#808),#842,.T.);
#808 = FACE_BOUND('',#809,.T.);
#809 = EDGE_LOOP('',(#810,#820,#828,#836));
#810 = ORIENTED_EDGE('',*,*,#811,.F.);
#811 = EDGE_CURVE('',#812,#814,#816,.T.);
#812 = VERTEX_POINT('',#813);
#813 = CARTESIAN_POINT('',(-4.161E+03,-1.98E+03,3.E+03));
#814 = VERTEX_POINT('',#815);
#815 = CARTESIAN_POINT('',(-4.161E+03,-1.98E+03,3.02E+03));
#816 = LINE('',#817,#818);
#817 = CARTESIAN_POINT('',(-4.161E+03,-1.98E+03,3.E+03));
#818 = VECTOR('',#819,1.);
#819 = DIRECTION('',(0.,0.,1.));
#820 = ORIENTED_EDGE('',*,*,#821,.T.);
#821 = EDGE_CURVE('',#812,#822,#824,.T.);
#822 = VERTEX_POINT('',#823);
#823 = CARTESIAN_POINT('',(-4.161E+03,-1.38E+03,3.E+03));
#824 = LINE('',#825,#826);
#825 = CARTESIAN_POINT('',(-4.161E+03,-1.98E+03,3.E+03));
#826 = VECTOR('',#827,1.);
#827 = DIRECTION('',(0.,1.,0.));
#828 = ORIENTED_EDGE('',*,*,#829,.T.);
#829 = EDGE_CURVE('',#822,#830,#832,.T.);
#830 = VERTEX_POINT('',#831);
#831 = CARTESIAN_POINT('',(-4.161E+03,-1.38E+03,3.02E+03));
#832 = LINE('',#833,#834);
#833 = CARTESIAN_POINT('',(-4.161E+03,-1.38E+03,3.E+03));
#834 = VECTOR('',#835,1.);
#835 = DIRECTION('',(0.,0.,1.));
#836 = ORIENTED_EDGE('',*,*,#837,.F.);
#837 = EDGE_CURVE('',#814,#830,#838,.T.);
#838 = LINE('',#839,#840);
#839 = CARTESIAN_POINT('',(-4.161E+03,-1.98E+03,3.02E+03));
#840 = VECTOR('',#841,1.);
#841 = DIRECTION('',(0.,1.,0.));
#842 = PLANE('',#843);
#843 = AXIS2_PLACEMENT_3D('',#844,#845,#846);
#844 = CARTESIAN_POINT('',(-4.161E+03,-1.98E+03,3.E+03));
#845 = DIRECTION('',(1.,0.,0.));
#846 = DIRECTION('',(0.,0.,1.));
#847 = ADVANCED_FACE('',(#848),#864,.F.);
#848 = FACE_BOUND('',#849,.F.);
#849 = EDGE_LOOP('',(#850,#856,#857,#863));
#850 = ORIENTED_EDGE('',*,*,#851,.F.);
#851 = EDGE_CURVE('',#772,#812,#852,.T.);
#852 = LINE('',#853,#854);
#853 = CARTESIAN_POINT('',(-4.761E+03,-1.98E+03,3.E+03));
#854 = VECTOR('',#855,1.);
#855 = DIRECTION('',(1.,0.,0.));
#856 = ORIENTED_EDGE('',*,*,#771,.T.);
#857 = ORIENTED_EDGE('',*,*,#858,.T.);
#858 = EDGE_CURVE('',#774,#814,#859,.T.);
#859 = LINE('',#860,#861);
#860 = CARTESIAN_POINT('',(-4.761E+03,-1.98E+03,3.02E+03));
#861 = VECTOR('',#862,1.);
#862 = DIRECTION('',(1.,0.,0.));
#863 = ORIENTED_EDGE('',*,*,#811,.F.);
#864 = PLANE('',#865);
#865 = AXIS2_PLACEMENT_3D('',#866,#867,#868);
#866 = CARTESIAN_POINT('',(-4.761E+03,-1.98E+03,3.E+03));
#867 = DIRECTION('',(0.,1.,0.));
#868 = DIRECTION('',(0.,0.,1.));
#869 = ADVANCED_FACE('',(#870),#886,.T.);
#870 = FACE_BOUND('',#871,.T.);
#871 = EDGE_LOOP('',(#872,#878,#879,#885));
#872 = ORIENTED_EDGE('',*,*,#873,.F.);
#873 = EDGE_CURVE('',#782,#822,#874,.T.);
#874 = LINE('',#875,#876);
#875 = CARTESIAN_POINT('',(-4.761E+03,-1.38E+03,3.E+03));
#876 = VECTOR('',#877,1.);
#877 = DIRECTION('',(1.,0.,0.));
#878 = ORIENTED_EDGE('',*,*,#789,.T.);
#879 = ORIENTED_EDGE('',*,*,#880,.T.);
#880 = EDGE_CURVE('',#790,#830,#881,.T.);
#881 = LINE('',#882,#883);
#882 = CARTESIAN_POINT('',(-4.761E+03,-1.38E+03,3.02E+03));
#883 = VECTOR('',#884,1.);
#884 = DIRECTION('',(1.,0.,0.));
#885 = ORIENTED_EDGE('',*,*,#829,.F.);
#886 = PLANE('',#887);
#887 = AXIS2_PLACEMENT_3D('',#888,#889,#890);
#888 = CARTESIAN_POINT('',(-4.761E+03,-1.38E+03,3.E+03));
#889 = DIRECTION('',(0.,1.,0.));
#890 = DIRECTION('',(0.,0.,1.));
#891 = ADVANCED_FACE('',(#892),#898,.F.);
#892 = FACE_BOUND('',#893,.F.);
#893 = EDGE_LOOP('',(#894,#895,#896,#897));
#894 = ORIENTED_EDGE('',*,*,#781,.F.);
#895 = ORIENTED_EDGE('',*,*,#851,.T.);
#896 = ORIENTED_EDGE('',*,*,#821,.T.);
#897 = ORIENTED_EDGE('',*,*,#873,.F.);
#898 = PLANE('',#899);
#899 = AXIS2_PLACEMENT_3D('',#900,#901,#902);
#900 = CARTESIAN_POINT('',(-4.761E+03,-1.98E+03,3.E+03));
#901 = DIRECTION('',(0.,0.,1.));
#902 = DIRECTION('',(1.,0.,0.));
#903 = ADVANCED_FACE('',(#904),#910,.T.);
#904 = FACE_BOUND('',#905,.T.);
#905 = EDGE_LOOP('',(#906,#907,#908,#909));
#906 = ORIENTED_EDGE('',*,*,#797,.F.);
#907 = ORIENTED_EDGE('',*,*,#858,.T.);
#908 = ORIENTED_EDGE('',*,*,#837,.T.);
#909 = ORIENTED_EDGE('',*,*,#880,.F.);
#910 = PLANE('',#911);
#911 = AXIS2_PLACEMENT_3D('',#912,#913,#914);
#912 = CARTESIAN_POINT('',(-4.761E+03,-1.98E+03,3.02E+03));
#913 = DIRECTION('',(0.,0.,1.));
#914 = DIRECTION('',(1.,0.,0.));
#915 = MANIFOLD_SOLID_BREP('',#916);
#916 = CLOSED_SHELL('',(#917,#957,#997,#1019,#1041,#1053));
#917 = ADVANCED_FACE('',(#918),#952,.F.);
#918 = FACE_BOUND('',#919,.F.);
#919 = EDGE_LOOP('',(#920,#930,#938,#946));
#920 = ORIENTED_EDGE('',*,*,#921,.F.);
#921 = EDGE_CURVE('',#922,#924,#926,.T.);
#922 = VERTEX_POINT('',#923);
#923 = CARTESIAN_POINT('',(-4.761E+03,-558.,3.E+03));
#924 = VERTEX_POINT('',#925);
#925 = CARTESIAN_POINT('',(-4.761E+03,-558.,3.02E+03));
#926 = LINE('',#927,#928);
#927 = CARTESIAN_POINT('',(-4.761E+03,-558.,3.E+03));
#928 = VECTOR('',#929,1.);
#929 = DIRECTION('',(0.,0.,1.));
#930 = ORIENTED_EDGE('',*,*,#931,.T.);
#931 = EDGE_CURVE('',#922,#932,#934,.T.);
#932 = VERTEX_POINT('',#933);
#933 = CARTESIAN_POINT('',(-4.761E+03,42.,3.E+03));
#934 = LINE('',#935,#936);
#935 = CARTESIAN_POINT('',(-4.761E+03,-558.,3.E+03));
#936 = VECTOR('',#937,1.);
#937 = DIRECTION('',(0.,1.,0.));
#938 = ORIENTED_EDGE('',*,*,#939,.T.);
#939 = EDGE_CURVE('',#932,#940,#942,.T.);
#940 = VERTEX_POINT('',#941);
#941 = CARTESIAN_POINT('',(-4.761E+03,42.,3.02E+03));
#942 = LINE('',#943,#944);
#943 = CARTESIAN_POINT('',(-4.761E+03,42.,3.E+03));
#944 = VECTOR('',#945,1.);
#945 = DIRECTION('',(0.,0.,1.));
#946 = ORIENTED_EDGE('',*,*,#947,.F.);
#947 = EDGE_CURVE('',#924,#940,#948,.T.);
#948 = LINE('',#949,#950);
#949 = CARTESIAN_POINT('',(-4.761E+03,-558.,3.02E+03));
#950 = VECTOR('',#951,1.);
#951 = DIRECTION('',(0.,1.,0.));
#952 = PLANE('',#953);
#953 = AXIS2_PLACEMENT_3D('',#954,#955,#956);
#954 = CARTESIAN_POINT('',(-4.761E+03,-558.,3.E+03));
#955 = DIRECTION('',(1.,0.,0.));
#956 = DIRECTION('',(0.,0.,1.));
#957 = ADVANCED_FACE('',(#958),#992,.T.);
#958 = FACE_BOUND('',#959,.T.);
#959 = EDGE_LOOP('',(#960,#970,#978,#986));
#960 = ORIENTED_EDGE('',*,*,#961,.F.);
#961 = EDGE_CURVE('',#962,#964,#966,.T.);
#962 = VERTEX_POINT('',#963);
#963 = CARTESIAN_POINT('',(-4.161E+03,-558.,3.E+03));
#964 = VERTEX_POINT('',#965);
#965 = CARTESIAN_POINT('',(-4.161E+03,-558.,3.02E+03));
#966 = LINE('',#967,#968);
#967 = CARTESIAN_POINT('',(-4.161E+03,-558.,3.E+03));
#968 = VECTOR('',#969,1.);
#969 = DIRECTION('',(0.,0.,1.));
#970 = ORIENTED_EDGE('',*,*,#971,.T.);
#971 = EDGE_CURVE('',#962,#972,#974,.T.);
#972 = VERTEX_POINT('',#973);
#973 = CARTESIAN_POINT('',(-4.161E+03,42.,3.E+03));
#974 = LINE('',#975,#976);
#975 = CARTESIAN_POINT('',(-4.161E+03,-558.,3.E+03));
#976 = VECTOR('',#977,1.);
#977 = DIRECTION('',(0.,1.,0.));
#978 = ORIENTED_EDGE('',*,*,#979,.T.);
#979 = EDGE_CURVE('',#972,#980,#982,.T.);
#980 = VERTEX_POINT('',#981);
#981 = CARTESIAN_POINT('',(-4.161E+03,42.,3.02E+03));
#982 = LINE('',#983,#984);
#983 = CARTESIAN_POINT('',(-4.161E+03,42.,3.E+03));
#984 = VECTOR('',#985,1.);
#985 = DIRECTION('',(0.,0.,1.));
#986 = ORIENTED_EDGE('',*,*,#987,.F.);
#987 = EDGE_CURVE('',#964,#980,#988,.T.);
#988 = LINE('',#989,#990);
#989 = CARTESIAN_POINT('',(-4.161E+03,-558.,3.02E+03));
#990 = VECTOR('',#991,1.);
#991 = DIRECTION('',(0.,1.,0.));
#992 = PLANE('',#993);
#993 = AXIS2_PLACEMENT_3D('',#994,#995,#996);
#994 = CARTESIAN_POINT('',(-4.161E+03,-558.,3.E+03));
#995 = DIRECTION('',(1.,0.,0.));
#996 = DIRECTION('',(0.,0.,1.));
#997 = ADVANCED_FACE('',(#998),#1014,.F.);
#998 = FACE_BOUND('',#999,.F.);
#999 = EDGE_LOOP('',(#1000,#1006,#1007,#1013));
#1000 = ORIENTED_EDGE('',*,*,#1001,.F.);
#1001 = EDGE_CURVE('',#922,#962,#1002,.T.);
#1002 = LINE('',#1003,#1004);
#1003 = CARTESIAN_POINT('',(-4.761E+03,-558.,3.E+03));
#1004 = VECTOR('',#1005,1.);
#1005 = DIRECTION('',(1.,0.,0.));
#1006 = ORIENTED_EDGE('',*,*,#921,.T.);
#1007 = ORIENTED_EDGE('',*,*,#1008,.T.);
#1008 = EDGE_CURVE('',#924,#964,#1009,.T.);
#1009 = LINE('',#1010,#1011);
#1010 = CARTESIAN_POINT('',(-4.761E+03,-558.,3.02E+03));
#1011 = VECTOR('',#1012,1.);
#1012 = DIRECTION('',(1.,0.,0.));
#1013 = ORIENTED_EDGE('',*,*,#961,.F.);
#1014 = PLANE('',#1015);
#1015 = AXIS2_PLACEMENT_3D('',#1016,#1017,#1018);
#1016 = CARTESIAN_POINT('',(-4.761E+03,-558.,3.E+03));
#1017 = DIRECTION('',(0.,1.,0.));
#1018 = DIRECTION('',(0.,0.,1.));
#1019 = ADVANCED_FACE('',(#1020),#1036,.T.);
#1020 = FACE_BOUND('',#1021,.T.);
#1021 = EDGE_LOOP('',(#1022,#1028,#1029,#1035));
#1022 = ORIENTED_EDGE('',*,*,#1023,.F.);
#1023 = EDGE_CURVE('',#932,#972,#1024,.T.);
#1024 = LINE('',#1025,#1026);
#1025 = CARTESIAN_POINT('',(-4.761E+03,42.,3.E+03));
#1026 = VECTOR('',#1027,1.);
#1027 = DIRECTION('',(1.,0.,0.));
#1028 = ORIENTED_EDGE('',*,*,#939,.T.);
#1029 = ORIENTED_EDGE('',*,*,#1030,.T.);
#1030 = EDGE_CURVE('',#940,#980,#1031,.T.);
#1031 = LINE('',#1032,#1033);
#1032 = CARTESIAN_POINT('',(-4.761E+03,42.,3.02E+03));
#1033 = VECTOR('',#1034,1.);
#1034 = DIRECTION('',(1.,0.,0.));
#1035 = ORIENTED_EDGE('',*,*,#979,.F.);
#1036 = PLANE('',#1037);
#1037 = AXIS2_PLACEMENT_3D('',#1038,#1039,#1040);
#1038 = CARTESIAN_POINT('',(-4.761E+03,42.,3.E+03));
#1039 = DIRECTION('',(0.,1.,0.));
#1040 = DIRECTION('',(0.,0.,1.));
#1041 = ADVANCED_FACE('',(#1042),#1048,.F.);
#1042 = FACE_BOUND('',#1043,.F.);
#1043 = EDGE_LOOP('',(#1044,#1045,#1046,#1047));
#1044 = ORIENTED_EDGE('',*,*,#931,.F.);
#1045 = ORIENTED_EDGE('',*,*,#1001,.T.);
#1046 = ORIENTED_EDGE('',*,*,#971,.T.);
#1047 = ORIENTED_EDGE('',*,*,#1023,.F.);
#1048 = PLANE('',#1049);
#1049 = AXIS2_PLACEMENT_3D('',#1050,#1051,#1052);
#1050 = CARTESIAN_POINT('',(-4.761E+03,-558.,3.E+03));
#1051 = DIRECTION('',(0.,0.,1.));
#1052 = DIRECTION('',(1.,0.,0.));
#1053 = ADVANCED_FACE('',(#1054),#1060,.T.);
#1054 = FACE_BOUND('',#1055,.T.);
#1055 = EDGE_LOOP('',(#1056,#1057,#1058,#1059));
#1056 = ORIENTED_EDGE('',*,*,#947,.F.);
#1057 = ORIENTED_EDGE('',*,*,#1008,.T.);
#1058 = ORIENTED_EDGE('',*,*,#987,.T.);
#1059 = ORIENTED_EDGE('',*,*,#1030,.F.);
#1060 = PLANE('',#1061);
#1061 = AXIS2_PLACEMENT_3D('',#1062,#1063,#1064);
#1062 = CARTESIAN_POINT('',(-4.761E+03,-558.,3.02E+03));
#1063 = DIRECTION('',(0.,0.,1.));
#1064 = DIRECTION('',(1.,0.,0.));
#1065 = MANIFOLD_SOLID_BREP('',#1066);
#1066 = CLOSED_SHELL('',(#1067,#1107,#1147,#1169,#1191,#1203));
#1067 = ADVANCED_FACE('',(#1068),#1102,.F.);
#1068 = FACE_BOUND('',#1069,.F.);
#1069 = EDGE_LOOP('',(#1070,#1080,#1088,#1096));
#1070 = ORIENTED_EDGE('',*,*,#1071,.F.);
#1071 = EDGE_CURVE('',#1072,#1074,#1076,.T.);
#1072 = VERTEX_POINT('',#1073);
#1073 = CARTESIAN_POINT('',(-6.234E+03,-1.98E+03,3.E+03));
#1074 = VERTEX_POINT('',#1075);
#1075 = CARTESIAN_POINT('',(-6.234E+03,-1.98E+03,3.02E+03));
#1076 = LINE('',#1077,#1078);
#1077 = CARTESIAN_POINT('',(-6.234E+03,-1.98E+03,3.E+03));
#1078 = VECTOR('',#1079,1.);
#1079 = DIRECTION('',(0.,0.,1.));
#1080 = ORIENTED_EDGE('',*,*,#1081,.T.);
#1081 = EDGE_CURVE('',#1072,#1082,#1084,.T.);
#1082 = VERTEX_POINT('',#1083);
#1083 = CARTESIAN_POINT('',(-6.234E+03,-1.38E+03,3.E+03));
#1084 = LINE('',#1085,#1086);
#1085 = CARTESIAN_POINT('',(-6.234E+03,-1.98E+03,3.E+03));
#1086 = VECTOR('',#1087,1.);
#1087 = DIRECTION('',(0.,1.,0.));
#1088 = ORIENTED_EDGE('',*,*,#1089,.T.);
#1089 = EDGE_CURVE('',#1082,#1090,#1092,.T.);
#1090 = VERTEX_POINT('',#1091);
#1091 = CARTESIAN_POINT('',(-6.234E+03,-1.38E+03,3.02E+03));
#1092 = LINE('',#1093,#1094);
#1093 = CARTESIAN_POINT('',(-6.234E+03,-1.38E+03,3.E+03));
#1094 = VECTOR('',#1095,1.);
#1095 = DIRECTION('',(0.,0.,1.));
#1096 = ORIENTED_EDGE('',*,*,#1097,.F.);
#1097 = EDGE_CURVE('',#1074,#1090,#1098,.T.);
#1098 = LINE('',#1099,#1100);
#1099 = CARTESIAN_POINT('',(-6.234E+03,-1.98E+03,3.02E+03));
#1100 = VECTOR('',#1101,1.);
#1101 = DIRECTION('',(0.,1.,0.));
#1102 = PLANE('',#1103);
#1103 = AXIS2_PLACEMENT_3D('',#1104,#1105,#1106);
#1104 = CARTESIAN_POINT('',(-6.234E+03,-1.98E+03,3.E+03));
#1105 = DIRECTION('',(1.,0.,0.));
#1106 = DIRECTION('',(0.,0.,1.));
#1107 = ADVANCED_FACE('',(#1108),#1142,.T.);
#1108 = FACE_BOUND('',#1109,.T.);
#1109 = EDGE_LOOP('',(#1110,#1120,#1128,#1136));
#1110 = ORIENTED_EDGE('',*,*,#1111,.F.);
#1111 = EDGE_CURVE('',#1112,#1114,#1116,.T.);
#1112 = VERTEX_POINT('',#1113);
#1113 = CARTESIAN_POINT('',(-5.634E+03,-1.98E+03,3.E+03));
#1114 = VERTEX_POINT('',#1115);
#1115 = CARTESIAN_POINT('',(-5.634E+03,-1.98E+03,3.02E+03));
#1116 = LINE('',#1117,#1118);
#1117 = CARTESIAN_POINT('',(-5.634E+03,-1.98E+03,3.E+03));
#1118 = VECTOR('',#1119,1.);
#1119 = DIRECTION('',(0.,0.,1.));
#1120 = ORIENTED_EDGE('',*,*,#1121,.T.);
#1121 = EDGE_CURVE('',#1112,#1122,#1124,.T.);
#1122 = VERTEX_POINT('',#1123);
#1123 = CARTESIAN_POINT('',(-5.634E+03,-1.38E+03,3.E+03));
#1124 = LINE('',#1125,#1126);
#1125 = CARTESIAN_POINT('',(-5.634E+03,-1.98E+03,3.E+03));
#1126 = VECTOR('',#1127,1.);
#1127 = DIRECTION('',(0.,1.,0.));
#1128 = ORIENTED_EDGE('',*,*,#1129,.T.);
#1129 = EDGE_CURVE('',#1122,#1130,#1132,.T.);
#1130 = VERTEX_POINT('',#1131);
#1131 = CARTESIAN_POINT('',(-5.634E+03,-1.38E+03,3.02E+03));
#1132 = LINE('',#1133,#1134);
#1133 = CARTESIAN_POINT('',(-5.634E+03,-1.38E+03,3.E+03));
#1134 = VECTOR('',#1135,1.);
#1135 = DIRECTION('',(0.,0.,1.));
#1136 = ORIENTED_EDGE('',*,*,#1137,.F.);
#1137 = EDGE_CURVE('',#1114,#1130,#1138,.T.);
#1138 = LINE('',#1139,#1140);
#1139 = CARTESIAN_POINT('',(-5.634E+03,-1.98E+03,3.02E+03));
#1140 = VECTOR('',#1141,1.);
#1141 = DIRECTION('',(0.,1.,0.));
#1142 = PLANE('',#1143);
#1143 = AXIS2_PLACEMENT_3D('',#1144,#1145,#1146);
#1144 = CARTESIAN_POINT('',(-5.634E+03,-1.98E+03,3.E+03));
#1145 = DIRECTION('',(1.,0.,0.));
#1146 = DIRECTION('',(0.,0.,1.));
#1147 = ADVANCED_FACE('',(#1148),#1164,.F.);
#1148 = FACE_BOUND('',#1149,.F.);
#1149 = EDGE_LOOP('',(#1150,#1156,#1157,#1163));
#1150 = ORIENTED_EDGE('',*,*,#1151,.F.);
#1151 = EDGE_CURVE('',#1072,#1112,#1152,.T.);
#1152 = LINE('',#1153,#1154);
#1153 = CARTESIAN_POINT('',(-6.234E+03,-1.98E+03,3.E+03));
#1154 = VECTOR('',#1155,1.);
#1155 = DIRECTION('',(1.,0.,0.));
#1156 = ORIENTED_EDGE('',*,*,#1071,.T.);
#1157 = ORIENTED_EDGE('',*,*,#1158,.T.);
#1158 = EDGE_CURVE('',#1074,#1114,#1159,.T.);
#1159 = LINE('',#1160,#1161);
#1160 = CARTESIAN_POINT('',(-6.234E+03,-1.98E+03,3.02E+03));
#1161 = VECTOR('',#1162,1.);
#1162 = DIRECTION('',(1.,0.,0.));
#1163 = ORIENTED_EDGE('',*,*,#1111,.F.);
#1164 = PLANE('',#1165);
#1165 = AXIS2_PLACEMENT_3D('',#1166,#1167,#1168);
#1166 = CARTESIAN_POINT('',(-6.234E+03,-1.98E+03,3.E+03));
#1167 = DIRECTION('',(0.,1.,0.));
#1168 = DIRECTION('',(0.,0.,1.));
#1169 = ADVANCED_FACE('',(#1170),#1186,.T.);
#1170 = FACE_BOUND('',#1171,.T.);
#1171 = EDGE_LOOP('',(#1172,#1178,#1179,#1185));
#1172 = ORIENTED_EDGE('',*,*,#1173,.F.);
#1173 = EDGE_CURVE('',#1082,#1122,#1174,.T.);
#1174 = LINE('',#1175,#1176);
#1175 = CARTESIAN_POINT('',(-6.234E+03,-1.38E+03,3.E+03));
#1176 = VECTOR('',#1177,1.);
#1177 = DIRECTION('',(1.,0.,0.));
#1178 = ORIENTED_EDGE('',*,*,#1089,.T.);
#1179 = ORIENTED_EDGE('',*,*,#1180,.T.);
#1180 = EDGE_CURVE('',#1090,#1130,#1181,.T.);
#1181 = LINE('',#1182,#1183);
#1182 = CARTESIAN_POINT('',(-6.234E+03,-1.38E+03,3.02E+03));
#1183 = VECTOR('',#1184,1.);
#1184 = DIRECTION('',(1.,0.,0.));
#1185 = ORIENTED_EDGE('',*,*,#1129,.F.);
#1186 = PLANE('',#1187);
#1187 = AXIS2_PLACEMENT_3D('',#1188,#1189,#1190);
#1188 = CARTESIAN_POINT('',(-6.234E+03,-1.38E+03,3.E+03));
#1189 = DIRECTION('',(0.,1.,0.));
#1190 = DIRECTION('',(0.,0.,1.));
#1191 = ADVANCED_FACE('',(#1192),#1198,.F.);
#1192 = FACE_BOUND('',#1193,.F.);
#1193 = EDGE_LOOP('',(#1194,#1195,#1196,#1197));
#1194 = ORIENTED_EDGE('',*,*,#1081,.F.);
#1195 = ORIENTED_EDGE('',*,*,#1151,.T.);
#1196 = ORIENTED_EDGE('',*,*,#1121,.T.);
#1197 = ORIENTED_EDGE('',*,*,#1173,.F.);
#1198 = PLANE('',#1199);
#1199 = AXIS2_PLACEMENT_3D('',#1200,#1201,#1202);
#1200 = CARTESIAN_POINT('',(-6.234E+03,-1.98E+03,3.E+03));
#1201 = DIRECTION('',(0.,0.,1.));
#1202 = DIRECTION('',(1.,0.,0.));
#1203 = ADVANCED_FACE('',(#1204),#1210,.T.);
#1204 = FACE_BOUND('',#1205,.T.);
#1205 = EDGE_LOOP('',(#1206,#1207,#1208,#1209));
#1206 = ORIENTED_EDGE('',*,*,#1097,.F.);
#1207 = ORIENTED_EDGE('',*,*,#1158,.T.);
#1208 = ORIENTED_EDGE('',*,*,#1137,.T.);
#1209 = ORIENTED_EDGE('',*,*,#1180,.F.);
#1210 = PLANE('',#1211);
#1211 = AXIS2_PLACEMENT_3D('',#1212,#1213,#1214);
#1212 = CARTESIAN_POINT('',(-6.234E+03,-1.98E+03,3.02E+03));
#1213 = DIRECTION('',(0.,0.,1.));
#1214 = DIRECTION('',(1.,0.,0.));
#1215 = MANIFOLD_SOLID_BREP('',#1216);
#1216 = CLOSED_SHELL('',(#1217,#1257,#1297,#1319,#1341,#1353));
#1217 = ADVANCED_FACE('',(#1218),#1252,.F.);
#1218 = FACE_BOUND('',#1219,.F.);
#1219 = EDGE_LOOP('',(#1220,#1230,#1238,#1246));
#1220 = ORIENTED_EDGE('',*,*,#1221,.F.);
#1221 = EDGE_CURVE('',#1222,#1224,#1226,.T.);
#1222 = VERTEX_POINT('',#1223);
#1223 = CARTESIAN_POINT('',(-6.234E+03,-558.,3.E+03));
#1224 = VERTEX_POINT('',#1225);
#1225 = CARTESIAN_POINT('',(-6.234E+03,-558.,3.02E+03));
#1226 = LINE('',#1227,#1228);
#1227 = CARTESIAN_POINT('',(-6.234E+03,-558.,3.E+03));
#1228 = VECTOR('',#1229,1.);
#1229 = DIRECTION('',(0.,0.,1.));
#1230 = ORIENTED_EDGE('',*,*,#1231,.T.);
#1231 = EDGE_CURVE('',#1222,#1232,#1234,.T.);
#1232 = VERTEX_POINT('',#1233);
#1233 = CARTESIAN_POINT('',(-6.234E+03,42.,3.E+03));
#1234 = LINE('',#1235,#1236);
#1235 = CARTESIAN_POINT('',(-6.234E+03,-558.,3.E+03));
#1236 = VECTOR('',#1237,1.);
#1237 = DIRECTION('',(0.,1.,0.));
#1238 = ORIENTED_EDGE('',*,*,#1239,.T.);
#1239 = EDGE_CURVE('',#1232,#1240,#1242,.T.);
#1240 = VERTEX_POINT('',#1241);
#1241 = CARTESIAN_POINT('',(-6.234E+03,42.,3.02E+03));
#1242 = LINE('',#1243,#1244);
#1243 = CARTESIAN_POINT('',(-6.234E+03,42.,3.E+03));
#1244 = VECTOR('',#1245,1.);
#1245 = DIRECTION('',(0.,0.,1.));
#1246 = ORIENTED_EDGE('',*,*,#1247,.F.);
#1247 = EDGE_CURVE('',#1224,#1240,#1248,.T.);
#1248 = LINE('',#1249,#1250);
#1249 = CARTESIAN_POINT('',(-6.234E+03,-558.,3.02E+03));
#1250 = VECTOR('',#1251,1.);
#1251 = DIRECTION('',(0.,1.,0.));
#1252 = PLANE('',#1253);
#1253 = AXIS2_PLACEMENT_3D('',#1254,#1255,#1256);
#1254 = CARTESIAN_POINT('',(-6.234E+03,-558.,3.E+03));
#1255 = DIRECTION('',(1.,0.,0.));
#1256 = DIRECTION('',(0.,0.,1.));
#1257 = ADVANCED_FACE('',(#1258),#1292,.T.);
#1258 = FACE_BOUND('',#1259,.T.);
#1259 = EDGE_LOOP('',(#1260,#1270,#1278,#1286));
#1260 = ORIENTED_EDGE('',*,*,#1261,.F.);
#1261 = EDGE_CURVE('',#1262,#1264,#1266,.T.);
#1262 = VERTEX_POINT('',#1263);
#1263 = CARTESIAN_POINT('',(-5.634E+03,-558.,3.E+03));
#1264 = VERTEX_POINT('',#1265);
#1265 = CARTESIAN_POINT('',(-5.634E+03,-558.,3.02E+03));
#1266 = LINE('',#1267,#1268);
#1267 = CARTESIAN_POINT('',(-5.634E+03,-558.,3.E+03));
#1268 = VECTOR('',#1269,1.);
#1269 = DIRECTION('',(0.,0.,1.));
#1270 = ORIENTED_EDGE('',*,*,#1271,.T.);
#1271 = EDGE_CURVE('',#1262,#1272,#1274,.T.);
#1272 = VERTEX_POINT('',#1273);
#1273 = CARTESIAN_POINT('',(-5.634E+03,42.,3.E+03));
#1274 = LINE('',#1275,#1276);
#1275 = CARTESIAN_POINT('',(-5.634E+03,-558.,3.E+03));
#1276 = VECTOR('',#1277,1.);
#1277 = DIRECTION('',(0.,1.,0.));
#1278 = ORIENTED_EDGE('',*,*,#1279,.T.);
#1279 = EDGE_CURVE('',#1272,#1280,#1282,.T.);
#1280 = VERTEX_POINT('',#1281);
#1281 = CARTESIAN_POINT('',(-5.634E+03,42.,3.02E+03));
#1282 = LINE('',#1283,#1284);
#1283 = CARTESIAN_POINT('',(-5.634E+03,42.,3.E+03));
#1284 = VECTOR('',#1285,1.);
#1285 = DIRECTION('',(0.,0.,1.));
#1286 = ORIENTED_EDGE('',*,*,#1287,.F.);
#1287 = EDGE_CURVE('',#1264,#1280,#1288,.T.);
#1288 = LINE('',#1289,#1290);
#1289 = CARTESIAN_POINT('',(-5.634E+03,-558.,3.02E+03));
#1290 = VECTOR('',#1291,1.);
#1291 = DIRECTION('',(0.,1.,0.));
#1292 = PLANE('',#1293);
#1293 = AXIS2_PLACEMENT_3D('',#1294,#1295,#1296);
#1294 = CARTESIAN_POINT('',(-5.634E+03,-558.,3.E+03));
#1295 = DIRECTION('',(1.,0.,0.));
#1296 = DIRECTION('',(0.,0.,1.));
#1297 = ADVANCED_FACE('',(#1298),#1314,.F.);
#1298 = FACE_BOUND('',#1299,.F.);
#1299 = EDGE_LOOP('',(#1300,#1306,#1307,#1313));
#1300 = ORIENTED_EDGE('',*,*,#1301,.F.);
#1301 = EDGE_CURVE('',#1222,#1262,#1302,.T.);
#1302 = LINE('',#1303,#1304);
#1303 = CARTESIAN_POINT('',(-6.234E+03,-558.,3.E+03));
#1304 = VECTOR('',#1305,1.);
#1305 = DIRECTION('',(1.,0.,0.));
#1306 = ORIENTED_EDGE('',*,*,#1221,.T.);
#1307 = ORIENTED_EDGE('',*,*,#1308,.T.);
#1308 = EDGE_CURVE('',#1224,#1264,#1309,.T.);
#1309 = LINE('',#1310,#1311);
#1310 = CARTESIAN_POINT('',(-6.234E+03,-558.,3.02E+03));
#1311 = VECTOR('',#1312,1.);
#1312 = DIRECTION('',(1.,0.,0.));
#1313 = ORIENTED_EDGE('',*,*,#1261,.F.);
#1314 = PLANE('',#1315);
#1315 = AXIS2_PLACEMENT_3D('',#1316,#1317,#1318);
#1316 = CARTESIAN_POINT('',(-6.234E+03,-558.,3.E+03));
#1317 = DIRECTION('',(0.,1.,0.));
#1318 = DIRECTION('',(0.,0.,1.));
#1319 = ADVANCED_FACE('',(#1320),#1336,.T.);
#1320 = FACE_BOUND('',#1321,.T.);
#1321 = EDGE_LOOP('',(#1322,#1328,#1329,#1335));
#1322 = ORIENTED_EDGE('',*,*,#1323,.F.);
#1323 = EDGE_CURVE('',#1232,#1272,#1324,.T.);
#1324 = LINE('',#1325,#1326);
#1325 = CARTESIAN_POINT('',(-6.234E+03,42.,3.E+03));
#1326 = VECTOR('',#1327,1.);
#1327 = DIRECTION('',(1.,0.,0.));
#1328 = ORIENTED_EDGE('',*,*,#1239,.T.);
#1329 = ORIENTED_EDGE('',*,*,#1330,.T.);
#1330 = EDGE_CURVE('',#1240,#1280,#1331,.T.);
#1331 = LINE('',#1332,#1333);
#1332 = CARTESIAN_POINT('',(-6.234E+03,42.,3.02E+03));
#1333 = VECTOR('',#1334,1.);
#1334 = DIRECTION('',(1.,0.,0.));
#1335 = ORIENTED_EDGE('',*,*,#1279,.F.);
#1336 = PLANE('',#1337);
#1337 = AXIS2_PLACEMENT_3D('',#1338,#1339,#1340);
#1338 = CARTESIAN_POINT('',(-6.234E+03,42.,3.E+03));
#1339 = DIRECTION('',(0.,1.,0.));
#1340 = DIRECTION('',(0.,0.,1.));
#1341 = ADVANCED_FACE('',(#1342),#1348,.F.);
#1342 = FACE_BOUND('',#1343,.F.);
#1343 = EDGE_LOOP('',(#1344,#1345,#1346,#1347));
#1344 = ORIENTED_EDGE('',*,*,#1231,.F.);
#1345 = ORIENTED_EDGE('',*,*,#1301,.T.);
#1346 = ORIENTED_EDGE('',*,*,#1271,.T.);
#1347 = ORIENTED_EDGE('',*,*,#1323,.F.);
#1348 = PLANE('',#1349);
#1349 = AXIS2_PLACEMENT_3D('',#1350,#1351,#1352);
#1350 = CARTESIAN_POINT('',(-6.234E+03,-558.,3.E+03));
#1351 = DIRECTION('',(0.,0.,1.));
#1352 = DIRECTION('',(1.,0.,0.));
#1353 = ADVANCED_FACE('',(#1354),#1360,.T.);
#1354 = FACE_BOUND('',#1355,.T.);
#1355 = EDGE_LOOP('',(#1356,#1357,#1358,#1359));
#1356 = ORIENTED_EDGE('',*,*,#1247,.F.);
#1357 = ORIENTED_EDGE('',*,*,#1308,.T.);
#1358 = ORIENTED_EDGE('',*,*,#1287,.T.);
#1359 = ORIENTED_EDGE('',*,*,#1330,.F.);
#1360 = PLANE('',#1361);
#1361 = AXIS2_PLACEMENT_3D('',#1362,#1363,#1364);
#1362 = CARTESIAN_POINT('',(-6.234E+03,-558.,3.02E+03));
#1363 = DIRECTION('',(0.,0.,1.));
#1364 = DIRECTION('',(1.,0.,0.));
#1365 = MANIFOLD_SOLID_BREP('',#1366);
#1366 = CLOSED_SHELL('',(#1367,#1400,#1409));
#1367 = ADVANCED_FACE('',(#1368),#1395,.T.);
#1368 = FACE_BOUND('',#1369,.T.);
#1369 = EDGE_LOOP('',(#1370,#1379,#1387,#1394));
#1370 = ORIENTED_EDGE('',*,*,#1371,.F.);
#1371 = EDGE_CURVE('',#1372,#1372,#1374,.T.);
#1372 = VERTEX_POINT('',#1373);
#1373 = CARTESIAN_POINT('',(-4.597E+03,-969.,2.92E+03));
#1374 = CIRCLE('',#1375,600.);
#1375 = AXIS2_PLACEMENT_3D('',#1376,#1377,#1378);
#1376 = CARTESIAN_POINT('',(-5.197E+03,-969.,2.92E+03));
#1377 = DIRECTION('',(0.,0.,1.));
#1378 = DIRECTION('',(1.,0.,0.));
#1379 = ORIENTED_EDGE('',*,*,#1380,.F.);
#1380 = EDGE_CURVE('',#1381,#1372,#1383,.T.);
#1381 = VERTEX_POINT('',#1382);
#1382 = CARTESIAN_POINT('',(-4.597E+03,-969.,2.9E+03));
#1383 = LINE('',#1384,#1385);
#1384 = CARTESIAN_POINT('',(-4.597E+03,-969.,2.9E+03));
#1385 = VECTOR('',#1386,1.);
#1386 = DIRECTION('',(0.,0.,1.));
#1387 = ORIENTED_EDGE('',*,*,#1388,.T.);
#1388 = EDGE_CURVE('',#1381,#1381,#1389,.T.);
#1389 = CIRCLE('',#1390,600.);
#1390 = AXIS2_PLACEMENT_3D('',#1391,#1392,#1393);
#1391 = CARTESIAN_POINT('',(-5.197E+03,-969.,2.9E+03));
#1392 = DIRECTION('',(0.,0.,1.));
#1393 = DIRECTION('',(1.,0.,0.));
#1394 = ORIENTED_EDGE('',*,*,#1380,.T.);
#1395 = CYLINDRICAL_SURFACE('',#1396,600.);
#1396 = AXIS2_PLACEMENT_3D('',#1397,#1398,#1399);
#1397 = CARTESIAN_POINT('',(-5.197E+03,-969.,2.9E+03));
#1398 = DIRECTION('',(0.,0.,1.));
#1399 = DIRECTION('',(1.,0.,0.));
#1400 = ADVANCED_FACE('',(#1401),#1404,.T.);
#1401 = FACE_BOUND('',#1402,.T.);
#1402 = EDGE_LOOP('',(#1403));
#1403 = ORIENTED_EDGE('',*,*,#1371,.T.);
#1404 = PLANE('',#1405);
#1405 = AXIS2_PLACEMENT_3D('',#1406,#1407,#1408);
#1406 = CARTESIAN_POINT('',(-5.197E+03,-969.,2.92E+03));
#1407 = DIRECTION('',(0.,0.,1.));
#1408 = DIRECTION('',(1.,0.,0.));
#1409 = ADVANCED_FACE('',(#1410),#1413,.F.);
#1410 = FACE_BOUND('',#1411,.T.);
#1411 = EDGE_LOOP('',(#1412));
#1412 = ORIENTED_EDGE('',*,*,#1388,.F.);
#1413 = PLANE('',#1414);
#1414 = AXIS2_PLACEMENT_3D('',#1415,#1416,#1417);
#1415 = CARTESIAN_POINT('',(-5.197E+03,-969.,2.9E+03));
#1416 = DIRECTION('',(0.,0.,1.));
#1417 = DIRECTION('',(1.,0.,0.));
#1418 = MANIFOLD_SOLID_BREP('',#1419);
#1419 = CLOSED_SHELL('',(#1420,#1460,#1500,#1522,#1544,#1556));
#1420 = ADVANCED_FACE('',(#1421),#1455,.F.);
#1421 = FACE_BOUND('',#1422,.F.);
#1422 = EDGE_LOOP('',(#1423,#1433,#1441,#1449));
#1423 = ORIENTED_EDGE('',*,*,#1424,.F.);
#1424 = EDGE_CURVE('',#1425,#1427,#1429,.T.);
#1425 = VERTEX_POINT('',#1426);
#1426 = CARTESIAN_POINT('',(7.991E+03,4.275E+03,3.E+03));
#1427 = VERTEX_POINT('',#1428);
#1428 = CARTESIAN_POINT('',(7.991E+03,4.275E+03,3.02E+03));
#1429 = LINE('',#1430,#1431);
#1430 = CARTESIAN_POINT('',(7.991E+03,4.275E+03,3.E+03));
#1431 = VECTOR('',#1432,1.);
#1432 = DIRECTION('',(0.,0.,1.));
#1433 = ORIENTED_EDGE('',*,*,#1434,.T.);
#1434 = EDGE_CURVE('',#1425,#1435,#1437,.T.);
#1435 = VERTEX_POINT('',#1436);
#1436 = CARTESIAN_POINT('',(7.991E+03,4.875E+03,3.E+03));
#1437 = LINE('',#1438,#1439);
#1438 = CARTESIAN_POINT('',(7.991E+03,4.275E+03,3.E+03));
#1439 = VECTOR('',#1440,1.);
#1440 = DIRECTION('',(0.,1.,0.));
#1441 = ORIENTED_EDGE('',*,*,#1442,.T.);
#1442 = EDGE_CURVE('',#1435,#1443,#1445,.T.);
#1443 = VERTEX_POINT('',#1444);
#1444 = CARTESIAN_POINT('',(7.991E+03,4.875E+03,3.02E+03));
#1445 = LINE('',#1446,#1447);
#1446 = CARTESIAN_POINT('',(7.991E+03,4.875E+03,3.E+03));
#1447 = VECTOR('',#1448,1.);
#1448 = DIRECTION('',(0.,0.,1.));
#1449 = ORIENTED_EDGE('',*,*,#1450,.F.);
#1450 = EDGE_CURVE('',#1427,#1443,#1451,.T.);
#1451 = LINE('',#1452,#1453);
#1452 = CARTESIAN_POINT('',(7.991E+03,4.275E+03,3.02E+03));
#1453 = VECTOR('',#1454,1.);
#1454 = DIRECTION('',(0.,1.,0.));
#1455 = PLANE('',#1456);
#1456 = AXIS2_PLACEMENT_3D('',#1457,#1458,#1459);
#1457 = CARTESIAN_POINT('',(7.991E+03,4.275E+03,3.E+03));
#1458 = DIRECTION('',(1.,0.,0.));
#1459 = DIRECTION('',(0.,0.,1.));
#1460 = ADVANCED_FACE('',(#1461),#1495,.T.);
#1461 = FACE_BOUND('',#1462,.T.);
#1462 = EDGE_LOOP('',(#1463,#1473,#1481,#1489));
#1463 = ORIENTED_EDGE('',*,*,#1464,.F.);
#1464 = EDGE_CURVE('',#1465,#1467,#1469,.T.);
#1465 = VERTEX_POINT('',#1466);
#1466 = CARTESIAN_POINT('',(8.591E+03,4.275E+03,3.E+03));
#1467 = VERTEX_POINT('',#1468);
#1468 = CARTESIAN_POINT('',(8.591E+03,4.275E+03,3.02E+03));
#1469 = LINE('',#1470,#1471);
#1470 = CARTESIAN_POINT('',(8.591E+03,4.275E+03,3.E+03));
#1471 = VECTOR('',#1472,1.);
#1472 = DIRECTION('',(0.,0.,1.));
#1473 = ORIENTED_EDGE('',*,*,#1474,.T.);
#1474 = EDGE_CURVE('',#1465,#1475,#1477,.T.);
#1475 = VERTEX_POINT('',#1476);
#1476 = CARTESIAN_POINT('',(8.591E+03,4.875E+03,3.E+03));
#1477 = LINE('',#1478,#1479);
#1478 = CARTESIAN_POINT('',(8.591E+03,4.275E+03,3.E+03));
#1479 = VECTOR('',#1480,1.);
#1480 = DIRECTION('',(0.,1.,0.));
#1481 = ORIENTED_EDGE('',*,*,#1482,.T.);
#1482 = EDGE_CURVE('',#1475,#1483,#1485,.T.);
#1483 = VERTEX_POINT('',#1484);
#1484 = CARTESIAN_POINT('',(8.591E+03,4.875E+03,3.02E+03));
#1485 = LINE('',#1486,#1487);
#1486 = CARTESIAN_POINT('',(8.591E+03,4.875E+03,3.E+03));
#1487 = VECTOR('',#1488,1.);
#1488 = DIRECTION('',(0.,0.,1.));
#1489 = ORIENTED_EDGE('',*,*,#1490,.F.);
#1490 = EDGE_CURVE('',#1467,#1483,#1491,.T.);
#1491 = LINE('',#1492,#1493);
#1492 = CARTESIAN_POINT('',(8.591E+03,4.275E+03,3.02E+03));
#1493 = VECTOR('',#1494,1.);
#1494 = DIRECTION('',(0.,1.,0.));
#1495 = PLANE('',#1496);
#1496 = AXIS2_PLACEMENT_3D('',#1497,#1498,#1499);
#1497 = CARTESIAN_POINT('',(8.591E+03,4.275E+03,3.E+03));
#1498 = DIRECTION('',(1.,0.,0.));
#1499 = DIRECTION('',(0.,0.,1.));
#1500 = ADVANCED_FACE('',(#1501),#1517,.F.);
#1501 = FACE_BOUND('',#1502,.F.);
#1502 = EDGE_LOOP('',(#1503,#1509,#1510,#1516));
#1503 = ORIENTED_EDGE('',*,*,#1504,.F.);
#1504 = EDGE_CURVE('',#1425,#1465,#1505,.T.);
#1505 = LINE('',#1506,#1507);
#1506 = CARTESIAN_POINT('',(7.991E+03,4.275E+03,3.E+03));
#1507 = VECTOR('',#1508,1.);
#1508 = DIRECTION('',(1.,0.,0.));
#1509 = ORIENTED_EDGE('',*,*,#1424,.T.);
#1510 = ORIENTED_EDGE('',*,*,#1511,.T.);
#1511 = EDGE_CURVE('',#1427,#1467,#1512,.T.);
#1512 = LINE('',#1513,#1514);
#1513 = CARTESIAN_POINT('',(7.991E+03,4.275E+03,3.02E+03));
#1514 = VECTOR('',#1515,1.);
#1515 = DIRECTION('',(1.,0.,0.));
#1516 = ORIENTED_EDGE('',*,*,#1464,.F.);
#1517 = PLANE('',#1518);
#1518 = AXIS2_PLACEMENT_3D('',#1519,#1520,#1521);
#1519 = CARTESIAN_POINT('',(7.991E+03,4.275E+03,3.E+03));
#1520 = DIRECTION('',(0.,1.,0.));
#1521 = DIRECTION('',(0.,0.,1.));
#1522 = ADVANCED_FACE('',(#1523),#1539,.T.);
#1523 = FACE_BOUND('',#1524,.T.);
#1524 = EDGE_LOOP('',(#1525,#1531,#1532,#1538));
#1525 = ORIENTED_EDGE('',*,*,#1526,.F.);
#1526 = EDGE_CURVE('',#1435,#1475,#1527,.T.);
#1527 = LINE('',#1528,#1529);
#1528 = CARTESIAN_POINT('',(7.991E+03,4.875E+03,3.E+03));
#1529 = VECTOR('',#1530,1.);
#1530 = DIRECTION('',(1.,0.,0.));
#1531 = ORIENTED_EDGE('',*,*,#1442,.T.);
#1532 = ORIENTED_EDGE('',*,*,#1533,.T.);
#1533 = EDGE_CURVE('',#1443,#1483,#1534,.T.);
#1534 = LINE('',#1535,#1536);
#1535 = CARTESIAN_POINT('',(7.991E+03,4.875E+03,3.02E+03));
#1536 = VECTOR('',#1537,1.);
#1537 = DIRECTION('',(1.,0.,0.));
#1538 = ORIENTED_EDGE('',*,*,#1482,.F.);
#1539 = PLANE('',#1540);
#1540 = AXIS2_PLACEMENT_3D('',#1541,#1542,#1543);
#1541 = CARTESIAN_POINT('',(7.991E+03,4.875E+03,3.E+03));
#1542 = DIRECTION('',(0.,1.,0.));
#1543 = DIRECTION('',(0.,0.,1.));
#1544 = ADVANCED_FACE('',(#1545),#1551,.F.);
#1545 = FACE_BOUND('',#1546,.F.);
#1546 = EDGE_LOOP('',(#1547,#1548,#1549,#1550));
#1547 = ORIENTED_EDGE('',*,*,#1434,.F.);
#1548 = ORIENTED_EDGE('',*,*,#1504,.T.);
#1549 = ORIENTED_EDGE('',*,*,#1474,.T.);
#1550 = ORIENTED_EDGE('',*,*,#1526,.F.);
#1551 = PLANE('',#1552);
#1552 = AXIS2_PLACEMENT_3D('',#1553,#1554,#1555);
#1553 = CARTESIAN_POINT('',(7.991E+03,4.275E+03,3.E+03));
#1554 = DIRECTION('',(0.,0.,1.));
#1555 = DIRECTION('',(1.,0.,0.));
#1556 = ADVANCED_FACE('',(#1557),#1563,.T.);
#1557 = FACE_BOUND('',#1558,.T.);
#1558 = EDGE_LOOP('',(#1559,#1560,#1561,#1562));
#1559 = ORIENTED_EDGE('',*,*,#1450,.F.);
#1560 = ORIENTED_EDGE('',*,*,#1511,.T.);
#1561 = ORIENTED_EDGE('',*,*,#1490,.T.);
#1562 = ORIENTED_EDGE('',*,*,#1533,.F.);
#1563 = PLANE('',#1564);
#1564 = AXIS2_PLACEMENT_3D('',#1565,#1566,#1567);
#1565 = CARTESIAN_POINT('',(7.991E+03,4.275E+03,3.02E+03));
#1566 = DIRECTION('',(0.,0.,1.));
#1567 = DIRECTION('',(1.,0.,0.));
#1568 = MANIFOLD_SOLID_BREP('',#1569);
#1569 = CLOSED_SHELL('',(#1570,#1610,#1650,#1672,#1694,#1706));
#1570 = ADVANCED_FACE('',(#1571),#1605,.F.);
#1571 = FACE_BOUND('',#1572,.F.);
#1572 = EDGE_LOOP('',(#1573,#1583,#1591,#1599));
#1573 = ORIENTED_EDGE('',*,*,#1574,.F.);
#1574 = EDGE_CURVE('',#1575,#1577,#1579,.T.);
#1575 = VERTEX_POINT('',#1576);
#1576 = CARTESIAN_POINT('',(6.259E+03,4.275E+03,3.E+03));
#1577 = VERTEX_POINT('',#1578);
#1578 = CARTESIAN_POINT('',(6.259E+03,4.275E+03,3.02E+03));
#1579 = LINE('',#1580,#1581);
#1580 = CARTESIAN_POINT('',(6.259E+03,4.275E+03,3.E+03));
#1581 = VECTOR('',#1582,1.);
#1582 = DIRECTION('',(0.,0.,1.));
#1583 = ORIENTED_EDGE('',*,*,#1584,.T.);
#1584 = EDGE_CURVE('',#1575,#1585,#1587,.T.);
#1585 = VERTEX_POINT('',#1586);
#1586 = CARTESIAN_POINT('',(6.259E+03,4.875E+03,3.E+03));
#1587 = LINE('',#1588,#1589);
#1588 = CARTESIAN_POINT('',(6.259E+03,4.275E+03,3.E+03));
#1589 = VECTOR('',#1590,1.);
#1590 = DIRECTION('',(0.,1.,0.));
#1591 = ORIENTED_EDGE('',*,*,#1592,.T.);
#1592 = EDGE_CURVE('',#1585,#1593,#1595,.T.);
#1593 = VERTEX_POINT('',#1594);
#1594 = CARTESIAN_POINT('',(6.259E+03,4.875E+03,3.02E+03));
#1595 = LINE('',#1596,#1597);
#1596 = CARTESIAN_POINT('',(6.259E+03,4.875E+03,3.E+03));
#1597 = VECTOR('',#1598,1.);
#1598 = DIRECTION('',(0.,0.,1.));
#1599 = ORIENTED_EDGE('',*,*,#1600,.F.);
#1600 = EDGE_CURVE('',#1577,#1593,#1601,.T.);
#1601 = LINE('',#1602,#1603);
#1602 = CARTESIAN_POINT('',(6.259E+03,4.275E+03,3.02E+03));
#1603 = VECTOR('',#1604,1.);
#1604 = DIRECTION('',(0.,1.,0.));
#1605 = PLANE('',#1606);
#1606 = AXIS2_PLACEMENT_3D('',#1607,#1608,#1609);
#1607 = CARTESIAN_POINT('',(6.259E+03,4.275E+03,3.E+03));
#1608 = DIRECTION('',(1.,0.,0.));
#1609 = DIRECTION('',(0.,0.,1.));
#1610 = ADVANCED_FACE('',(#1611),#1645,.T.);
#1611 = FACE_BOUND('',#1612,.T.);
#1612 = EDGE_LOOP('',(#1613,#1623,#1631,#1639));
#1613 = ORIENTED_EDGE('',*,*,#1614,.F.);
#1614 = EDGE_CURVE('',#1615,#1617,#1619,.T.);
#1615 = VERTEX_POINT('',#1616);
#1616 = CARTESIAN_POINT('',(6.859E+03,4.275E+03,3.E+03));
#1617 = VERTEX_POINT('',#1618);
#1618 = CARTESIAN_POINT('',(6.859E+03,4.275E+03,3.02E+03));
#1619 = LINE('',#1620,#1621);
#1620 = CARTESIAN_POINT('',(6.859E+03,4.275E+03,3.E+03));
#1621 = VECTOR('',#1622,1.);
#1622 = DIRECTION('',(0.,0.,1.));
#1623 = ORIENTED_EDGE('',*,*,#1624,.T.);
#1624 = EDGE_CURVE('',#1615,#1625,#1627,.T.);
#1625 = VERTEX_POINT('',#1626);
#1626 = CARTESIAN_POINT('',(6.859E+03,4.875E+03,3.E+03));
#1627 = LINE('',#1628,#1629);
#1628 = CARTESIAN_POINT('',(6.859E+03,4.275E+03,3.E+03));
#1629 = VECTOR('',#1630,1.);
#1630 = DIRECTION('',(0.,1.,0.));
#1631 = ORIENTED_EDGE('',*,*,#1632,.T.);
#1632 = EDGE_CURVE('',#1625,#1633,#1635,.T.);
#1633 = VERTEX_POINT('',#1634);
#1634 = CARTESIAN_POINT('',(6.859E+03,4.875E+03,3.02E+03));
#1635 = LINE('',#1636,#1637);
#1636 = CARTESIAN_POINT('',(6.859E+03,4.875E+03,3.E+03));
#1637 = VECTOR('',#1638,1.);
#1638 = DIRECTION('',(0.,0.,1.));
#1639 = ORIENTED_EDGE('',*,*,#1640,.F.);
#1640 = EDGE_CURVE('',#1617,#1633,#1641,.T.);
#1641 = LINE('',#1642,#1643);
#1642 = CARTESIAN_POINT('',(6.859E+03,4.275E+03,3.02E+03));
#1643 = VECTOR('',#1644,1.);
#1644 = DIRECTION('',(0.,1.,0.));
#1645 = PLANE('',#1646);
#1646 = AXIS2_PLACEMENT_3D('',#1647,#1648,#1649);
#1647 = CARTESIAN_POINT('',(6.859E+03,4.275E+03,3.E+03));
#1648 = DIRECTION('',(1.,0.,0.));
#1649 = DIRECTION('',(0.,0.,1.));
#1650 = ADVANCED_FACE('',(#1651),#1667,.F.);
#1651 = FACE_BOUND('',#1652,.F.);
#1652 = EDGE_LOOP('',(#1653,#1659,#1660,#1666));
#1653 = ORIENTED_EDGE('',*,*,#1654,.F.);
#1654 = EDGE_CURVE('',#1575,#1615,#1655,.T.);
#1655 = LINE('',#1656,#1657);
#1656 = CARTESIAN_POINT('',(6.259E+03,4.275E+03,3.E+03));
#1657 = VECTOR('',#1658,1.);
#1658 = DIRECTION('',(1.,0.,0.));
#1659 = ORIENTED_EDGE('',*,*,#1574,.T.);
#1660 = ORIENTED_EDGE('',*,*,#1661,.T.);
#1661 = EDGE_CURVE('',#1577,#1617,#1662,.T.);
#1662 = LINE('',#1663,#1664);
#1663 = CARTESIAN_POINT('',(6.259E+03,4.275E+03,3.02E+03));
#1664 = VECTOR('',#1665,1.);
#1665 = DIRECTION('',(1.,0.,0.));
#1666 = ORIENTED_EDGE('',*,*,#1614,.F.);
#1667 = PLANE('',#1668);
#1668 = AXIS2_PLACEMENT_3D('',#1669,#1670,#1671);
#1669 = CARTESIAN_POINT('',(6.259E+03,4.275E+03,3.E+03));
#1670 = DIRECTION('',(0.,1.,0.));
#1671 = DIRECTION('',(0.,0.,1.));
#1672 = ADVANCED_FACE('',(#1673),#1689,.T.);
#1673 = FACE_BOUND('',#1674,.T.);
#1674 = EDGE_LOOP('',(#1675,#1681,#1682,#1688));
#1675 = ORIENTED_EDGE('',*,*,#1676,.F.);
#1676 = EDGE_CURVE('',#1585,#1625,#1677,.T.);
#1677 = LINE('',#1678,#1679);
#1678 = CARTESIAN_POINT('',(6.259E+03,4.875E+03,3.E+03));
#1679 = VECTOR('',#1680,1.);
#1680 = DIRECTION('',(1.,0.,0.));
#1681 = ORIENTED_EDGE('',*,*,#1592,.T.);
#1682 = ORIENTED_EDGE('',*,*,#1683,.T.);
#1683 = EDGE_CURVE('',#1593,#1633,#1684,.T.);
#1684 = LINE('',#1685,#1686);
#1685 = CARTESIAN_POINT('',(6.259E+03,4.875E+03,3.02E+03));
#1686 = VECTOR('',#1687,1.);
#1687 = DIRECTION('',(1.,0.,0.));
#1688 = ORIENTED_EDGE('',*,*,#1632,.F.);
#1689 = PLANE('',#1690);
#1690 = AXIS2_PLACEMENT_3D('',#1691,#1692,#1693);
#1691 = CARTESIAN_POINT('',(6.259E+03,4.875E+03,3.E+03));
#1692 = DIRECTION('',(0.,1.,0.));
#1693 = DIRECTION('',(0.,0.,1.));
#1694 = ADVANCED_FACE('',(#1695),#1701,.F.);
#1695 = FACE_BOUND('',#1696,.F.);
#1696 = EDGE_LOOP('',(#1697,#1698,#1699,#1700));
#1697 = ORIENTED_EDGE('',*,*,#1584,.F.);
#1698 = ORIENTED_EDGE('',*,*,#1654,.T.);
#1699 = ORIENTED_EDGE('',*,*,#1624,.T.);
#1700 = ORIENTED_EDGE('',*,*,#1676,.F.);
#1701 = PLANE('',#1702);
#1702 = AXIS2_PLACEMENT_3D('',#1703,#1704,#1705);
#1703 = CARTESIAN_POINT('',(6.259E+03,4.275E+03,3.E+03));
#1704 = DIRECTION('',(0.,0.,1.));
#1705 = DIRECTION('',(1.,0.,0.));
#1706 = ADVANCED_FACE('',(#1707),#1713,.T.);
#1707 = FACE_BOUND('',#1708,.T.);
#1708 = EDGE_LOOP('',(#1709,#1710,#1711,#1712));
#1709 = ORIENTED_EDGE('',*,*,#1600,.F.);
#1710 = ORIENTED_EDGE('',*,*,#1661,.T.);
#1711 = ORIENTED_EDGE('',*,*,#1640,.T.);
#1712 = ORIENTED_EDGE('',*,*,#1683,.F.);
#1713 = PLANE('',#1714);
#1714 = AXIS2_PLACEMENT_3D('',#1715,#1716,#1717);
#1715 = CARTESIAN_POINT('',(6.259E+03,4.275E+03,3.02E+03));
#1716 = DIRECTION('',(0.,0.,1.));
#1717 = DIRECTION('',(1.,0.,0.));
#1718 = MANIFOLD_SOLID_BREP('',#1719);
#1719 = CLOSED_SHELL('',(#1720,#1760,#1800,#1822,#1844,#1856));
#1720 = ADVANCED_FACE('',(#1721),#1755,.F.);
#1721 = FACE_BOUND('',#1722,.F.);
#1722 = EDGE_LOOP('',(#1723,#1733,#1741,#1749));
#1723 = ORIENTED_EDGE('',*,*,#1724,.F.);
#1724 = EDGE_CURVE('',#1725,#1727,#1729,.T.);
#1725 = VERTEX_POINT('',#1726);
#1726 = CARTESIAN_POINT('',(9.027E+03,4.442E+03,2.4E+03));
#1727 = VERTEX_POINT('',#1728);
#1728 = CARTESIAN_POINT('',(9.027E+03,4.442E+03,2.42E+03));
#1729 = LINE('',#1730,#1731);
#1730 = CARTESIAN_POINT('',(9.027E+03,4.442E+03,2.4E+03));
#1731 = VECTOR('',#1732,1.);
#1732 = DIRECTION('',(0.,0.,1.));
#1733 = ORIENTED_EDGE('',*,*,#1734,.T.);
#1734 = EDGE_CURVE('',#1725,#1735,#1737,.T.);
#1735 = VERTEX_POINT('',#1736);
#1736 = CARTESIAN_POINT('',(9.027E+03,4.692E+03,2.4E+03));
#1737 = LINE('',#1738,#1739);
#1738 = CARTESIAN_POINT('',(9.027E+03,4.442E+03,2.4E+03));
#1739 = VECTOR('',#1740,1.);
#1740 = DIRECTION('',(0.,1.,0.));
#1741 = ORIENTED_EDGE('',*,*,#1742,.T.);
#1742 = EDGE_CURVE('',#1735,#1743,#1745,.T.);
#1743 = VERTEX_POINT('',#1744);
#1744 = CARTESIAN_POINT('',(9.027E+03,4.692E+03,2.42E+03));
#1745 = LINE('',#1746,#1747);
#1746 = CARTESIAN_POINT('',(9.027E+03,4.692E+03,2.4E+03));
#1747 = VECTOR('',#1748,1.);
#1748 = DIRECTION('',(0.,0.,1.));
#1749 = ORIENTED_EDGE('',*,*,#1750,.F.);
#1750 = EDGE_CURVE('',#1727,#1743,#1751,.T.);
#1751 = LINE('',#1752,#1753);
#1752 = CARTESIAN_POINT('',(9.027E+03,4.442E+03,2.42E+03));
#1753 = VECTOR('',#1754,1.);
#1754 = DIRECTION('',(0.,1.,0.));
#1755 = PLANE('',#1756);
#1756 = AXIS2_PLACEMENT_3D('',#1757,#1758,#1759);
#1757 = CARTESIAN_POINT('',(9.027E+03,4.442E+03,2.4E+03));
#1758 = DIRECTION('',(1.,0.,0.));
#1759 = DIRECTION('',(0.,0.,1.));
#1760 = ADVANCED_FACE('',(#1761),#1795,.T.);
#1761 = FACE_BOUND('',#1762,.T.);
#1762 = EDGE_LOOP('',(#1763,#1773,#1781,#1789));
#1763 = ORIENTED_EDGE('',*,*,#1764,.F.);
#1764 = EDGE_CURVE('',#1765,#1767,#1769,.T.);
#1765 = VERTEX_POINT('',#1766);
#1766 = CARTESIAN_POINT('',(9.277E+03,4.442E+03,2.4E+03));
#1767 = VERTEX_POINT('',#1768);
#1768 = CARTESIAN_POINT('',(9.277E+03,4.442E+03,2.42E+03));
#1769 = LINE('',#1770,#1771);
#1770 = CARTESIAN_POINT('',(9.277E+03,4.442E+03,2.4E+03));
#1771 = VECTOR('',#1772,1.);
#1772 = DIRECTION('',(0.,0.,1.));
#1773 = ORIENTED_EDGE('',*,*,#1774,.T.);
#1774 = EDGE_CURVE('',#1765,#1775,#1777,.T.);
#1775 = VERTEX_POINT('',#1776);
#1776 = CARTESIAN_POINT('',(9.277E+03,4.692E+03,2.4E+03));
#1777 = LINE('',#1778,#1779);
#1778 = CARTESIAN_POINT('',(9.277E+03,4.442E+03,2.4E+03));
#1779 = VECTOR('',#1780,1.);
#1780 = DIRECTION('',(0.,1.,0.));
#1781 = ORIENTED_EDGE('',*,*,#1782,.T.);
#1782 = EDGE_CURVE('',#1775,#1783,#1785,.T.);
#1783 = VERTEX_POINT('',#1784);
#1784 = CARTESIAN_POINT('',(9.277E+03,4.692E+03,2.42E+03));
#1785 = LINE('',#1786,#1787);
#1786 = CARTESIAN_POINT('',(9.277E+03,4.692E+03,2.4E+03));
#1787 = VECTOR('',#1788,1.);
#1788 = DIRECTION('',(0.,0.,1.));
#1789 = ORIENTED_EDGE('',*,*,#1790,.F.);
#1790 = EDGE_CURVE('',#1767,#1783,#1791,.T.);
#1791 = LINE('',#1792,#1793);
#1792 = CARTESIAN_POINT('',(9.277E+03,4.442E+03,2.42E+03));
#1793 = VECTOR('',#1794,1.);
#1794 = DIRECTION('',(0.,1.,0.));
#1795 = PLANE('',#1796);
#1796 = AXIS2_PLACEMENT_3D('',#1797,#1798,#1799);
#1797 = CARTESIAN_POINT('',(9.277E+03,4.442E+03,2.4E+03));
#1798 = DIRECTION('',(1.,0.,0.));
#1799 = DIRECTION('',(0.,0.,1.));
#1800 = ADVANCED_FACE('',(#1801),#1817,.F.);
#1801 = FACE_BOUND('',#1802,.F.);
#1802 = EDGE_LOOP('',(#1803,#1809,#1810,#1816));
#1803 = ORIENTED_EDGE('',*,*,#1804,.F.);
#1804 = EDGE_CURVE('',#1725,#1765,#1805,.T.);
#1805 = LINE('',#1806,#1807);
#1806 = CARTESIAN_POINT('',(9.027E+03,4.442E+03,2.4E+03));
#1807 = VECTOR('',#1808,1.);
#1808 = DIRECTION('',(1.,0.,0.));
#1809 = ORIENTED_EDGE('',*,*,#1724,.T.);
#1810 = ORIENTED_EDGE('',*,*,#1811,.T.);
#1811 = EDGE_CURVE('',#1727,#1767,#1812,.T.);
#1812 = LINE('',#1813,#1814);
#1813 = CARTESIAN_POINT('',(9.027E+03,4.442E+03,2.42E+03));
#1814 = VECTOR('',#1815,1.);
#1815 = DIRECTION('',(1.,0.,0.));
#1816 = ORIENTED_EDGE('',*,*,#1764,.F.);
#1817 = PLANE('',#1818);
#1818 = AXIS2_PLACEMENT_3D('',#1819,#1820,#1821);
#1819 = CARTESIAN_POINT('',(9.027E+03,4.442E+03,2.4E+03));
#1820 = DIRECTION('',(0.,1.,0.));
#1821 = DIRECTION('',(0.,0.,1.));
#1822 = ADVANCED_FACE('',(#1823),#1839,.T.);
#1823 = FACE_BOUND('',#1824,.T.);
#1824 = EDGE_LOOP('',(#1825,#1831,#1832,#1838));
#1825 = ORIENTED_EDGE('',*,*,#1826,.F.);
#1826 = EDGE_CURVE('',#1735,#1775,#1827,.T.);
#1827 = LINE('',#1828,#1829);
#1828 = CARTESIAN_POINT('',(9.027E+03,4.692E+03,2.4E+03));
#1829 = VECTOR('',#1830,1.);
#1830 = DIRECTION('',(1.,0.,0.));
#1831 = ORIENTED_EDGE('',*,*,#1742,.T.);
#1832 = ORIENTED_EDGE('',*,*,#1833,.T.);
#1833 = EDGE_CURVE('',#1743,#1783,#1834,.T.);
#1834 = LINE('',#1835,#1836);
#1835 = CARTESIAN_POINT('',(9.027E+03,4.692E+03,2.42E+03));
#1836 = VECTOR('',#1837,1.);
#1837 = DIRECTION('',(1.,0.,0.));
#1838 = ORIENTED_EDGE('',*,*,#1782,.F.);
#1839 = PLANE('',#1840);
#1840 = AXIS2_PLACEMENT_3D('',#1841,#1842,#1843);
#1841 = CARTESIAN_POINT('',(9.027E+03,4.692E+03,2.4E+03));
#1842 = DIRECTION('',(0.,1.,0.));
#1843 = DIRECTION('',(0.,0.,1.));
#1844 = ADVANCED_FACE('',(#1845),#1851,.F.);
#1845 = FACE_BOUND('',#1846,.F.);
#1846 = EDGE_LOOP('',(#1847,#1848,#1849,#1850));
#1847 = ORIENTED_EDGE('',*,*,#1734,.F.);
#1848 = ORIENTED_EDGE('',*,*,#1804,.T.);
#1849 = ORIENTED_EDGE('',*,*,#1774,.T.);
#1850 = ORIENTED_EDGE('',*,*,#1826,.F.);
#1851 = PLANE('',#1852);
#1852 = AXIS2_PLACEMENT_3D('',#1853,#1854,#1855);
#1853 = CARTESIAN_POINT('',(9.027E+03,4.442E+03,2.4E+03));
#1854 = DIRECTION('',(0.,0.,1.));
#1855 = DIRECTION('',(1.,0.,0.));
#1856 = ADVANCED_FACE('',(#1857),#1863,.T.);
#1857 = FACE_BOUND('',#1858,.T.);
#1858 = EDGE_LOOP('',(#1859,#1860,#1861,#1862));
#1859 = ORIENTED_EDGE('',*,*,#1750,.F.);
#1860 = ORIENTED_EDGE('',*,*,#1811,.T.);
#1861 = ORIENTED_EDGE('',*,*,#1790,.T.);
#1862 = ORIENTED_EDGE('',*,*,#1833,.F.);
#1863 = PLANE('',#1864);
#1864 = AXIS2_PLACEMENT_3D('',#1865,#1866,#1867);
#1865 = CARTESIAN_POINT('',(9.027E+03,4.442E+03,2.42E+03));
#1866 = DIRECTION('',(0.,0.,1.));
#1867 = DIRECTION('',(1.,0.,0.));
#1868 = MANIFOLD_SOLID_BREP('',#1869);
#1869 = CLOSED_SHELL('',(#1870,#1910,#1950,#1972,#1994,#2006));
#1870 = ADVANCED_FACE('',(#1871),#1905,.F.);
#1871 = FACE_BOUND('',#1872,.F.);
#1872 = EDGE_LOOP('',(#1873,#1883,#1891,#1899));
#1873 = ORIENTED_EDGE('',*,*,#1874,.F.);
#1874 = EDGE_CURVE('',#1875,#1877,#1879,.T.);
#1875 = VERTEX_POINT('',#1876);
#1876 = CARTESIAN_POINT('',(-3.262E+03,3.41E+03,3.E+03));
#1877 = VERTEX_POINT('',#1878);
#1878 = CARTESIAN_POINT('',(-3.262E+03,3.41E+03,3.02E+03));
#1879 = LINE('',#1880,#1881);
#1880 = CARTESIAN_POINT('',(-3.262E+03,3.41E+03,3.E+03));
#1881 = VECTOR('',#1882,1.);
#1882 = DIRECTION('',(0.,0.,1.));
#1883 = ORIENTED_EDGE('',*,*,#1884,.T.);
#1884 = EDGE_CURVE('',#1875,#1885,#1887,.T.);
#1885 = VERTEX_POINT('',#1886);
#1886 = CARTESIAN_POINT('',(-3.262E+03,4.01E+03,3.E+03));
#1887 = LINE('',#1888,#1889);
#1888 = CARTESIAN_POINT('',(-3.262E+03,3.41E+03,3.E+03));
#1889 = VECTOR('',#1890,1.);
#1890 = DIRECTION('',(0.,1.,0.));
#1891 = ORIENTED_EDGE('',*,*,#1892,.T.);
#1892 = EDGE_CURVE('',#1885,#1893,#1895,.T.);
#1893 = VERTEX_POINT('',#1894);
#1894 = CARTESIAN_POINT('',(-3.262E+03,4.01E+03,3.02E+03));
#1895 = LINE('',#1896,#1897);
#1896 = CARTESIAN_POINT('',(-3.262E+03,4.01E+03,3.E+03));
#1897 = VECTOR('',#1898,1.);
#1898 = DIRECTION('',(0.,0.,1.));
#1899 = ORIENTED_EDGE('',*,*,#1900,.F.);
#1900 = EDGE_CURVE('',#1877,#1893,#1901,.T.);
#1901 = LINE('',#1902,#1903);
#1902 = CARTESIAN_POINT('',(-3.262E+03,3.41E+03,3.02E+03));
#1903 = VECTOR('',#1904,1.);
#1904 = DIRECTION('',(0.,1.,0.));
#1905 = PLANE('',#1906);
#1906 = AXIS2_PLACEMENT_3D('',#1907,#1908,#1909);
#1907 = CARTESIAN_POINT('',(-3.262E+03,3.41E+03,3.E+03));
#1908 = DIRECTION('',(1.,0.,0.));
#1909 = DIRECTION('',(0.,0.,1.));
#1910 = ADVANCED_FACE('',(#1911),#1945,.T.);
#1911 = FACE_BOUND('',#1912,.T.);
#1912 = EDGE_LOOP('',(#1913,#1923,#1931,#1939));
#1913 = ORIENTED_EDGE('',*,*,#1914,.F.);
#1914 = EDGE_CURVE('',#1915,#1917,#1919,.T.);
#1915 = VERTEX_POINT('',#1916);
#1916 = CARTESIAN_POINT('',(-2.662E+03,3.41E+03,3.E+03));
#1917 = VERTEX_POINT('',#1918);
#1918 = CARTESIAN_POINT('',(-2.662E+03,3.41E+03,3.02E+03));
#1919 = LINE('',#1920,#1921);
#1920 = CARTESIAN_POINT('',(-2.662E+03,3.41E+03,3.E+03));
#1921 = VECTOR('',#1922,1.);
#1922 = DIRECTION('',(0.,0.,1.));
#1923 = ORIENTED_EDGE('',*,*,#1924,.T.);
#1924 = EDGE_CURVE('',#1915,#1925,#1927,.T.);
#1925 = VERTEX_POINT('',#1926);
#1926 = CARTESIAN_POINT('',(-2.662E+03,4.01E+03,3.E+03));
#1927 = LINE('',#1928,#1929);
#1928 = CARTESIAN_POINT('',(-2.662E+03,3.41E+03,3.E+03));
#1929 = VECTOR('',#1930,1.);
#1930 = DIRECTION('',(0.,1.,0.));
#1931 = ORIENTED_EDGE('',*,*,#1932,.T.);
#1932 = EDGE_CURVE('',#1925,#1933,#1935,.T.);
#1933 = VERTEX_POINT('',#1934);
#1934 = CARTESIAN_POINT('',(-2.662E+03,4.01E+03,3.02E+03));
#1935 = LINE('',#1936,#1937);
#1936 = CARTESIAN_POINT('',(-2.662E+03,4.01E+03,3.E+03));
#1937 = VECTOR('',#1938,1.);
#1938 = DIRECTION('',(0.,0.,1.));
#1939 = ORIENTED_EDGE('',*,*,#1940,.F.);
#1940 = EDGE_CURVE('',#1917,#1933,#1941,.T.);
#1941 = LINE('',#1942,#1943);
#1942 = CARTESIAN_POINT('',(-2.662E+03,3.41E+03,3.02E+03));
#1943 = VECTOR('',#1944,1.);
#1944 = DIRECTION('',(0.,1.,0.));
#1945 = PLANE('',#1946);
#1946 = AXIS2_PLACEMENT_3D('',#1947,#1948,#1949);
#1947 = CARTESIAN_POINT('',(-2.662E+03,3.41E+03,3.E+03));
#1948 = DIRECTION('',(1.,0.,0.));
#1949 = DIRECTION('',(0.,0.,1.));
#1950 = ADVANCED_FACE('',(#1951),#1967,.F.);
#1951 = FACE_BOUND('',#1952,.F.);
#1952 = EDGE_LOOP('',(#1953,#1959,#1960,#1966));
#1953 = ORIENTED_EDGE('',*,*,#1954,.F.);
#1954 = EDGE_CURVE('',#1875,#1915,#1955,.T.);
#1955 = LINE('',#1956,#1957);
#1956 = CARTESIAN_POINT('',(-3.262E+03,3.41E+03,3.E+03));
#1957 = VECTOR('',#1958,1.);
#1958 = DIRECTION('',(1.,0.,0.));
#1959 = ORIENTED_EDGE('',*,*,#1874,.T.);
#1960 = ORIENTED_EDGE('',*,*,#1961,.T.);
#1961 = EDGE_CURVE('',#1877,#1917,#1962,.T.);
#1962 = LINE('',#1963,#1964);
#1963 = CARTESIAN_POINT('',(-3.262E+03,3.41E+03,3.02E+03));
#1964 = VECTOR('',#1965,1.);
#1965 = DIRECTION('',(1.,0.,0.));
#1966 = ORIENTED_EDGE('',*,*,#1914,.F.);
#1967 = PLANE('',#1968);
#1968 = AXIS2_PLACEMENT_3D('',#1969,#1970,#1971);
#1969 = CARTESIAN_POINT('',(-3.262E+03,3.41E+03,3.E+03));
#1970 = DIRECTION('',(0.,1.,0.));
#1971 = DIRECTION('',(0.,0.,1.));
#1972 = ADVANCED_FACE('',(#1973),#1989,.T.);
#1973 = FACE_BOUND('',#1974,.T.);
#1974 = EDGE_LOOP('',(#1975,#1981,#1982,#1988));
#1975 = ORIENTED_EDGE('',*,*,#1976,.F.);
#1976 = EDGE_CURVE('',#1885,#1925,#1977,.T.);
#1977 = LINE('',#1978,#1979);
#1978 = CARTESIAN_POINT('',(-3.262E+03,4.01E+03,3.E+03));
#1979 = VECTOR('',#1980,1.);
#1980 = DIRECTION('',(1.,0.,0.));
#1981 = ORIENTED_EDGE('',*,*,#1892,.T.);
#1982 = ORIENTED_EDGE('',*,*,#1983,.T.);
#1983 = EDGE_CURVE('',#1893,#1933,#1984,.T.);
#1984 = LINE('',#1985,#1986);
#1985 = CARTESIAN_POINT('',(-3.262E+03,4.01E+03,3.02E+03));
#1986 = VECTOR('',#1987,1.);
#1987 = DIRECTION('',(1.,0.,0.));
#1988 = ORIENTED_EDGE('',*,*,#1932,.F.);
#1989 = PLANE('',#1990);
#1990 = AXIS2_PLACEMENT_3D('',#1991,#1992,#1993);
#1991 = CARTESIAN_POINT('',(-3.262E+03,4.01E+03,3.E+03));
#1992 = DIRECTION('',(0.,1.,0.));
#1993 = DIRECTION('',(0.,0.,1.));
#1994 = ADVANCED_FACE('',(#1995),#2001,.F.);
#1995 = FACE_BOUND('',#1996,.F.);
#1996 = EDGE_LOOP('',(#1997,#1998,#1999,#2000));
#1997 = ORIENTED_EDGE('',*,*,#1884,.F.);
#1998 = ORIENTED_EDGE('',*,*,#1954,.T.);
#1999 = ORIENTED_EDGE('',*,*,#1924,.T.);
#2000 = ORIENTED_EDGE('',*,*,#1976,.F.);
#2001 = PLANE('',#2002);
#2002 = AXIS2_PLACEMENT_3D('',#2003,#2004,#2005);
#2003 = CARTESIAN_POINT('',(-3.262E+03,3.41E+03,3.E+03));
#2004 = DIRECTION('',(0.,0.,1.));
#2005 = DIRECTION('',(1.,0.,0.));
#2006 = ADVANCED_FACE('',(#2007),#2013,.T.);
#2007 = FACE_BOUND('',#2008,.T.);
#2008 = EDGE_LOOP('',(#2009,#2010,#2011,#2012));
#2009 = ORIENTED_EDGE('',*,*,#1900,.F.);
#2010 = ORIENTED_EDGE('',*,*,#1961,.T.);
#2011 = ORIENTED_EDGE('',*,*,#1940,.T.);
#2012 = ORIENTED_EDGE('',*,*,#1983,.F.);
#2013 = PLANE('',#2014);
#2014 = AXIS2_PLACEMENT_3D('',#2015,#2016,#2017);
#2015 = CARTESIAN_POINT('',(-3.262E+03,3.41E+03,3.02E+03));
#2016 = DIRECTION('',(0.,0.,1.));
#2017 = DIRECTION('',(1.,0.,0.));
#2018 = MANIFOLD_SOLID_BREP('',#2019);
#2019 = CLOSED_SHELL('',(#2020,#2060,#2100,#2122,#2144,#2156));
#2020 = ADVANCED_FACE('',(#2021),#2055,.F.);
#2021 = FACE_BOUND('',#2022,.F.);
#2022 = EDGE_LOOP('',(#2023,#2033,#2041,#2049));
#2023 = ORIENTED_EDGE('',*,*,#2024,.F.);
#2024 = EDGE_CURVE('',#2025,#2027,#2029,.T.);
#2025 = VERTEX_POINT('',#2026);
#2026 = CARTESIAN_POINT('',(-5.701E+03,3.41E+03,3.E+03));
#2027 = VERTEX_POINT('',#2028);
#2028 = CARTESIAN_POINT('',(-5.701E+03,3.41E+03,3.02E+03));
#2029 = LINE('',#2030,#2031);
#2030 = CARTESIAN_POINT('',(-5.701E+03,3.41E+03,3.E+03));
#2031 = VECTOR('',#2032,1.);
#2032 = DIRECTION('',(0.,0.,1.));
#2033 = ORIENTED_EDGE('',*,*,#2034,.T.);
#2034 = EDGE_CURVE('',#2025,#2035,#2037,.T.);
#2035 = VERTEX_POINT('',#2036);
#2036 = CARTESIAN_POINT('',(-5.701E+03,4.01E+03,3.E+03));
#2037 = LINE('',#2038,#2039);
#2038 = CARTESIAN_POINT('',(-5.701E+03,3.41E+03,3.E+03));
#2039 = VECTOR('',#2040,1.);
#2040 = DIRECTION('',(0.,1.,0.));
#2041 = ORIENTED_EDGE('',*,*,#2042,.T.);
#2042 = EDGE_CURVE('',#2035,#2043,#2045,.T.);
#2043 = VERTEX_POINT('',#2044);
#2044 = CARTESIAN_POINT('',(-5.701E+03,4.01E+03,3.02E+03));
#2045 = LINE('',#2046,#2047);
#2046 = CARTESIAN_POINT('',(-5.701E+03,4.01E+03,3.E+03));
#2047 = VECTOR('',#2048,1.);
#2048 = DIRECTION('',(0.,0.,1.));
#2049 = ORIENTED_EDGE('',*,*,#2050,.F.);
#2050 = EDGE_CURVE('',#2027,#2043,#2051,.T.);
#2051 = LINE('',#2052,#2053);
#2052 = CARTESIAN_POINT('',(-5.701E+03,3.41E+03,3.02E+03));
#2053 = VECTOR('',#2054,1.);
#2054 = DIRECTION('',(0.,1.,0.));
#2055 = PLANE('',#2056);
#2056 = AXIS2_PLACEMENT_3D('',#2057,#2058,#2059);
#2057 = CARTESIAN_POINT('',(-5.701E+03,3.41E+03,3.E+03));
#2058 = DIRECTION('',(1.,0.,0.));
#2059 = DIRECTION('',(0.,0.,1.));
#2060 = ADVANCED_FACE('',(#2061),#2095,.T.);
#2061 = FACE_BOUND('',#2062,.T.);
#2062 = EDGE_LOOP('',(#2063,#2073,#2081,#2089));
#2063 = ORIENTED_EDGE('',*,*,#2064,.F.);
#2064 = EDGE_CURVE('',#2065,#2067,#2069,.T.);
#2065 = VERTEX_POINT('',#2066);
#2066 = CARTESIAN_POINT('',(-5.101E+03,3.41E+03,3.E+03));
#2067 = VERTEX_POINT('',#2068);
#2068 = CARTESIAN_POINT('',(-5.101E+03,3.41E+03,3.02E+03));
#2069 = LINE('',#2070,#2071);
#2070 = CARTESIAN_POINT('',(-5.101E+03,3.41E+03,3.E+03));
#2071 = VECTOR('',#2072,1.);
#2072 = DIRECTION('',(0.,0.,1.));
#2073 = ORIENTED_EDGE('',*,*,#2074,.T.);
#2074 = EDGE_CURVE('',#2065,#2075,#2077,.T.);
#2075 = VERTEX_POINT('',#2076);
#2076 = CARTESIAN_POINT('',(-5.101E+03,4.01E+03,3.E+03));
#2077 = LINE('',#2078,#2079);
#2078 = CARTESIAN_POINT('',(-5.101E+03,3.41E+03,3.E+03));
#2079 = VECTOR('',#2080,1.);
#2080 = DIRECTION('',(0.,1.,0.));
#2081 = ORIENTED_EDGE('',*,*,#2082,.T.);
#2082 = EDGE_CURVE('',#2075,#2083,#2085,.T.);
#2083 = VERTEX_POINT('',#2084);
#2084 = CARTESIAN_POINT('',(-5.101E+03,4.01E+03,3.02E+03));
#2085 = LINE('',#2086,#2087);
#2086 = CARTESIAN_POINT('',(-5.101E+03,4.01E+03,3.E+03));
#2087 = VECTOR('',#2088,1.);
#2088 = DIRECTION('',(0.,0.,1.));
#2089 = ORIENTED_EDGE('',*,*,#2090,.F.);
#2090 = EDGE_CURVE('',#2067,#2083,#2091,.T.);
#2091 = LINE('',#2092,#2093);
#2092 = CARTESIAN_POINT('',(-5.101E+03,3.41E+03,3.02E+03));
#2093 = VECTOR('',#2094,1.);
#2094 = DIRECTION('',(0.,1.,0.));
#2095 = PLANE('',#2096);
#2096 = AXIS2_PLACEMENT_3D('',#2097,#2098,#2099);
#2097 = CARTESIAN_POINT('',(-5.101E+03,3.41E+03,3.E+03));
#2098 = DIRECTION('',(1.,0.,0.));
#2099 = DIRECTION('',(0.,0.,1.));
#2100 = ADVANCED_FACE('',(#2101),#2117,.F.);
#2101 = FACE_BOUND('',#2102,.F.);
#2102 = EDGE_LOOP('',(#2103,#2109,#2110,#2116));
#2103 = ORIENTED_EDGE('',*,*,#2104,.F.);
#2104 = EDGE_CURVE('',#2025,#2065,#2105,.T.);
#2105 = LINE('',#2106,#2107);
#2106 = CARTESIAN_POINT('',(-5.701E+03,3.41E+03,3.E+03));
#2107 = VECTOR('',#2108,1.);
#2108 = DIRECTION('',(1.,0.,0.));
#2109 = ORIENTED_EDGE('',*,*,#2024,.T.);
#2110 = ORIENTED_EDGE('',*,*,#2111,.T.);
#2111 = EDGE_CURVE('',#2027,#2067,#2112,.T.);
#2112 = LINE('',#2113,#2114);
#2113 = CARTESIAN_POINT('',(-5.701E+03,3.41E+03,3.02E+03));
#2114 = VECTOR('',#2115,1.);
#2115 = DIRECTION('',(1.,0.,0.));
#2116 = ORIENTED_EDGE('',*,*,#2064,.F.);
#2117 = PLANE('',#2118);
#2118 = AXIS2_PLACEMENT_3D('',#2119,#2120,#2121);
#2119 = CARTESIAN_POINT('',(-5.701E+03,3.41E+03,3.E+03));
#2120 = DIRECTION('',(0.,1.,0.));
#2121 = DIRECTION('',(0.,0.,1.));
#2122 = ADVANCED_FACE('',(#2123),#2139,.T.);
#2123 = FACE_BOUND('',#2124,.T.);
#2124 = EDGE_LOOP('',(#2125,#2131,#2132,#2138));
#2125 = ORIENTED_EDGE('',*,*,#2126,.F.);
#2126 = EDGE_CURVE('',#2035,#2075,#2127,.T.);
#2127 = LINE('',#2128,#2129);
#2128 = CARTESIAN_POINT('',(-5.701E+03,4.01E+03,3.E+03));
#2129 = VECTOR('',#2130,1.);
#2130 = DIRECTION('',(1.,0.,0.));
#2131 = ORIENTED_EDGE('',*,*,#2042,.T.);
#2132 = ORIENTED_EDGE('',*,*,#2133,.T.);
#2133 = EDGE_CURVE('',#2043,#2083,#2134,.T.);
#2134 = LINE('',#2135,#2136);
#2135 = CARTESIAN_POINT('',(-5.701E+03,4.01E+03,3.02E+03));
#2136 = VECTOR('',#2137,1.);
#2137 = DIRECTION('',(1.,0.,0.));
#2138 = ORIENTED_EDGE('',*,*,#2082,.F.);
#2139 = PLANE('',#2140);
#2140 = AXIS2_PLACEMENT_3D('',#2141,#2142,#2143);
#2141 = CARTESIAN_POINT('',(-5.701E+03,4.01E+03,3.E+03));
#2142 = DIRECTION('',(0.,1.,0.));
#2143 = DIRECTION('',(0.,0.,1.));
#2144 = ADVANCED_FACE('',(#2145),#2151,.F.);
#2145 = FACE_BOUND('',#2146,.F.);
#2146 = EDGE_LOOP('',(#2147,#2148,#2149,#2150));
#2147 = ORIENTED_EDGE('',*,*,#2034,.F.);
#2148 = ORIENTED_EDGE('',*,*,#2104,.T.);
#2149 = ORIENTED_EDGE('',*,*,#2074,.T.);
#2150 = ORIENTED_EDGE('',*,*,#2126,.F.);
#2151 = PLANE('',#2152);
#2152 = AXIS2_PLACEMENT_3D('',#2153,#2154,#2155);
#2153 = CARTESIAN_POINT('',(-5.701E+03,3.41E+03,3.E+03));
#2154 = DIRECTION('',(0.,0.,1.));
#2155 = DIRECTION('',(1.,0.,0.));
#2156 = ADVANCED_FACE('',(#2157),#2163,.T.);
#2157 = FACE_BOUND('',#2158,.T.);
#2158 = EDGE_LOOP('',(#2159,#2160,#2161,#2162));
#2159 = ORIENTED_EDGE('',*,*,#2050,.F.);
#2160 = ORIENTED_EDGE('',*,*,#2111,.T.);
#2161 = ORIENTED_EDGE('',*,*,#2090,.T.);
#2162 = ORIENTED_EDGE('',*,*,#2133,.F.);
#2163 = PLANE('',#2164);
#2164 = AXIS2_PLACEMENT_3D('',#2165,#2166,#2167);
#2165 = CARTESIAN_POINT('',(-5.701E+03,3.41E+03,3.02E+03));
#2166 = DIRECTION('',(0.,0.,1.));
#2167 = DIRECTION('',(1.,0.,0.));
#2168 = MANIFOLD_SOLID_BREP('',#2169);
#2169 = CLOSED_SHELL('',(#2170,#2210,#2250,#2272,#2294,#2306));
#2170 = ADVANCED_FACE('',(#2171),#2205,.F.);
#2171 = FACE_BOUND('',#2172,.F.);
#2172 = EDGE_LOOP('',(#2173,#2183,#2191,#2199));
#2173 = ORIENTED_EDGE('',*,*,#2174,.F.);
#2174 = EDGE_CURVE('',#2175,#2177,#2179,.T.);
#2175 = VERTEX_POINT('',#2176);
#2176 = CARTESIAN_POINT('',(-3.262E+03,5.214E+03,3.E+03));
#2177 = VERTEX_POINT('',#2178);
#2178 = CARTESIAN_POINT('',(-3.262E+03,5.214E+03,3.02E+03));
#2179 = LINE('',#2180,#2181);
#2180 = CARTESIAN_POINT('',(-3.262E+03,5.214E+03,3.E+03));
#2181 = VECTOR('',#2182,1.);
#2182 = DIRECTION('',(0.,0.,1.));
#2183 = ORIENTED_EDGE('',*,*,#2184,.T.);
#2184 = EDGE_CURVE('',#2175,#2185,#2187,.T.);
#2185 = VERTEX_POINT('',#2186);
#2186 = CARTESIAN_POINT('',(-3.262E+03,5.814E+03,3.E+03));
#2187 = LINE('',#2188,#2189);
#2188 = CARTESIAN_POINT('',(-3.262E+03,5.214E+03,3.E+03));
#2189 = VECTOR('',#2190,1.);
#2190 = DIRECTION('',(0.,1.,0.));
#2191 = ORIENTED_EDGE('',*,*,#2192,.T.);
#2192 = EDGE_CURVE('',#2185,#2193,#2195,.T.);
#2193 = VERTEX_POINT('',#2194);
#2194 = CARTESIAN_POINT('',(-3.262E+03,5.814E+03,3.02E+03));
#2195 = LINE('',#2196,#2197);
#2196 = CARTESIAN_POINT('',(-3.262E+03,5.814E+03,3.E+03));
#2197 = VECTOR('',#2198,1.);
#2198 = DIRECTION('',(0.,0.,1.));
#2199 = ORIENTED_EDGE('',*,*,#2200,.F.);
#2200 = EDGE_CURVE('',#2177,#2193,#2201,.T.);
#2201 = LINE('',#2202,#2203);
#2202 = CARTESIAN_POINT('',(-3.262E+03,5.214E+03,3.02E+03));
#2203 = VECTOR('',#2204,1.);
#2204 = DIRECTION('',(0.,1.,0.));
#2205 = PLANE('',#2206);
#2206 = AXIS2_PLACEMENT_3D('',#2207,#2208,#2209);
#2207 = CARTESIAN_POINT('',(-3.262E+03,5.214E+03,3.E+03));
#2208 = DIRECTION('',(1.,0.,0.));
#2209 = DIRECTION('',(0.,0.,1.));
#2210 = ADVANCED_FACE('',(#2211),#2245,.T.);
#2211 = FACE_BOUND('',#2212,.T.);
#2212 = EDGE_LOOP('',(#2213,#2223,#2231,#2239));
#2213 = ORIENTED_EDGE('',*,*,#2214,.F.);
#2214 = EDGE_CURVE('',#2215,#2217,#2219,.T.);
#2215 = VERTEX_POINT('',#2216);
#2216 = CARTESIAN_POINT('',(-2.662E+03,5.214E+03,3.E+03));
#2217 = VERTEX_POINT('',#2218);
#2218 = CARTESIAN_POINT('',(-2.662E+03,5.214E+03,3.02E+03));
#2219 = LINE('',#2220,#2221);
#2220 = CARTESIAN_POINT('',(-2.662E+03,5.214E+03,3.E+03));
#2221 = VECTOR('',#2222,1.);
#2222 = DIRECTION('',(0.,0.,1.));
#2223 = ORIENTED_EDGE('',*,*,#2224,.T.);
#2224 = EDGE_CURVE('',#2215,#2225,#2227,.T.);
#2225 = VERTEX_POINT('',#2226);
#2226 = CARTESIAN_POINT('',(-2.662E+03,5.814E+03,3.E+03));
#2227 = LINE('',#2228,#2229);
#2228 = CARTESIAN_POINT('',(-2.662E+03,5.214E+03,3.E+03));
#2229 = VECTOR('',#2230,1.);
#2230 = DIRECTION('',(0.,1.,0.));
#2231 = ORIENTED_EDGE('',*,*,#2232,.T.);
#2232 = EDGE_CURVE('',#2225,#2233,#2235,.T.);
#2233 = VERTEX_POINT('',#2234);
#2234 = CARTESIAN_POINT('',(-2.662E+03,5.814E+03,3.02E+03));
#2235 = LINE('',#2236,#2237);
#2236 = CARTESIAN_POINT('',(-2.662E+03,5.814E+03,3.E+03));
#2237 = VECTOR('',#2238,1.);
#2238 = DIRECTION('',(0.,0.,1.));
#2239 = ORIENTED_EDGE('',*,*,#2240,.F.);
#2240 = EDGE_CURVE('',#2217,#2233,#2241,.T.);
#2241 = LINE('',#2242,#2243);
#2242 = CARTESIAN_POINT('',(-2.662E+03,5.214E+03,3.02E+03));
#2243 = VECTOR('',#2244,1.);
#2244 = DIRECTION('',(0.,1.,0.));
#2245 = PLANE('',#2246);
#2246 = AXIS2_PLACEMENT_3D('',#2247,#2248,#2249);
#2247 = CARTESIAN_POINT('',(-2.662E+03,5.214E+03,3.E+03));
#2248 = DIRECTION('',(1.,0.,0.));
#2249 = DIRECTION('',(0.,0.,1.));
#2250 = ADVANCED_FACE('',(#2251),#2267,.F.);
#2251 = FACE_BOUND('',#2252,.F.);
#2252 = EDGE_LOOP('',(#2253,#2259,#2260,#2266));
#2253 = ORIENTED_EDGE('',*,*,#2254,.F.);
#2254 = EDGE_CURVE('',#2175,#2215,#2255,.T.);
#2255 = LINE('',#2256,#2257);
#2256 = CARTESIAN_POINT('',(-3.262E+03,5.214E+03,3.E+03));
#2257 = VECTOR('',#2258,1.);
#2258 = DIRECTION('',(1.,0.,0.));
#2259 = ORIENTED_EDGE('',*,*,#2174,.T.);
#2260 = ORIENTED_EDGE('',*,*,#2261,.T.);
#2261 = EDGE_CURVE('',#2177,#2217,#2262,.T.);
#2262 = LINE('',#2263,#2264);
#2263 = CARTESIAN_POINT('',(-3.262E+03,5.214E+03,3.02E+03));
#2264 = VECTOR('',#2265,1.);
#2265 = DIRECTION('',(1.,0.,0.));
#2266 = ORIENTED_EDGE('',*,*,#2214,.F.);
#2267 = PLANE('',#2268);
#2268 = AXIS2_PLACEMENT_3D('',#2269,#2270,#2271);
#2269 = CARTESIAN_POINT('',(-3.262E+03,5.214E+03,3.E+03));
#2270 = DIRECTION('',(0.,1.,0.));
#2271 = DIRECTION('',(0.,0.,1.));
#2272 = ADVANCED_FACE('',(#2273),#2289,.T.);
#2273 = FACE_BOUND('',#2274,.T.);
#2274 = EDGE_LOOP('',(#2275,#2281,#2282,#2288));
#2275 = ORIENTED_EDGE('',*,*,#2276,.F.);
#2276 = EDGE_CURVE('',#2185,#2225,#2277,.T.);
#2277 = LINE('',#2278,#2279);
#2278 = CARTESIAN_POINT('',(-3.262E+03,5.814E+03,3.E+03));
#2279 = VECTOR('',#2280,1.);
#2280 = DIRECTION('',(1.,0.,0.));
#2281 = ORIENTED_EDGE('',*,*,#2192,.T.);
#2282 = ORIENTED_EDGE('',*,*,#2283,.T.);
#2283 = EDGE_CURVE('',#2193,#2233,#2284,.T.);
#2284 = LINE('',#2285,#2286);
#2285 = CARTESIAN_POINT('',(-3.262E+03,5.814E+03,3.02E+03));
#2286 = VECTOR('',#2287,1.);
#2287 = DIRECTION('',(1.,0.,0.));
#2288 = ORIENTED_EDGE('',*,*,#2232,.F.);
#2289 = PLANE('',#2290);
#2290 = AXIS2_PLACEMENT_3D('',#2291,#2292,#2293);
#2291 = CARTESIAN_POINT('',(-3.262E+03,5.814E+03,3.E+03));
#2292 = DIRECTION('',(0.,1.,0.));
#2293 = DIRECTION('',(0.,0.,1.));
#2294 = ADVANCED_FACE('',(#2295),#2301,.F.);
#2295 = FACE_BOUND('',#2296,.F.);
#2296 = EDGE_LOOP('',(#2297,#2298,#2299,#2300));
#2297 = ORIENTED_EDGE('',*,*,#2184,.F.);
#2298 = ORIENTED_EDGE('',*,*,#2254,.T.);
#2299 = ORIENTED_EDGE('',*,*,#2224,.T.);
#2300 = ORIENTED_EDGE('',*,*,#2276,.F.);
#2301 = PLANE('',#2302);
#2302 = AXIS2_PLACEMENT_3D('',#2303,#2304,#2305);
#2303 = CARTESIAN_POINT('',(-3.262E+03,5.214E+03,3.E+03));
#2304 = DIRECTION('',(0.,0.,1.));
#2305 = DIRECTION('',(1.,0.,0.));
#2306 = ADVANCED_FACE('',(#2307),#2313,.T.);
#2307 = FACE_BOUND('',#2308,.T.);
#2308 = EDGE_LOOP('',(#2309,#2310,#2311,#2312));
#2309 = ORIENTED_EDGE('',*,*,#2200,.F.);
#2310 = ORIENTED_EDGE('',*,*,#2261,.T.);
#2311 = ORIENTED_EDGE('',*,*,#2240,.T.);
#2312 = ORIENTED_EDGE('',*,*,#2283,.F.);
#2313 = PLANE('',#2314);
#2314 = AXIS2_PLACEMENT_3D('',#2315,#2316,#2317);
#2315 = CARTESIAN_POINT('',(-3.262E+03,5.214E+03,3.02E+03));
#2316 = DIRECTION('',(0.,0.,1.));
#2317 = DIRECTION('',(1.,0.,0.));
#2318 = MANIFOLD_SOLID_BREP('',#2319);
#2319 = CLOSED_SHELL('',(#2320,#2360,#2400,#2422,#2444,#2456));
#2320 = ADVANCED_FACE('',(#2321),#2355,.F.);
#2321 = FACE_BOUND('',#2322,.F.);
#2322 = EDGE_LOOP('',(#2323,#2333,#2341,#2349));
#2323 = ORIENTED_EDGE('',*,*,#2324,.F.);
#2324 = EDGE_CURVE('',#2325,#2327,#2329,.T.);
#2325 = VERTEX_POINT('',#2326);
#2326 = CARTESIAN_POINT('',(-5.701E+03,5.214E+03,3.E+03));
#2327 = VERTEX_POINT('',#2328);
#2328 = CARTESIAN_POINT('',(-5.701E+03,5.214E+03,3.02E+03));
#2329 = LINE('',#2330,#2331);
#2330 = CARTESIAN_POINT('',(-5.701E+03,5.214E+03,3.E+03));
#2331 = VECTOR('',#2332,1.);
#2332 = DIRECTION('',(0.,0.,1.));
#2333 = ORIENTED_EDGE('',*,*,#2334,.T.);
#2334 = EDGE_CURVE('',#2325,#2335,#2337,.T.);
#2335 = VERTEX_POINT('',#2336);
#2336 = CARTESIAN_POINT('',(-5.701E+03,5.814E+03,3.E+03));
#2337 = LINE('',#2338,#2339);
#2338 = CARTESIAN_POINT('',(-5.701E+03,5.214E+03,3.E+03));
#2339 = VECTOR('',#2340,1.);
#2340 = DIRECTION('',(0.,1.,0.));
#2341 = ORIENTED_EDGE('',*,*,#2342,.T.);
#2342 = EDGE_CURVE('',#2335,#2343,#2345,.T.);
#2343 = VERTEX_POINT('',#2344);
#2344 = CARTESIAN_POINT('',(-5.701E+03,5.814E+03,3.02E+03));
#2345 = LINE('',#2346,#2347);
#2346 = CARTESIAN_POINT('',(-5.701E+03,5.814E+03,3.E+03));
#2347 = VECTOR('',#2348,1.);
#2348 = DIRECTION('',(0.,0.,1.));
#2349 = ORIENTED_EDGE('',*,*,#2350,.F.);
#2350 = EDGE_CURVE('',#2327,#2343,#2351,.T.);
#2351 = LINE('',#2352,#2353);
#2352 = CARTESIAN_POINT('',(-5.701E+03,5.214E+03,3.02E+03));
#2353 = VECTOR('',#2354,1.);
#2354 = DIRECTION('',(0.,1.,0.));
#2355 = PLANE('',#2356);
#2356 = AXIS2_PLACEMENT_3D('',#2357,#2358,#2359);
#2357 = CARTESIAN_POINT('',(-5.701E+03,5.214E+03,3.E+03));
#2358 = DIRECTION('',(1.,0.,0.));
#2359 = DIRECTION('',(0.,0.,1.));
#2360 = ADVANCED_FACE('',(#2361),#2395,.T.);
#2361 = FACE_BOUND('',#2362,.T.);
#2362 = EDGE_LOOP('',(#2363,#2373,#2381,#2389));
#2363 = ORIENTED_EDGE('',*,*,#2364,.F.);
#2364 = EDGE_CURVE('',#2365,#2367,#2369,.T.);
#2365 = VERTEX_POINT('',#2366);
#2366 = CARTESIAN_POINT('',(-5.101E+03,5.214E+03,3.E+03));
#2367 = VERTEX_POINT('',#2368);
#2368 = CARTESIAN_POINT('',(-5.101E+03,5.214E+03,3.02E+03));
#2369 = LINE('',#2370,#2371);
#2370 = CARTESIAN_POINT('',(-5.101E+03,5.214E+03,3.E+03));
#2371 = VECTOR('',#2372,1.);
#2372 = DIRECTION('',(0.,0.,1.));
#2373 = ORIENTED_EDGE('',*,*,#2374,.T.);
#2374 = EDGE_CURVE('',#2365,#2375,#2377,.T.);
#2375 = VERTEX_POINT('',#2376);
#2376 = CARTESIAN_POINT('',(-5.101E+03,5.814E+03,3.E+03));
#2377 = LINE('',#2378,#2379);
#2378 = CARTESIAN_POINT('',(-5.101E+03,5.214E+03,3.E+03));
#2379 = VECTOR('',#2380,1.);
#2380 = DIRECTION('',(0.,1.,0.));
#2381 = ORIENTED_EDGE('',*,*,#2382,.T.);
#2382 = EDGE_CURVE('',#2375,#2383,#2385,.T.);
#2383 = VERTEX_POINT('',#2384);
#2384 = CARTESIAN_POINT('',(-5.101E+03,5.814E+03,3.02E+03));
#2385 = LINE('',#2386,#2387);
#2386 = CARTESIAN_POINT('',(-5.101E+03,5.814E+03,3.E+03));
#2387 = VECTOR('',#2388,1.);
#2388 = DIRECTION('',(0.,0.,1.));
#2389 = ORIENTED_EDGE('',*,*,#2390,.F.);
#2390 = EDGE_CURVE('',#2367,#2383,#2391,.T.);
#2391 = LINE('',#2392,#2393);
#2392 = CARTESIAN_POINT('',(-5.101E+03,5.214E+03,3.02E+03));
#2393 = VECTOR('',#2394,1.);
#2394 = DIRECTION('',(0.,1.,0.));
#2395 = PLANE('',#2396);
#2396 = AXIS2_PLACEMENT_3D('',#2397,#2398,#2399);
#2397 = CARTESIAN_POINT('',(-5.101E+03,5.214E+03,3.E+03));
#2398 = DIRECTION('',(1.,0.,0.));
#2399 = DIRECTION('',(0.,0.,1.));
#2400 = ADVANCED_FACE('',(#2401),#2417,.F.);
#2401 = FACE_BOUND('',#2402,.F.);
#2402 = EDGE_LOOP('',(#2403,#2409,#2410,#2416));
#2403 = ORIENTED_EDGE('',*,*,#2404,.F.);
#2404 = EDGE_CURVE('',#2325,#2365,#2405,.T.);
#2405 = LINE('',#2406,#2407);
#2406 = CARTESIAN_POINT('',(-5.701E+03,5.214E+03,3.E+03));
#2407 = VECTOR('',#2408,1.);
#2408 = DIRECTION('',(1.,0.,0.));
#2409 = ORIENTED_EDGE('',*,*,#2324,.T.);
#2410 = ORIENTED_EDGE('',*,*,#2411,.T.);
#2411 = EDGE_CURVE('',#2327,#2367,#2412,.T.);
#2412 = LINE('',#2413,#2414);
#2413 = CARTESIAN_POINT('',(-5.701E+03,5.214E+03,3.02E+03));
#2414 = VECTOR('',#2415,1.);
#2415 = DIRECTION('',(1.,0.,0.));
#2416 = ORIENTED_EDGE('',*,*,#2364,.F.);
#2417 = PLANE('',#2418);
#2418 = AXIS2_PLACEMENT_3D('',#2419,#2420,#2421);
#2419 = CARTESIAN_POINT('',(-5.701E+03,5.214E+03,3.E+03));
#2420 = DIRECTION('',(0.,1.,0.));
#2421 = DIRECTION('',(0.,0.,1.));
#2422 = ADVANCED_FACE('',(#2423),#2439,.T.);
#2423 = FACE_BOUND('',#2424,.T.);
#2424 = EDGE_LOOP('',(#2425,#2431,#2432,#2438));
#2425 = ORIENTED_EDGE('',*,*,#2426,.F.);
#2426 = EDGE_CURVE('',#2335,#2375,#2427,.T.);
#2427 = LINE('',#2428,#2429);
#2428 = CARTESIAN_POINT('',(-5.701E+03,5.814E+03,3.E+03));
#2429 = VECTOR('',#2430,1.);
#2430 = DIRECTION('',(1.,0.,0.));
#2431 = ORIENTED_EDGE('',*,*,#2342,.T.);
#2432 = ORIENTED_EDGE('',*,*,#2433,.T.);
#2433 = EDGE_CURVE('',#2343,#2383,#2434,.T.);
#2434 = LINE('',#2435,#2436);
#2435 = CARTESIAN_POINT('',(-5.701E+03,5.814E+03,3.02E+03));
#2436 = VECTOR('',#2437,1.);
#2437 = DIRECTION('',(1.,0.,0.));
#2438 = ORIENTED_EDGE('',*,*,#2382,.F.);
#2439 = PLANE('',#2440);
#2440 = AXIS2_PLACEMENT_3D('',#2441,#2442,#2443);
#2441 = CARTESIAN_POINT('',(-5.701E+03,5.814E+03,3.E+03));
#2442 = DIRECTION('',(0.,1.,0.));
#2443 = DIRECTION('',(0.,0.,1.));
#2444 = ADVANCED_FACE('',(#2445),#2451,.F.);
#2445 = FACE_BOUND('',#2446,.F.);
#2446 = EDGE_LOOP('',(#2447,#2448,#2449,#2450));
#2447 = ORIENTED_EDGE('',*,*,#2334,.F.);
#2448 = ORIENTED_EDGE('',*,*,#2404,.T.);
#2449 = ORIENTED_EDGE('',*,*,#2374,.T.);
#2450 = ORIENTED_EDGE('',*,*,#2426,.F.);
#2451 = PLANE('',#2452);
#2452 = AXIS2_PLACEMENT_3D('',#2453,#2454,#2455);
#2453 = CARTESIAN_POINT('',(-5.701E+03,5.214E+03,3.E+03));
#2454 = DIRECTION('',(0.,0.,1.));
#2455 = DIRECTION('',(1.,0.,0.));
#2456 = ADVANCED_FACE('',(#2457),#2463,.T.);
#2457 = FACE_BOUND('',#2458,.T.);
#2458 = EDGE_LOOP('',(#2459,#2460,#2461,#2462));
#2459 = ORIENTED_EDGE('',*,*,#2350,.F.);
#2460 = ORIENTED_EDGE('',*,*,#2411,.T.);
#2461 = ORIENTED_EDGE('',*,*,#2390,.T.);
#2462 = ORIENTED_EDGE('',*,*,#2433,.F.);
#2463 = PLANE('',#2464);
#2464 = AXIS2_PLACEMENT_3D('',#2465,#2466,#2467);
#2465 = CARTESIAN_POINT('',(-5.701E+03,5.214E+03,3.02E+03));
#2466 = DIRECTION('',(0.,0.,1.));
#2467 = DIRECTION('',(1.,0.,0.));
#2468 = MANIFOLD_SOLID_BREP('',#2469);
#2469 = CLOSED_SHELL('',(#2470,#2503,#2512));
#2470 = ADVANCED_FACE('',(#2471),#2498,.T.);
#2471 = FACE_BOUND('',#2472,.T.);
#2472 = EDGE_LOOP('',(#2473,#2482,#2490,#2497));
#2473 = ORIENTED_EDGE('',*,*,#2474,.F.);
#2474 = EDGE_CURVE('',#2475,#2475,#2477,.T.);
#2475 = VERTEX_POINT('',#2476);
#2476 = CARTESIAN_POINT('',(-3.581E+03,4.612E+03,2.92E+03));
#2477 = CIRCLE('',#2478,600.);
#2478 = AXIS2_PLACEMENT_3D('',#2479,#2480,#2481);
#2479 = CARTESIAN_POINT('',(-4.181E+03,4.612E+03,2.92E+03));
#2480 = DIRECTION('',(0.,0.,1.));
#2481 = DIRECTION('',(1.,0.,0.));
#2482 = ORIENTED_EDGE('',*,*,#2483,.F.);
#2483 = EDGE_CURVE('',#2484,#2475,#2486,.T.);
#2484 = VERTEX_POINT('',#2485);
#2485 = CARTESIAN_POINT('',(-3.581E+03,4.612E+03,2.9E+03));
#2486 = LINE('',#2487,#2488);
#2487 = CARTESIAN_POINT('',(-3.581E+03,4.612E+03,2.9E+03));
#2488 = VECTOR('',#2489,1.);
#2489 = DIRECTION('',(0.,0.,1.));
#2490 = ORIENTED_EDGE('',*,*,#2491,.T.);
#2491 = EDGE_CURVE('',#2484,#2484,#2492,.T.);
#2492 = CIRCLE('',#2493,600.);
#2493 = AXIS2_PLACEMENT_3D('',#2494,#2495,#2496);
#2494 = CARTESIAN_POINT('',(-4.181E+03,4.612E+03,2.9E+03));
#2495 = DIRECTION('',(0.,0.,1.));
#2496 = DIRECTION('',(1.,0.,0.));
#2497 = ORIENTED_EDGE('',*,*,#2483,.T.);
#2498 = CYLINDRICAL_SURFACE('',#2499,600.);
#2499 = AXIS2_PLACEMENT_3D('',#2500,#2501,#2502);
#2500 = CARTESIAN_POINT('',(-4.181E+03,4.612E+03,2.9E+03));
#2501 = DIRECTION('',(0.,0.,1.));
#2502 = DIRECTION('',(1.,0.,0.));
#2503 = ADVANCED_FACE('',(#2504),#2507,.T.);
#2504 = FACE_BOUND('',#2505,.T.);
#2505 = EDGE_LOOP('',(#2506));
#2506 = ORIENTED_EDGE('',*,*,#2474,.T.);
#2507 = PLANE('',#2508);
#2508 = AXIS2_PLACEMENT_3D('',#2509,#2510,#2511);
#2509 = CARTESIAN_POINT('',(-4.181E+03,4.612E+03,2.92E+03));
#2510 = DIRECTION('',(0.,0.,1.));
#2511 = DIRECTION('',(1.,0.,0.));
#2512 = ADVANCED_FACE('',(#2513),#2516,.F.);
#2513 = FACE_BOUND('',#2514,.T.);
#2514 = EDGE_LOOP('',(#2515));
#2515 = ORIENTED_EDGE('',*,*,#2491,.F.);
#2516 = PLANE('',#2517);
#2517 = AXIS2_PLACEMENT_3D('',#2518,#2519,#2520);
#2518 = CARTESIAN_POINT('',(-4.181E+03,4.612E+03,2.9E+03));
#2519 = DIRECTION('',(0.,0.,1.));
#2520 = DIRECTION('',(1.,0.,0.));
#2521 = MANIFOLD_SOLID_BREP('',#2522);
#2522 = CLOSED_SHELL('',(#2523,#2563,#2603,#2625,#2647,#2659));
#2523 = ADVANCED_FACE('',(#2524),#2558,.F.);
#2524 = FACE_BOUND('',#2525,.F.);
#2525 = EDGE_LOOP('',(#2526,#2536,#2544,#2552));
#2526 = ORIENTED_EDGE('',*,*,#2527,.F.);
#2527 = EDGE_CURVE('',#2528,#2530,#2532,.T.);
#2528 = VERTEX_POINT('',#2529);
#2529 = CARTESIAN_POINT('',(-4.306E+03,2.684E+03,2.4E+03));
#2530 = VERTEX_POINT('',#2531);
#2531 = CARTESIAN_POINT('',(-4.306E+03,2.684E+03,2.42E+03));
#2532 = LINE('',#2533,#2534);
#2533 = CARTESIAN_POINT('',(-4.306E+03,2.684E+03,2.4E+03));
#2534 = VECTOR('',#2535,1.);
#2535 = DIRECTION('',(0.,0.,1.));
#2536 = ORIENTED_EDGE('',*,*,#2537,.T.);
#2537 = EDGE_CURVE('',#2528,#2538,#2540,.T.);
#2538 = VERTEX_POINT('',#2539);
#2539 = CARTESIAN_POINT('',(-4.306E+03,2.934E+03,2.4E+03));
#2540 = LINE('',#2541,#2542);
#2541 = CARTESIAN_POINT('',(-4.306E+03,2.684E+03,2.4E+03));
#2542 = VECTOR('',#2543,1.);
#2543 = DIRECTION('',(0.,1.,0.));
#2544 = ORIENTED_EDGE('',*,*,#2545,.T.);
#2545 = EDGE_CURVE('',#2538,#2546,#2548,.T.);
#2546 = VERTEX_POINT('',#2547);
#2547 = CARTESIAN_POINT('',(-4.306E+03,2.934E+03,2.42E+03));
#2548 = LINE('',#2549,#2550);
#2549 = CARTESIAN_POINT('',(-4.306E+03,2.934E+03,2.4E+03));
#2550 = VECTOR('',#2551,1.);
#2551 = DIRECTION('',(0.,0.,1.));
#2552 = ORIENTED_EDGE('',*,*,#2553,.F.);
#2553 = EDGE_CURVE('',#2530,#2546,#2554,.T.);
#2554 = LINE('',#2555,#2556);
#2555 = CARTESIAN_POINT('',(-4.306E+03,2.684E+03,2.42E+03));
#2556 = VECTOR('',#2557,1.);
#2557 = DIRECTION('',(0.,1.,0.));
#2558 = PLANE('',#2559);
#2559 = AXIS2_PLACEMENT_3D('',#2560,#2561,#2562);
#2560 = CARTESIAN_POINT('',(-4.306E+03,2.684E+03,2.4E+03));
#2561 = DIRECTION('',(1.,0.,0.));
#2562 = DIRECTION('',(0.,0.,1.));
#2563 = ADVANCED_FACE('',(#2564),#2598,.T.);
#2564 = FACE_BOUND('',#2565,.T.);
#2565 = EDGE_LOOP('',(#2566,#2576,#2584,#2592));
#2566 = ORIENTED_EDGE('',*,*,#2567,.F.);
#2567 = EDGE_CURVE('',#2568,#2570,#2572,.T.);
#2568 = VERTEX_POINT('',#2569);
#2569 = CARTESIAN_POINT('',(-4.056E+03,2.684E+03,2.4E+03));
#2570 = VERTEX_POINT('',#2571);
#2571 = CARTESIAN_POINT('',(-4.056E+03,2.684E+03,2.42E+03));
#2572 = LINE('',#2573,#2574);
#2573 = CARTESIAN_POINT('',(-4.056E+03,2.684E+03,2.4E+03));
#2574 = VECTOR('',#2575,1.);
#2575 = DIRECTION('',(0.,0.,1.));
#2576 = ORIENTED_EDGE('',*,*,#2577,.T.);
#2577 = EDGE_CURVE('',#2568,#2578,#2580,.T.);
#2578 = VERTEX_POINT('',#2579);
#2579 = CARTESIAN_POINT('',(-4.056E+03,2.934E+03,2.4E+03));
#2580 = LINE('',#2581,#2582);
#2581 = CARTESIAN_POINT('',(-4.056E+03,2.684E+03,2.4E+03));
#2582 = VECTOR('',#2583,1.);
#2583 = DIRECTION('',(0.,1.,0.));
#2584 = ORIENTED_EDGE('',*,*,#2585,.T.);
#2585 = EDGE_CURVE('',#2578,#2586,#2588,.T.);
#2586 = VERTEX_POINT('',#2587);
#2587 = CARTESIAN_POINT('',(-4.056E+03,2.934E+03,2.42E+03));
#2588 = LINE('',#2589,#2590);
#2589 = CARTESIAN_POINT('',(-4.056E+03,2.934E+03,2.4E+03));
#2590 = VECTOR('',#2591,1.);
#2591 = DIRECTION('',(0.,0.,1.));
#2592 = ORIENTED_EDGE('',*,*,#2593,.F.);
#2593 = EDGE_CURVE('',#2570,#2586,#2594,.T.);
#2594 = LINE('',#2595,#2596);
#2595 = CARTESIAN_POINT('',(-4.056E+03,2.684E+03,2.42E+03));
#2596 = VECTOR('',#2597,1.);
#2597 = DIRECTION('',(0.,1.,0.));
#2598 = PLANE('',#2599);
#2599 = AXIS2_PLACEMENT_3D('',#2600,#2601,#2602);
#2600 = CARTESIAN_POINT('',(-4.056E+03,2.684E+03,2.4E+03));
#2601 = DIRECTION('',(1.,0.,0.));
#2602 = DIRECTION('',(0.,0.,1.));
#2603 = ADVANCED_FACE('',(#2604),#2620,.F.);
#2604 = FACE_BOUND('',#2605,.F.);
#2605 = EDGE_LOOP('',(#2606,#2612,#2613,#2619));
#2606 = ORIENTED_EDGE('',*,*,#2607,.F.);
#2607 = EDGE_CURVE('',#2528,#2568,#2608,.T.);
#2608 = LINE('',#2609,#2610);
#2609 = CARTESIAN_POINT('',(-4.306E+03,2.684E+03,2.4E+03));
#2610 = VECTOR('',#2611,1.);
#2611 = DIRECTION('',(1.,0.,0.));
#2612 = ORIENTED_EDGE('',*,*,#2527,.T.);
#2613 = ORIENTED_EDGE('',*,*,#2614,.T.);
#2614 = EDGE_CURVE('',#2530,#2570,#2615,.T.);
#2615 = LINE('',#2616,#2617);
#2616 = CARTESIAN_POINT('',(-4.306E+03,2.684E+03,2.42E+03));
#2617 = VECTOR('',#2618,1.);
#2618 = DIRECTION('',(1.,0.,0.));
#2619 = ORIENTED_EDGE('',*,*,#2567,.F.);
#2620 = PLANE('',#2621);
#2621 = AXIS2_PLACEMENT_3D('',#2622,#2623,#2624);
#2622 = CARTESIAN_POINT('',(-4.306E+03,2.684E+03,2.4E+03));
#2623 = DIRECTION('',(0.,1.,0.));
#2624 = DIRECTION('',(0.,0.,1.));
#2625 = ADVANCED_FACE('',(#2626),#2642,.T.);
#2626 = FACE_BOUND('',#2627,.T.);
#2627 = EDGE_LOOP('',(#2628,#2634,#2635,#2641));
#2628 = ORIENTED_EDGE('',*,*,#2629,.F.);
#2629 = EDGE_CURVE('',#2538,#2578,#2630,.T.);
#2630 = LINE('',#2631,#2632);
#2631 = CARTESIAN_POINT('',(-4.306E+03,2.934E+03,2.4E+03));
#2632 = VECTOR('',#2633,1.);
#2633 = DIRECTION('',(1.,0.,0.));
#2634 = ORIENTED_EDGE('',*,*,#2545,.T.);
#2635 = ORIENTED_EDGE('',*,*,#2636,.T.);
#2636 = EDGE_CURVE('',#2546,#2586,#2637,.T.);
#2637 = LINE('',#2638,#2639);
#2638 = CARTESIAN_POINT('',(-4.306E+03,2.934E+03,2.42E+03));
#2639 = VECTOR('',#2640,1.);
#2640 = DIRECTION('',(1.,0.,0.));
#2641 = ORIENTED_EDGE('',*,*,#2585,.F.);
#2642 = PLANE('',#2643);
#2643 = AXIS2_PLACEMENT_3D('',#2644,#2645,#2646);
#2644 = CARTESIAN_POINT('',(-4.306E+03,2.934E+03,2.4E+03));
#2645 = DIRECTION('',(0.,1.,0.));
#2646 = DIRECTION('',(0.,0.,1.));
#2647 = ADVANCED_FACE('',(#2648),#2654,.F.);
#2648 = FACE_BOUND('',#2649,.F.);
#2649 = EDGE_LOOP('',(#2650,#2651,#2652,#2653));
#2650 = ORIENTED_EDGE('',*,*,#2537,.F.);
#2651 = ORIENTED_EDGE('',*,*,#2607,.T.);
#2652 = ORIENTED_EDGE('',*,*,#2577,.T.);
#2653 = ORIENTED_EDGE('',*,*,#2629,.F.);
#2654 = PLANE('',#2655);
#2655 = AXIS2_PLACEMENT_3D('',#2656,#2657,#2658);
#2656 = CARTESIAN_POINT('',(-4.306E+03,2.684E+03,2.4E+03));
#2657 = DIRECTION('',(0.,0.,1.));
#2658 = DIRECTION('',(1.,0.,0.));
#2659 = ADVANCED_FACE('',(#2660),#2666,.T.);
#2660 = FACE_BOUND('',#2661,.T.);
#2661 = EDGE_LOOP('',(#2662,#2663,#2664,#2665));
#2662 = ORIENTED_EDGE('',*,*,#2553,.F.);
#2663 = ORIENTED_EDGE('',*,*,#2614,.T.);
#2664 = ORIENTED_EDGE('',*,*,#2593,.T.);
#2665 = ORIENTED_EDGE('',*,*,#2636,.F.);
#2666 = PLANE('',#2667);
#2667 = AXIS2_PLACEMENT_3D('',#2668,#2669,#2670);
#2668 = CARTESIAN_POINT('',(-4.306E+03,2.684E+03,2.42E+03));
#2669 = DIRECTION('',(0.,0.,1.));
#2670 = DIRECTION('',(1.,0.,0.));
#2671 = MANIFOLD_SOLID_BREP('',#2672);
#2672 = CLOSED_SHELL('',(#2673,#2713,#2753,#2775,#2797,#2809));
#2673 = ADVANCED_FACE('',(#2674),#2708,.F.);
#2674 = FACE_BOUND('',#2675,.F.);
#2675 = EDGE_LOOP('',(#2676,#2686,#2694,#2702));
#2676 = ORIENTED_EDGE('',*,*,#2677,.F.);
#2677 = EDGE_CURVE('',#2678,#2680,#2682,.T.);
#2678 = VERTEX_POINT('',#2679);
#2679 = CARTESIAN_POINT('',(4.381E+03,4.136E+03,3.E+03));
#2680 = VERTEX_POINT('',#2681);
#2681 = CARTESIAN_POINT('',(4.381E+03,4.136E+03,3.02E+03));
#2682 = LINE('',#2683,#2684);
#2683 = CARTESIAN_POINT('',(4.381E+03,4.136E+03,3.E+03));
#2684 = VECTOR('',#2685,1.);
#2685 = DIRECTION('',(0.,0.,1.));
#2686 = ORIENTED_EDGE('',*,*,#2687,.T.);
#2687 = EDGE_CURVE('',#2678,#2688,#2690,.T.);
#2688 = VERTEX_POINT('',#2689);
#2689 = CARTESIAN_POINT('',(4.381E+03,4.736E+03,3.E+03));
#2690 = LINE('',#2691,#2692);
#2691 = CARTESIAN_POINT('',(4.381E+03,4.136E+03,3.E+03));
#2692 = VECTOR('',#2693,1.);
#2693 = DIRECTION('',(0.,1.,0.));
#2694 = ORIENTED_EDGE('',*,*,#2695,.T.);
#2695 = EDGE_CURVE('',#2688,#2696,#2698,.T.);
#2696 = VERTEX_POINT('',#2697);
#2697 = CARTESIAN_POINT('',(4.381E+03,4.736E+03,3.02E+03));
#2698 = LINE('',#2699,#2700);
#2699 = CARTESIAN_POINT('',(4.381E+03,4.736E+03,3.E+03));
#2700 = VECTOR('',#2701,1.);
#2701 = DIRECTION('',(0.,0.,1.));
#2702 = ORIENTED_EDGE('',*,*,#2703,.F.);
#2703 = EDGE_CURVE('',#2680,#2696,#2704,.T.);
#2704 = LINE('',#2705,#2706);
#2705 = CARTESIAN_POINT('',(4.381E+03,4.136E+03,3.02E+03));
#2706 = VECTOR('',#2707,1.);
#2707 = DIRECTION('',(0.,1.,0.));
#2708 = PLANE('',#2709);
#2709 = AXIS2_PLACEMENT_3D('',#2710,#2711,#2712);
#2710 = CARTESIAN_POINT('',(4.381E+03,4.136E+03,3.E+03));
#2711 = DIRECTION('',(1.,0.,0.));
#2712 = DIRECTION('',(0.,0.,1.));
#2713 = ADVANCED_FACE('',(#2714),#2748,.T.);
#2714 = FACE_BOUND('',#2715,.T.);
#2715 = EDGE_LOOP('',(#2716,#2726,#2734,#2742));
#2716 = ORIENTED_EDGE('',*,*,#2717,.F.);
#2717 = EDGE_CURVE('',#2718,#2720,#2722,.T.);
#2718 = VERTEX_POINT('',#2719);
#2719 = CARTESIAN_POINT('',(4.981E+03,4.136E+03,3.E+03));
#2720 = VERTEX_POINT('',#2721);
#2721 = CARTESIAN_POINT('',(4.981E+03,4.136E+03,3.02E+03));
#2722 = LINE('',#2723,#2724);
#2723 = CARTESIAN_POINT('',(4.981E+03,4.136E+03,3.E+03));
#2724 = VECTOR('',#2725,1.);
#2725 = DIRECTION('',(0.,0.,1.));
#2726 = ORIENTED_EDGE('',*,*,#2727,.T.);
#2727 = EDGE_CURVE('',#2718,#2728,#2730,.T.);
#2728 = VERTEX_POINT('',#2729);
#2729 = CARTESIAN_POINT('',(4.981E+03,4.736E+03,3.E+03));
#2730 = LINE('',#2731,#2732);
#2731 = CARTESIAN_POINT('',(4.981E+03,4.136E+03,3.E+03));
#2732 = VECTOR('',#2733,1.);
#2733 = DIRECTION('',(0.,1.,0.));
#2734 = ORIENTED_EDGE('',*,*,#2735,.T.);
#2735 = EDGE_CURVE('',#2728,#2736,#2738,.T.);
#2736 = VERTEX_POINT('',#2737);
#2737 = CARTESIAN_POINT('',(4.981E+03,4.736E+03,3.02E+03));
#2738 = LINE('',#2739,#2740);
#2739 = CARTESIAN_POINT('',(4.981E+03,4.736E+03,3.E+03));
#2740 = VECTOR('',#2741,1.);
#2741 = DIRECTION('',(0.,0.,1.));
#2742 = ORIENTED_EDGE('',*,*,#2743,.F.);
#2743 = EDGE_CURVE('',#2720,#2736,#2744,.T.);
#2744 = LINE('',#2745,#2746);
#2745 = CARTESIAN_POINT('',(4.981E+03,4.136E+03,3.02E+03));
#2746 = VECTOR('',#2747,1.);
#2747 = DIRECTION('',(0.,1.,0.));
#2748 = PLANE('',#2749);
#2749 = AXIS2_PLACEMENT_3D('',#2750,#2751,#2752);
#2750 = CARTESIAN_POINT('',(4.981E+03,4.136E+03,3.E+03));
#2751 = DIRECTION('',(1.,0.,0.));
#2752 = DIRECTION('',(0.,0.,1.));
#2753 = ADVANCED_FACE('',(#2754),#2770,.F.);
#2754 = FACE_BOUND('',#2755,.F.);
#2755 = EDGE_LOOP('',(#2756,#2762,#2763,#2769));
#2756 = ORIENTED_EDGE('',*,*,#2757,.F.);
#2757 = EDGE_CURVE('',#2678,#2718,#2758,.T.);
#2758 = LINE('',#2759,#2760);
#2759 = CARTESIAN_POINT('',(4.381E+03,4.136E+03,3.E+03));
#2760 = VECTOR('',#2761,1.);
#2761 = DIRECTION('',(1.,0.,0.));
#2762 = ORIENTED_EDGE('',*,*,#2677,.T.);
#2763 = ORIENTED_EDGE('',*,*,#2764,.T.);
#2764 = EDGE_CURVE('',#2680,#2720,#2765,.T.);
#2765 = LINE('',#2766,#2767);
#2766 = CARTESIAN_POINT('',(4.381E+03,4.136E+03,3.02E+03));
#2767 = VECTOR('',#2768,1.);
#2768 = DIRECTION('',(1.,0.,0.));
#2769 = ORIENTED_EDGE('',*,*,#2717,.F.);
#2770 = PLANE('',#2771);
#2771 = AXIS2_PLACEMENT_3D('',#2772,#2773,#2774);
#2772 = CARTESIAN_POINT('',(4.381E+03,4.136E+03,3.E+03));
#2773 = DIRECTION('',(0.,1.,0.));
#2774 = DIRECTION('',(0.,0.,1.));
#2775 = ADVANCED_FACE('',(#2776),#2792,.T.);
#2776 = FACE_BOUND('',#2777,.T.);
#2777 = EDGE_LOOP('',(#2778,#2784,#2785,#2791));
#2778 = ORIENTED_EDGE('',*,*,#2779,.F.);
#2779 = EDGE_CURVE('',#2688,#2728,#2780,.T.);
#2780 = LINE('',#2781,#2782);
#2781 = CARTESIAN_POINT('',(4.381E+03,4.736E+03,3.E+03));
#2782 = VECTOR('',#2783,1.);
#2783 = DIRECTION('',(1.,0.,0.));
#2784 = ORIENTED_EDGE('',*,*,#2695,.T.);
#2785 = ORIENTED_EDGE('',*,*,#2786,.T.);
#2786 = EDGE_CURVE('',#2696,#2736,#2787,.T.);
#2787 = LINE('',#2788,#2789);
#2788 = CARTESIAN_POINT('',(4.381E+03,4.736E+03,3.02E+03));
#2789 = VECTOR('',#2790,1.);
#2790 = DIRECTION('',(1.,0.,0.));
#2791 = ORIENTED_EDGE('',*,*,#2735,.F.);
#2792 = PLANE('',#2793);
#2793 = AXIS2_PLACEMENT_3D('',#2794,#2795,#2796);
#2794 = CARTESIAN_POINT('',(4.381E+03,4.736E+03,3.E+03));
#2795 = DIRECTION('',(0.,1.,0.));
#2796 = DIRECTION('',(0.,0.,1.));
#2797 = ADVANCED_FACE('',(#2798),#2804,.F.);
#2798 = FACE_BOUND('',#2799,.F.);
#2799 = EDGE_LOOP('',(#2800,#2801,#2802,#2803));
#2800 = ORIENTED_EDGE('',*,*,#2687,.F.);
#2801 = ORIENTED_EDGE('',*,*,#2757,.T.);
#2802 = ORIENTED_EDGE('',*,*,#2727,.T.);
#2803 = ORIENTED_EDGE('',*,*,#2779,.F.);
#2804 = PLANE('',#2805);
#2805 = AXIS2_PLACEMENT_3D('',#2806,#2807,#2808);
#2806 = CARTESIAN_POINT('',(4.381E+03,4.136E+03,3.E+03));
#2807 = DIRECTION('',(0.,0.,1.));
#2808 = DIRECTION('',(1.,0.,0.));
#2809 = ADVANCED_FACE('',(#2810),#2816,.T.);
#2810 = FACE_BOUND('',#2811,.T.);
#2811 = EDGE_LOOP('',(#2812,#2813,#2814,#2815));
#2812 = ORIENTED_EDGE('',*,*,#2703,.F.);
#2813 = ORIENTED_EDGE('',*,*,#2764,.T.);
#2814 = ORIENTED_EDGE('',*,*,#2743,.T.);
#2815 = ORIENTED_EDGE('',*,*,#2786,.F.);
#2816 = PLANE('',#2817);
#2817 = AXIS2_PLACEMENT_3D('',#2818,#2819,#2820);
#2818 = CARTESIAN_POINT('',(4.381E+03,4.136E+03,3.02E+03));
#2819 = DIRECTION('',(0.,0.,1.));
#2820 = DIRECTION('',(1.,0.,0.));
#2821 = MANIFOLD_SOLID_BREP('',#2822);
#2822 = CLOSED_SHELL('',(#2823,#2863,#2903,#2925,#2947,#2959));
#2823 = ADVANCED_FACE('',(#2824),#2858,.F.);
#2824 = FACE_BOUND('',#2825,.F.);
#2825 = EDGE_LOOP('',(#2826,#2836,#2844,#2852));
#2826 = ORIENTED_EDGE('',*,*,#2827,.F.);
#2827 = EDGE_CURVE('',#2828,#2830,#2832,.T.);
#2828 = VERTEX_POINT('',#2829);
#2829 = CARTESIAN_POINT('',(4.552E+03,3.549E+03,2.4E+03));
#2830 = VERTEX_POINT('',#2831);
#2831 = CARTESIAN_POINT('',(4.552E+03,3.549E+03,2.42E+03));
#2832 = LINE('',#2833,#2834);
#2833 = CARTESIAN_POINT('',(4.552E+03,3.549E+03,2.4E+03));
#2834 = VECTOR('',#2835,1.);
#2835 = DIRECTION('',(0.,0.,1.));
#2836 = ORIENTED_EDGE('',*,*,#2837,.T.);
#2837 = EDGE_CURVE('',#2828,#2838,#2840,.T.);
#2838 = VERTEX_POINT('',#2839);
#2839 = CARTESIAN_POINT('',(4.552E+03,3.799E+03,2.4E+03));
#2840 = LINE('',#2841,#2842);
#2841 = CARTESIAN_POINT('',(4.552E+03,3.549E+03,2.4E+03));
#2842 = VECTOR('',#2843,1.);
#2843 = DIRECTION('',(0.,1.,0.));
#2844 = ORIENTED_EDGE('',*,*,#2845,.T.);
#2845 = EDGE_CURVE('',#2838,#2846,#2848,.T.);
#2846 = VERTEX_POINT('',#2847);
#2847 = CARTESIAN_POINT('',(4.552E+03,3.799E+03,2.42E+03));
#2848 = LINE('',#2849,#2850);
#2849 = CARTESIAN_POINT('',(4.552E+03,3.799E+03,2.4E+03));
#2850 = VECTOR('',#2851,1.);
#2851 = DIRECTION('',(0.,0.,1.));
#2852 = ORIENTED_EDGE('',*,*,#2853,.F.);
#2853 = EDGE_CURVE('',#2830,#2846,#2854,.T.);
#2854 = LINE('',#2855,#2856);
#2855 = CARTESIAN_POINT('',(4.552E+03,3.549E+03,2.42E+03));
#2856 = VECTOR('',#2857,1.);
#2857 = DIRECTION('',(0.,1.,0.));
#2858 = PLANE('',#2859);
#2859 = AXIS2_PLACEMENT_3D('',#2860,#2861,#2862);
#2860 = CARTESIAN_POINT('',(4.552E+03,3.549E+03,2.4E+03));
#2861 = DIRECTION('',(1.,0.,0.));
#2862 = DIRECTION('',(0.,0.,1.));
#2863 = ADVANCED_FACE('',(#2864),#2898,.T.);
#2864 = FACE_BOUND('',#2865,.T.);
#2865 = EDGE_LOOP('',(#2866,#2876,#2884,#2892));
#2866 = ORIENTED_EDGE('',*,*,#2867,.F.);
#2867 = EDGE_CURVE('',#2868,#2870,#2872,.T.);
#2868 = VERTEX_POINT('',#2869);
#2869 = CARTESIAN_POINT('',(4.802E+03,3.549E+03,2.4E+03));
#2870 = VERTEX_POINT('',#2871);
#2871 = CARTESIAN_POINT('',(4.802E+03,3.549E+03,2.42E+03));
#2872 = LINE('',#2873,#2874);
#2873 = CARTESIAN_POINT('',(4.802E+03,3.549E+03,2.4E+03));
#2874 = VECTOR('',#2875,1.);
#2875 = DIRECTION('',(0.,0.,1.));
#2876 = ORIENTED_EDGE('',*,*,#2877,.T.);
#2877 = EDGE_CURVE('',#2868,#2878,#2880,.T.);
#2878 = VERTEX_POINT('',#2879);
#2879 = CARTESIAN_POINT('',(4.802E+03,3.799E+03,2.4E+03));
#2880 = LINE('',#2881,#2882);
#2881 = CARTESIAN_POINT('',(4.802E+03,3.549E+03,2.4E+03));
#2882 = VECTOR('',#2883,1.);
#2883 = DIRECTION('',(0.,1.,0.));
#2884 = ORIENTED_EDGE('',*,*,#2885,.T.);
#2885 = EDGE_CURVE('',#2878,#2886,#2888,.T.);
#2886 = VERTEX_POINT('',#2887);
#2887 = CARTESIAN_POINT('',(4.802E+03,3.799E+03,2.42E+03));
#2888 = LINE('',#2889,#2890);
#2889 = CARTESIAN_POINT('',(4.802E+03,3.799E+03,2.4E+03));
#2890 = VECTOR('',#2891,1.);
#2891 = DIRECTION('',(0.,0.,1.));
#2892 = ORIENTED_EDGE('',*,*,#2893,.F.);
#2893 = EDGE_CURVE('',#2870,#2886,#2894,.T.);
#2894 = LINE('',#2895,#2896);
#2895 = CARTESIAN_POINT('',(4.802E+03,3.549E+03,2.42E+03));
#2896 = VECTOR('',#2897,1.);
#2897 = DIRECTION('',(0.,1.,0.));
#2898 = PLANE('',#2899);
#2899 = AXIS2_PLACEMENT_3D('',#2900,#2901,#2902);
#2900 = CARTESIAN_POINT('',(4.802E+03,3.549E+03,2.4E+03));
#2901 = DIRECTION('',(1.,0.,0.));
#2902 = DIRECTION('',(0.,0.,1.));
#2903 = ADVANCED_FACE('',(#2904),#2920,.F.);
#2904 = FACE_BOUND('',#2905,.F.);
#2905 = EDGE_LOOP('',(#2906,#2912,#2913,#2919));
#2906 = ORIENTED_EDGE('',*,*,#2907,.F.);
#2907 = EDGE_CURVE('',#2828,#2868,#2908,.T.);
#2908 = LINE('',#2909,#2910);
#2909 = CARTESIAN_POINT('',(4.552E+03,3.549E+03,2.4E+03));
#2910 = VECTOR('',#2911,1.);
#2911 = DIRECTION('',(1.,0.,0.));
#2912 = ORIENTED_EDGE('',*,*,#2827,.T.);
#2913 = ORIENTED_EDGE('',*,*,#2914,.T.);
#2914 = EDGE_CURVE('',#2830,#2870,#2915,.T.);
#2915 = LINE('',#2916,#2917);
#2916 = CARTESIAN_POINT('',(4.552E+03,3.549E+03,2.42E+03));
#2917 = VECTOR('',#2918,1.);
#2918 = DIRECTION('',(1.,0.,0.));
#2919 = ORIENTED_EDGE('',*,*,#2867,.F.);
#2920 = PLANE('',#2921);
#2921 = AXIS2_PLACEMENT_3D('',#2922,#2923,#2924);
#2922 = CARTESIAN_POINT('',(4.552E+03,3.549E+03,2.4E+03));
#2923 = DIRECTION('',(0.,1.,0.));
#2924 = DIRECTION('',(0.,0.,1.));
#2925 = ADVANCED_FACE('',(#2926),#2942,.T.);
#2926 = FACE_BOUND('',#2927,.T.);
#2927 = EDGE_LOOP('',(#2928,#2934,#2935,#2941));
#2928 = ORIENTED_EDGE('',*,*,#2929,.F.);
#2929 = EDGE_CURVE('',#2838,#2878,#2930,.T.);
#2930 = LINE('',#2931,#2932);
#2931 = CARTESIAN_POINT('',(4.552E+03,3.799E+03,2.4E+03));
#2932 = VECTOR('',#2933,1.);
#2933 = DIRECTION('',(1.,0.,0.));
#2934 = ORIENTED_EDGE('',*,*,#2845,.T.);
#2935 = ORIENTED_EDGE('',*,*,#2936,.T.);
#2936 = EDGE_CURVE('',#2846,#2886,#2937,.T.);
#2937 = LINE('',#2938,#2939);
#2938 = CARTESIAN_POINT('',(4.552E+03,3.799E+03,2.42E+03));
#2939 = VECTOR('',#2940,1.);
#2940 = DIRECTION('',(1.,0.,0.));
#2941 = ORIENTED_EDGE('',*,*,#2885,.F.);
#2942 = PLANE('',#2943);
#2943 = AXIS2_PLACEMENT_3D('',#2944,#2945,#2946);
#2944 = CARTESIAN_POINT('',(4.552E+03,3.799E+03,2.4E+03));
#2945 = DIRECTION('',(0.,1.,0.));
#2946 = DIRECTION('',(0.,0.,1.));
#2947 = ADVANCED_FACE('',(#2948),#2954,.F.);
#2948 = FACE_BOUND('',#2949,.F.);
#2949 = EDGE_LOOP('',(#2950,#2951,#2952,#2953));
#2950 = ORIENTED_EDGE('',*,*,#2837,.F.);
#2951 = ORIENTED_EDGE('',*,*,#2907,.T.);
#2952 = ORIENTED_EDGE('',*,*,#2877,.T.);
#2953 = ORIENTED_EDGE('',*,*,#2929,.F.);
#2954 = PLANE('',#2955);
#2955 = AXIS2_PLACEMENT_3D('',#2956,#2957,#2958);
#2956 = CARTESIAN_POINT('',(4.552E+03,3.549E+03,2.4E+03));
#2957 = DIRECTION('',(0.,0.,1.));
#2958 = DIRECTION('',(1.,0.,0.));
#2959 = ADVANCED_FACE('',(#2960),#2966,.T.);
#2960 = FACE_BOUND('',#2961,.T.);
#2961 = EDGE_LOOP('',(#2962,#2963,#2964,#2965));
#2962 = ORIENTED_EDGE('',*,*,#2853,.F.);
#2963 = ORIENTED_EDGE('',*,*,#2914,.T.);
#2964 = ORIENTED_EDGE('',*,*,#2893,.T.);
#2965 = ORIENTED_EDGE('',*,*,#2936,.F.);
#2966 = PLANE('',#2967);
#2967 = AXIS2_PLACEMENT_3D('',#2968,#2969,#2970);
#2968 = CARTESIAN_POINT('',(4.552E+03,3.549E+03,2.42E+03));
#2969 = DIRECTION('',(0.,0.,1.));
#2970 = DIRECTION('',(1.,0.,0.));
#2971 = MANIFOLD_SOLID_BREP('',#2972);
#2972 = CLOSED_SHELL('',(#2973,#3013,#3053,#3075,#3097,#3109));
#2973 = ADVANCED_FACE('',(#2974),#3008,.F.);
#2974 = FACE_BOUND('',#2975,.F.);
#2975 = EDGE_LOOP('',(#2976,#2986,#2994,#3002));
#2976 = ORIENTED_EDGE('',*,*,#2977,.F.);
#2977 = EDGE_CURVE('',#2978,#2980,#2982,.T.);
#2978 = VERTEX_POINT('',#2979);
#2979 = CARTESIAN_POINT('',(-3.415E+03,1.935E+03,3.E+03));
#2980 = VERTEX_POINT('',#2981);
#2981 = CARTESIAN_POINT('',(-3.415E+03,1.935E+03,3.02E+03));
#2982 = LINE('',#2983,#2984);
#2983 = CARTESIAN_POINT('',(-3.415E+03,1.935E+03,3.E+03));
#2984 = VECTOR('',#2985,1.);
#2985 = DIRECTION('',(0.,0.,1.));
#2986 = ORIENTED_EDGE('',*,*,#2987,.T.);
#2987 = EDGE_CURVE('',#2978,#2988,#2990,.T.);
#2988 = VERTEX_POINT('',#2989);
#2989 = CARTESIAN_POINT('',(-3.415E+03,2.535E+03,3.E+03));
#2990 = LINE('',#2991,#2992);
#2991 = CARTESIAN_POINT('',(-3.415E+03,1.935E+03,3.E+03));
#2992 = VECTOR('',#2993,1.);
#2993 = DIRECTION('',(0.,1.,0.));
#2994 = ORIENTED_EDGE('',*,*,#2995,.T.);
#2995 = EDGE_CURVE('',#2988,#2996,#2998,.T.);
#2996 = VERTEX_POINT('',#2997);
#2997 = CARTESIAN_POINT('',(-3.415E+03,2.535E+03,3.02E+03));
#2998 = LINE('',#2999,#3000);
#2999 = CARTESIAN_POINT('',(-3.415E+03,2.535E+03,3.E+03));
#3000 = VECTOR('',#3001,1.);
#3001 = DIRECTION('',(0.,0.,1.));
#3002 = ORIENTED_EDGE('',*,*,#3003,.F.);
#3003 = EDGE_CURVE('',#2980,#2996,#3004,.T.);
#3004 = LINE('',#3005,#3006);
#3005 = CARTESIAN_POINT('',(-3.415E+03,1.935E+03,3.02E+03));
#3006 = VECTOR('',#3007,1.);
#3007 = DIRECTION('',(0.,1.,0.));
#3008 = PLANE('',#3009);
#3009 = AXIS2_PLACEMENT_3D('',#3010,#3011,#3012);
#3010 = CARTESIAN_POINT('',(-3.415E+03,1.935E+03,3.E+03));
#3011 = DIRECTION('',(1.,0.,0.));
#3012 = DIRECTION('',(0.,0.,1.));
#3013 = ADVANCED_FACE('',(#3014),#3048,.T.);
#3014 = FACE_BOUND('',#3015,.T.);
#3015 = EDGE_LOOP('',(#3016,#3026,#3034,#3042));
#3016 = ORIENTED_EDGE('',*,*,#3017,.F.);
#3017 = EDGE_CURVE('',#3018,#3020,#3022,.T.);
#3018 = VERTEX_POINT('',#3019);
#3019 = CARTESIAN_POINT('',(-2.815E+03,1.935E+03,3.E+03));
#3020 = VERTEX_POINT('',#3021);
#3021 = CARTESIAN_POINT('',(-2.815E+03,1.935E+03,3.02E+03));
#3022 = LINE('',#3023,#3024);
#3023 = CARTESIAN_POINT('',(-2.815E+03,1.935E+03,3.E+03));
#3024 = VECTOR('',#3025,1.);
#3025 = DIRECTION('',(0.,0.,1.));
#3026 = ORIENTED_EDGE('',*,*,#3027,.T.);
#3027 = EDGE_CURVE('',#3018,#3028,#3030,.T.);
#3028 = VERTEX_POINT('',#3029);
#3029 = CARTESIAN_POINT('',(-2.815E+03,2.535E+03,3.E+03));
#3030 = LINE('',#3031,#3032);
#3031 = CARTESIAN_POINT('',(-2.815E+03,1.935E+03,3.E+03));
#3032 = VECTOR('',#3033,1.);
#3033 = DIRECTION('',(0.,1.,0.));
#3034 = ORIENTED_EDGE('',*,*,#3035,.T.);
#3035 = EDGE_CURVE('',#3028,#3036,#3038,.T.);
#3036 = VERTEX_POINT('',#3037);
#3037 = CARTESIAN_POINT('',(-2.815E+03,2.535E+03,3.02E+03));
#3038 = LINE('',#3039,#3040);
#3039 = CARTESIAN_POINT('',(-2.815E+03,2.535E+03,3.E+03));
#3040 = VECTOR('',#3041,1.);
#3041 = DIRECTION('',(0.,0.,1.));
#3042 = ORIENTED_EDGE('',*,*,#3043,.F.);
#3043 = EDGE_CURVE('',#3020,#3036,#3044,.T.);
#3044 = LINE('',#3045,#3046);
#3045 = CARTESIAN_POINT('',(-2.815E+03,1.935E+03,3.02E+03));
#3046 = VECTOR('',#3047,1.);
#3047 = DIRECTION('',(0.,1.,0.));
#3048 = PLANE('',#3049);
#3049 = AXIS2_PLACEMENT_3D('',#3050,#3051,#3052);
#3050 = CARTESIAN_POINT('',(-2.815E+03,1.935E+03,3.E+03));
#3051 = DIRECTION('',(1.,0.,0.));
#3052 = DIRECTION('',(0.,0.,1.));
#3053 = ADVANCED_FACE('',(#3054),#3070,.F.);
#3054 = FACE_BOUND('',#3055,.F.);
#3055 = EDGE_LOOP('',(#3056,#3062,#3063,#3069));
#3056 = ORIENTED_EDGE('',*,*,#3057,.F.);
#3057 = EDGE_CURVE('',#2978,#3018,#3058,.T.);
#3058 = LINE('',#3059,#3060);
#3059 = CARTESIAN_POINT('',(-3.415E+03,1.935E+03,3.E+03));
#3060 = VECTOR('',#3061,1.);
#3061 = DIRECTION('',(1.,0.,0.));
#3062 = ORIENTED_EDGE('',*,*,#2977,.T.);
#3063 = ORIENTED_EDGE('',*,*,#3064,.T.);
#3064 = EDGE_CURVE('',#2980,#3020,#3065,.T.);
#3065 = LINE('',#3066,#3067);
#3066 = CARTESIAN_POINT('',(-3.415E+03,1.935E+03,3.02E+03));
#3067 = VECTOR('',#3068,1.);
#3068 = DIRECTION('',(1.,0.,0.));
#3069 = ORIENTED_EDGE('',*,*,#3017,.F.);
#3070 = PLANE('',#3071);
#3071 = AXIS2_PLACEMENT_3D('',#3072,#3073,#3074);
#3072 = CARTESIAN_POINT('',(-3.415E+03,1.935E+03,3.E+03));
#3073 = DIRECTION('',(0.,1.,0.));
#3074 = DIRECTION('',(0.,0.,1.));
#3075 = ADVANCED_FACE('',(#3076),#3092,.T.);
#3076 = FACE_BOUND('',#3077,.T.);
#3077 = EDGE_LOOP('',(#3078,#3084,#3085,#3091));
#3078 = ORIENTED_EDGE('',*,*,#3079,.F.);
#3079 = EDGE_CURVE('',#2988,#3028,#3080,.T.);
#3080 = LINE('',#3081,#3082);
#3081 = CARTESIAN_POINT('',(-3.415E+03,2.535E+03,3.E+03));
#3082 = VECTOR('',#3083,1.);
#3083 = DIRECTION('',(1.,0.,0.));
#3084 = ORIENTED_EDGE('',*,*,#2995,.T.);
#3085 = ORIENTED_EDGE('',*,*,#3086,.T.);
#3086 = EDGE_CURVE('',#2996,#3036,#3087,.T.);
#3087 = LINE('',#3088,#3089);
#3088 = CARTESIAN_POINT('',(-3.415E+03,2.535E+03,3.02E+03));
#3089 = VECTOR('',#3090,1.);
#3090 = DIRECTION('',(1.,0.,0.));
#3091 = ORIENTED_EDGE('',*,*,#3035,.F.);
#3092 = PLANE('',#3093);
#3093 = AXIS2_PLACEMENT_3D('',#3094,#3095,#3096);
#3094 = CARTESIAN_POINT('',(-3.415E+03,2.535E+03,3.E+03));
#3095 = DIRECTION('',(0.,1.,0.));
#3096 = DIRECTION('',(0.,0.,1.));
#3097 = ADVANCED_FACE('',(#3098),#3104,.F.);
#3098 = FACE_BOUND('',#3099,.F.);
#3099 = EDGE_LOOP('',(#3100,#3101,#3102,#3103));
#3100 = ORIENTED_EDGE('',*,*,#2987,.F.);
#3101 = ORIENTED_EDGE('',*,*,#3057,.T.);
#3102 = ORIENTED_EDGE('',*,*,#3027,.T.);
#3103 = ORIENTED_EDGE('',*,*,#3079,.F.);
#3104 = PLANE('',#3105);
#3105 = AXIS2_PLACEMENT_3D('',#3106,#3107,#3108);
#3106 = CARTESIAN_POINT('',(-3.415E+03,1.935E+03,3.E+03));
#3107 = DIRECTION('',(0.,0.,1.));
#3108 = DIRECTION('',(1.,0.,0.));
#3109 = ADVANCED_FACE('',(#3110),#3116,.T.);
#3110 = FACE_BOUND('',#3111,.T.);
#3111 = EDGE_LOOP('',(#3112,#3113,#3114,#3115));
#3112 = ORIENTED_EDGE('',*,*,#3003,.F.);
#3113 = ORIENTED_EDGE('',*,*,#3064,.T.);
#3114 = ORIENTED_EDGE('',*,*,#3043,.T.);
#3115 = ORIENTED_EDGE('',*,*,#3086,.F.);
#3116 = PLANE('',#3117);
#3117 = AXIS2_PLACEMENT_3D('',#3118,#3119,#3120);
#3118 = CARTESIAN_POINT('',(-3.415E+03,1.935E+03,3.02E+03));
#3119 = DIRECTION('',(0.,0.,1.));
#3120 = DIRECTION('',(1.,0.,0.));
#3121 = MANIFOLD_SOLID_BREP('',#3122);
#3122 = CLOSED_SHELL('',(#3123,#3163,#3203,#3225,#3247,#3259));
#3123 = ADVANCED_FACE('',(#3124),#3158,.F.);
#3124 = FACE_BOUND('',#3125,.F.);
#3125 = EDGE_LOOP('',(#3126,#3136,#3144,#3152));
#3126 = ORIENTED_EDGE('',*,*,#3127,.F.);
#3127 = EDGE_CURVE('',#3128,#3130,#3132,.T.);
#3128 = VERTEX_POINT('',#3129);
#3129 = CARTESIAN_POINT('',(-2.5E+03,1.935E+03,3.E+03));
#3130 = VERTEX_POINT('',#3131);
#3131 = CARTESIAN_POINT('',(-2.5E+03,1.935E+03,3.02E+03));
#3132 = LINE('',#3133,#3134);
#3133 = CARTESIAN_POINT('',(-2.5E+03,1.935E+03,3.E+03));
#3134 = VECTOR('',#3135,1.);
#3135 = DIRECTION('',(0.,0.,1.));
#3136 = ORIENTED_EDGE('',*,*,#3137,.T.);
#3137 = EDGE_CURVE('',#3128,#3138,#3140,.T.);
#3138 = VERTEX_POINT('',#3139);
#3139 = CARTESIAN_POINT('',(-2.5E+03,2.535E+03,3.E+03));
#3140 = LINE('',#3141,#3142);
#3141 = CARTESIAN_POINT('',(-2.5E+03,1.935E+03,3.E+03));
#3142 = VECTOR('',#3143,1.);
#3143 = DIRECTION('',(0.,1.,0.));
#3144 = ORIENTED_EDGE('',*,*,#3145,.T.);
#3145 = EDGE_CURVE('',#3138,#3146,#3148,.T.);
#3146 = VERTEX_POINT('',#3147);
#3147 = CARTESIAN_POINT('',(-2.5E+03,2.535E+03,3.02E+03));
#3148 = LINE('',#3149,#3150);
#3149 = CARTESIAN_POINT('',(-2.5E+03,2.535E+03,3.E+03));
#3150 = VECTOR('',#3151,1.);
#3151 = DIRECTION('',(0.,0.,1.));
#3152 = ORIENTED_EDGE('',*,*,#3153,.F.);
#3153 = EDGE_CURVE('',#3130,#3146,#3154,.T.);
#3154 = LINE('',#3155,#3156);
#3155 = CARTESIAN_POINT('',(-2.5E+03,1.935E+03,3.02E+03));
#3156 = VECTOR('',#3157,1.);
#3157 = DIRECTION('',(0.,1.,0.));
#3158 = PLANE('',#3159);
#3159 = AXIS2_PLACEMENT_3D('',#3160,#3161,#3162);
#3160 = CARTESIAN_POINT('',(-2.5E+03,1.935E+03,3.E+03));
#3161 = DIRECTION('',(1.,0.,0.));
#3162 = DIRECTION('',(0.,0.,1.));
#3163 = ADVANCED_FACE('',(#3164),#3198,.T.);
#3164 = FACE_BOUND('',#3165,.T.);
#3165 = EDGE_LOOP('',(#3166,#3176,#3184,#3192));
#3166 = ORIENTED_EDGE('',*,*,#3167,.F.);
#3167 = EDGE_CURVE('',#3168,#3170,#3172,.T.);
#3168 = VERTEX_POINT('',#3169);
#3169 = CARTESIAN_POINT('',(-1.9E+03,1.935E+03,3.E+03));
#3170 = VERTEX_POINT('',#3171);
#3171 = CARTESIAN_POINT('',(-1.9E+03,1.935E+03,3.02E+03));
#3172 = LINE('',#3173,#3174);
#3173 = CARTESIAN_POINT('',(-1.9E+03,1.935E+03,3.E+03));
#3174 = VECTOR('',#3175,1.);
#3175 = DIRECTION('',(0.,0.,1.));
#3176 = ORIENTED_EDGE('',*,*,#3177,.T.);
#3177 = EDGE_CURVE('',#3168,#3178,#3180,.T.);
#3178 = VERTEX_POINT('',#3179);
#3179 = CARTESIAN_POINT('',(-1.9E+03,2.535E+03,3.E+03));
#3180 = LINE('',#3181,#3182);
#3181 = CARTESIAN_POINT('',(-1.9E+03,1.935E+03,3.E+03));
#3182 = VECTOR('',#3183,1.);
#3183 = DIRECTION('',(0.,1.,0.));
#3184 = ORIENTED_EDGE('',*,*,#3185,.T.);
#3185 = EDGE_CURVE('',#3178,#3186,#3188,.T.);
#3186 = VERTEX_POINT('',#3187);
#3187 = CARTESIAN_POINT('',(-1.9E+03,2.535E+03,3.02E+03));
#3188 = LINE('',#3189,#3190);
#3189 = CARTESIAN_POINT('',(-1.9E+03,2.535E+03,3.E+03));
#3190 = VECTOR('',#3191,1.);
#3191 = DIRECTION('',(0.,0.,1.));
#3192 = ORIENTED_EDGE('',*,*,#3193,.F.);
#3193 = EDGE_CURVE('',#3170,#3186,#3194,.T.);
#3194 = LINE('',#3195,#3196);
#3195 = CARTESIAN_POINT('',(-1.9E+03,1.935E+03,3.02E+03));
#3196 = VECTOR('',#3197,1.);
#3197 = DIRECTION('',(0.,1.,0.));
#3198 = PLANE('',#3199);
#3199 = AXIS2_PLACEMENT_3D('',#3200,#3201,#3202);
#3200 = CARTESIAN_POINT('',(-1.9E+03,1.935E+03,3.E+03));
#3201 = DIRECTION('',(1.,0.,0.));
#3202 = DIRECTION('',(0.,0.,1.));
#3203 = ADVANCED_FACE('',(#3204),#3220,.F.);
#3204 = FACE_BOUND('',#3205,.F.);
#3205 = EDGE_LOOP('',(#3206,#3212,#3213,#3219));
#3206 = ORIENTED_EDGE('',*,*,#3207,.F.);
#3207 = EDGE_CURVE('',#3128,#3168,#3208,.T.);
#3208 = LINE('',#3209,#3210);
#3209 = CARTESIAN_POINT('',(-2.5E+03,1.935E+03,3.E+03));
#3210 = VECTOR('',#3211,1.);
#3211 = DIRECTION('',(1.,0.,0.));
#3212 = ORIENTED_EDGE('',*,*,#3127,.T.);
#3213 = ORIENTED_EDGE('',*,*,#3214,.T.);
#3214 = EDGE_CURVE('',#3130,#3170,#3215,.T.);
#3215 = LINE('',#3216,#3217);
#3216 = CARTESIAN_POINT('',(-2.5E+03,1.935E+03,3.02E+03));
#3217 = VECTOR('',#3218,1.);
#3218 = DIRECTION('',(1.,0.,0.));
#3219 = ORIENTED_EDGE('',*,*,#3167,.F.);
#3220 = PLANE('',#3221);
#3221 = AXIS2_PLACEMENT_3D('',#3222,#3223,#3224);
#3222 = CARTESIAN_POINT('',(-2.5E+03,1.935E+03,3.E+03));
#3223 = DIRECTION('',(0.,1.,0.));
#3224 = DIRECTION('',(0.,0.,1.));
#3225 = ADVANCED_FACE('',(#3226),#3242,.T.);
#3226 = FACE_BOUND('',#3227,.T.);
#3227 = EDGE_LOOP('',(#3228,#3234,#3235,#3241));
#3228 = ORIENTED_EDGE('',*,*,#3229,.F.);
#3229 = EDGE_CURVE('',#3138,#3178,#3230,.T.);
#3230 = LINE('',#3231,#3232);
#3231 = CARTESIAN_POINT('',(-2.5E+03,2.535E+03,3.E+03));
#3232 = VECTOR('',#3233,1.);
#3233 = DIRECTION('',(1.,0.,0.));
#3234 = ORIENTED_EDGE('',*,*,#3145,.T.);
#3235 = ORIENTED_EDGE('',*,*,#3236,.T.);
#3236 = EDGE_CURVE('',#3146,#3186,#3237,.T.);
#3237 = LINE('',#3238,#3239);
#3238 = CARTESIAN_POINT('',(-2.5E+03,2.535E+03,3.02E+03));
#3239 = VECTOR('',#3240,1.);
#3240 = DIRECTION('',(1.,0.,0.));
#3241 = ORIENTED_EDGE('',*,*,#3185,.F.);
#3242 = PLANE('',#3243);
#3243 = AXIS2_PLACEMENT_3D('',#3244,#3245,#3246);
#3244 = CARTESIAN_POINT('',(-2.5E+03,2.535E+03,3.E+03));
#3245 = DIRECTION('',(0.,1.,0.));
#3246 = DIRECTION('',(0.,0.,1.));
#3247 = ADVANCED_FACE('',(#3248),#3254,.F.);
#3248 = FACE_BOUND('',#3249,.F.);
#3249 = EDGE_LOOP('',(#3250,#3251,#3252,#3253));
#3250 = ORIENTED_EDGE('',*,*,#3137,.F.);
#3251 = ORIENTED_EDGE('',*,*,#3207,.T.);
#3252 = ORIENTED_EDGE('',*,*,#3177,.T.);
#3253 = ORIENTED_EDGE('',*,*,#3229,.F.);
#3254 = PLANE('',#3255);
#3255 = AXIS2_PLACEMENT_3D('',#3256,#3257,#3258);
#3256 = CARTESIAN_POINT('',(-2.5E+03,1.935E+03,3.E+03));
#3257 = DIRECTION('',(0.,0.,1.));
#3258 = DIRECTION('',(1.,0.,0.));
#3259 = ADVANCED_FACE('',(#3260),#3266,.T.);
#3260 = FACE_BOUND('',#3261,.T.);
#3261 = EDGE_LOOP('',(#3262,#3263,#3264,#3265));
#3262 = ORIENTED_EDGE('',*,*,#3153,.F.);
#3263 = ORIENTED_EDGE('',*,*,#3214,.T.);
#3264 = ORIENTED_EDGE('',*,*,#3193,.T.);
#3265 = ORIENTED_EDGE('',*,*,#3236,.F.);
#3266 = PLANE('',#3267);
#3267 = AXIS2_PLACEMENT_3D('',#3268,#3269,#3270);
#3268 = CARTESIAN_POINT('',(-2.5E+03,1.935E+03,3.02E+03));
#3269 = DIRECTION('',(0.,0.,1.));
#3270 = DIRECTION('',(1.,0.,0.));
#3271 = MANIFOLD_SOLID_BREP('',#3272);
#3272 = CLOSED_SHELL('',(#3273,#3313,#3353,#3375,#3397,#3409));
#3273 = ADVANCED_FACE('',(#3274),#3308,.F.);
#3274 = FACE_BOUND('',#3275,.F.);
#3275 = EDGE_LOOP('',(#3276,#3286,#3294,#3302));
#3276 = ORIENTED_EDGE('',*,*,#3277,.F.);
#3277 = EDGE_CURVE('',#3278,#3280,#3282,.T.);
#3278 = VERTEX_POINT('',#3279);
#3279 = CARTESIAN_POINT('',(-3.415E+03,787.,3.E+03));
#3280 = VERTEX_POINT('',#3281);
#3281 = CARTESIAN_POINT('',(-3.415E+03,787.,3.02E+03));
#3282 = LINE('',#3283,#3284);
#3283 = CARTESIAN_POINT('',(-3.415E+03,787.,3.E+03));
#3284 = VECTOR('',#3285,1.);
#3285 = DIRECTION('',(0.,0.,1.));
#3286 = ORIENTED_EDGE('',*,*,#3287,.T.);
#3287 = EDGE_CURVE('',#3278,#3288,#3290,.T.);
#3288 = VERTEX_POINT('',#3289);
#3289 = CARTESIAN_POINT('',(-3.415E+03,1.387E+03,3.E+03));
#3290 = LINE('',#3291,#3292);
#3291 = CARTESIAN_POINT('',(-3.415E+03,787.,3.E+03));
#3292 = VECTOR('',#3293,1.);
#3293 = DIRECTION('',(0.,1.,0.));
#3294 = ORIENTED_EDGE('',*,*,#3295,.T.);
#3295 = EDGE_CURVE('',#3288,#3296,#3298,.T.);
#3296 = VERTEX_POINT('',#3297);
#3297 = CARTESIAN_POINT('',(-3.415E+03,1.387E+03,3.02E+03));
#3298 = LINE('',#3299,#3300);
#3299 = CARTESIAN_POINT('',(-3.415E+03,1.387E+03,3.E+03));
#3300 = VECTOR('',#3301,1.);
#3301 = DIRECTION('',(0.,0.,1.));
#3302 = ORIENTED_EDGE('',*,*,#3303,.F.);
#3303 = EDGE_CURVE('',#3280,#3296,#3304,.T.);
#3304 = LINE('',#3305,#3306);
#3305 = CARTESIAN_POINT('',(-3.415E+03,787.,3.02E+03));
#3306 = VECTOR('',#3307,1.);
#3307 = DIRECTION('',(0.,1.,0.));
#3308 = PLANE('',#3309);
#3309 = AXIS2_PLACEMENT_3D('',#3310,#3311,#3312);
#3310 = CARTESIAN_POINT('',(-3.415E+03,787.,3.E+03));
#3311 = DIRECTION('',(1.,0.,0.));
#3312 = DIRECTION('',(0.,0.,1.));
#3313 = ADVANCED_FACE('',(#3314),#3348,.T.);
#3314 = FACE_BOUND('',#3315,.T.);
#3315 = EDGE_LOOP('',(#3316,#3326,#3334,#3342));
#3316 = ORIENTED_EDGE('',*,*,#3317,.F.);
#3317 = EDGE_CURVE('',#3318,#3320,#3322,.T.);
#3318 = VERTEX_POINT('',#3319);
#3319 = CARTESIAN_POINT('',(-2.815E+03,787.,3.E+03));
#3320 = VERTEX_POINT('',#3321);
#3321 = CARTESIAN_POINT('',(-2.815E+03,787.,3.02E+03));
#3322 = LINE('',#3323,#3324);
#3323 = CARTESIAN_POINT('',(-2.815E+03,787.,3.E+03));
#3324 = VECTOR('',#3325,1.);
#3325 = DIRECTION('',(0.,0.,1.));
#3326 = ORIENTED_EDGE('',*,*,#3327,.T.);
#3327 = EDGE_CURVE('',#3318,#3328,#3330,.T.);
#3328 = VERTEX_POINT('',#3329);
#3329 = CARTESIAN_POINT('',(-2.815E+03,1.387E+03,3.E+03));
#3330 = LINE('',#3331,#3332);
#3331 = CARTESIAN_POINT('',(-2.815E+03,787.,3.E+03));
#3332 = VECTOR('',#3333,1.);
#3333 = DIRECTION('',(0.,1.,0.));
#3334 = ORIENTED_EDGE('',*,*,#3335,.T.);
#3335 = EDGE_CURVE('',#3328,#3336,#3338,.T.);
#3336 = VERTEX_POINT('',#3337);
#3337 = CARTESIAN_POINT('',(-2.815E+03,1.387E+03,3.02E+03));
#3338 = LINE('',#3339,#3340);
#3339 = CARTESIAN_POINT('',(-2.815E+03,1.387E+03,3.E+03));
#3340 = VECTOR('',#3341,1.);
#3341 = DIRECTION('',(0.,0.,1.));
#3342 = ORIENTED_EDGE('',*,*,#3343,.F.);
#3343 = EDGE_CURVE('',#3320,#3336,#3344,.T.);
#3344 = LINE('',#3345,#3346);
#3345 = CARTESIAN_POINT('',(-2.815E+03,787.,3.02E+03));
#3346 = VECTOR('',#3347,1.);
#3347 = DIRECTION('',(0.,1.,0.));
#3348 = PLANE('',#3349);
#3349 = AXIS2_PLACEMENT_3D('',#3350,#3351,#3352);
#3350 = CARTESIAN_POINT('',(-2.815E+03,787.,3.E+03));
#3351 = DIRECTION('',(1.,0.,0.));
#3352 = DIRECTION('',(0.,0.,1.));
#3353 = ADVANCED_FACE('',(#3354),#3370,.F.);
#3354 = FACE_BOUND('',#3355,.F.);
#3355 = EDGE_LOOP('',(#3356,#3362,#3363,#3369));
#3356 = ORIENTED_EDGE('',*,*,#3357,.F.);
#3357 = EDGE_CURVE('',#3278,#3318,#3358,.T.);
#3358 = LINE('',#3359,#3360);
#3359 = CARTESIAN_POINT('',(-3.415E+03,787.,3.E+03));
#3360 = VECTOR('',#3361,1.);
#3361 = DIRECTION('',(1.,0.,0.));
#3362 = ORIENTED_EDGE('',*,*,#3277,.T.);
#3363 = ORIENTED_EDGE('',*,*,#3364,.T.);
#3364 = EDGE_CURVE('',#3280,#3320,#3365,.T.);
#3365 = LINE('',#3366,#3367);
#3366 = CARTESIAN_POINT('',(-3.415E+03,787.,3.02E+03));
#3367 = VECTOR('',#3368,1.);
#3368 = DIRECTION('',(1.,0.,0.));
#3369 = ORIENTED_EDGE('',*,*,#3317,.F.);
#3370 = PLANE('',#3371);
#3371 = AXIS2_PLACEMENT_3D('',#3372,#3373,#3374);
#3372 = CARTESIAN_POINT('',(-3.415E+03,787.,3.E+03));
#3373 = DIRECTION('',(0.,1.,0.));
#3374 = DIRECTION('',(0.,0.,1.));
#3375 = ADVANCED_FACE('',(#3376),#3392,.T.);
#3376 = FACE_BOUND('',#3377,.T.);
#3377 = EDGE_LOOP('',(#3378,#3384,#3385,#3391));
#3378 = ORIENTED_EDGE('',*,*,#3379,.F.);
#3379 = EDGE_CURVE('',#3288,#3328,#3380,.T.);
#3380 = LINE('',#3381,#3382);
#3381 = CARTESIAN_POINT('',(-3.415E+03,1.387E+03,3.E+03));
#3382 = VECTOR('',#3383,1.);
#3383 = DIRECTION('',(1.,0.,0.));
#3384 = ORIENTED_EDGE('',*,*,#3295,.T.);
#3385 = ORIENTED_EDGE('',*,*,#3386,.T.);
#3386 = EDGE_CURVE('',#3296,#3336,#3387,.T.);
#3387 = LINE('',#3388,#3389);
#3388 = CARTESIAN_POINT('',(-3.415E+03,1.387E+03,3.02E+03));
#3389 = VECTOR('',#3390,1.);
#3390 = DIRECTION('',(1.,0.,0.));
#3391 = ORIENTED_EDGE('',*,*,#3335,.F.);
#3392 = PLANE('',#3393);
#3393 = AXIS2_PLACEMENT_3D('',#3394,#3395,#3396);
#3394 = CARTESIAN_POINT('',(-3.415E+03,1.387E+03,3.E+03));
#3395 = DIRECTION('',(0.,1.,0.));
#3396 = DIRECTION('',(0.,0.,1.));
#3397 = ADVANCED_FACE('',(#3398),#3404,.F.);
#3398 = FACE_BOUND('',#3399,.F.);
#3399 = EDGE_LOOP('',(#3400,#3401,#3402,#3403));
#3400 = ORIENTED_EDGE('',*,*,#3287,.F.);
#3401 = ORIENTED_EDGE('',*,*,#3357,.T.);
#3402 = ORIENTED_EDGE('',*,*,#3327,.T.);
#3403 = ORIENTED_EDGE('',*,*,#3379,.F.);
#3404 = PLANE('',#3405);
#3405 = AXIS2_PLACEMENT_3D('',#3406,#3407,#3408);
#3406 = CARTESIAN_POINT('',(-3.415E+03,787.,3.E+03));
#3407 = DIRECTION('',(0.,0.,1.));
#3408 = DIRECTION('',(1.,0.,0.));
#3409 = ADVANCED_FACE('',(#3410),#3416,.T.);
#3410 = FACE_BOUND('',#3411,.T.);
#3411 = EDGE_LOOP('',(#3412,#3413,#3414,#3415));
#3412 = ORIENTED_EDGE('',*,*,#3303,.F.);
#3413 = ORIENTED_EDGE('',*,*,#3364,.T.);
#3414 = ORIENTED_EDGE('',*,*,#3343,.T.);
#3415 = ORIENTED_EDGE('',*,*,#3386,.F.);
#3416 = PLANE('',#3417);
#3417 = AXIS2_PLACEMENT_3D('',#3418,#3419,#3420);
#3418 = CARTESIAN_POINT('',(-3.415E+03,787.,3.02E+03));
#3419 = DIRECTION('',(0.,0.,1.));
#3420 = DIRECTION('',(1.,0.,0.));
#3421 = MANIFOLD_SOLID_BREP('',#3422);
#3422 = CLOSED_SHELL('',(#3423,#3463,#3503,#3525,#3547,#3559));
#3423 = ADVANCED_FACE('',(#3424),#3458,.F.);
#3424 = FACE_BOUND('',#3425,.F.);
#3425 = EDGE_LOOP('',(#3426,#3436,#3444,#3452));
#3426 = ORIENTED_EDGE('',*,*,#3427,.F.);
#3427 = EDGE_CURVE('',#3428,#3430,#3432,.T.);
#3428 = VERTEX_POINT('',#3429);
#3429 = CARTESIAN_POINT('',(5.06E+03,-1.711E+03,3.E+03));
#3430 = VERTEX_POINT('',#3431);
#3431 = CARTESIAN_POINT('',(5.06E+03,-1.711E+03,3.02E+03));
#3432 = LINE('',#3433,#3434);
#3433 = CARTESIAN_POINT('',(5.06E+03,-1.711E+03,3.E+03));
#3434 = VECTOR('',#3435,1.);
#3435 = DIRECTION('',(0.,0.,1.));
#3436 = ORIENTED_EDGE('',*,*,#3437,.T.);
#3437 = EDGE_CURVE('',#3428,#3438,#3440,.T.);
#3438 = VERTEX_POINT('',#3439);
#3439 = CARTESIAN_POINT('',(5.06E+03,-1.111E+03,3.E+03));
#3440 = LINE('',#3441,#3442);
#3441 = CARTESIAN_POINT('',(5.06E+03,-1.711E+03,3.E+03));
#3442 = VECTOR('',#3443,1.);
#3443 = DIRECTION('',(0.,1.,0.));
#3444 = ORIENTED_EDGE('',*,*,#3445,.T.);
#3445 = EDGE_CURVE('',#3438,#3446,#3448,.T.);
#3446 = VERTEX_POINT('',#3447);
#3447 = CARTESIAN_POINT('',(5.06E+03,-1.111E+03,3.02E+03));
#3448 = LINE('',#3449,#3450);
#3449 = CARTESIAN_POINT('',(5.06E+03,-1.111E+03,3.E+03));
#3450 = VECTOR('',#3451,1.);
#3451 = DIRECTION('',(0.,0.,1.));
#3452 = ORIENTED_EDGE('',*,*,#3453,.F.);
#3453 = EDGE_CURVE('',#3430,#3446,#3454,.T.);
#3454 = LINE('',#3455,#3456);
#3455 = CARTESIAN_POINT('',(5.06E+03,-1.711E+03,3.02E+03));
#3456 = VECTOR('',#3457,1.);
#3457 = DIRECTION('',(0.,1.,0.));
#3458 = PLANE('',#3459);
#3459 = AXIS2_PLACEMENT_3D('',#3460,#3461,#3462);
#3460 = CARTESIAN_POINT('',(5.06E+03,-1.711E+03,3.E+03));
#3461 = DIRECTION('',(1.,0.,0.));
#3462 = DIRECTION('',(0.,0.,1.));
#3463 = ADVANCED_FACE('',(#3464),#3498,.T.);
#3464 = FACE_BOUND('',#3465,.T.);
#3465 = EDGE_LOOP('',(#3466,#3476,#3484,#3492));
#3466 = ORIENTED_EDGE('',*,*,#3467,.F.);
#3467 = EDGE_CURVE('',#3468,#3470,#3472,.T.);
#3468 = VERTEX_POINT('',#3469);
#3469 = CARTESIAN_POINT('',(5.66E+03,-1.711E+03,3.E+03));
#3470 = VERTEX_POINT('',#3471);
#3471 = CARTESIAN_POINT('',(5.66E+03,-1.711E+03,3.02E+03));
#3472 = LINE('',#3473,#3474);
#3473 = CARTESIAN_POINT('',(5.66E+03,-1.711E+03,3.E+03));
#3474 = VECTOR('',#3475,1.);
#3475 = DIRECTION('',(0.,0.,1.));
#3476 = ORIENTED_EDGE('',*,*,#3477,.T.);
#3477 = EDGE_CURVE('',#3468,#3478,#3480,.T.);
#3478 = VERTEX_POINT('',#3479);
#3479 = CARTESIAN_POINT('',(5.66E+03,-1.111E+03,3.E+03));
#3480 = LINE('',#3481,#3482);
#3481 = CARTESIAN_POINT('',(5.66E+03,-1.711E+03,3.E+03));
#3482 = VECTOR('',#3483,1.);
#3483 = DIRECTION('',(0.,1.,0.));
#3484 = ORIENTED_EDGE('',*,*,#3485,.T.);
#3485 = EDGE_CURVE('',#3478,#3486,#3488,.T.);
#3486 = VERTEX_POINT('',#3487);
#3487 = CARTESIAN_POINT('',(5.66E+03,-1.111E+03,3.02E+03));
#3488 = LINE('',#3489,#3490);
#3489 = CARTESIAN_POINT('',(5.66E+03,-1.111E+03,3.E+03));
#3490 = VECTOR('',#3491,1.);
#3491 = DIRECTION('',(0.,0.,1.));
#3492 = ORIENTED_EDGE('',*,*,#3493,.F.);
#3493 = EDGE_CURVE('',#3470,#3486,#3494,.T.);
#3494 = LINE('',#3495,#3496);
#3495 = CARTESIAN_POINT('',(5.66E+03,-1.711E+03,3.02E+03));
#3496 = VECTOR('',#3497,1.);
#3497 = DIRECTION('',(0.,1.,0.));
#3498 = PLANE('',#3499);
#3499 = AXIS2_PLACEMENT_3D('',#3500,#3501,#3502);
#3500 = CARTESIAN_POINT('',(5.66E+03,-1.711E+03,3.E+03));
#3501 = DIRECTION('',(1.,0.,0.));
#3502 = DIRECTION('',(0.,0.,1.));
#3503 = ADVANCED_FACE('',(#3504),#3520,.F.);
#3504 = FACE_BOUND('',#3505,.F.);
#3505 = EDGE_LOOP('',(#3506,#3512,#3513,#3519));
#3506 = ORIENTED_EDGE('',*,*,#3507,.F.);
#3507 = EDGE_CURVE('',#3428,#3468,#3508,.T.);
#3508 = LINE('',#3509,#3510);
#3509 = CARTESIAN_POINT('',(5.06E+03,-1.711E+03,3.E+03));
#3510 = VECTOR('',#3511,1.);
#3511 = DIRECTION('',(1.,0.,0.));
#3512 = ORIENTED_EDGE('',*,*,#3427,.T.);
#3513 = ORIENTED_EDGE('',*,*,#3514,.T.);
#3514 = EDGE_CURVE('',#3430,#3470,#3515,.T.);
#3515 = LINE('',#3516,#3517);
#3516 = CARTESIAN_POINT('',(5.06E+03,-1.711E+03,3.02E+03));
#3517 = VECTOR('',#3518,1.);
#3518 = DIRECTION('',(1.,0.,0.));
#3519 = ORIENTED_EDGE('',*,*,#3467,.F.);
#3520 = PLANE('',#3521);
#3521 = AXIS2_PLACEMENT_3D('',#3522,#3523,#3524);
#3522 = CARTESIAN_POINT('',(5.06E+03,-1.711E+03,3.E+03));
#3523 = DIRECTION('',(0.,1.,0.));
#3524 = DIRECTION('',(0.,0.,1.));
#3525 = ADVANCED_FACE('',(#3526),#3542,.T.);
#3526 = FACE_BOUND('',#3527,.T.);
#3527 = EDGE_LOOP('',(#3528,#3534,#3535,#3541));
#3528 = ORIENTED_EDGE('',*,*,#3529,.F.);
#3529 = EDGE_CURVE('',#3438,#3478,#3530,.T.);
#3530 = LINE('',#3531,#3532);
#3531 = CARTESIAN_POINT('',(5.06E+03,-1.111E+03,3.E+03));
#3532 = VECTOR('',#3533,1.);
#3533 = DIRECTION('',(1.,0.,0.));
#3534 = ORIENTED_EDGE('',*,*,#3445,.T.);
#3535 = ORIENTED_EDGE('',*,*,#3536,.T.);
#3536 = EDGE_CURVE('',#3446,#3486,#3537,.T.);
#3537 = LINE('',#3538,#3539);
#3538 = CARTESIAN_POINT('',(5.06E+03,-1.111E+03,3.02E+03));
#3539 = VECTOR('',#3540,1.);
#3540 = DIRECTION('',(1.,0.,0.));
#3541 = ORIENTED_EDGE('',*,*,#3485,.F.);
#3542 = PLANE('',#3543);
#3543 = AXIS2_PLACEMENT_3D('',#3544,#3545,#3546);
#3544 = CARTESIAN_POINT('',(5.06E+03,-1.111E+03,3.E+03));
#3545 = DIRECTION('',(0.,1.,0.));
#3546 = DIRECTION('',(0.,0.,1.));
#3547 = ADVANCED_FACE('',(#3548),#3554,.F.);
#3548 = FACE_BOUND('',#3549,.F.);
#3549 = EDGE_LOOP('',(#3550,#3551,#3552,#3553));
#3550 = ORIENTED_EDGE('',*,*,#3437,.F.);
#3551 = ORIENTED_EDGE('',*,*,#3507,.T.);
#3552 = ORIENTED_EDGE('',*,*,#3477,.T.);
#3553 = ORIENTED_EDGE('',*,*,#3529,.F.);
#3554 = PLANE('',#3555);
#3555 = AXIS2_PLACEMENT_3D('',#3556,#3557,#3558);
#3556 = CARTESIAN_POINT('',(5.06E+03,-1.711E+03,3.E+03));
#3557 = DIRECTION('',(0.,0.,1.));
#3558 = DIRECTION('',(1.,0.,0.));
#3559 = ADVANCED_FACE('',(#3560),#3566,.T.);
#3560 = FACE_BOUND('',#3561,.T.);
#3561 = EDGE_LOOP('',(#3562,#3563,#3564,#3565));
#3562 = ORIENTED_EDGE('',*,*,#3453,.F.);
#3563 = ORIENTED_EDGE('',*,*,#3514,.T.);
#3564 = ORIENTED_EDGE('',*,*,#3493,.T.);
#3565 = ORIENTED_EDGE('',*,*,#3536,.F.);
#3566 = PLANE('',#3567);
#3567 = AXIS2_PLACEMENT_3D('',#3568,#3569,#3570);
#3568 = CARTESIAN_POINT('',(5.06E+03,-1.711E+03,3.02E+03));
#3569 = DIRECTION('',(0.,0.,1.));
#3570 = DIRECTION('',(1.,0.,0.));
#3571 = MANIFOLD_SOLID_BREP('',#3572);
#3572 = CLOSED_SHELL('',(#3573,#3613,#3653,#3675,#3697,#3709));
#3573 = ADVANCED_FACE('',(#3574),#3608,.F.);
#3574 = FACE_BOUND('',#3575,.F.);
#3575 = EDGE_LOOP('',(#3576,#3586,#3594,#3602));
#3576 = ORIENTED_EDGE('',*,*,#3577,.F.);
#3577 = EDGE_CURVE('',#3578,#3580,#3582,.T.);
#3578 = VERTEX_POINT('',#3579);
#3579 = CARTESIAN_POINT('',(7.809E+03,-1.711E+03,3.E+03));
#3580 = VERTEX_POINT('',#3581);
#3581 = CARTESIAN_POINT('',(7.809E+03,-1.711E+03,3.02E+03));
#3582 = LINE('',#3583,#3584);
#3583 = CARTESIAN_POINT('',(7.809E+03,-1.711E+03,3.E+03));
#3584 = VECTOR('',#3585,1.);
#3585 = DIRECTION('',(0.,0.,1.));
#3586 = ORIENTED_EDGE('',*,*,#3587,.T.);
#3587 = EDGE_CURVE('',#3578,#3588,#3590,.T.);
#3588 = VERTEX_POINT('',#3589);
#3589 = CARTESIAN_POINT('',(7.809E+03,-1.111E+03,3.E+03));
#3590 = LINE('',#3591,#3592);
#3591 = CARTESIAN_POINT('',(7.809E+03,-1.711E+03,3.E+03));
#3592 = VECTOR('',#3593,1.);
#3593 = DIRECTION('',(0.,1.,0.));
#3594 = ORIENTED_EDGE('',*,*,#3595,.T.);
#3595 = EDGE_CURVE('',#3588,#3596,#3598,.T.);
#3596 = VERTEX_POINT('',#3597);
#3597 = CARTESIAN_POINT('',(7.809E+03,-1.111E+03,3.02E+03));
#3598 = LINE('',#3599,#3600);
#3599 = CARTESIAN_POINT('',(7.809E+03,-1.111E+03,3.E+03));
#3600 = VECTOR('',#3601,1.);
#3601 = DIRECTION('',(0.,0.,1.));
#3602 = ORIENTED_EDGE('',*,*,#3603,.F.);
#3603 = EDGE_CURVE('',#3580,#3596,#3604,.T.);
#3604 = LINE('',#3605,#3606);
#3605 = CARTESIAN_POINT('',(7.809E+03,-1.711E+03,3.02E+03));
#3606 = VECTOR('',#3607,1.);
#3607 = DIRECTION('',(0.,1.,0.));
#3608 = PLANE('',#3609);
#3609 = AXIS2_PLACEMENT_3D('',#3610,#3611,#3612);
#3610 = CARTESIAN_POINT('',(7.809E+03,-1.711E+03,3.E+03));
#3611 = DIRECTION('',(1.,0.,0.));
#3612 = DIRECTION('',(0.,0.,1.));
#3613 = ADVANCED_FACE('',(#3614),#3648,.T.);
#3614 = FACE_BOUND('',#3615,.T.);
#3615 = EDGE_LOOP('',(#3616,#3626,#3634,#3642));
#3616 = ORIENTED_EDGE('',*,*,#3617,.F.);
#3617 = EDGE_CURVE('',#3618,#3620,#3622,.T.);
#3618 = VERTEX_POINT('',#3619);
#3619 = CARTESIAN_POINT('',(8.409E+03,-1.711E+03,3.E+03));
#3620 = VERTEX_POINT('',#3621);
#3621 = CARTESIAN_POINT('',(8.409E+03,-1.711E+03,3.02E+03));
#3622 = LINE('',#3623,#3624);
#3623 = CARTESIAN_POINT('',(8.409E+03,-1.711E+03,3.E+03));
#3624 = VECTOR('',#3625,1.);
#3625 = DIRECTION('',(0.,0.,1.));
#3626 = ORIENTED_EDGE('',*,*,#3627,.T.);
#3627 = EDGE_CURVE('',#3618,#3628,#3630,.T.);
#3628 = VERTEX_POINT('',#3629);
#3629 = CARTESIAN_POINT('',(8.409E+03,-1.111E+03,3.E+03));
#3630 = LINE('',#3631,#3632);
#3631 = CARTESIAN_POINT('',(8.409E+03,-1.711E+03,3.E+03));
#3632 = VECTOR('',#3633,1.);
#3633 = DIRECTION('',(0.,1.,0.));
#3634 = ORIENTED_EDGE('',*,*,#3635,.T.);
#3635 = EDGE_CURVE('',#3628,#3636,#3638,.T.);
#3636 = VERTEX_POINT('',#3637);
#3637 = CARTESIAN_POINT('',(8.409E+03,-1.111E+03,3.02E+03));
#3638 = LINE('',#3639,#3640);
#3639 = CARTESIAN_POINT('',(8.409E+03,-1.111E+03,3.E+03));
#3640 = VECTOR('',#3641,1.);
#3641 = DIRECTION('',(0.,0.,1.));
#3642 = ORIENTED_EDGE('',*,*,#3643,.F.);
#3643 = EDGE_CURVE('',#3620,#3636,#3644,.T.);
#3644 = LINE('',#3645,#3646);
#3645 = CARTESIAN_POINT('',(8.409E+03,-1.711E+03,3.02E+03));
#3646 = VECTOR('',#3647,1.);
#3647 = DIRECTION('',(0.,1.,0.));
#3648 = PLANE('',#3649);
#3649 = AXIS2_PLACEMENT_3D('',#3650,#3651,#3652);
#3650 = CARTESIAN_POINT('',(8.409E+03,-1.711E+03,3.E+03));
#3651 = DIRECTION('',(1.,0.,0.));
#3652 = DIRECTION('',(0.,0.,1.));
#3653 = ADVANCED_FACE('',(#3654),#3670,.F.);
#3654 = FACE_BOUND('',#3655,.F.);
#3655 = EDGE_LOOP('',(#3656,#3662,#3663,#3669));
#3656 = ORIENTED_EDGE('',*,*,#3657,.F.);
#3657 = EDGE_CURVE('',#3578,#3618,#3658,.T.);
#3658 = LINE('',#3659,#3660);
#3659 = CARTESIAN_POINT('',(7.809E+03,-1.711E+03,3.E+03));
#3660 = VECTOR('',#3661,1.);
#3661 = DIRECTION('',(1.,0.,0.));
#3662 = ORIENTED_EDGE('',*,*,#3577,.T.);
#3663 = ORIENTED_EDGE('',*,*,#3664,.T.);
#3664 = EDGE_CURVE('',#3580,#3620,#3665,.T.);
#3665 = LINE('',#3666,#3667);
#3666 = CARTESIAN_POINT('',(7.809E+03,-1.711E+03,3.02E+03));
#3667 = VECTOR('',#3668,1.);
#3668 = DIRECTION('',(1.,0.,0.));
#3669 = ORIENTED_EDGE('',*,*,#3617,.F.);
#3670 = PLANE('',#3671);
#3671 = AXIS2_PLACEMENT_3D('',#3672,#3673,#3674);
#3672 = CARTESIAN_POINT('',(7.809E+03,-1.711E+03,3.E+03));
#3673 = DIRECTION('',(0.,1.,0.));
#3674 = DIRECTION('',(0.,0.,1.));
#3675 = ADVANCED_FACE('',(#3676),#3692,.T.);
#3676 = FACE_BOUND('',#3677,.T.);
#3677 = EDGE_LOOP('',(#3678,#3684,#3685,#3691));
#3678 = ORIENTED_EDGE('',*,*,#3679,.F.);
#3679 = EDGE_CURVE('',#3588,#3628,#3680,.T.);
#3680 = LINE('',#3681,#3682);
#3681 = CARTESIAN_POINT('',(7.809E+03,-1.111E+03,3.E+03));
#3682 = VECTOR('',#3683,1.);
#3683 = DIRECTION('',(1.,0.,0.));
#3684 = ORIENTED_EDGE('',*,*,#3595,.T.);
#3685 = ORIENTED_EDGE('',*,*,#3686,.T.);
#3686 = EDGE_CURVE('',#3596,#3636,#3687,.T.);
#3687 = LINE('',#3688,#3689);
#3688 = CARTESIAN_POINT('',(7.809E+03,-1.111E+03,3.02E+03));
#3689 = VECTOR('',#3690,1.);
#3690 = DIRECTION('',(1.,0.,0.));
#3691 = ORIENTED_EDGE('',*,*,#3635,.F.);
#3692 = PLANE('',#3693);
#3693 = AXIS2_PLACEMENT_3D('',#3694,#3695,#3696);
#3694 = CARTESIAN_POINT('',(7.809E+03,-1.111E+03,3.E+03));
#3695 = DIRECTION('',(0.,1.,0.));
#3696 = DIRECTION('',(0.,0.,1.));
#3697 = ADVANCED_FACE('',(#3698),#3704,.F.);
#3698 = FACE_BOUND('',#3699,.F.);
#3699 = EDGE_LOOP('',(#3700,#3701,#3702,#3703));
#3700 = ORIENTED_EDGE('',*,*,#3587,.F.);
#3701 = ORIENTED_EDGE('',*,*,#3657,.T.);
#3702 = ORIENTED_EDGE('',*,*,#3627,.T.);
#3703 = ORIENTED_EDGE('',*,*,#3679,.F.);
#3704 = PLANE('',#3705);
#3705 = AXIS2_PLACEMENT_3D('',#3706,#3707,#3708);
#3706 = CARTESIAN_POINT('',(7.809E+03,-1.711E+03,3.E+03));
#3707 = DIRECTION('',(0.,0.,1.));
#3708 = DIRECTION('',(1.,0.,0.));
#3709 = ADVANCED_FACE('',(#3710),#3716,.T.);
#3710 = FACE_BOUND('',#3711,.T.);
#3711 = EDGE_LOOP('',(#3712,#3713,#3714,#3715));
#3712 = ORIENTED_EDGE('',*,*,#3603,.F.);
#3713 = ORIENTED_EDGE('',*,*,#3664,.T.);
#3714 = ORIENTED_EDGE('',*,*,#3643,.T.);
#3715 = ORIENTED_EDGE('',*,*,#3686,.F.);
#3716 = PLANE('',#3717);
#3717 = AXIS2_PLACEMENT_3D('',#3718,#3719,#3720);
#3718 = CARTESIAN_POINT('',(7.809E+03,-1.711E+03,3.02E+03));
#3719 = DIRECTION('',(0.,0.,1.));
#3720 = DIRECTION('',(1.,0.,0.));
#3721 = MANIFOLD_SOLID_BREP('',#3722);
#3722 = CLOSED_SHELL('',(#3723,#3763,#3803,#3825,#3847,#3859));
#3723 = ADVANCED_FACE('',(#3724),#3758,.F.);
#3724 = FACE_BOUND('',#3725,.F.);
#3725 = EDGE_LOOP('',(#3726,#3736,#3744,#3752));
#3726 = ORIENTED_EDGE('',*,*,#3727,.F.);
#3727 = EDGE_CURVE('',#3728,#3730,#3732,.T.);
#3728 = VERTEX_POINT('',#3729);
#3729 = CARTESIAN_POINT('',(5.06E+03,-3.965E+03,3.E+03));
#3730 = VERTEX_POINT('',#3731);
#3731 = CARTESIAN_POINT('',(5.06E+03,-3.965E+03,3.02E+03));
#3732 = LINE('',#3733,#3734);
#3733 = CARTESIAN_POINT('',(5.06E+03,-3.965E+03,3.E+03));
#3734 = VECTOR('',#3735,1.);
#3735 = DIRECTION('',(0.,0.,1.));
#3736 = ORIENTED_EDGE('',*,*,#3737,.T.);
#3737 = EDGE_CURVE('',#3728,#3738,#3740,.T.);
#3738 = VERTEX_POINT('',#3739);
#3739 = CARTESIAN_POINT('',(5.06E+03,-3.365E+03,3.E+03));
#3740 = LINE('',#3741,#3742);
#3741 = CARTESIAN_POINT('',(5.06E+03,-3.965E+03,3.E+03));
#3742 = VECTOR('',#3743,1.);
#3743 = DIRECTION('',(0.,1.,0.));
#3744 = ORIENTED_EDGE('',*,*,#3745,.T.);
#3745 = EDGE_CURVE('',#3738,#3746,#3748,.T.);
#3746 = VERTEX_POINT('',#3747);
#3747 = CARTESIAN_POINT('',(5.06E+03,-3.365E+03,3.02E+03));
#3748 = LINE('',#3749,#3750);
#3749 = CARTESIAN_POINT('',(5.06E+03,-3.365E+03,3.E+03));
#3750 = VECTOR('',#3751,1.);
#3751 = DIRECTION('',(0.,0.,1.));
#3752 = ORIENTED_EDGE('',*,*,#3753,.F.);
#3753 = EDGE_CURVE('',#3730,#3746,#3754,.T.);
#3754 = LINE('',#3755,#3756);
#3755 = CARTESIAN_POINT('',(5.06E+03,-3.965E+03,3.02E+03));
#3756 = VECTOR('',#3757,1.);
#3757 = DIRECTION('',(0.,1.,0.));
#3758 = PLANE('',#3759);
#3759 = AXIS2_PLACEMENT_3D('',#3760,#3761,#3762);
#3760 = CARTESIAN_POINT('',(5.06E+03,-3.965E+03,3.E+03));
#3761 = DIRECTION('',(1.,0.,0.));
#3762 = DIRECTION('',(0.,0.,1.));
#3763 = ADVANCED_FACE('',(#3764),#3798,.T.);
#3764 = FACE_BOUND('',#3765,.T.);
#3765 = EDGE_LOOP('',(#3766,#3776,#3784,#3792));
#3766 = ORIENTED_EDGE('',*,*,#3767,.F.);
#3767 = EDGE_CURVE('',#3768,#3770,#3772,.T.);
#3768 = VERTEX_POINT('',#3769);
#3769 = CARTESIAN_POINT('',(5.66E+03,-3.965E+03,3.E+03));
#3770 = VERTEX_POINT('',#3771);
#3771 = CARTESIAN_POINT('',(5.66E+03,-3.965E+03,3.02E+03));
#3772 = LINE('',#3773,#3774);
#3773 = CARTESIAN_POINT('',(5.66E+03,-3.965E+03,3.E+03));
#3774 = VECTOR('',#3775,1.);
#3775 = DIRECTION('',(0.,0.,1.));
#3776 = ORIENTED_EDGE('',*,*,#3777,.T.);
#3777 = EDGE_CURVE('',#3768,#3778,#3780,.T.);
#3778 = VERTEX_POINT('',#3779);
#3779 = CARTESIAN_POINT('',(5.66E+03,-3.365E+03,3.E+03));
#3780 = LINE('',#3781,#3782);
#3781 = CARTESIAN_POINT('',(5.66E+03,-3.965E+03,3.E+03));
#3782 = VECTOR('',#3783,1.);
#3783 = DIRECTION('',(0.,1.,0.));
#3784 = ORIENTED_EDGE('',*,*,#3785,.T.);
#3785 = EDGE_CURVE('',#3778,#3786,#3788,.T.);
#3786 = VERTEX_POINT('',#3787);
#3787 = CARTESIAN_POINT('',(5.66E+03,-3.365E+03,3.02E+03));
#3788 = LINE('',#3789,#3790);
#3789 = CARTESIAN_POINT('',(5.66E+03,-3.365E+03,3.E+03));
#3790 = VECTOR('',#3791,1.);
#3791 = DIRECTION('',(0.,0.,1.));
#3792 = ORIENTED_EDGE('',*,*,#3793,.F.);
#3793 = EDGE_CURVE('',#3770,#3786,#3794,.T.);
#3794 = LINE('',#3795,#3796);
#3795 = CARTESIAN_POINT('',(5.66E+03,-3.965E+03,3.02E+03));
#3796 = VECTOR('',#3797,1.);
#3797 = DIRECTION('',(0.,1.,0.));
#3798 = PLANE('',#3799);
#3799 = AXIS2_PLACEMENT_3D('',#3800,#3801,#3802);
#3800 = CARTESIAN_POINT('',(5.66E+03,-3.965E+03,3.E+03));
#3801 = DIRECTION('',(1.,0.,0.));
#3802 = DIRECTION('',(0.,0.,1.));
#3803 = ADVANCED_FACE('',(#3804),#3820,.F.);
#3804 = FACE_BOUND('',#3805,.F.);
#3805 = EDGE_LOOP('',(#3806,#3812,#3813,#3819));
#3806 = ORIENTED_EDGE('',*,*,#3807,.F.);
#3807 = EDGE_CURVE('',#3728,#3768,#3808,.T.);
#3808 = LINE('',#3809,#3810);
#3809 = CARTESIAN_POINT('',(5.06E+03,-3.965E+03,3.E+03));
#3810 = VECTOR('',#3811,1.);
#3811 = DIRECTION('',(1.,0.,0.));
#3812 = ORIENTED_EDGE('',*,*,#3727,.T.);
#3813 = ORIENTED_EDGE('',*,*,#3814,.T.);
#3814 = EDGE_CURVE('',#3730,#3770,#3815,.T.);
#3815 = LINE('',#3816,#3817);
#3816 = CARTESIAN_POINT('',(5.06E+03,-3.965E+03,3.02E+03));
#3817 = VECTOR('',#3818,1.);
#3818 = DIRECTION('',(1.,0.,0.));
#3819 = ORIENTED_EDGE('',*,*,#3767,.F.);
#3820 = PLANE('',#3821);
#3821 = AXIS2_PLACEMENT_3D('',#3822,#3823,#3824);
#3822 = CARTESIAN_POINT('',(5.06E+03,-3.965E+03,3.E+03));
#3823 = DIRECTION('',(0.,1.,0.));
#3824 = DIRECTION('',(0.,0.,1.));
#3825 = ADVANCED_FACE('',(#3826),#3842,.T.);
#3826 = FACE_BOUND('',#3827,.T.);
#3827 = EDGE_LOOP('',(#3828,#3834,#3835,#3841));
#3828 = ORIENTED_EDGE('',*,*,#3829,.F.);
#3829 = EDGE_CURVE('',#3738,#3778,#3830,.T.);
#3830 = LINE('',#3831,#3832);
#3831 = CARTESIAN_POINT('',(5.06E+03,-3.365E+03,3.E+03));
#3832 = VECTOR('',#3833,1.);
#3833 = DIRECTION('',(1.,0.,0.));
#3834 = ORIENTED_EDGE('',*,*,#3745,.T.);
#3835 = ORIENTED_EDGE('',*,*,#3836,.T.);
#3836 = EDGE_CURVE('',#3746,#3786,#3837,.T.);
#3837 = LINE('',#3838,#3839);
#3838 = CARTESIAN_POINT('',(5.06E+03,-3.365E+03,3.02E+03));
#3839 = VECTOR('',#3840,1.);
#3840 = DIRECTION('',(1.,0.,0.));
#3841 = ORIENTED_EDGE('',*,*,#3785,.F.);
#3842 = PLANE('',#3843);
#3843 = AXIS2_PLACEMENT_3D('',#3844,#3845,#3846);
#3844 = CARTESIAN_POINT('',(5.06E+03,-3.365E+03,3.E+03));
#3845 = DIRECTION('',(0.,1.,0.));
#3846 = DIRECTION('',(0.,0.,1.));
#3847 = ADVANCED_FACE('',(#3848),#3854,.F.);
#3848 = FACE_BOUND('',#3849,.F.);
#3849 = EDGE_LOOP('',(#3850,#3851,#3852,#3853));
#3850 = ORIENTED_EDGE('',*,*,#3737,.F.);
#3851 = ORIENTED_EDGE('',*,*,#3807,.T.);
#3852 = ORIENTED_EDGE('',*,*,#3777,.T.);
#3853 = ORIENTED_EDGE('',*,*,#3829,.F.);
#3854 = PLANE('',#3855);
#3855 = AXIS2_PLACEMENT_3D('',#3856,#3857,#3858);
#3856 = CARTESIAN_POINT('',(5.06E+03,-3.965E+03,3.E+03));
#3857 = DIRECTION('',(0.,0.,1.));
#3858 = DIRECTION('',(1.,0.,0.));
#3859 = ADVANCED_FACE('',(#3860),#3866,.T.);
#3860 = FACE_BOUND('',#3861,.T.);
#3861 = EDGE_LOOP('',(#3862,#3863,#3864,#3865));
#3862 = ORIENTED_EDGE('',*,*,#3753,.F.);
#3863 = ORIENTED_EDGE('',*,*,#3814,.T.);
#3864 = ORIENTED_EDGE('',*,*,#3793,.T.);
#3865 = ORIENTED_EDGE('',*,*,#3836,.F.);
#3866 = PLANE('',#3867);
#3867 = AXIS2_PLACEMENT_3D('',#3868,#3869,#3870);
#3868 = CARTESIAN_POINT('',(5.06E+03,-3.965E+03,3.02E+03));
#3869 = DIRECTION('',(0.,0.,1.));
#3870 = DIRECTION('',(1.,0.,0.));
#3871 = MANIFOLD_SOLID_BREP('',#3872);
#3872 = CLOSED_SHELL('',(#3873,#3906,#3915));
#3873 = ADVANCED_FACE('',(#3874),#3901,.T.);
#3874 = FACE_BOUND('',#3875,.T.);
#3875 = EDGE_LOOP('',(#3876,#3885,#3893,#3900));
#3876 = ORIENTED_EDGE('',*,*,#3877,.F.);
#3877 = EDGE_CURVE('',#3878,#3878,#3880,.T.);
#3878 = VERTEX_POINT('',#3879);
#3879 = CARTESIAN_POINT('',(6.111E+03,-2.539E+03,2.92E+03));
#3880 = CIRCLE('',#3881,600.);
#3881 = AXIS2_PLACEMENT_3D('',#3882,#3883,#3884);
#3882 = CARTESIAN_POINT('',(5.511E+03,-2.539E+03,2.92E+03));
#3883 = DIRECTION('',(0.,0.,1.));
#3884 = DIRECTION('',(1.,0.,0.));
#3885 = ORIENTED_EDGE('',*,*,#3886,.F.);
#3886 = EDGE_CURVE('',#3887,#3878,#3889,.T.);
#3887 = VERTEX_POINT('',#3888);
#3888 = CARTESIAN_POINT('',(6.111E+03,-2.539E+03,2.9E+03));
#3889 = LINE('',#3890,#3891);
#3890 = CARTESIAN_POINT('',(6.111E+03,-2.539E+03,2.9E+03));
#3891 = VECTOR('',#3892,1.);
#3892 = DIRECTION('',(0.,0.,1.));
#3893 = ORIENTED_EDGE('',*,*,#3894,.T.);
#3894 = EDGE_CURVE('',#3887,#3887,#3895,.T.);
#3895 = CIRCLE('',#3896,600.);
#3896 = AXIS2_PLACEMENT_3D('',#3897,#3898,#3899);
#3897 = CARTESIAN_POINT('',(5.511E+03,-2.539E+03,2.9E+03));
#3898 = DIRECTION('',(0.,0.,1.));
#3899 = DIRECTION('',(1.,0.,0.));
#3900 = ORIENTED_EDGE('',*,*,#3886,.T.);
#3901 = CYLINDRICAL_SURFACE('',#3902,600.);
#3902 = AXIS2_PLACEMENT_3D('',#3903,#3904,#3905);
#3903 = CARTESIAN_POINT('',(5.511E+03,-2.539E+03,2.9E+03));
#3904 = DIRECTION('',(0.,0.,1.));
#3905 = DIRECTION('',(1.,0.,0.));
#3906 = ADVANCED_FACE('',(#3907),#3910,.T.);
#3907 = FACE_BOUND('',#3908,.T.);
#3908 = EDGE_LOOP('',(#3909));
#3909 = ORIENTED_EDGE('',*,*,#3877,.T.);
#3910 = PLANE('',#3911);
#3911 = AXIS2_PLACEMENT_3D('',#3912,#3913,#3914);
#3912 = CARTESIAN_POINT('',(5.511E+03,-2.539E+03,2.92E+03));
#3913 = DIRECTION('',(0.,0.,1.));
#3914 = DIRECTION('',(1.,0.,0.));
#3915 = ADVANCED_FACE('',(#3916),#3919,.F.);
#3916 = FACE_BOUND('',#3917,.T.);
#3917 = EDGE_LOOP('',(#3918));
#3918 = ORIENTED_EDGE('',*,*,#3894,.F.);
#3919 = PLANE('',#3920);
#3920 = AXIS2_PLACEMENT_3D('',#3921,#3922,#3923);
#3921 = CARTESIAN_POINT('',(5.511E+03,-2.539E+03,2.9E+03));
#3922 = DIRECTION('',(0.,0.,1.));
#3923 = DIRECTION('',(1.,0.,0.));
#3924 = MANIFOLD_SOLID_BREP('',#3925);
#3925 = CLOSED_SHELL('',(#3926,#3959,#3968));
#3926 = ADVANCED_FACE('',(#3927),#3954,.T.);
#3927 = FACE_BOUND('',#3928,.T.);
#3928 = EDGE_LOOP('',(#3929,#3938,#3946,#3953));
#3929 = ORIENTED_EDGE('',*,*,#3930,.F.);
#3930 = EDGE_CURVE('',#3931,#3931,#3933,.T.);
#3931 = VERTEX_POINT('',#3932);
#3932 = CARTESIAN_POINT('',(8.558E+03,-2.539E+03,2.92E+03));
#3933 = CIRCLE('',#3934,600.);
#3934 = AXIS2_PLACEMENT_3D('',#3935,#3936,#3937);
#3935 = CARTESIAN_POINT('',(7.958E+03,-2.539E+03,2.92E+03));
#3936 = DIRECTION('',(0.,0.,1.));
#3937 = DIRECTION('',(1.,0.,0.));
#3938 = ORIENTED_EDGE('',*,*,#3939,.F.);
#3939 = EDGE_CURVE('',#3940,#3931,#3942,.T.);
#3940 = VERTEX_POINT('',#3941);
#3941 = CARTESIAN_POINT('',(8.558E+03,-2.539E+03,2.9E+03));
#3942 = LINE('',#3943,#3944);
#3943 = CARTESIAN_POINT('',(8.558E+03,-2.539E+03,2.9E+03));
#3944 = VECTOR('',#3945,1.);
#3945 = DIRECTION('',(0.,0.,1.));
#3946 = ORIENTED_EDGE('',*,*,#3947,.T.);
#3947 = EDGE_CURVE('',#3940,#3940,#3948,.T.);
#3948 = CIRCLE('',#3949,600.);
#3949 = AXIS2_PLACEMENT_3D('',#3950,#3951,#3952);
#3950 = CARTESIAN_POINT('',(7.958E+03,-2.539E+03,2.9E+03));
#3951 = DIRECTION('',(0.,0.,1.));
#3952 = DIRECTION('',(1.,0.,0.));
#3953 = ORIENTED_EDGE('',*,*,#3939,.T.);
#3954 = CYLINDRICAL_SURFACE('',#3955,600.);
#3955 = AXIS2_PLACEMENT_3D('',#3956,#3957,#3958);
#3956 = CARTESIAN_POINT('',(7.958E+03,-2.539E+03,2.9E+03));
#3957 = DIRECTION('',(0.,0.,1.));
#3958 = DIRECTION('',(1.,0.,0.));
#3959 = ADVANCED_FACE('',(#3960),#3963,.T.);
#3960 = FACE_BOUND('',#3961,.T.);
#3961 = EDGE_LOOP('',(#3962));
#3962 = ORIENTED_EDGE('',*,*,#3930,.T.);
#3963 = PLANE('',#3964);
#3964 = AXIS2_PLACEMENT_3D('',#3965,#3966,#3967);
#3965 = CARTESIAN_POINT('',(7.958E+03,-2.539E+03,2.92E+03));
#3966 = DIRECTION('',(0.,0.,1.));
#3967 = DIRECTION('',(1.,0.,0.));
#3968 = ADVANCED_FACE('',(#3969),#3972,.F.);
#3969 = FACE_BOUND('',#3970,.T.);
#3970 = EDGE_LOOP('',(#3971));
#3971 = ORIENTED_EDGE('',*,*,#3947,.F.);
#3972 = PLANE('',#3973);
#3973 = AXIS2_PLACEMENT_3D('',#3974,#3975,#3976);
#3974 = CARTESIAN_POINT('',(7.958E+03,-2.539E+03,2.9E+03));
#3975 = DIRECTION('',(0.,0.,1.));
#3976 = DIRECTION('',(1.,0.,0.));
#3977 = MANIFOLD_SOLID_BREP('',#3978);
#3978 = CLOSED_SHELL('',(#3979,#4019,#4059,#4081,#4103,#4115));
#3979 = ADVANCED_FACE('',(#3980),#4014,.F.);
#3980 = FACE_BOUND('',#3981,.F.);
#3981 = EDGE_LOOP('',(#3982,#3992,#4000,#4008));
#3982 = ORIENTED_EDGE('',*,*,#3983,.F.);
#3983 = EDGE_CURVE('',#3984,#3986,#3988,.T.);
#3984 = VERTEX_POINT('',#3985);
#3985 = CARTESIAN_POINT('',(-690.,2.008E+03,3.E+03));
#3986 = VERTEX_POINT('',#3987);
#3987 = CARTESIAN_POINT('',(-690.,2.008E+03,3.02E+03));
#3988 = LINE('',#3989,#3990);
#3989 = CARTESIAN_POINT('',(-690.,2.008E+03,3.E+03));
#3990 = VECTOR('',#3991,1.);
#3991 = DIRECTION('',(0.,0.,1.));
#3992 = ORIENTED_EDGE('',*,*,#3993,.T.);
#3993 = EDGE_CURVE('',#3984,#3994,#3996,.T.);
#3994 = VERTEX_POINT('',#3995);
#3995 = CARTESIAN_POINT('',(-690.,2.608E+03,3.E+03));
#3996 = LINE('',#3997,#3998);
#3997 = CARTESIAN_POINT('',(-690.,2.008E+03,3.E+03));
#3998 = VECTOR('',#3999,1.);
#3999 = DIRECTION('',(0.,1.,0.));
#4000 = ORIENTED_EDGE('',*,*,#4001,.T.);
#4001 = EDGE_CURVE('',#3994,#4002,#4004,.T.);
#4002 = VERTEX_POINT('',#4003);
#4003 = CARTESIAN_POINT('',(-690.,2.608E+03,3.02E+03));
#4004 = LINE('',#4005,#4006);
#4005 = CARTESIAN_POINT('',(-690.,2.608E+03,3.E+03));
#4006 = VECTOR('',#4007,1.);
#4007 = DIRECTION('',(0.,0.,1.));
#4008 = ORIENTED_EDGE('',*,*,#4009,.F.);
#4009 = EDGE_CURVE('',#3986,#4002,#4010,.T.);
#4010 = LINE('',#4011,#4012);
#4011 = CARTESIAN_POINT('',(-690.,2.008E+03,3.02E+03));
#4012 = VECTOR('',#4013,1.);
#4013 = DIRECTION('',(0.,1.,0.));
#4014 = PLANE('',#4015);
#4015 = AXIS2_PLACEMENT_3D('',#4016,#4017,#4018);
#4016 = CARTESIAN_POINT('',(-690.,2.008E+03,3.E+03));
#4017 = DIRECTION('',(1.,0.,0.));
#4018 = DIRECTION('',(0.,0.,1.));
#4019 = ADVANCED_FACE('',(#4020),#4054,.T.);
#4020 = FACE_BOUND('',#4021,.T.);
#4021 = EDGE_LOOP('',(#4022,#4032,#4040,#4048));
#4022 = ORIENTED_EDGE('',*,*,#4023,.F.);
#4023 = EDGE_CURVE('',#4024,#4026,#4028,.T.);
#4024 = VERTEX_POINT('',#4025);
#4025 = CARTESIAN_POINT('',(-90.,2.008E+03,3.E+03));
#4026 = VERTEX_POINT('',#4027);
#4027 = CARTESIAN_POINT('',(-90.,2.008E+03,3.02E+03));
#4028 = LINE('',#4029,#4030);
#4029 = CARTESIAN_POINT('',(-90.,2.008E+03,3.E+03));
#4030 = VECTOR('',#4031,1.);
#4031 = DIRECTION('',(0.,0.,1.));
#4032 = ORIENTED_EDGE('',*,*,#4033,.T.);
#4033 = EDGE_CURVE('',#4024,#4034,#4036,.T.);
#4034 = VERTEX_POINT('',#4035);
#4035 = CARTESIAN_POINT('',(-90.,2.608E+03,3.E+03));
#4036 = LINE('',#4037,#4038);
#4037 = CARTESIAN_POINT('',(-90.,2.008E+03,3.E+03));
#4038 = VECTOR('',#4039,1.);
#4039 = DIRECTION('',(0.,1.,0.));
#4040 = ORIENTED_EDGE('',*,*,#4041,.T.);
#4041 = EDGE_CURVE('',#4034,#4042,#4044,.T.);
#4042 = VERTEX_POINT('',#4043);
#4043 = CARTESIAN_POINT('',(-90.,2.608E+03,3.02E+03));
#4044 = LINE('',#4045,#4046);
#4045 = CARTESIAN_POINT('',(-90.,2.608E+03,3.E+03));
#4046 = VECTOR('',#4047,1.);
#4047 = DIRECTION('',(0.,0.,1.));
#4048 = ORIENTED_EDGE('',*,*,#4049,.F.);
#4049 = EDGE_CURVE('',#4026,#4042,#4050,.T.);
#4050 = LINE('',#4051,#4052);
#4051 = CARTESIAN_POINT('',(-90.,2.008E+03,3.02E+03));
#4052 = VECTOR('',#4053,1.);
#4053 = DIRECTION('',(0.,1.,0.));
#4054 = PLANE('',#4055);
#4055 = AXIS2_PLACEMENT_3D('',#4056,#4057,#4058);
#4056 = CARTESIAN_POINT('',(-90.,2.008E+03,3.E+03));
#4057 = DIRECTION('',(1.,0.,0.));
#4058 = DIRECTION('',(0.,0.,1.));
#4059 = ADVANCED_FACE('',(#4060),#4076,.F.);
#4060 = FACE_BOUND('',#4061,.F.);
#4061 = EDGE_LOOP('',(#4062,#4068,#4069,#4075));
#4062 = ORIENTED_EDGE('',*,*,#4063,.F.);
#4063 = EDGE_CURVE('',#3984,#4024,#4064,.T.);
#4064 = LINE('',#4065,#4066);
#4065 = CARTESIAN_POINT('',(-690.,2.008E+03,3.E+03));
#4066 = VECTOR('',#4067,1.);
#4067 = DIRECTION('',(1.,0.,0.));
#4068 = ORIENTED_EDGE('',*,*,#3983,.T.);
#4069 = ORIENTED_EDGE('',*,*,#4070,.T.);
#4070 = EDGE_CURVE('',#3986,#4026,#4071,.T.);
#4071 = LINE('',#4072,#4073);
#4072 = CARTESIAN_POINT('',(-690.,2.008E+03,3.02E+03));
#4073 = VECTOR('',#4074,1.);
#4074 = DIRECTION('',(1.,0.,0.));
#4075 = ORIENTED_EDGE('',*,*,#4023,.F.);
#4076 = PLANE('',#4077);
#4077 = AXIS2_PLACEMENT_3D('',#4078,#4079,#4080);
#4078 = CARTESIAN_POINT('',(-690.,2.008E+03,3.E+03));
#4079 = DIRECTION('',(0.,1.,0.));
#4080 = DIRECTION('',(0.,0.,1.));
#4081 = ADVANCED_FACE('',(#4082),#4098,.T.);
#4082 = FACE_BOUND('',#4083,.T.);
#4083 = EDGE_LOOP('',(#4084,#4090,#4091,#4097));
#4084 = ORIENTED_EDGE('',*,*,#4085,.F.);
#4085 = EDGE_CURVE('',#3994,#4034,#4086,.T.);
#4086 = LINE('',#4087,#4088);
#4087 = CARTESIAN_POINT('',(-690.,2.608E+03,3.E+03));
#4088 = VECTOR('',#4089,1.);
#4089 = DIRECTION('',(1.,0.,0.));
#4090 = ORIENTED_EDGE('',*,*,#4001,.T.);
#4091 = ORIENTED_EDGE('',*,*,#4092,.T.);
#4092 = EDGE_CURVE('',#4002,#4042,#4093,.T.);
#4093 = LINE('',#4094,#4095);
#4094 = CARTESIAN_POINT('',(-690.,2.608E+03,3.02E+03));
#4095 = VECTOR('',#4096,1.);
#4096 = DIRECTION('',(1.,0.,0.));
#4097 = ORIENTED_EDGE('',*,*,#4041,.F.);
#4098 = PLANE('',#4099);
#4099 = AXIS2_PLACEMENT_3D('',#4100,#4101,#4102);
#4100 = CARTESIAN_POINT('',(-690.,2.608E+03,3.E+03));
#4101 = DIRECTION('',(0.,1.,0.));
#4102 = DIRECTION('',(0.,0.,1.));
#4103 = ADVANCED_FACE('',(#4104),#4110,.F.);
#4104 = FACE_BOUND('',#4105,.F.);
#4105 = EDGE_LOOP('',(#4106,#4107,#4108,#4109));
#4106 = ORIENTED_EDGE('',*,*,#3993,.F.);
#4107 = ORIENTED_EDGE('',*,*,#4063,.T.);
#4108 = ORIENTED_EDGE('',*,*,#4033,.T.);
#4109 = ORIENTED_EDGE('',*,*,#4085,.F.);
#4110 = PLANE('',#4111);
#4111 = AXIS2_PLACEMENT_3D('',#4112,#4113,#4114);
#4112 = CARTESIAN_POINT('',(-690.,2.008E+03,3.E+03));
#4113 = DIRECTION('',(0.,0.,1.));
#4114 = DIRECTION('',(1.,0.,0.));
#4115 = ADVANCED_FACE('',(#4116),#4122,.T.);
#4116 = FACE_BOUND('',#4117,.T.);
#4117 = EDGE_LOOP('',(#4118,#4119,#4120,#4121));
#4118 = ORIENTED_EDGE('',*,*,#4009,.F.);
#4119 = ORIENTED_EDGE('',*,*,#4070,.T.);
#4120 = ORIENTED_EDGE('',*,*,#4049,.T.);
#4121 = ORIENTED_EDGE('',*,*,#4092,.F.);
#4122 = PLANE('',#4123);
#4123 = AXIS2_PLACEMENT_3D('',#4124,#4125,#4126);
#4124 = CARTESIAN_POINT('',(-690.,2.008E+03,3.02E+03));
#4125 = DIRECTION('',(0.,0.,1.));
#4126 = DIRECTION('',(1.,0.,0.));
#4127 = MANIFOLD_SOLID_BREP('',#4128);
#4128 = CLOSED_SHELL('',(#4129,#4169,#4209,#4231,#4253,#4265));
#4129 = ADVANCED_FACE('',(#4130),#4164,.F.);
#4130 = FACE_BOUND('',#4131,.F.);
#4131 = EDGE_LOOP('',(#4132,#4142,#4150,#4158));
#4132 = ORIENTED_EDGE('',*,*,#4133,.F.);
#4133 = EDGE_CURVE('',#4134,#4136,#4138,.T.);
#4134 = VERTEX_POINT('',#4135);
#4135 = CARTESIAN_POINT('',(2.015E+03,2.008E+03,3.E+03));
#4136 = VERTEX_POINT('',#4137);
#4137 = CARTESIAN_POINT('',(2.015E+03,2.008E+03,3.02E+03));
#4138 = LINE('',#4139,#4140);
#4139 = CARTESIAN_POINT('',(2.015E+03,2.008E+03,3.E+03));
#4140 = VECTOR('',#4141,1.);
#4141 = DIRECTION('',(0.,0.,1.));
#4142 = ORIENTED_EDGE('',*,*,#4143,.T.);
#4143 = EDGE_CURVE('',#4134,#4144,#4146,.T.);
#4144 = VERTEX_POINT('',#4145);
#4145 = CARTESIAN_POINT('',(2.015E+03,2.608E+03,3.E+03));
#4146 = LINE('',#4147,#4148);
#4147 = CARTESIAN_POINT('',(2.015E+03,2.008E+03,3.E+03));
#4148 = VECTOR('',#4149,1.);
#4149 = DIRECTION('',(0.,1.,0.));
#4150 = ORIENTED_EDGE('',*,*,#4151,.T.);
#4151 = EDGE_CURVE('',#4144,#4152,#4154,.T.);
#4152 = VERTEX_POINT('',#4153);
#4153 = CARTESIAN_POINT('',(2.015E+03,2.608E+03,3.02E+03));
#4154 = LINE('',#4155,#4156);
#4155 = CARTESIAN_POINT('',(2.015E+03,2.608E+03,3.E+03));
#4156 = VECTOR('',#4157,1.);
#4157 = DIRECTION('',(0.,0.,1.));
#4158 = ORIENTED_EDGE('',*,*,#4159,.F.);
#4159 = EDGE_CURVE('',#4136,#4152,#4160,.T.);
#4160 = LINE('',#4161,#4162);
#4161 = CARTESIAN_POINT('',(2.015E+03,2.008E+03,3.02E+03));
#4162 = VECTOR('',#4163,1.);
#4163 = DIRECTION('',(0.,1.,0.));
#4164 = PLANE('',#4165);
#4165 = AXIS2_PLACEMENT_3D('',#4166,#4167,#4168);
#4166 = CARTESIAN_POINT('',(2.015E+03,2.008E+03,3.E+03));
#4167 = DIRECTION('',(1.,0.,0.));
#4168 = DIRECTION('',(0.,0.,1.));
#4169 = ADVANCED_FACE('',(#4170),#4204,.T.);
#4170 = FACE_BOUND('',#4171,.T.);
#4171 = EDGE_LOOP('',(#4172,#4182,#4190,#4198));
#4172 = ORIENTED_EDGE('',*,*,#4173,.F.);
#4173 = EDGE_CURVE('',#4174,#4176,#4178,.T.);
#4174 = VERTEX_POINT('',#4175);
#4175 = CARTESIAN_POINT('',(2.615E+03,2.008E+03,3.E+03));
#4176 = VERTEX_POINT('',#4177);
#4177 = CARTESIAN_POINT('',(2.615E+03,2.008E+03,3.02E+03));
#4178 = LINE('',#4179,#4180);
#4179 = CARTESIAN_POINT('',(2.615E+03,2.008E+03,3.E+03));
#4180 = VECTOR('',#4181,1.);
#4181 = DIRECTION('',(0.,0.,1.));
#4182 = ORIENTED_EDGE('',*,*,#4183,.T.);
#4183 = EDGE_CURVE('',#4174,#4184,#4186,.T.);
#4184 = VERTEX_POINT('',#4185);
#4185 = CARTESIAN_POINT('',(2.615E+03,2.608E+03,3.E+03));
#4186 = LINE('',#4187,#4188);
#4187 = CARTESIAN_POINT('',(2.615E+03,2.008E+03,3.E+03));
#4188 = VECTOR('',#4189,1.);
#4189 = DIRECTION('',(0.,1.,0.));
#4190 = ORIENTED_EDGE('',*,*,#4191,.T.);
#4191 = EDGE_CURVE('',#4184,#4192,#4194,.T.);
#4192 = VERTEX_POINT('',#4193);
#4193 = CARTESIAN_POINT('',(2.615E+03,2.608E+03,3.02E+03));
#4194 = LINE('',#4195,#4196);
#4195 = CARTESIAN_POINT('',(2.615E+03,2.608E+03,3.E+03));
#4196 = VECTOR('',#4197,1.);
#4197 = DIRECTION('',(0.,0.,1.));
#4198 = ORIENTED_EDGE('',*,*,#4199,.F.);
#4199 = EDGE_CURVE('',#4176,#4192,#4200,.T.);
#4200 = LINE('',#4201,#4202);
#4201 = CARTESIAN_POINT('',(2.615E+03,2.008E+03,3.02E+03));
#4202 = VECTOR('',#4203,1.);
#4203 = DIRECTION('',(0.,1.,0.));
#4204 = PLANE('',#4205);
#4205 = AXIS2_PLACEMENT_3D('',#4206,#4207,#4208);
#4206 = CARTESIAN_POINT('',(2.615E+03,2.008E+03,3.E+03));
#4207 = DIRECTION('',(1.,0.,0.));
#4208 = DIRECTION('',(0.,0.,1.));
#4209 = ADVANCED_FACE('',(#4210),#4226,.F.);
#4210 = FACE_BOUND('',#4211,.F.);
#4211 = EDGE_LOOP('',(#4212,#4218,#4219,#4225));
#4212 = ORIENTED_EDGE('',*,*,#4213,.F.);
#4213 = EDGE_CURVE('',#4134,#4174,#4214,.T.);
#4214 = LINE('',#4215,#4216);
#4215 = CARTESIAN_POINT('',(2.015E+03,2.008E+03,3.E+03));
#4216 = VECTOR('',#4217,1.);
#4217 = DIRECTION('',(1.,0.,0.));
#4218 = ORIENTED_EDGE('',*,*,#4133,.T.);
#4219 = ORIENTED_EDGE('',*,*,#4220,.T.);
#4220 = EDGE_CURVE('',#4136,#4176,#4221,.T.);
#4221 = LINE('',#4222,#4223);
#4222 = CARTESIAN_POINT('',(2.015E+03,2.008E+03,3.02E+03));
#4223 = VECTOR('',#4224,1.);
#4224 = DIRECTION('',(1.,0.,0.));
#4225 = ORIENTED_EDGE('',*,*,#4173,.F.);
#4226 = PLANE('',#4227);
#4227 = AXIS2_PLACEMENT_3D('',#4228,#4229,#4230);
#4228 = CARTESIAN_POINT('',(2.015E+03,2.008E+03,3.E+03));
#4229 = DIRECTION('',(0.,1.,0.));
#4230 = DIRECTION('',(0.,0.,1.));
#4231 = ADVANCED_FACE('',(#4232),#4248,.T.);
#4232 = FACE_BOUND('',#4233,.T.);
#4233 = EDGE_LOOP('',(#4234,#4240,#4241,#4247));
#4234 = ORIENTED_EDGE('',*,*,#4235,.F.);
#4235 = EDGE_CURVE('',#4144,#4184,#4236,.T.);
#4236 = LINE('',#4237,#4238);
#4237 = CARTESIAN_POINT('',(2.015E+03,2.608E+03,3.E+03));
#4238 = VECTOR('',#4239,1.);
#4239 = DIRECTION('',(1.,0.,0.));
#4240 = ORIENTED_EDGE('',*,*,#4151,.T.);
#4241 = ORIENTED_EDGE('',*,*,#4242,.T.);
#4242 = EDGE_CURVE('',#4152,#4192,#4243,.T.);
#4243 = LINE('',#4244,#4245);
#4244 = CARTESIAN_POINT('',(2.015E+03,2.608E+03,3.02E+03));
#4245 = VECTOR('',#4246,1.);
#4246 = DIRECTION('',(1.,0.,0.));
#4247 = ORIENTED_EDGE('',*,*,#4191,.F.);
#4248 = PLANE('',#4249);
#4249 = AXIS2_PLACEMENT_3D('',#4250,#4251,#4252);
#4250 = CARTESIAN_POINT('',(2.015E+03,2.608E+03,3.E+03));
#4251 = DIRECTION('',(0.,1.,0.));
#4252 = DIRECTION('',(0.,0.,1.));
#4253 = ADVANCED_FACE('',(#4254),#4260,.F.);
#4254 = FACE_BOUND('',#4255,.F.);
#4255 = EDGE_LOOP('',(#4256,#4257,#4258,#4259));
#4256 = ORIENTED_EDGE('',*,*,#4143,.F.);
#4257 = ORIENTED_EDGE('',*,*,#4213,.T.);
#4258 = ORIENTED_EDGE('',*,*,#4183,.T.);
#4259 = ORIENTED_EDGE('',*,*,#4235,.F.);
#4260 = PLANE('',#4261);
#4261 = AXIS2_PLACEMENT_3D('',#4262,#4263,#4264);
#4262 = CARTESIAN_POINT('',(2.015E+03,2.008E+03,3.E+03));
#4263 = DIRECTION('',(0.,0.,1.));
#4264 = DIRECTION('',(1.,0.,0.));
#4265 = ADVANCED_FACE('',(#4266),#4272,.T.);
#4266 = FACE_BOUND('',#4267,.T.);
#4267 = EDGE_LOOP('',(#4268,#4269,#4270,#4271));
#4268 = ORIENTED_EDGE('',*,*,#4159,.F.);
#4269 = ORIENTED_EDGE('',*,*,#4220,.T.);
#4270 = ORIENTED_EDGE('',*,*,#4199,.T.);
#4271 = ORIENTED_EDGE('',*,*,#4242,.F.);
#4272 = PLANE('',#4273);
#4273 = AXIS2_PLACEMENT_3D('',#4274,#4275,#4276);
#4274 = CARTESIAN_POINT('',(2.015E+03,2.008E+03,3.02E+03));
#4275 = DIRECTION('',(0.,0.,1.));
#4276 = DIRECTION('',(1.,0.,0.));
#4277 = MANIFOLD_SOLID_BREP('',#4278);
#4278 = CLOSED_SHELL('',(#4279,#4319,#4359,#4381,#4403,#4415));
#4279 = ADVANCED_FACE('',(#4280),#4314,.F.);
#4280 = FACE_BOUND('',#4281,.F.);
#4281 = EDGE_LOOP('',(#4282,#4292,#4300,#4308));
#4282 = ORIENTED_EDGE('',*,*,#4283,.F.);
#4283 = EDGE_CURVE('',#4284,#4286,#4288,.T.);
#4284 = VERTEX_POINT('',#4285);
#4285 = CARTESIAN_POINT('',(-690.,280.,3.E+03));
#4286 = VERTEX_POINT('',#4287);
#4287 = CARTESIAN_POINT('',(-690.,280.,3.02E+03));
#4288 = LINE('',#4289,#4290);
#4289 = CARTESIAN_POINT('',(-690.,280.,3.E+03));
#4290 = VECTOR('',#4291,1.);
#4291 = DIRECTION('',(0.,0.,1.));
#4292 = ORIENTED_EDGE('',*,*,#4293,.T.);
#4293 = EDGE_CURVE('',#4284,#4294,#4296,.T.);
#4294 = VERTEX_POINT('',#4295);
#4295 = CARTESIAN_POINT('',(-690.,880.,3.E+03));
#4296 = LINE('',#4297,#4298);
#4297 = CARTESIAN_POINT('',(-690.,280.,3.E+03));
#4298 = VECTOR('',#4299,1.);
#4299 = DIRECTION('',(0.,1.,0.));
#4300 = ORIENTED_EDGE('',*,*,#4301,.T.);
#4301 = EDGE_CURVE('',#4294,#4302,#4304,.T.);
#4302 = VERTEX_POINT('',#4303);
#4303 = CARTESIAN_POINT('',(-690.,880.,3.02E+03));
#4304 = LINE('',#4305,#4306);
#4305 = CARTESIAN_POINT('',(-690.,880.,3.E+03));
#4306 = VECTOR('',#4307,1.);
#4307 = DIRECTION('',(0.,0.,1.));
#4308 = ORIENTED_EDGE('',*,*,#4309,.F.);
#4309 = EDGE_CURVE('',#4286,#4302,#4310,.T.);
#4310 = LINE('',#4311,#4312);
#4311 = CARTESIAN_POINT('',(-690.,280.,3.02E+03));
#4312 = VECTOR('',#4313,1.);
#4313 = DIRECTION('',(0.,1.,0.));
#4314 = PLANE('',#4315);
#4315 = AXIS2_PLACEMENT_3D('',#4316,#4317,#4318);
#4316 = CARTESIAN_POINT('',(-690.,280.,3.E+03));
#4317 = DIRECTION('',(1.,0.,0.));
#4318 = DIRECTION('',(0.,0.,1.));
#4319 = ADVANCED_FACE('',(#4320),#4354,.T.);
#4320 = FACE_BOUND('',#4321,.T.);
#4321 = EDGE_LOOP('',(#4322,#4332,#4340,#4348));
#4322 = ORIENTED_EDGE('',*,*,#4323,.F.);
#4323 = EDGE_CURVE('',#4324,#4326,#4328,.T.);
#4324 = VERTEX_POINT('',#4325);
#4325 = CARTESIAN_POINT('',(-90.,280.,3.E+03));
#4326 = VERTEX_POINT('',#4327);
#4327 = CARTESIAN_POINT('',(-90.,280.,3.02E+03));
#4328 = LINE('',#4329,#4330);
#4329 = CARTESIAN_POINT('',(-90.,280.,3.E+03));
#4330 = VECTOR('',#4331,1.);
#4331 = DIRECTION('',(0.,0.,1.));
#4332 = ORIENTED_EDGE('',*,*,#4333,.T.);
#4333 = EDGE_CURVE('',#4324,#4334,#4336,.T.);
#4334 = VERTEX_POINT('',#4335);
#4335 = CARTESIAN_POINT('',(-90.,880.,3.E+03));
#4336 = LINE('',#4337,#4338);
#4337 = CARTESIAN_POINT('',(-90.,280.,3.E+03));
#4338 = VECTOR('',#4339,1.);
#4339 = DIRECTION('',(0.,1.,0.));
#4340 = ORIENTED_EDGE('',*,*,#4341,.T.);
#4341 = EDGE_CURVE('',#4334,#4342,#4344,.T.);
#4342 = VERTEX_POINT('',#4343);
#4343 = CARTESIAN_POINT('',(-90.,880.,3.02E+03));
#4344 = LINE('',#4345,#4346);
#4345 = CARTESIAN_POINT('',(-90.,880.,3.E+03));
#4346 = VECTOR('',#4347,1.);
#4347 = DIRECTION('',(0.,0.,1.));
#4348 = ORIENTED_EDGE('',*,*,#4349,.F.);
#4349 = EDGE_CURVE('',#4326,#4342,#4350,.T.);
#4350 = LINE('',#4351,#4352);
#4351 = CARTESIAN_POINT('',(-90.,280.,3.02E+03));
#4352 = VECTOR('',#4353,1.);
#4353 = DIRECTION('',(0.,1.,0.));
#4354 = PLANE('',#4355);
#4355 = AXIS2_PLACEMENT_3D('',#4356,#4357,#4358);
#4356 = CARTESIAN_POINT('',(-90.,280.,3.E+03));
#4357 = DIRECTION('',(1.,0.,0.));
#4358 = DIRECTION('',(0.,0.,1.));
#4359 = ADVANCED_FACE('',(#4360),#4376,.F.);
#4360 = FACE_BOUND('',#4361,.F.);
#4361 = EDGE_LOOP('',(#4362,#4368,#4369,#4375));
#4362 = ORIENTED_EDGE('',*,*,#4363,.F.);
#4363 = EDGE_CURVE('',#4284,#4324,#4364,.T.);
#4364 = LINE('',#4365,#4366);
#4365 = CARTESIAN_POINT('',(-690.,280.,3.E+03));
#4366 = VECTOR('',#4367,1.);
#4367 = DIRECTION('',(1.,0.,0.));
#4368 = ORIENTED_EDGE('',*,*,#4283,.T.);
#4369 = ORIENTED_EDGE('',*,*,#4370,.T.);
#4370 = EDGE_CURVE('',#4286,#4326,#4371,.T.);
#4371 = LINE('',#4372,#4373);
#4372 = CARTESIAN_POINT('',(-690.,280.,3.02E+03));
#4373 = VECTOR('',#4374,1.);
#4374 = DIRECTION('',(1.,0.,0.));
#4375 = ORIENTED_EDGE('',*,*,#4323,.F.);
#4376 = PLANE('',#4377);
#4377 = AXIS2_PLACEMENT_3D('',#4378,#4379,#4380);
#4378 = CARTESIAN_POINT('',(-690.,280.,3.E+03));
#4379 = DIRECTION('',(0.,1.,0.));
#4380 = DIRECTION('',(0.,0.,1.));
#4381 = ADVANCED_FACE('',(#4382),#4398,.T.);
#4382 = FACE_BOUND('',#4383,.T.);
#4383 = EDGE_LOOP('',(#4384,#4390,#4391,#4397));
#4384 = ORIENTED_EDGE('',*,*,#4385,.F.);
#4385 = EDGE_CURVE('',#4294,#4334,#4386,.T.);
#4386 = LINE('',#4387,#4388);
#4387 = CARTESIAN_POINT('',(-690.,880.,3.E+03));
#4388 = VECTOR('',#4389,1.);
#4389 = DIRECTION('',(1.,0.,0.));
#4390 = ORIENTED_EDGE('',*,*,#4301,.T.);
#4391 = ORIENTED_EDGE('',*,*,#4392,.T.);
#4392 = EDGE_CURVE('',#4302,#4342,#4393,.T.);
#4393 = LINE('',#4394,#4395);
#4394 = CARTESIAN_POINT('',(-690.,880.,3.02E+03));
#4395 = VECTOR('',#4396,1.);
#4396 = DIRECTION('',(1.,0.,0.));
#4397 = ORIENTED_EDGE('',*,*,#4341,.F.);
#4398 = PLANE('',#4399);
#4399 = AXIS2_PLACEMENT_3D('',#4400,#4401,#4402);
#4400 = CARTESIAN_POINT('',(-690.,880.,3.E+03));
#4401 = DIRECTION('',(0.,1.,0.));
#4402 = DIRECTION('',(0.,0.,1.));
#4403 = ADVANCED_FACE('',(#4404),#4410,.F.);
#4404 = FACE_BOUND('',#4405,.F.);
#4405 = EDGE_LOOP('',(#4406,#4407,#4408,#4409));
#4406 = ORIENTED_EDGE('',*,*,#4293,.F.);
#4407 = ORIENTED_EDGE('',*,*,#4363,.T.);
#4408 = ORIENTED_EDGE('',*,*,#4333,.T.);
#4409 = ORIENTED_EDGE('',*,*,#4385,.F.);
#4410 = PLANE('',#4411);
#4411 = AXIS2_PLACEMENT_3D('',#4412,#4413,#4414);
#4412 = CARTESIAN_POINT('',(-690.,280.,3.E+03));
#4413 = DIRECTION('',(0.,0.,1.));
#4414 = DIRECTION('',(1.,0.,0.));
#4415 = ADVANCED_FACE('',(#4416),#4422,.T.);
#4416 = FACE_BOUND('',#4417,.T.);
#4417 = EDGE_LOOP('',(#4418,#4419,#4420,#4421));
#4418 = ORIENTED_EDGE('',*,*,#4309,.F.);
#4419 = ORIENTED_EDGE('',*,*,#4370,.T.);
#4420 = ORIENTED_EDGE('',*,*,#4349,.T.);
#4421 = ORIENTED_EDGE('',*,*,#4392,.F.);
#4422 = PLANE('',#4423);
#4423 = AXIS2_PLACEMENT_3D('',#4424,#4425,#4426);
#4424 = CARTESIAN_POINT('',(-690.,280.,3.02E+03));
#4425 = DIRECTION('',(0.,0.,1.));
#4426 = DIRECTION('',(1.,0.,0.));
#4427 = MANIFOLD_SOLID_BREP('',#4428);
#4428 = CLOSED_SHELL('',(#4429,#4469,#4509,#4531,#4553,#4565));
#4429 = ADVANCED_FACE('',(#4430),#4464,.F.);
#4430 = FACE_BOUND('',#4431,.F.);
#4431 = EDGE_LOOP('',(#4432,#4442,#4450,#4458));
#4432 = ORIENTED_EDGE('',*,*,#4433,.F.);
#4433 = EDGE_CURVE('',#4434,#4436,#4438,.T.);
#4434 = VERTEX_POINT('',#4435);
#4435 = CARTESIAN_POINT('',(-690.,3.735E+03,3.E+03));
#4436 = VERTEX_POINT('',#4437);
#4437 = CARTESIAN_POINT('',(-690.,3.735E+03,3.02E+03));
#4438 = LINE('',#4439,#4440);
#4439 = CARTESIAN_POINT('',(-690.,3.735E+03,3.E+03));
#4440 = VECTOR('',#4441,1.);
#4441 = DIRECTION('',(0.,0.,1.));
#4442 = ORIENTED_EDGE('',*,*,#4443,.T.);
#4443 = EDGE_CURVE('',#4434,#4444,#4446,.T.);
#4444 = VERTEX_POINT('',#4445);
#4445 = CARTESIAN_POINT('',(-690.,4.335E+03,3.E+03));
#4446 = LINE('',#4447,#4448);
#4447 = CARTESIAN_POINT('',(-690.,3.735E+03,3.E+03));
#4448 = VECTOR('',#4449,1.);
#4449 = DIRECTION('',(0.,1.,0.));
#4450 = ORIENTED_EDGE('',*,*,#4451,.T.);
#4451 = EDGE_CURVE('',#4444,#4452,#4454,.T.);
#4452 = VERTEX_POINT('',#4453);
#4453 = CARTESIAN_POINT('',(-690.,4.335E+03,3.02E+03));
#4454 = LINE('',#4455,#4456);
#4455 = CARTESIAN_POINT('',(-690.,4.335E+03,3.E+03));
#4456 = VECTOR('',#4457,1.);
#4457 = DIRECTION('',(0.,0.,1.));
#4458 = ORIENTED_EDGE('',*,*,#4459,.F.);
#4459 = EDGE_CURVE('',#4436,#4452,#4460,.T.);
#4460 = LINE('',#4461,#4462);
#4461 = CARTESIAN_POINT('',(-690.,3.735E+03,3.02E+03));
#4462 = VECTOR('',#4463,1.);
#4463 = DIRECTION('',(0.,1.,0.));
#4464 = PLANE('',#4465);
#4465 = AXIS2_PLACEMENT_3D('',#4466,#4467,#4468);
#4466 = CARTESIAN_POINT('',(-690.,3.735E+03,3.E+03));
#4467 = DIRECTION('',(1.,0.,0.));
#4468 = DIRECTION('',(0.,0.,1.));
#4469 = ADVANCED_FACE('',(#4470),#4504,.T.);
#4470 = FACE_BOUND('',#4471,.T.);
#4471 = EDGE_LOOP('',(#4472,#4482,#4490,#4498));
#4472 = ORIENTED_EDGE('',*,*,#4473,.F.);
#4473 = EDGE_CURVE('',#4474,#4476,#4478,.T.);
#4474 = VERTEX_POINT('',#4475);
#4475 = CARTESIAN_POINT('',(-90.,3.735E+03,3.E+03));
#4476 = VERTEX_POINT('',#4477);
#4477 = CARTESIAN_POINT('',(-90.,3.735E+03,3.02E+03));
#4478 = LINE('',#4479,#4480);
#4479 = CARTESIAN_POINT('',(-90.,3.735E+03,3.E+03));
#4480 = VECTOR('',#4481,1.);
#4481 = DIRECTION('',(0.,0.,1.));
#4482 = ORIENTED_EDGE('',*,*,#4483,.T.);
#4483 = EDGE_CURVE('',#4474,#4484,#4486,.T.);
#4484 = VERTEX_POINT('',#4485);
#4485 = CARTESIAN_POINT('',(-90.,4.335E+03,3.E+03));
#4486 = LINE('',#4487,#4488);
#4487 = CARTESIAN_POINT('',(-90.,3.735E+03,3.E+03));
#4488 = VECTOR('',#4489,1.);
#4489 = DIRECTION('',(0.,1.,0.));
#4490 = ORIENTED_EDGE('',*,*,#4491,.T.);
#4491 = EDGE_CURVE('',#4484,#4492,#4494,.T.);
#4492 = VERTEX_POINT('',#4493);
#4493 = CARTESIAN_POINT('',(-90.,4.335E+03,3.02E+03));
#4494 = LINE('',#4495,#4496);
#4495 = CARTESIAN_POINT('',(-90.,4.335E+03,3.E+03));
#4496 = VECTOR('',#4497,1.);
#4497 = DIRECTION('',(0.,0.,1.));
#4498 = ORIENTED_EDGE('',*,*,#4499,.F.);
#4499 = EDGE_CURVE('',#4476,#4492,#4500,.T.);
#4500 = LINE('',#4501,#4502);
#4501 = CARTESIAN_POINT('',(-90.,3.735E+03,3.02E+03));
#4502 = VECTOR('',#4503,1.);
#4503 = DIRECTION('',(0.,1.,0.));
#4504 = PLANE('',#4505);
#4505 = AXIS2_PLACEMENT_3D('',#4506,#4507,#4508);
#4506 = CARTESIAN_POINT('',(-90.,3.735E+03,3.E+03));
#4507 = DIRECTION('',(1.,0.,0.));
#4508 = DIRECTION('',(0.,0.,1.));
#4509 = ADVANCED_FACE('',(#4510),#4526,.F.);
#4510 = FACE_BOUND('',#4511,.F.);
#4511 = EDGE_LOOP('',(#4512,#4518,#4519,#4525));
#4512 = ORIENTED_EDGE('',*,*,#4513,.F.);
#4513 = EDGE_CURVE('',#4434,#4474,#4514,.T.);
#4514 = LINE('',#4515,#4516);
#4515 = CARTESIAN_POINT('',(-690.,3.735E+03,3.E+03));
#4516 = VECTOR('',#4517,1.);
#4517 = DIRECTION('',(1.,0.,0.));
#4518 = ORIENTED_EDGE('',*,*,#4433,.T.);
#4519 = ORIENTED_EDGE('',*,*,#4520,.T.);
#4520 = EDGE_CURVE('',#4436,#4476,#4521,.T.);
#4521 = LINE('',#4522,#4523);
#4522 = CARTESIAN_POINT('',(-690.,3.735E+03,3.02E+03));
#4523 = VECTOR('',#4524,1.);
#4524 = DIRECTION('',(1.,0.,0.));
#4525 = ORIENTED_EDGE('',*,*,#4473,.F.);
#4526 = PLANE('',#4527);
#4527 = AXIS2_PLACEMENT_3D('',#4528,#4529,#4530);
#4528 = CARTESIAN_POINT('',(-690.,3.735E+03,3.E+03));
#4529 = DIRECTION('',(0.,1.,0.));
#4530 = DIRECTION('',(0.,0.,1.));
#4531 = ADVANCED_FACE('',(#4532),#4548,.T.);
#4532 = FACE_BOUND('',#4533,.T.);
#4533 = EDGE_LOOP('',(#4534,#4540,#4541,#4547));
#4534 = ORIENTED_EDGE('',*,*,#4535,.F.);
#4535 = EDGE_CURVE('',#4444,#4484,#4536,.T.);
#4536 = LINE('',#4537,#4538);
#4537 = CARTESIAN_POINT('',(-690.,4.335E+03,3.E+03));
#4538 = VECTOR('',#4539,1.);
#4539 = DIRECTION('',(1.,0.,0.));
#4540 = ORIENTED_EDGE('',*,*,#4451,.T.);
#4541 = ORIENTED_EDGE('',*,*,#4542,.T.);
#4542 = EDGE_CURVE('',#4452,#4492,#4543,.T.);
#4543 = LINE('',#4544,#4545);
#4544 = CARTESIAN_POINT('',(-690.,4.335E+03,3.02E+03));
#4545 = VECTOR('',#4546,1.);
#4546 = DIRECTION('',(1.,0.,0.));
#4547 = ORIENTED_EDGE('',*,*,#4491,.F.);
#4548 = PLANE('',#4549);
#4549 = AXIS2_PLACEMENT_3D('',#4550,#4551,#4552);
#4550 = CARTESIAN_POINT('',(-690.,4.335E+03,3.E+03));
#4551 = DIRECTION('',(0.,1.,0.));
#4552 = DIRECTION('',(0.,0.,1.));
#4553 = ADVANCED_FACE('',(#4554),#4560,.F.);
#4554 = FACE_BOUND('',#4555,.F.);
#4555 = EDGE_LOOP('',(#4556,#4557,#4558,#4559));
#4556 = ORIENTED_EDGE('',*,*,#4443,.F.);
#4557 = ORIENTED_EDGE('',*,*,#4513,.T.);
#4558 = ORIENTED_EDGE('',*,*,#4483,.T.);
#4559 = ORIENTED_EDGE('',*,*,#4535,.F.);
#4560 = PLANE('',#4561);
#4561 = AXIS2_PLACEMENT_3D('',#4562,#4563,#4564);
#4562 = CARTESIAN_POINT('',(-690.,3.735E+03,3.E+03));
#4563 = DIRECTION('',(0.,0.,1.));
#4564 = DIRECTION('',(1.,0.,0.));
#4565 = ADVANCED_FACE('',(#4566),#4572,.T.);
#4566 = FACE_BOUND('',#4567,.T.);
#4567 = EDGE_LOOP('',(#4568,#4569,#4570,#4571));
#4568 = ORIENTED_EDGE('',*,*,#4459,.F.);
#4569 = ORIENTED_EDGE('',*,*,#4520,.T.);
#4570 = ORIENTED_EDGE('',*,*,#4499,.T.);
#4571 = ORIENTED_EDGE('',*,*,#4542,.F.);
#4572 = PLANE('',#4573);
#4573 = AXIS2_PLACEMENT_3D('',#4574,#4575,#4576);
#4574 = CARTESIAN_POINT('',(-690.,3.735E+03,3.02E+03));
#4575 = DIRECTION('',(0.,0.,1.));
#4576 = DIRECTION('',(1.,0.,0.));
#4577 = MANIFOLD_SOLID_BREP('',#4578);
#4578 = CLOSED_SHELL('',(#4579,#4619,#4659,#4681,#4703,#4715));
#4579 = ADVANCED_FACE('',(#4580),#4614,.F.);
#4580 = FACE_BOUND('',#4581,.F.);
#4581 = EDGE_LOOP('',(#4582,#4592,#4600,#4608));
#4582 = ORIENTED_EDGE('',*,*,#4583,.F.);
#4583 = EDGE_CURVE('',#4584,#4586,#4588,.T.);
#4584 = VERTEX_POINT('',#4585);
#4585 = CARTESIAN_POINT('',(2.015E+03,280.,3.E+03));
#4586 = VERTEX_POINT('',#4587);
#4587 = CARTESIAN_POINT('',(2.015E+03,280.,3.02E+03));
#4588 = LINE('',#4589,#4590);
#4589 = CARTESIAN_POINT('',(2.015E+03,280.,3.E+03));
#4590 = VECTOR('',#4591,1.);
#4591 = DIRECTION('',(0.,0.,1.));
#4592 = ORIENTED_EDGE('',*,*,#4593,.T.);
#4593 = EDGE_CURVE('',#4584,#4594,#4596,.T.);
#4594 = VERTEX_POINT('',#4595);
#4595 = CARTESIAN_POINT('',(2.015E+03,880.,3.E+03));
#4596 = LINE('',#4597,#4598);
#4597 = CARTESIAN_POINT('',(2.015E+03,280.,3.E+03));
#4598 = VECTOR('',#4599,1.);
#4599 = DIRECTION('',(0.,1.,0.));
#4600 = ORIENTED_EDGE('',*,*,#4601,.T.);
#4601 = EDGE_CURVE('',#4594,#4602,#4604,.T.);
#4602 = VERTEX_POINT('',#4603);
#4603 = CARTESIAN_POINT('',(2.015E+03,880.,3.02E+03));
#4604 = LINE('',#4605,#4606);
#4605 = CARTESIAN_POINT('',(2.015E+03,880.,3.E+03));
#4606 = VECTOR('',#4607,1.);
#4607 = DIRECTION('',(0.,0.,1.));
#4608 = ORIENTED_EDGE('',*,*,#4609,.F.);
#4609 = EDGE_CURVE('',#4586,#4602,#4610,.T.);
#4610 = LINE('',#4611,#4612);
#4611 = CARTESIAN_POINT('',(2.015E+03,280.,3.02E+03));
#4612 = VECTOR('',#4613,1.);
#4613 = DIRECTION('',(0.,1.,0.));
#4614 = PLANE('',#4615);
#4615 = AXIS2_PLACEMENT_3D('',#4616,#4617,#4618);
#4616 = CARTESIAN_POINT('',(2.015E+03,280.,3.E+03));
#4617 = DIRECTION('',(1.,0.,0.));
#4618 = DIRECTION('',(0.,0.,1.));
#4619 = ADVANCED_FACE('',(#4620),#4654,.T.);
#4620 = FACE_BOUND('',#4621,.T.);
#4621 = EDGE_LOOP('',(#4622,#4632,#4640,#4648));
#4622 = ORIENTED_EDGE('',*,*,#4623,.F.);
#4623 = EDGE_CURVE('',#4624,#4626,#4628,.T.);
#4624 = VERTEX_POINT('',#4625);
#4625 = CARTESIAN_POINT('',(2.615E+03,280.,3.E+03));
#4626 = VERTEX_POINT('',#4627);
#4627 = CARTESIAN_POINT('',(2.615E+03,280.,3.02E+03));
#4628 = LINE('',#4629,#4630);
#4629 = CARTESIAN_POINT('',(2.615E+03,280.,3.E+03));
#4630 = VECTOR('',#4631,1.);
#4631 = DIRECTION('',(0.,0.,1.));
#4632 = ORIENTED_EDGE('',*,*,#4633,.T.);
#4633 = EDGE_CURVE('',#4624,#4634,#4636,.T.);
#4634 = VERTEX_POINT('',#4635);
#4635 = CARTESIAN_POINT('',(2.615E+03,880.,3.E+03));
#4636 = LINE('',#4637,#4638);
#4637 = CARTESIAN_POINT('',(2.615E+03,280.,3.E+03));
#4638 = VECTOR('',#4639,1.);
#4639 = DIRECTION('',(0.,1.,0.));
#4640 = ORIENTED_EDGE('',*,*,#4641,.T.);
#4641 = EDGE_CURVE('',#4634,#4642,#4644,.T.);
#4642 = VERTEX_POINT('',#4643);
#4643 = CARTESIAN_POINT('',(2.615E+03,880.,3.02E+03));
#4644 = LINE('',#4645,#4646);
#4645 = CARTESIAN_POINT('',(2.615E+03,880.,3.E+03));
#4646 = VECTOR('',#4647,1.);
#4647 = DIRECTION('',(0.,0.,1.));
#4648 = ORIENTED_EDGE('',*,*,#4649,.F.);
#4649 = EDGE_CURVE('',#4626,#4642,#4650,.T.);
#4650 = LINE('',#4651,#4652);
#4651 = CARTESIAN_POINT('',(2.615E+03,280.,3.02E+03));
#4652 = VECTOR('',#4653,1.);
#4653 = DIRECTION('',(0.,1.,0.));
#4654 = PLANE('',#4655);
#4655 = AXIS2_PLACEMENT_3D('',#4656,#4657,#4658);
#4656 = CARTESIAN_POINT('',(2.615E+03,280.,3.E+03));
#4657 = DIRECTION('',(1.,0.,0.));
#4658 = DIRECTION('',(0.,0.,1.));
#4659 = ADVANCED_FACE('',(#4660),#4676,.F.);
#4660 = FACE_BOUND('',#4661,.F.);
#4661 = EDGE_LOOP('',(#4662,#4668,#4669,#4675));
#4662 = ORIENTED_EDGE('',*,*,#4663,.F.);
#4663 = EDGE_CURVE('',#4584,#4624,#4664,.T.);
#4664 = LINE('',#4665,#4666);
#4665 = CARTESIAN_POINT('',(2.015E+03,280.,3.E+03));
#4666 = VECTOR('',#4667,1.);
#4667 = DIRECTION('',(1.,0.,0.));
#4668 = ORIENTED_EDGE('',*,*,#4583,.T.);
#4669 = ORIENTED_EDGE('',*,*,#4670,.T.);
#4670 = EDGE_CURVE('',#4586,#4626,#4671,.T.);
#4671 = LINE('',#4672,#4673);
#4672 = CARTESIAN_POINT('',(2.015E+03,280.,3.02E+03));
#4673 = VECTOR('',#4674,1.);
#4674 = DIRECTION('',(1.,0.,0.));
#4675 = ORIENTED_EDGE('',*,*,#4623,.F.);
#4676 = PLANE('',#4677);
#4677 = AXIS2_PLACEMENT_3D('',#4678,#4679,#4680);
#4678 = CARTESIAN_POINT('',(2.015E+03,280.,3.E+03));
#4679 = DIRECTION('',(0.,1.,0.));
#4680 = DIRECTION('',(0.,0.,1.));
#4681 = ADVANCED_FACE('',(#4682),#4698,.T.);
#4682 = FACE_BOUND('',#4683,.T.);
#4683 = EDGE_LOOP('',(#4684,#4690,#4691,#4697));
#4684 = ORIENTED_EDGE('',*,*,#4685,.F.);
#4685 = EDGE_CURVE('',#4594,#4634,#4686,.T.);
#4686 = LINE('',#4687,#4688);
#4687 = CARTESIAN_POINT('',(2.015E+03,880.,3.E+03));
#4688 = VECTOR('',#4689,1.);
#4689 = DIRECTION('',(1.,0.,0.));
#4690 = ORIENTED_EDGE('',*,*,#4601,.T.);
#4691 = ORIENTED_EDGE('',*,*,#4692,.T.);
#4692 = EDGE_CURVE('',#4602,#4642,#4693,.T.);
#4693 = LINE('',#4694,#4695);
#4694 = CARTESIAN_POINT('',(2.015E+03,880.,3.02E+03));
#4695 = VECTOR('',#4696,1.);
#4696 = DIRECTION('',(1.,0.,0.));
#4697 = ORIENTED_EDGE('',*,*,#4641,.F.);
#4698 = PLANE('',#4699);
#4699 = AXIS2_PLACEMENT_3D('',#4700,#4701,#4702);
#4700 = CARTESIAN_POINT('',(2.015E+03,880.,3.E+03));
#4701 = DIRECTION('',(0.,1.,0.));
#4702 = DIRECTION('',(0.,0.,1.));
#4703 = ADVANCED_FACE('',(#4704),#4710,.F.);
#4704 = FACE_BOUND('',#4705,.F.);
#4705 = EDGE_LOOP('',(#4706,#4707,#4708,#4709));
#4706 = ORIENTED_EDGE('',*,*,#4593,.F.);
#4707 = ORIENTED_EDGE('',*,*,#4663,.T.);
#4708 = ORIENTED_EDGE('',*,*,#4633,.T.);
#4709 = ORIENTED_EDGE('',*,*,#4685,.F.);
#4710 = PLANE('',#4711);
#4711 = AXIS2_PLACEMENT_3D('',#4712,#4713,#4714);
#4712 = CARTESIAN_POINT('',(2.015E+03,280.,3.E+03));
#4713 = DIRECTION('',(0.,0.,1.));
#4714 = DIRECTION('',(1.,0.,0.));
#4715 = ADVANCED_FACE('',(#4716),#4722,.T.);
#4716 = FACE_BOUND('',#4717,.T.);
#4717 = EDGE_LOOP('',(#4718,#4719,#4720,#4721));
#4718 = ORIENTED_EDGE('',*,*,#4609,.F.);
#4719 = ORIENTED_EDGE('',*,*,#4670,.T.);
#4720 = ORIENTED_EDGE('',*,*,#4649,.T.);
#4721 = ORIENTED_EDGE('',*,*,#4692,.F.);
#4722 = PLANE('',#4723);
#4723 = AXIS2_PLACEMENT_3D('',#4724,#4725,#4726);
#4724 = CARTESIAN_POINT('',(2.015E+03,280.,3.02E+03));
#4725 = DIRECTION('',(0.,0.,1.));
#4726 = DIRECTION('',(1.,0.,0.));
#4727 = MANIFOLD_SOLID_BREP('',#4728);
#4728 = CLOSED_SHELL('',(#4729,#4762,#4771));
#4729 = ADVANCED_FACE('',(#4730),#4757,.T.);
#4730 = FACE_BOUND('',#4731,.T.);
#4731 = EDGE_LOOP('',(#4732,#4741,#4749,#4756));
#4732 = ORIENTED_EDGE('',*,*,#4733,.F.);
#4733 = EDGE_CURVE('',#4734,#4734,#4736,.T.);
#4734 = VERTEX_POINT('',#4735);
#4735 = CARTESIAN_POINT('',(1.561E+03,1.162E+03,2.92E+03));
#4736 = CIRCLE('',#4737,600.);
#4737 = AXIS2_PLACEMENT_3D('',#4738,#4739,#4740);
#4738 = CARTESIAN_POINT('',(961.,1.162E+03,2.92E+03));
#4739 = DIRECTION('',(0.,0.,1.));
#4740 = DIRECTION('',(1.,0.,0.));
#4741 = ORIENTED_EDGE('',*,*,#4742,.F.);
#4742 = EDGE_CURVE('',#4743,#4734,#4745,.T.);
#4743 = VERTEX_POINT('',#4744);
#4744 = CARTESIAN_POINT('',(1.561E+03,1.162E+03,2.9E+03));
#4745 = LINE('',#4746,#4747);
#4746 = CARTESIAN_POINT('',(1.561E+03,1.162E+03,2.9E+03));
#4747 = VECTOR('',#4748,1.);
#4748 = DIRECTION('',(0.,0.,1.));
#4749 = ORIENTED_EDGE('',*,*,#4750,.T.);
#4750 = EDGE_CURVE('',#4743,#4743,#4751,.T.);
#4751 = CIRCLE('',#4752,600.);
#4752 = AXIS2_PLACEMENT_3D('',#4753,#4754,#4755);
#4753 = CARTESIAN_POINT('',(961.,1.162E+03,2.9E+03));
#4754 = DIRECTION('',(0.,0.,1.));
#4755 = DIRECTION('',(1.,0.,0.));
#4756 = ORIENTED_EDGE('',*,*,#4742,.T.);
#4757 = CYLINDRICAL_SURFACE('',#4758,600.);
#4758 = AXIS2_PLACEMENT_3D('',#4759,#4760,#4761);
#4759 = CARTESIAN_POINT('',(961.,1.162E+03,2.9E+03));
#4760 = DIRECTION('',(0.,0.,1.));
#4761 = DIRECTION('',(1.,0.,0.));
#4762 = ADVANCED_FACE('',(#4763),#4766,.T.);
#4763 = FACE_BOUND('',#4764,.T.);
#4764 = EDGE_LOOP('',(#4765));
#4765 = ORIENTED_EDGE('',*,*,#4733,.T.);
#4766 = PLANE('',#4767);
#4767 = AXIS2_PLACEMENT_3D('',#4768,#4769,#4770);
#4768 = CARTESIAN_POINT('',(961.,1.162E+03,2.92E+03));
#4769 = DIRECTION('',(0.,0.,1.));
#4770 = DIRECTION('',(1.,0.,0.));
#4771 = ADVANCED_FACE('',(#4772),#4775,.F.);
#4772 = FACE_BOUND('',#4773,.T.);
#4773 = EDGE_LOOP('',(#4774));
#4774 = ORIENTED_EDGE('',*,*,#4750,.F.);
#4775 = PLANE('',#4776);
#4776 = AXIS2_PLACEMENT_3D('',#4777,#4778,#4779);
#4777 = CARTESIAN_POINT('',(961.,1.162E+03,2.9E+03));
#4778 = DIRECTION('',(0.,0.,1.));
#4779 = DIRECTION('',(1.,0.,0.));
#4780 = MANIFOLD_SOLID_BREP('',#4781);
#4781 = CLOSED_SHELL('',(#4782,#4815,#4824));
#4782 = ADVANCED_FACE('',(#4783),#4810,.T.);
#4783 = FACE_BOUND('',#4784,.T.);
#4784 = EDGE_LOOP('',(#4785,#4794,#4802,#4809));
#4785 = ORIENTED_EDGE('',*,*,#4786,.F.);
#4786 = EDGE_CURVE('',#4787,#4787,#4789,.T.);
#4787 = VERTEX_POINT('',#4788);
#4788 = CARTESIAN_POINT('',(1.561E+03,3.452E+03,2.92E+03));
#4789 = CIRCLE('',#4790,600.);
#4790 = AXIS2_PLACEMENT_3D('',#4791,#4792,#4793);
#4791 = CARTESIAN_POINT('',(961.,3.452E+03,2.92E+03));
#4792 = DIRECTION('',(0.,0.,1.));
#4793 = DIRECTION('',(1.,0.,0.));
#4794 = ORIENTED_EDGE('',*,*,#4795,.F.);
#4795 = EDGE_CURVE('',#4796,#4787,#4798,.T.);
#4796 = VERTEX_POINT('',#4797);
#4797 = CARTESIAN_POINT('',(1.561E+03,3.452E+03,2.9E+03));
#4798 = LINE('',#4799,#4800);
#4799 = CARTESIAN_POINT('',(1.561E+03,3.452E+03,2.9E+03));
#4800 = VECTOR('',#4801,1.);
#4801 = DIRECTION('',(0.,0.,1.));
#4802 = ORIENTED_EDGE('',*,*,#4803,.T.);
#4803 = EDGE_CURVE('',#4796,#4796,#4804,.T.);
#4804 = CIRCLE('',#4805,600.);
#4805 = AXIS2_PLACEMENT_3D('',#4806,#4807,#4808);
#4806 = CARTESIAN_POINT('',(961.,3.452E+03,2.9E+03));
#4807 = DIRECTION('',(0.,0.,1.));
#4808 = DIRECTION('',(1.,0.,0.));
#4809 = ORIENTED_EDGE('',*,*,#4795,.T.);
#4810 = CYLINDRICAL_SURFACE('',#4811,600.);
#4811 = AXIS2_PLACEMENT_3D('',#4812,#4813,#4814);
#4812 = CARTESIAN_POINT('',(961.,3.452E+03,2.9E+03));
#4813 = DIRECTION('',(0.,0.,1.));
#4814 = DIRECTION('',(1.,0.,0.));
#4815 = ADVANCED_FACE('',(#4816),#4819,.T.);
#4816 = FACE_BOUND('',#4817,.T.);
#4817 = EDGE_LOOP('',(#4818));
#4818 = ORIENTED_EDGE('',*,*,#4786,.T.);
#4819 = PLANE('',#4820);
#4820 = AXIS2_PLACEMENT_3D('',#4821,#4822,#4823);
#4821 = CARTESIAN_POINT('',(961.,3.452E+03,2.92E+03));
#4822 = DIRECTION('',(0.,0.,1.));
#4823 = DIRECTION('',(1.,0.,0.));
#4824 = ADVANCED_FACE('',(#4825),#4828,.F.);
#4825 = FACE_BOUND('',#4826,.T.);
#4826 = EDGE_LOOP('',(#4827));
#4827 = ORIENTED_EDGE('',*,*,#4803,.F.);
#4828 = PLANE('',#4829);
#4829 = AXIS2_PLACEMENT_3D('',#4830,#4831,#4832);
#4830 = CARTESIAN_POINT('',(961.,3.452E+03,2.9E+03));
#4831 = DIRECTION('',(0.,0.,1.));
#4832 = DIRECTION('',(1.,0.,0.));
#4833 = MANIFOLD_SOLID_BREP('',#4834);
#4834 = CLOSED_SHELL('',(#4835,#4875,#4915,#4937,#4959,#4971));
#4835 = ADVANCED_FACE('',(#4836),#4870,.F.);
#4836 = FACE_BOUND('',#4837,.F.);
#4837 = EDGE_LOOP('',(#4838,#4848,#4856,#4864));
#4838 = ORIENTED_EDGE('',*,*,#4839,.F.);
#4839 = EDGE_CURVE('',#4840,#4842,#4844,.T.);
#4840 = VERTEX_POINT('',#4841);
#4841 = CARTESIAN_POINT('',(-163.,-2.526E+03,3.E+03));
#4842 = VERTEX_POINT('',#4843);
#4843 = CARTESIAN_POINT('',(-163.,-2.526E+03,3.02E+03));
#4844 = LINE('',#4845,#4846);
#4845 = CARTESIAN_POINT('',(-163.,-2.526E+03,3.E+03));
#4846 = VECTOR('',#4847,1.);
#4847 = DIRECTION('',(0.,0.,1.));
#4848 = ORIENTED_EDGE('',*,*,#4849,.T.);
#4849 = EDGE_CURVE('',#4840,#4850,#4852,.T.);
#4850 = VERTEX_POINT('',#4851);
#4851 = CARTESIAN_POINT('',(-163.,-1.926E+03,3.E+03));
#4852 = LINE('',#4853,#4854);
#4853 = CARTESIAN_POINT('',(-163.,-2.526E+03,3.E+03));
#4854 = VECTOR('',#4855,1.);
#4855 = DIRECTION('',(0.,1.,0.));
#4856 = ORIENTED_EDGE('',*,*,#4857,.T.);
#4857 = EDGE_CURVE('',#4850,#4858,#4860,.T.);
#4858 = VERTEX_POINT('',#4859);
#4859 = CARTESIAN_POINT('',(-163.,-1.926E+03,3.02E+03));
#4860 = LINE('',#4861,#4862);
#4861 = CARTESIAN_POINT('',(-163.,-1.926E+03,3.E+03));
#4862 = VECTOR('',#4863,1.);
#4863 = DIRECTION('',(0.,0.,1.));
#4864 = ORIENTED_EDGE('',*,*,#4865,.F.);
#4865 = EDGE_CURVE('',#4842,#4858,#4866,.T.);
#4866 = LINE('',#4867,#4868);
#4867 = CARTESIAN_POINT('',(-163.,-2.526E+03,3.02E+03));
#4868 = VECTOR('',#4869,1.);
#4869 = DIRECTION('',(0.,1.,0.));
#4870 = PLANE('',#4871);
#4871 = AXIS2_PLACEMENT_3D('',#4872,#4873,#4874);
#4872 = CARTESIAN_POINT('',(-163.,-2.526E+03,3.E+03));
#4873 = DIRECTION('',(1.,0.,0.));
#4874 = DIRECTION('',(0.,0.,1.));
#4875 = ADVANCED_FACE('',(#4876),#4910,.T.);
#4876 = FACE_BOUND('',#4877,.T.);
#4877 = EDGE_LOOP('',(#4878,#4888,#4896,#4904));
#4878 = ORIENTED_EDGE('',*,*,#4879,.F.);
#4879 = EDGE_CURVE('',#4880,#4882,#4884,.T.);
#4880 = VERTEX_POINT('',#4881);
#4881 = CARTESIAN_POINT('',(437.,-2.526E+03,3.E+03));
#4882 = VERTEX_POINT('',#4883);
#4883 = CARTESIAN_POINT('',(437.,-2.526E+03,3.02E+03));
#4884 = LINE('',#4885,#4886);
#4885 = CARTESIAN_POINT('',(437.,-2.526E+03,3.E+03));
#4886 = VECTOR('',#4887,1.);
#4887 = DIRECTION('',(0.,0.,1.));
#4888 = ORIENTED_EDGE('',*,*,#4889,.T.);
#4889 = EDGE_CURVE('',#4880,#4890,#4892,.T.);
#4890 = VERTEX_POINT('',#4891);
#4891 = CARTESIAN_POINT('',(437.,-1.926E+03,3.E+03));
#4892 = LINE('',#4893,#4894);
#4893 = CARTESIAN_POINT('',(437.,-2.526E+03,3.E+03));
#4894 = VECTOR('',#4895,1.);
#4895 = DIRECTION('',(0.,1.,0.));
#4896 = ORIENTED_EDGE('',*,*,#4897,.T.);
#4897 = EDGE_CURVE('',#4890,#4898,#4900,.T.);
#4898 = VERTEX_POINT('',#4899);
#4899 = CARTESIAN_POINT('',(437.,-1.926E+03,3.02E+03));
#4900 = LINE('',#4901,#4902);
#4901 = CARTESIAN_POINT('',(437.,-1.926E+03,3.E+03));
#4902 = VECTOR('',#4903,1.);
#4903 = DIRECTION('',(0.,0.,1.));
#4904 = ORIENTED_EDGE('',*,*,#4905,.F.);
#4905 = EDGE_CURVE('',#4882,#4898,#4906,.T.);
#4906 = LINE('',#4907,#4908);
#4907 = CARTESIAN_POINT('',(437.,-2.526E+03,3.02E+03));
#4908 = VECTOR('',#4909,1.);
#4909 = DIRECTION('',(0.,1.,0.));
#4910 = PLANE('',#4911);
#4911 = AXIS2_PLACEMENT_3D('',#4912,#4913,#4914);
#4912 = CARTESIAN_POINT('',(437.,-2.526E+03,3.E+03));
#4913 = DIRECTION('',(1.,0.,0.));
#4914 = DIRECTION('',(0.,0.,1.));
#4915 = ADVANCED_FACE('',(#4916),#4932,.F.);
#4916 = FACE_BOUND('',#4917,.F.);
#4917 = EDGE_LOOP('',(#4918,#4924,#4925,#4931));
#4918 = ORIENTED_EDGE('',*,*,#4919,.F.);
#4919 = EDGE_CURVE('',#4840,#4880,#4920,.T.);
#4920 = LINE('',#4921,#4922);
#4921 = CARTESIAN_POINT('',(-163.,-2.526E+03,3.E+03));
#4922 = VECTOR('',#4923,1.);
#4923 = DIRECTION('',(1.,0.,0.));
#4924 = ORIENTED_EDGE('',*,*,#4839,.T.);
#4925 = ORIENTED_EDGE('',*,*,#4926,.T.);
#4926 = EDGE_CURVE('',#4842,#4882,#4927,.T.);
#4927 = LINE('',#4928,#4929);
#4928 = CARTESIAN_POINT('',(-163.,-2.526E+03,3.02E+03));
#4929 = VECTOR('',#4930,1.);
#4930 = DIRECTION('',(1.,0.,0.));
#4931 = ORIENTED_EDGE('',*,*,#4879,.F.);
#4932 = PLANE('',#4933);
#4933 = AXIS2_PLACEMENT_3D('',#4934,#4935,#4936);
#4934 = CARTESIAN_POINT('',(-163.,-2.526E+03,3.E+03));
#4935 = DIRECTION('',(0.,1.,0.));
#4936 = DIRECTION('',(0.,0.,1.));
#4937 = ADVANCED_FACE('',(#4938),#4954,.T.);
#4938 = FACE_BOUND('',#4939,.T.);
#4939 = EDGE_LOOP('',(#4940,#4946,#4947,#4953));
#4940 = ORIENTED_EDGE('',*,*,#4941,.F.);
#4941 = EDGE_CURVE('',#4850,#4890,#4942,.T.);
#4942 = LINE('',#4943,#4944);
#4943 = CARTESIAN_POINT('',(-163.,-1.926E+03,3.E+03));
#4944 = VECTOR('',#4945,1.);
#4945 = DIRECTION('',(1.,0.,0.));
#4946 = ORIENTED_EDGE('',*,*,#4857,.T.);
#4947 = ORIENTED_EDGE('',*,*,#4948,.T.);
#4948 = EDGE_CURVE('',#4858,#4898,#4949,.T.);
#4949 = LINE('',#4950,#4951);
#4950 = CARTESIAN_POINT('',(-163.,-1.926E+03,3.02E+03));
#4951 = VECTOR('',#4952,1.);
#4952 = DIRECTION('',(1.,0.,0.));
#4953 = ORIENTED_EDGE('',*,*,#4897,.F.);
#4954 = PLANE('',#4955);
#4955 = AXIS2_PLACEMENT_3D('',#4956,#4957,#4958);
#4956 = CARTESIAN_POINT('',(-163.,-1.926E+03,3.E+03));
#4957 = DIRECTION('',(0.,1.,0.));
#4958 = DIRECTION('',(0.,0.,1.));
#4959 = ADVANCED_FACE('',(#4960),#4966,.F.);
#4960 = FACE_BOUND('',#4961,.F.);
#4961 = EDGE_LOOP('',(#4962,#4963,#4964,#4965));
#4962 = ORIENTED_EDGE('',*,*,#4849,.F.);
#4963 = ORIENTED_EDGE('',*,*,#4919,.T.);
#4964 = ORIENTED_EDGE('',*,*,#4889,.T.);
#4965 = ORIENTED_EDGE('',*,*,#4941,.F.);
#4966 = PLANE('',#4967);
#4967 = AXIS2_PLACEMENT_3D('',#4968,#4969,#4970);
#4968 = CARTESIAN_POINT('',(-163.,-2.526E+03,3.E+03));
#4969 = DIRECTION('',(0.,0.,1.));
#4970 = DIRECTION('',(1.,0.,0.));
#4971 = ADVANCED_FACE('',(#4972),#4978,.T.);
#4972 = FACE_BOUND('',#4973,.T.);
#4973 = EDGE_LOOP('',(#4974,#4975,#4976,#4977));
#4974 = ORIENTED_EDGE('',*,*,#4865,.F.);
#4975 = ORIENTED_EDGE('',*,*,#4926,.T.);
#4976 = ORIENTED_EDGE('',*,*,#4905,.T.);
#4977 = ORIENTED_EDGE('',*,*,#4948,.F.);
#4978 = PLANE('',#4979);
#4979 = AXIS2_PLACEMENT_3D('',#4980,#4981,#4982);
#4980 = CARTESIAN_POINT('',(-163.,-2.526E+03,3.02E+03));
#4981 = DIRECTION('',(0.,0.,1.));
#4982 = DIRECTION('',(1.,0.,0.));
#4983 = MANIFOLD_SOLID_BREP('',#4984);
#4984 = CLOSED_SHELL('',(#4985,#5025,#5065,#5087,#5109,#5121));
#4985 = ADVANCED_FACE('',(#4986),#5020,.F.);
#4986 = FACE_BOUND('',#4987,.F.);
#4987 = EDGE_LOOP('',(#4988,#4998,#5006,#5014));
#4988 = ORIENTED_EDGE('',*,*,#4989,.F.);
#4989 = EDGE_CURVE('',#4990,#4992,#4994,.T.);
#4990 = VERTEX_POINT('',#4991);
#4991 = CARTESIAN_POINT('',(-163.,-4.313E+03,3.E+03));
#4992 = VERTEX_POINT('',#4993);
#4993 = CARTESIAN_POINT('',(-163.,-4.313E+03,3.02E+03));
#4994 = LINE('',#4995,#4996);
#4995 = CARTESIAN_POINT('',(-163.,-4.313E+03,3.E+03));
#4996 = VECTOR('',#4997,1.);
#4997 = DIRECTION('',(0.,0.,1.));
#4998 = ORIENTED_EDGE('',*,*,#4999,.T.);
#4999 = EDGE_CURVE('',#4990,#5000,#5002,.T.);
#5000 = VERTEX_POINT('',#5001);
#5001 = CARTESIAN_POINT('',(-163.,-3.713E+03,3.E+03));
#5002 = LINE('',#5003,#5004);
#5003 = CARTESIAN_POINT('',(-163.,-4.313E+03,3.E+03));
#5004 = VECTOR('',#5005,1.);
#5005 = DIRECTION('',(0.,1.,0.));
#5006 = ORIENTED_EDGE('',*,*,#5007,.T.);
#5007 = EDGE_CURVE('',#5000,#5008,#5010,.T.);
#5008 = VERTEX_POINT('',#5009);
#5009 = CARTESIAN_POINT('',(-163.,-3.713E+03,3.02E+03));
#5010 = LINE('',#5011,#5012);
#5011 = CARTESIAN_POINT('',(-163.,-3.713E+03,3.E+03));
#5012 = VECTOR('',#5013,1.);
#5013 = DIRECTION('',(0.,0.,1.));
#5014 = ORIENTED_EDGE('',*,*,#5015,.F.);
#5015 = EDGE_CURVE('',#4992,#5008,#5016,.T.);
#5016 = LINE('',#5017,#5018);
#5017 = CARTESIAN_POINT('',(-163.,-4.313E+03,3.02E+03));
#5018 = VECTOR('',#5019,1.);
#5019 = DIRECTION('',(0.,1.,0.));
#5020 = PLANE('',#5021);
#5021 = AXIS2_PLACEMENT_3D('',#5022,#5023,#5024);
#5022 = CARTESIAN_POINT('',(-163.,-4.313E+03,3.E+03));
#5023 = DIRECTION('',(1.,0.,0.));
#5024 = DIRECTION('',(0.,0.,1.));
#5025 = ADVANCED_FACE('',(#5026),#5060,.T.);
#5026 = FACE_BOUND('',#5027,.T.);
#5027 = EDGE_LOOP('',(#5028,#5038,#5046,#5054));
#5028 = ORIENTED_EDGE('',*,*,#5029,.F.);
#5029 = EDGE_CURVE('',#5030,#5032,#5034,.T.);
#5030 = VERTEX_POINT('',#5031);
#5031 = CARTESIAN_POINT('',(437.,-4.313E+03,3.E+03));
#5032 = VERTEX_POINT('',#5033);
#5033 = CARTESIAN_POINT('',(437.,-4.313E+03,3.02E+03));
#5034 = LINE('',#5035,#5036);
#5035 = CARTESIAN_POINT('',(437.,-4.313E+03,3.E+03));
#5036 = VECTOR('',#5037,1.);
#5037 = DIRECTION('',(0.,0.,1.));
#5038 = ORIENTED_EDGE('',*,*,#5039,.T.);
#5039 = EDGE_CURVE('',#5030,#5040,#5042,.T.);
#5040 = VERTEX_POINT('',#5041);
#5041 = CARTESIAN_POINT('',(437.,-3.713E+03,3.E+03));
#5042 = LINE('',#5043,#5044);
#5043 = CARTESIAN_POINT('',(437.,-4.313E+03,3.E+03));
#5044 = VECTOR('',#5045,1.);
#5045 = DIRECTION('',(0.,1.,0.));
#5046 = ORIENTED_EDGE('',*,*,#5047,.T.);
#5047 = EDGE_CURVE('',#5040,#5048,#5050,.T.);
#5048 = VERTEX_POINT('',#5049);
#5049 = CARTESIAN_POINT('',(437.,-3.713E+03,3.02E+03));
#5050 = LINE('',#5051,#5052);
#5051 = CARTESIAN_POINT('',(437.,-3.713E+03,3.E+03));
#5052 = VECTOR('',#5053,1.);
#5053 = DIRECTION('',(0.,0.,1.));
#5054 = ORIENTED_EDGE('',*,*,#5055,.F.);
#5055 = EDGE_CURVE('',#5032,#5048,#5056,.T.);
#5056 = LINE('',#5057,#5058);
#5057 = CARTESIAN_POINT('',(437.,-4.313E+03,3.02E+03));
#5058 = VECTOR('',#5059,1.);
#5059 = DIRECTION('',(0.,1.,0.));
#5060 = PLANE('',#5061);
#5061 = AXIS2_PLACEMENT_3D('',#5062,#5063,#5064);
#5062 = CARTESIAN_POINT('',(437.,-4.313E+03,3.E+03));
#5063 = DIRECTION('',(1.,0.,0.));
#5064 = DIRECTION('',(0.,0.,1.));
#5065 = ADVANCED_FACE('',(#5066),#5082,.F.);
#5066 = FACE_BOUND('',#5067,.F.);
#5067 = EDGE_LOOP('',(#5068,#5074,#5075,#5081));
#5068 = ORIENTED_EDGE('',*,*,#5069,.F.);
#5069 = EDGE_CURVE('',#4990,#5030,#5070,.T.);
#5070 = LINE('',#5071,#5072);
#5071 = CARTESIAN_POINT('',(-163.,-4.313E+03,3.E+03));
#5072 = VECTOR('',#5073,1.);
#5073 = DIRECTION('',(1.,0.,0.));
#5074 = ORIENTED_EDGE('',*,*,#4989,.T.);
#5075 = ORIENTED_EDGE('',*,*,#5076,.T.);
#5076 = EDGE_CURVE('',#4992,#5032,#5077,.T.);
#5077 = LINE('',#5078,#5079);
#5078 = CARTESIAN_POINT('',(-163.,-4.313E+03,3.02E+03));
#5079 = VECTOR('',#5080,1.);
#5080 = DIRECTION('',(1.,0.,0.));
#5081 = ORIENTED_EDGE('',*,*,#5029,.F.);
#5082 = PLANE('',#5083);
#5083 = AXIS2_PLACEMENT_3D('',#5084,#5085,#5086);
#5084 = CARTESIAN_POINT('',(-163.,-4.313E+03,3.E+03));
#5085 = DIRECTION('',(0.,1.,0.));
#5086 = DIRECTION('',(0.,0.,1.));
#5087 = ADVANCED_FACE('',(#5088),#5104,.T.);
#5088 = FACE_BOUND('',#5089,.T.);
#5089 = EDGE_LOOP('',(#5090,#5096,#5097,#5103));
#5090 = ORIENTED_EDGE('',*,*,#5091,.F.);
#5091 = EDGE_CURVE('',#5000,#5040,#5092,.T.);
#5092 = LINE('',#5093,#5094);
#5093 = CARTESIAN_POINT('',(-163.,-3.713E+03,3.E+03));
#5094 = VECTOR('',#5095,1.);
#5095 = DIRECTION('',(1.,0.,0.));
#5096 = ORIENTED_EDGE('',*,*,#5007,.T.);
#5097 = ORIENTED_EDGE('',*,*,#5098,.T.);
#5098 = EDGE_CURVE('',#5008,#5048,#5099,.T.);
#5099 = LINE('',#5100,#5101);
#5100 = CARTESIAN_POINT('',(-163.,-3.713E+03,3.02E+03));
#5101 = VECTOR('',#5102,1.);
#5102 = DIRECTION('',(1.,0.,0.));
#5103 = ORIENTED_EDGE('',*,*,#5047,.F.);
#5104 = PLANE('',#5105);
#5105 = AXIS2_PLACEMENT_3D('',#5106,#5107,#5108);
#5106 = CARTESIAN_POINT('',(-163.,-3.713E+03,3.E+03));
#5107 = DIRECTION('',(0.,1.,0.));
#5108 = DIRECTION('',(0.,0.,1.));
#5109 = ADVANCED_FACE('',(#5110),#5116,.F.);
#5110 = FACE_BOUND('',#5111,.F.);
#5111 = EDGE_LOOP('',(#5112,#5113,#5114,#5115));
#5112 = ORIENTED_EDGE('',*,*,#4999,.F.);
#5113 = ORIENTED_EDGE('',*,*,#5069,.T.);
#5114 = ORIENTED_EDGE('',*,*,#5039,.T.);
#5115 = ORIENTED_EDGE('',*,*,#5091,.F.);
#5116 = PLANE('',#5117);
#5117 = AXIS2_PLACEMENT_3D('',#5118,#5119,#5120);
#5118 = CARTESIAN_POINT('',(-163.,-4.313E+03,3.E+03));
#5119 = DIRECTION('',(0.,0.,1.));
#5120 = DIRECTION('',(1.,0.,0.));
#5121 = ADVANCED_FACE('',(#5122),#5128,.T.);
#5122 = FACE_BOUND('',#5123,.T.);
#5123 = EDGE_LOOP('',(#5124,#5125,#5126,#5127));
#5124 = ORIENTED_EDGE('',*,*,#5015,.F.);
#5125 = ORIENTED_EDGE('',*,*,#5076,.T.);
#5126 = ORIENTED_EDGE('',*,*,#5055,.T.);
#5127 = ORIENTED_EDGE('',*,*,#5098,.F.);
#5128 = PLANE('',#5129);
#5129 = AXIS2_PLACEMENT_3D('',#5130,#5131,#5132);
#5130 = CARTESIAN_POINT('',(-163.,-4.313E+03,3.02E+03));
#5131 = DIRECTION('',(0.,0.,1.));
#5132 = DIRECTION('',(1.,0.,0.));
#5133 = MANIFOLD_SOLID_BREP('',#5134);
#5134 = CLOSED_SHELL('',(#5135,#5175,#5215,#5237,#5259,#5271));
#5135 = ADVANCED_FACE('',(#5136),#5170,.F.);
#5136 = FACE_BOUND('',#5137,.F.);
#5137 = EDGE_LOOP('',(#5138,#5148,#5156,#5164));
#5138 = ORIENTED_EDGE('',*,*,#5139,.F.);
#5139 = EDGE_CURVE('',#5140,#5142,#5144,.T.);
#5140 = VERTEX_POINT('',#5141);
#5141 = CARTESIAN_POINT('',(-163.,-740.,3.E+03));
#5142 = VERTEX_POINT('',#5143);
#5143 = CARTESIAN_POINT('',(-163.,-740.,3.02E+03));
#5144 = LINE('',#5145,#5146);
#5145 = CARTESIAN_POINT('',(-163.,-740.,3.E+03));
#5146 = VECTOR('',#5147,1.);
#5147 = DIRECTION('',(0.,0.,1.));
#5148 = ORIENTED_EDGE('',*,*,#5149,.T.);
#5149 = EDGE_CURVE('',#5140,#5150,#5152,.T.);
#5150 = VERTEX_POINT('',#5151);
#5151 = CARTESIAN_POINT('',(-163.,-140.,3.E+03));
#5152 = LINE('',#5153,#5154);
#5153 = CARTESIAN_POINT('',(-163.,-740.,3.E+03));
#5154 = VECTOR('',#5155,1.);
#5155 = DIRECTION('',(0.,1.,0.));
#5156 = ORIENTED_EDGE('',*,*,#5157,.T.);
#5157 = EDGE_CURVE('',#5150,#5158,#5160,.T.);
#5158 = VERTEX_POINT('',#5159);
#5159 = CARTESIAN_POINT('',(-163.,-140.,3.02E+03));
#5160 = LINE('',#5161,#5162);
#5161 = CARTESIAN_POINT('',(-163.,-140.,3.E+03));
#5162 = VECTOR('',#5163,1.);
#5163 = DIRECTION('',(0.,0.,1.));
#5164 = ORIENTED_EDGE('',*,*,#5165,.F.);
#5165 = EDGE_CURVE('',#5142,#5158,#5166,.T.);
#5166 = LINE('',#5167,#5168);
#5167 = CARTESIAN_POINT('',(-163.,-740.,3.02E+03));
#5168 = VECTOR('',#5169,1.);
#5169 = DIRECTION('',(0.,1.,0.));
#5170 = PLANE('',#5171);
#5171 = AXIS2_PLACEMENT_3D('',#5172,#5173,#5174);
#5172 = CARTESIAN_POINT('',(-163.,-740.,3.E+03));
#5173 = DIRECTION('',(1.,0.,0.));
#5174 = DIRECTION('',(0.,0.,1.));
#5175 = ADVANCED_FACE('',(#5176),#5210,.T.);
#5176 = FACE_BOUND('',#5177,.T.);
#5177 = EDGE_LOOP('',(#5178,#5188,#5196,#5204));
#5178 = ORIENTED_EDGE('',*,*,#5179,.F.);
#5179 = EDGE_CURVE('',#5180,#5182,#5184,.T.);
#5180 = VERTEX_POINT('',#5181);
#5181 = CARTESIAN_POINT('',(437.,-740.,3.E+03));
#5182 = VERTEX_POINT('',#5183);
#5183 = CARTESIAN_POINT('',(437.,-740.,3.02E+03));
#5184 = LINE('',#5185,#5186);
#5185 = CARTESIAN_POINT('',(437.,-740.,3.E+03));
#5186 = VECTOR('',#5187,1.);
#5187 = DIRECTION('',(0.,0.,1.));
#5188 = ORIENTED_EDGE('',*,*,#5189,.T.);
#5189 = EDGE_CURVE('',#5180,#5190,#5192,.T.);
#5190 = VERTEX_POINT('',#5191);
#5191 = CARTESIAN_POINT('',(437.,-140.,3.E+03));
#5192 = LINE('',#5193,#5194);
#5193 = CARTESIAN_POINT('',(437.,-740.,3.E+03));
#5194 = VECTOR('',#5195,1.);
#5195 = DIRECTION('',(0.,1.,0.));
#5196 = ORIENTED_EDGE('',*,*,#5197,.T.);
#5197 = EDGE_CURVE('',#5190,#5198,#5200,.T.);
#5198 = VERTEX_POINT('',#5199);
#5199 = CARTESIAN_POINT('',(437.,-140.,3.02E+03));
#5200 = LINE('',#5201,#5202);
#5201 = CARTESIAN_POINT('',(437.,-140.,3.E+03));
#5202 = VECTOR('',#5203,1.);
#5203 = DIRECTION('',(0.,0.,1.));
#5204 = ORIENTED_EDGE('',*,*,#5205,.F.);
#5205 = EDGE_CURVE('',#5182,#5198,#5206,.T.);
#5206 = LINE('',#5207,#5208);
#5207 = CARTESIAN_POINT('',(437.,-740.,3.02E+03));
#5208 = VECTOR('',#5209,1.);
#5209 = DIRECTION('',(0.,1.,0.));
#5210 = PLANE('',#5211);
#5211 = AXIS2_PLACEMENT_3D('',#5212,#5213,#5214);
#5212 = CARTESIAN_POINT('',(437.,-740.,3.E+03));
#5213 = DIRECTION('',(1.,0.,0.));
#5214 = DIRECTION('',(0.,0.,1.));
#5215 = ADVANCED_FACE('',(#5216),#5232,.F.);
#5216 = FACE_BOUND('',#5217,.F.);
#5217 = EDGE_LOOP('',(#5218,#5224,#5225,#5231));
#5218 = ORIENTED_EDGE('',*,*,#5219,.F.);
#5219 = EDGE_CURVE('',#5140,#5180,#5220,.T.);
#5220 = LINE('',#5221,#5222);
#5221 = CARTESIAN_POINT('',(-163.,-740.,3.E+03));
#5222 = VECTOR('',#5223,1.);
#5223 = DIRECTION('',(1.,0.,0.));
#5224 = ORIENTED_EDGE('',*,*,#5139,.T.);
#5225 = ORIENTED_EDGE('',*,*,#5226,.T.);
#5226 = EDGE_CURVE('',#5142,#5182,#5227,.T.);
#5227 = LINE('',#5228,#5229);
#5228 = CARTESIAN_POINT('',(-163.,-740.,3.02E+03));
#5229 = VECTOR('',#5230,1.);
#5230 = DIRECTION('',(1.,0.,0.));
#5231 = ORIENTED_EDGE('',*,*,#5179,.F.);
#5232 = PLANE('',#5233);
#5233 = AXIS2_PLACEMENT_3D('',#5234,#5235,#5236);
#5234 = CARTESIAN_POINT('',(-163.,-740.,3.E+03));
#5235 = DIRECTION('',(0.,1.,0.));
#5236 = DIRECTION('',(0.,0.,1.));
#5237 = ADVANCED_FACE('',(#5238),#5254,.T.);
#5238 = FACE_BOUND('',#5239,.T.);
#5239 = EDGE_LOOP('',(#5240,#5246,#5247,#5253));
#5240 = ORIENTED_EDGE('',*,*,#5241,.F.);
#5241 = EDGE_CURVE('',#5150,#5190,#5242,.T.);
#5242 = LINE('',#5243,#5244);
#5243 = CARTESIAN_POINT('',(-163.,-140.,3.E+03));
#5244 = VECTOR('',#5245,1.);
#5245 = DIRECTION('',(1.,0.,0.));
#5246 = ORIENTED_EDGE('',*,*,#5157,.T.);
#5247 = ORIENTED_EDGE('',*,*,#5248,.T.);
#5248 = EDGE_CURVE('',#5158,#5198,#5249,.T.);
#5249 = LINE('',#5250,#5251);
#5250 = CARTESIAN_POINT('',(-163.,-140.,3.02E+03));
#5251 = VECTOR('',#5252,1.);
#5252 = DIRECTION('',(1.,0.,0.));
#5253 = ORIENTED_EDGE('',*,*,#5197,.F.);
#5254 = PLANE('',#5255);
#5255 = AXIS2_PLACEMENT_3D('',#5256,#5257,#5258);
#5256 = CARTESIAN_POINT('',(-163.,-140.,3.E+03));
#5257 = DIRECTION('',(0.,1.,0.));
#5258 = DIRECTION('',(0.,0.,1.));
#5259 = ADVANCED_FACE('',(#5260),#5266,.F.);
#5260 = FACE_BOUND('',#5261,.F.);
#5261 = EDGE_LOOP('',(#5262,#5263,#5264,#5265));
#5262 = ORIENTED_EDGE('',*,*,#5149,.F.);
#5263 = ORIENTED_EDGE('',*,*,#5219,.T.);
#5264 = ORIENTED_EDGE('',*,*,#5189,.T.);
#5265 = ORIENTED_EDGE('',*,*,#5241,.F.);
#5266 = PLANE('',#5267);
#5267 = AXIS2_PLACEMENT_3D('',#5268,#5269,#5270);
#5268 = CARTESIAN_POINT('',(-163.,-740.,3.E+03));
#5269 = DIRECTION('',(0.,0.,1.));
#5270 = DIRECTION('',(1.,0.,0.));
#5271 = ADVANCED_FACE('',(#5272),#5278,.T.);
#5272 = FACE_BOUND('',#5273,.T.);
#5273 = EDGE_LOOP('',(#5274,#5275,#5276,#5277));
#5274 = ORIENTED_EDGE('',*,*,#5165,.F.);
#5275 = ORIENTED_EDGE('',*,*,#5226,.T.);
#5276 = ORIENTED_EDGE('',*,*,#5205,.T.);
#5277 = ORIENTED_EDGE('',*,*,#5248,.F.);
#5278 = PLANE('',#5279);
#5279 = AXIS2_PLACEMENT_3D('',#5280,#5281,#5282);
#5280 = CARTESIAN_POINT('',(-163.,-740.,3.02E+03));
#5281 = DIRECTION('',(0.,0.,1.));
#5282 = DIRECTION('',(1.,0.,0.));
#5283 = MANIFOLD_SOLID_BREP('',#5284);
#5284 = CLOSED_SHELL('',(#5285,#5325,#5365,#5387,#5409,#5421));
#5285 = ADVANCED_FACE('',(#5286),#5320,.F.);
#5286 = FACE_BOUND('',#5287,.F.);
#5287 = EDGE_LOOP('',(#5288,#5298,#5306,#5314));
#5288 = ORIENTED_EDGE('',*,*,#5289,.F.);
#5289 = EDGE_CURVE('',#5290,#5292,#5294,.T.);
#5290 = VERTEX_POINT('',#5291);
#5291 = CARTESIAN_POINT('',(-2.737E+03,-2.526E+03,3.E+03));
#5292 = VERTEX_POINT('',#5293);
#5293 = CARTESIAN_POINT('',(-2.737E+03,-2.526E+03,3.02E+03));
#5294 = LINE('',#5295,#5296);
#5295 = CARTESIAN_POINT('',(-2.737E+03,-2.526E+03,3.E+03));
#5296 = VECTOR('',#5297,1.);
#5297 = DIRECTION('',(0.,0.,1.));
#5298 = ORIENTED_EDGE('',*,*,#5299,.T.);
#5299 = EDGE_CURVE('',#5290,#5300,#5302,.T.);
#5300 = VERTEX_POINT('',#5301);
#5301 = CARTESIAN_POINT('',(-2.737E+03,-1.926E+03,3.E+03));
#5302 = LINE('',#5303,#5304);
#5303 = CARTESIAN_POINT('',(-2.737E+03,-2.526E+03,3.E+03));
#5304 = VECTOR('',#5305,1.);
#5305 = DIRECTION('',(0.,1.,0.));
#5306 = ORIENTED_EDGE('',*,*,#5307,.T.);
#5307 = EDGE_CURVE('',#5300,#5308,#5310,.T.);
#5308 = VERTEX_POINT('',#5309);
#5309 = CARTESIAN_POINT('',(-2.737E+03,-1.926E+03,3.02E+03));
#5310 = LINE('',#5311,#5312);
#5311 = CARTESIAN_POINT('',(-2.737E+03,-1.926E+03,3.E+03));
#5312 = VECTOR('',#5313,1.);
#5313 = DIRECTION('',(0.,0.,1.));
#5314 = ORIENTED_EDGE('',*,*,#5315,.F.);
#5315 = EDGE_CURVE('',#5292,#5308,#5316,.T.);
#5316 = LINE('',#5317,#5318);
#5317 = CARTESIAN_POINT('',(-2.737E+03,-2.526E+03,3.02E+03));
#5318 = VECTOR('',#5319,1.);
#5319 = DIRECTION('',(0.,1.,0.));
#5320 = PLANE('',#5321);
#5321 = AXIS2_PLACEMENT_3D('',#5322,#5323,#5324);
#5322 = CARTESIAN_POINT('',(-2.737E+03,-2.526E+03,3.E+03));
#5323 = DIRECTION('',(1.,0.,0.));
#5324 = DIRECTION('',(0.,0.,1.));
#5325 = ADVANCED_FACE('',(#5326),#5360,.T.);
#5326 = FACE_BOUND('',#5327,.T.);
#5327 = EDGE_LOOP('',(#5328,#5338,#5346,#5354));
#5328 = ORIENTED_EDGE('',*,*,#5329,.F.);
#5329 = EDGE_CURVE('',#5330,#5332,#5334,.T.);
#5330 = VERTEX_POINT('',#5331);
#5331 = CARTESIAN_POINT('',(-2.137E+03,-2.526E+03,3.E+03));
#5332 = VERTEX_POINT('',#5333);
#5333 = CARTESIAN_POINT('',(-2.137E+03,-2.526E+03,3.02E+03));
#5334 = LINE('',#5335,#5336);
#5335 = CARTESIAN_POINT('',(-2.137E+03,-2.526E+03,3.E+03));
#5336 = VECTOR('',#5337,1.);
#5337 = DIRECTION('',(0.,0.,1.));
#5338 = ORIENTED_EDGE('',*,*,#5339,.T.);
#5339 = EDGE_CURVE('',#5330,#5340,#5342,.T.);
#5340 = VERTEX_POINT('',#5341);
#5341 = CARTESIAN_POINT('',(-2.137E+03,-1.926E+03,3.E+03));
#5342 = LINE('',#5343,#5344);
#5343 = CARTESIAN_POINT('',(-2.137E+03,-2.526E+03,3.E+03));
#5344 = VECTOR('',#5345,1.);
#5345 = DIRECTION('',(0.,1.,0.));
#5346 = ORIENTED_EDGE('',*,*,#5347,.T.);
#5347 = EDGE_CURVE('',#5340,#5348,#5350,.T.);
#5348 = VERTEX_POINT('',#5349);
#5349 = CARTESIAN_POINT('',(-2.137E+03,-1.926E+03,3.02E+03));
#5350 = LINE('',#5351,#5352);
#5351 = CARTESIAN_POINT('',(-2.137E+03,-1.926E+03,3.E+03));
#5352 = VECTOR('',#5353,1.);
#5353 = DIRECTION('',(0.,0.,1.));
#5354 = ORIENTED_EDGE('',*,*,#5355,.F.);
#5355 = EDGE_CURVE('',#5332,#5348,#5356,.T.);
#5356 = LINE('',#5357,#5358);
#5357 = CARTESIAN_POINT('',(-2.137E+03,-2.526E+03,3.02E+03));
#5358 = VECTOR('',#5359,1.);
#5359 = DIRECTION('',(0.,1.,0.));
#5360 = PLANE('',#5361);
#5361 = AXIS2_PLACEMENT_3D('',#5362,#5363,#5364);
#5362 = CARTESIAN_POINT('',(-2.137E+03,-2.526E+03,3.E+03));
#5363 = DIRECTION('',(1.,0.,0.));
#5364 = DIRECTION('',(0.,0.,1.));
#5365 = ADVANCED_FACE('',(#5366),#5382,.F.);
#5366 = FACE_BOUND('',#5367,.F.);
#5367 = EDGE_LOOP('',(#5368,#5374,#5375,#5381));
#5368 = ORIENTED_EDGE('',*,*,#5369,.F.);
#5369 = EDGE_CURVE('',#5290,#5330,#5370,.T.);
#5370 = LINE('',#5371,#5372);
#5371 = CARTESIAN_POINT('',(-2.737E+03,-2.526E+03,3.E+03));
#5372 = VECTOR('',#5373,1.);
#5373 = DIRECTION('',(1.,0.,0.));
#5374 = ORIENTED_EDGE('',*,*,#5289,.T.);
#5375 = ORIENTED_EDGE('',*,*,#5376,.T.);
#5376 = EDGE_CURVE('',#5292,#5332,#5377,.T.);
#5377 = LINE('',#5378,#5379);
#5378 = CARTESIAN_POINT('',(-2.737E+03,-2.526E+03,3.02E+03));
#5379 = VECTOR('',#5380,1.);
#5380 = DIRECTION('',(1.,0.,0.));
#5381 = ORIENTED_EDGE('',*,*,#5329,.F.);
#5382 = PLANE('',#5383);
#5383 = AXIS2_PLACEMENT_3D('',#5384,#5385,#5386);
#5384 = CARTESIAN_POINT('',(-2.737E+03,-2.526E+03,3.E+03));
#5385 = DIRECTION('',(0.,1.,0.));
#5386 = DIRECTION('',(0.,0.,1.));
#5387 = ADVANCED_FACE('',(#5388),#5404,.T.);
#5388 = FACE_BOUND('',#5389,.T.);
#5389 = EDGE_LOOP('',(#5390,#5396,#5397,#5403));
#5390 = ORIENTED_EDGE('',*,*,#5391,.F.);
#5391 = EDGE_CURVE('',#5300,#5340,#5392,.T.);
#5392 = LINE('',#5393,#5394);
#5393 = CARTESIAN_POINT('',(-2.737E+03,-1.926E+03,3.E+03));
#5394 = VECTOR('',#5395,1.);
#5395 = DIRECTION('',(1.,0.,0.));
#5396 = ORIENTED_EDGE('',*,*,#5307,.T.);
#5397 = ORIENTED_EDGE('',*,*,#5398,.T.);
#5398 = EDGE_CURVE('',#5308,#5348,#5399,.T.);
#5399 = LINE('',#5400,#5401);
#5400 = CARTESIAN_POINT('',(-2.737E+03,-1.926E+03,3.02E+03));
#5401 = VECTOR('',#5402,1.);
#5402 = DIRECTION('',(1.,0.,0.));
#5403 = ORIENTED_EDGE('',*,*,#5347,.F.);
#5404 = PLANE('',#5405);
#5405 = AXIS2_PLACEMENT_3D('',#5406,#5407,#5408);
#5406 = CARTESIAN_POINT('',(-2.737E+03,-1.926E+03,3.E+03));
#5407 = DIRECTION('',(0.,1.,0.));
#5408 = DIRECTION('',(0.,0.,1.));
#5409 = ADVANCED_FACE('',(#5410),#5416,.F.);
#5410 = FACE_BOUND('',#5411,.F.);
#5411 = EDGE_LOOP('',(#5412,#5413,#5414,#5415));
#5412 = ORIENTED_EDGE('',*,*,#5299,.F.);
#5413 = ORIENTED_EDGE('',*,*,#5369,.T.);
#5414 = ORIENTED_EDGE('',*,*,#5339,.T.);
#5415 = ORIENTED_EDGE('',*,*,#5391,.F.);
#5416 = PLANE('',#5417);
#5417 = AXIS2_PLACEMENT_3D('',#5418,#5419,#5420);
#5418 = CARTESIAN_POINT('',(-2.737E+03,-2.526E+03,3.E+03));
#5419 = DIRECTION('',(0.,0.,1.));
#5420 = DIRECTION('',(1.,0.,0.));
#5421 = ADVANCED_FACE('',(#5422),#5428,.T.);
#5422 = FACE_BOUND('',#5423,.T.);
#5423 = EDGE_LOOP('',(#5424,#5425,#5426,#5427));
#5424 = ORIENTED_EDGE('',*,*,#5315,.F.);
#5425 = ORIENTED_EDGE('',*,*,#5376,.T.);
#5426 = ORIENTED_EDGE('',*,*,#5355,.T.);
#5427 = ORIENTED_EDGE('',*,*,#5398,.F.);
#5428 = PLANE('',#5429);
#5429 = AXIS2_PLACEMENT_3D('',#5430,#5431,#5432);
#5430 = CARTESIAN_POINT('',(-2.737E+03,-2.526E+03,3.02E+03));
#5431 = DIRECTION('',(0.,0.,1.));
#5432 = DIRECTION('',(1.,0.,0.));
#5433 = MANIFOLD_SOLID_BREP('',#5434);
#5434 = CLOSED_SHELL('',(#5435,#5475,#5515,#5537,#5559,#5571));
#5435 = ADVANCED_FACE('',(#5436),#5470,.F.);
#5436 = FACE_BOUND('',#5437,.F.);
#5437 = EDGE_LOOP('',(#5438,#5448,#5456,#5464));
#5438 = ORIENTED_EDGE('',*,*,#5439,.F.);
#5439 = EDGE_CURVE('',#5440,#5442,#5444,.T.);
#5440 = VERTEX_POINT('',#5441);
#5441 = CARTESIAN_POINT('',(2.41E+03,-2.526E+03,3.E+03));
#5442 = VERTEX_POINT('',#5443);
#5443 = CARTESIAN_POINT('',(2.41E+03,-2.526E+03,3.02E+03));
#5444 = LINE('',#5445,#5446);
#5445 = CARTESIAN_POINT('',(2.41E+03,-2.526E+03,3.E+03));
#5446 = VECTOR('',#5447,1.);
#5447 = DIRECTION('',(0.,0.,1.));
#5448 = ORIENTED_EDGE('',*,*,#5449,.T.);
#5449 = EDGE_CURVE('',#5440,#5450,#5452,.T.);
#5450 = VERTEX_POINT('',#5451);
#5451 = CARTESIAN_POINT('',(2.41E+03,-1.926E+03,3.E+03));
#5452 = LINE('',#5453,#5454);
#5453 = CARTESIAN_POINT('',(2.41E+03,-2.526E+03,3.E+03));
#5454 = VECTOR('',#5455,1.);
#5455 = DIRECTION('',(0.,1.,0.));
#5456 = ORIENTED_EDGE('',*,*,#5457,.T.);
#5457 = EDGE_CURVE('',#5450,#5458,#5460,.T.);
#5458 = VERTEX_POINT('',#5459);
#5459 = CARTESIAN_POINT('',(2.41E+03,-1.926E+03,3.02E+03));
#5460 = LINE('',#5461,#5462);
#5461 = CARTESIAN_POINT('',(2.41E+03,-1.926E+03,3.E+03));
#5462 = VECTOR('',#5463,1.);
#5463 = DIRECTION('',(0.,0.,1.));
#5464 = ORIENTED_EDGE('',*,*,#5465,.F.);
#5465 = EDGE_CURVE('',#5442,#5458,#5466,.T.);
#5466 = LINE('',#5467,#5468);
#5467 = CARTESIAN_POINT('',(2.41E+03,-2.526E+03,3.02E+03));
#5468 = VECTOR('',#5469,1.);
#5469 = DIRECTION('',(0.,1.,0.));
#5470 = PLANE('',#5471);
#5471 = AXIS2_PLACEMENT_3D('',#5472,#5473,#5474);
#5472 = CARTESIAN_POINT('',(2.41E+03,-2.526E+03,3.E+03));
#5473 = DIRECTION('',(1.,0.,0.));
#5474 = DIRECTION('',(0.,0.,1.));
#5475 = ADVANCED_FACE('',(#5476),#5510,.T.);
#5476 = FACE_BOUND('',#5477,.T.);
#5477 = EDGE_LOOP('',(#5478,#5488,#5496,#5504));
#5478 = ORIENTED_EDGE('',*,*,#5479,.F.);
#5479 = EDGE_CURVE('',#5480,#5482,#5484,.T.);
#5480 = VERTEX_POINT('',#5481);
#5481 = CARTESIAN_POINT('',(3.01E+03,-2.526E+03,3.E+03));
#5482 = VERTEX_POINT('',#5483);
#5483 = CARTESIAN_POINT('',(3.01E+03,-2.526E+03,3.02E+03));
#5484 = LINE('',#5485,#5486);
#5485 = CARTESIAN_POINT('',(3.01E+03,-2.526E+03,3.E+03));
#5486 = VECTOR('',#5487,1.);
#5487 = DIRECTION('',(0.,0.,1.));
#5488 = ORIENTED_EDGE('',*,*,#5489,.T.);
#5489 = EDGE_CURVE('',#5480,#5490,#5492,.T.);
#5490 = VERTEX_POINT('',#5491);
#5491 = CARTESIAN_POINT('',(3.01E+03,-1.926E+03,3.E+03));
#5492 = LINE('',#5493,#5494);
#5493 = CARTESIAN_POINT('',(3.01E+03,-2.526E+03,3.E+03));
#5494 = VECTOR('',#5495,1.);
#5495 = DIRECTION('',(0.,1.,0.));
#5496 = ORIENTED_EDGE('',*,*,#5497,.T.);
#5497 = EDGE_CURVE('',#5490,#5498,#5500,.T.);
#5498 = VERTEX_POINT('',#5499);
#5499 = CARTESIAN_POINT('',(3.01E+03,-1.926E+03,3.02E+03));
#5500 = LINE('',#5501,#5502);
#5501 = CARTESIAN_POINT('',(3.01E+03,-1.926E+03,3.E+03));
#5502 = VECTOR('',#5503,1.);
#5503 = DIRECTION('',(0.,0.,1.));
#5504 = ORIENTED_EDGE('',*,*,#5505,.F.);
#5505 = EDGE_CURVE('',#5482,#5498,#5506,.T.);
#5506 = LINE('',#5507,#5508);
#5507 = CARTESIAN_POINT('',(3.01E+03,-2.526E+03,3.02E+03));
#5508 = VECTOR('',#5509,1.);
#5509 = DIRECTION('',(0.,1.,0.));
#5510 = PLANE('',#5511);
#5511 = AXIS2_PLACEMENT_3D('',#5512,#5513,#5514);
#5512 = CARTESIAN_POINT('',(3.01E+03,-2.526E+03,3.E+03));
#5513 = DIRECTION('',(1.,0.,0.));
#5514 = DIRECTION('',(0.,0.,1.));
#5515 = ADVANCED_FACE('',(#5516),#5532,.F.);
#5516 = FACE_BOUND('',#5517,.F.);
#5517 = EDGE_LOOP('',(#5518,#5524,#5525,#5531));
#5518 = ORIENTED_EDGE('',*,*,#5519,.F.);
#5519 = EDGE_CURVE('',#5440,#5480,#5520,.T.);
#5520 = LINE('',#5521,#5522);
#5521 = CARTESIAN_POINT('',(2.41E+03,-2.526E+03,3.E+03));
#5522 = VECTOR('',#5523,1.);
#5523 = DIRECTION('',(1.,0.,0.));
#5524 = ORIENTED_EDGE('',*,*,#5439,.T.);
#5525 = ORIENTED_EDGE('',*,*,#5526,.T.);
#5526 = EDGE_CURVE('',#5442,#5482,#5527,.T.);
#5527 = LINE('',#5528,#5529);
#5528 = CARTESIAN_POINT('',(2.41E+03,-2.526E+03,3.02E+03));
#5529 = VECTOR('',#5530,1.);
#5530 = DIRECTION('',(1.,0.,0.));
#5531 = ORIENTED_EDGE('',*,*,#5479,.F.);
#5532 = PLANE('',#5533);
#5533 = AXIS2_PLACEMENT_3D('',#5534,#5535,#5536);
#5534 = CARTESIAN_POINT('',(2.41E+03,-2.526E+03,3.E+03));
#5535 = DIRECTION('',(0.,1.,0.));
#5536 = DIRECTION('',(0.,0.,1.));
#5537 = ADVANCED_FACE('',(#5538),#5554,.T.);
#5538 = FACE_BOUND('',#5539,.T.);
#5539 = EDGE_LOOP('',(#5540,#5546,#5547,#5553));
#5540 = ORIENTED_EDGE('',*,*,#5541,.F.);
#5541 = EDGE_CURVE('',#5450,#5490,#5542,.T.);
#5542 = LINE('',#5543,#5544);
#5543 = CARTESIAN_POINT('',(2.41E+03,-1.926E+03,3.E+03));
#5544 = VECTOR('',#5545,1.);
#5545 = DIRECTION('',(1.,0.,0.));
#5546 = ORIENTED_EDGE('',*,*,#5457,.T.);
#5547 = ORIENTED_EDGE('',*,*,#5548,.T.);
#5548 = EDGE_CURVE('',#5458,#5498,#5549,.T.);
#5549 = LINE('',#5550,#5551);
#5550 = CARTESIAN_POINT('',(2.41E+03,-1.926E+03,3.02E+03));
#5551 = VECTOR('',#5552,1.);
#5552 = DIRECTION('',(1.,0.,0.));
#5553 = ORIENTED_EDGE('',*,*,#5497,.F.);
#5554 = PLANE('',#5555);
#5555 = AXIS2_PLACEMENT_3D('',#5556,#5557,#5558);
#5556 = CARTESIAN_POINT('',(2.41E+03,-1.926E+03,3.E+03));
#5557 = DIRECTION('',(0.,1.,0.));
#5558 = DIRECTION('',(0.,0.,1.));
#5559 = ADVANCED_FACE('',(#5560),#5566,.F.);
#5560 = FACE_BOUND('',#5561,.F.);
#5561 = EDGE_LOOP('',(#5562,#5563,#5564,#5565));
#5562 = ORIENTED_EDGE('',*,*,#5449,.F.);
#5563 = ORIENTED_EDGE('',*,*,#5519,.T.);
#5564 = ORIENTED_EDGE('',*,*,#5489,.T.);
#5565 = ORIENTED_EDGE('',*,*,#5541,.F.);
#5566 = PLANE('',#5567);
#5567 = AXIS2_PLACEMENT_3D('',#5568,#5569,#5570);
#5568 = CARTESIAN_POINT('',(2.41E+03,-2.526E+03,3.E+03));
#5569 = DIRECTION('',(0.,0.,1.));
#5570 = DIRECTION('',(1.,0.,0.));
#5571 = ADVANCED_FACE('',(#5572),#5578,.T.);
#5572 = FACE_BOUND('',#5573,.T.);
#5573 = EDGE_LOOP('',(#5574,#5575,#5576,#5577));
#5574 = ORIENTED_EDGE('',*,*,#5465,.F.);
#5575 = ORIENTED_EDGE('',*,*,#5526,.T.);
#5576 = ORIENTED_EDGE('',*,*,#5505,.T.);
#5577 = ORIENTED_EDGE('',*,*,#5548,.F.);
#5578 = PLANE('',#5579);
#5579 = AXIS2_PLACEMENT_3D('',#5580,#5581,#5582);
#5580 = CARTESIAN_POINT('',(2.41E+03,-2.526E+03,3.02E+03));
#5581 = DIRECTION('',(0.,0.,1.));
#5582 = DIRECTION('',(1.,0.,0.));
#5583 = MANIFOLD_SOLID_BREP('',#5584);
#5584 = CLOSED_SHELL('',(#5585,#5625,#5665,#5687,#5709,#5721));
#5585 = ADVANCED_FACE('',(#5586),#5620,.F.);
#5586 = FACE_BOUND('',#5587,.F.);
#5587 = EDGE_LOOP('',(#5588,#5598,#5606,#5614));
#5588 = ORIENTED_EDGE('',*,*,#5589,.F.);
#5589 = EDGE_CURVE('',#5590,#5592,#5594,.T.);
#5590 = VERTEX_POINT('',#5591);
#5591 = CARTESIAN_POINT('',(-2.737E+03,-4.313E+03,3.E+03));
#5592 = VERTEX_POINT('',#5593);
#5593 = CARTESIAN_POINT('',(-2.737E+03,-4.313E+03,3.02E+03));
#5594 = LINE('',#5595,#5596);
#5595 = CARTESIAN_POINT('',(-2.737E+03,-4.313E+03,3.E+03));
#5596 = VECTOR('',#5597,1.);
#5597 = DIRECTION('',(0.,0.,1.));
#5598 = ORIENTED_EDGE('',*,*,#5599,.T.);
#5599 = EDGE_CURVE('',#5590,#5600,#5602,.T.);
#5600 = VERTEX_POINT('',#5601);
#5601 = CARTESIAN_POINT('',(-2.737E+03,-3.713E+03,3.E+03));
#5602 = LINE('',#5603,#5604);
#5603 = CARTESIAN_POINT('',(-2.737E+03,-4.313E+03,3.E+03));
#5604 = VECTOR('',#5605,1.);
#5605 = DIRECTION('',(0.,1.,0.));
#5606 = ORIENTED_EDGE('',*,*,#5607,.T.);
#5607 = EDGE_CURVE('',#5600,#5608,#5610,.T.);
#5608 = VERTEX_POINT('',#5609);
#5609 = CARTESIAN_POINT('',(-2.737E+03,-3.713E+03,3.02E+03));
#5610 = LINE('',#5611,#5612);
#5611 = CARTESIAN_POINT('',(-2.737E+03,-3.713E+03,3.E+03));
#5612 = VECTOR('',#5613,1.);
#5613 = DIRECTION('',(0.,0.,1.));
#5614 = ORIENTED_EDGE('',*,*,#5615,.F.);
#5615 = EDGE_CURVE('',#5592,#5608,#5616,.T.);
#5616 = LINE('',#5617,#5618);
#5617 = CARTESIAN_POINT('',(-2.737E+03,-4.313E+03,3.02E+03));
#5618 = VECTOR('',#5619,1.);
#5619 = DIRECTION('',(0.,1.,0.));
#5620 = PLANE('',#5621);
#5621 = AXIS2_PLACEMENT_3D('',#5622,#5623,#5624);
#5622 = CARTESIAN_POINT('',(-2.737E+03,-4.313E+03,3.E+03));
#5623 = DIRECTION('',(1.,0.,0.));
#5624 = DIRECTION('',(0.,0.,1.));
#5625 = ADVANCED_FACE('',(#5626),#5660,.T.);
#5626 = FACE_BOUND('',#5627,.T.);
#5627 = EDGE_LOOP('',(#5628,#5638,#5646,#5654));
#5628 = ORIENTED_EDGE('',*,*,#5629,.F.);
#5629 = EDGE_CURVE('',#5630,#5632,#5634,.T.);
#5630 = VERTEX_POINT('',#5631);
#5631 = CARTESIAN_POINT('',(-2.137E+03,-4.313E+03,3.E+03));
#5632 = VERTEX_POINT('',#5633);
#5633 = CARTESIAN_POINT('',(-2.137E+03,-4.313E+03,3.02E+03));
#5634 = LINE('',#5635,#5636);
#5635 = CARTESIAN_POINT('',(-2.137E+03,-4.313E+03,3.E+03));
#5636 = VECTOR('',#5637,1.);
#5637 = DIRECTION('',(0.,0.,1.));
#5638 = ORIENTED_EDGE('',*,*,#5639,.T.);
#5639 = EDGE_CURVE('',#5630,#5640,#5642,.T.);
#5640 = VERTEX_POINT('',#5641);
#5641 = CARTESIAN_POINT('',(-2.137E+03,-3.713E+03,3.E+03));
#5642 = LINE('',#5643,#5644);
#5643 = CARTESIAN_POINT('',(-2.137E+03,-4.313E+03,3.E+03));
#5644 = VECTOR('',#5645,1.);
#5645 = DIRECTION('',(0.,1.,0.));
#5646 = ORIENTED_EDGE('',*,*,#5647,.T.);
#5647 = EDGE_CURVE('',#5640,#5648,#5650,.T.);
#5648 = VERTEX_POINT('',#5649);
#5649 = CARTESIAN_POINT('',(-2.137E+03,-3.713E+03,3.02E+03));
#5650 = LINE('',#5651,#5652);
#5651 = CARTESIAN_POINT('',(-2.137E+03,-3.713E+03,3.E+03));
#5652 = VECTOR('',#5653,1.);
#5653 = DIRECTION('',(0.,0.,1.));
#5654 = ORIENTED_EDGE('',*,*,#5655,.F.);
#5655 = EDGE_CURVE('',#5632,#5648,#5656,.T.);
#5656 = LINE('',#5657,#5658);
#5657 = CARTESIAN_POINT('',(-2.137E+03,-4.313E+03,3.02E+03));
#5658 = VECTOR('',#5659,1.);
#5659 = DIRECTION('',(0.,1.,0.));
#5660 = PLANE('',#5661);
#5661 = AXIS2_PLACEMENT_3D('',#5662,#5663,#5664);
#5662 = CARTESIAN_POINT('',(-2.137E+03,-4.313E+03,3.E+03));
#5663 = DIRECTION('',(1.,0.,0.));
#5664 = DIRECTION('',(0.,0.,1.));
#5665 = ADVANCED_FACE('',(#5666),#5682,.F.);
#5666 = FACE_BOUND('',#5667,.F.);
#5667 = EDGE_LOOP('',(#5668,#5674,#5675,#5681));
#5668 = ORIENTED_EDGE('',*,*,#5669,.F.);
#5669 = EDGE_CURVE('',#5590,#5630,#5670,.T.);
#5670 = LINE('',#5671,#5672);
#5671 = CARTESIAN_POINT('',(-2.737E+03,-4.313E+03,3.E+03));
#5672 = VECTOR('',#5673,1.);
#5673 = DIRECTION('',(1.,0.,0.));
#5674 = ORIENTED_EDGE('',*,*,#5589,.T.);
#5675 = ORIENTED_EDGE('',*,*,#5676,.T.);
#5676 = EDGE_CURVE('',#5592,#5632,#5677,.T.);
#5677 = LINE('',#5678,#5679);
#5678 = CARTESIAN_POINT('',(-2.737E+03,-4.313E+03,3.02E+03));
#5679 = VECTOR('',#5680,1.);
#5680 = DIRECTION('',(1.,0.,0.));
#5681 = ORIENTED_EDGE('',*,*,#5629,.F.);
#5682 = PLANE('',#5683);
#5683 = AXIS2_PLACEMENT_3D('',#5684,#5685,#5686);
#5684 = CARTESIAN_POINT('',(-2.737E+03,-4.313E+03,3.E+03));
#5685 = DIRECTION('',(0.,1.,0.));
#5686 = DIRECTION('',(0.,0.,1.));
#5687 = ADVANCED_FACE('',(#5688),#5704,.T.);
#5688 = FACE_BOUND('',#5689,.T.);
#5689 = EDGE_LOOP('',(#5690,#5696,#5697,#5703));
#5690 = ORIENTED_EDGE('',*,*,#5691,.F.);
#5691 = EDGE_CURVE('',#5600,#5640,#5692,.T.);
#5692 = LINE('',#5693,#5694);
#5693 = CARTESIAN_POINT('',(-2.737E+03,-3.713E+03,3.E+03));
#5694 = VECTOR('',#5695,1.);
#5695 = DIRECTION('',(1.,0.,0.));
#5696 = ORIENTED_EDGE('',*,*,#5607,.T.);
#5697 = ORIENTED_EDGE('',*,*,#5698,.T.);
#5698 = EDGE_CURVE('',#5608,#5648,#5699,.T.);
#5699 = LINE('',#5700,#5701);
#5700 = CARTESIAN_POINT('',(-2.737E+03,-3.713E+03,3.02E+03));
#5701 = VECTOR('',#5702,1.);
#5702 = DIRECTION('',(1.,0.,0.));
#5703 = ORIENTED_EDGE('',*,*,#5647,.F.);
#5704 = PLANE('',#5705);
#5705 = AXIS2_PLACEMENT_3D('',#5706,#5707,#5708);
#5706 = CARTESIAN_POINT('',(-2.737E+03,-3.713E+03,3.E+03));
#5707 = DIRECTION('',(0.,1.,0.));
#5708 = DIRECTION('',(0.,0.,1.));
#5709 = ADVANCED_FACE('',(#5710),#5716,.F.);
#5710 = FACE_BOUND('',#5711,.F.);
#5711 = EDGE_LOOP('',(#5712,#5713,#5714,#5715));
#5712 = ORIENTED_EDGE('',*,*,#5599,.F.);
#5713 = ORIENTED_EDGE('',*,*,#5669,.T.);
#5714 = ORIENTED_EDGE('',*,*,#5639,.T.);
#5715 = ORIENTED_EDGE('',*,*,#5691,.F.);
#5716 = PLANE('',#5717);
#5717 = AXIS2_PLACEMENT_3D('',#5718,#5719,#5720);
#5718 = CARTESIAN_POINT('',(-2.737E+03,-4.313E+03,3.E+03));
#5719 = DIRECTION('',(0.,0.,1.));
#5720 = DIRECTION('',(1.,0.,0.));
#5721 = ADVANCED_FACE('',(#5722),#5728,.T.);
#5722 = FACE_BOUND('',#5723,.T.);
#5723 = EDGE_LOOP('',(#5724,#5725,#5726,#5727));
#5724 = ORIENTED_EDGE('',*,*,#5615,.F.);
#5725 = ORIENTED_EDGE('',*,*,#5676,.T.);
#5726 = ORIENTED_EDGE('',*,*,#5655,.T.);
#5727 = ORIENTED_EDGE('',*,*,#5698,.F.);
#5728 = PLANE('',#5729);
#5729 = AXIS2_PLACEMENT_3D('',#5730,#5731,#5732);
#5730 = CARTESIAN_POINT('',(-2.737E+03,-4.313E+03,3.02E+03));
#5731 = DIRECTION('',(0.,0.,1.));
#5732 = DIRECTION('',(1.,0.,0.));
#5733 = MANIFOLD_SOLID_BREP('',#5734);
#5734 = CLOSED_SHELL('',(#5735,#5775,#5815,#5837,#5859,#5871));
#5735 = ADVANCED_FACE('',(#5736),#5770,.F.);
#5736 = FACE_BOUND('',#5737,.F.);
#5737 = EDGE_LOOP('',(#5738,#5748,#5756,#5764));
#5738 = ORIENTED_EDGE('',*,*,#5739,.F.);
#5739 = EDGE_CURVE('',#5740,#5742,#5744,.T.);
#5740 = VERTEX_POINT('',#5741);
#5741 = CARTESIAN_POINT('',(-2.737E+03,-740.,3.E+03));
#5742 = VERTEX_POINT('',#5743);
#5743 = CARTESIAN_POINT('',(-2.737E+03,-740.,3.02E+03));
#5744 = LINE('',#5745,#5746);
#5745 = CARTESIAN_POINT('',(-2.737E+03,-740.,3.E+03));
#5746 = VECTOR('',#5747,1.);
#5747 = DIRECTION('',(0.,0.,1.));
#5748 = ORIENTED_EDGE('',*,*,#5749,.T.);
#5749 = EDGE_CURVE('',#5740,#5750,#5752,.T.);
#5750 = VERTEX_POINT('',#5751);
#5751 = CARTESIAN_POINT('',(-2.737E+03,-140.,3.E+03));
#5752 = LINE('',#5753,#5754);
#5753 = CARTESIAN_POINT('',(-2.737E+03,-740.,3.E+03));
#5754 = VECTOR('',#5755,1.);
#5755 = DIRECTION('',(0.,1.,0.));
#5756 = ORIENTED_EDGE('',*,*,#5757,.T.);
#5757 = EDGE_CURVE('',#5750,#5758,#5760,.T.);
#5758 = VERTEX_POINT('',#5759);
#5759 = CARTESIAN_POINT('',(-2.737E+03,-140.,3.02E+03));
#5760 = LINE('',#5761,#5762);
#5761 = CARTESIAN_POINT('',(-2.737E+03,-140.,3.E+03));
#5762 = VECTOR('',#5763,1.);
#5763 = DIRECTION('',(0.,0.,1.));
#5764 = ORIENTED_EDGE('',*,*,#5765,.F.);
#5765 = EDGE_CURVE('',#5742,#5758,#5766,.T.);
#5766 = LINE('',#5767,#5768);
#5767 = CARTESIAN_POINT('',(-2.737E+03,-740.,3.02E+03));
#5768 = VECTOR('',#5769,1.);
#5769 = DIRECTION('',(0.,1.,0.));
#5770 = PLANE('',#5771);
#5771 = AXIS2_PLACEMENT_3D('',#5772,#5773,#5774);
#5772 = CARTESIAN_POINT('',(-2.737E+03,-740.,3.E+03));
#5773 = DIRECTION('',(1.,0.,0.));
#5774 = DIRECTION('',(0.,0.,1.));
#5775 = ADVANCED_FACE('',(#5776),#5810,.T.);
#5776 = FACE_BOUND('',#5777,.T.);
#5777 = EDGE_LOOP('',(#5778,#5788,#5796,#5804));
#5778 = ORIENTED_EDGE('',*,*,#5779,.F.);
#5779 = EDGE_CURVE('',#5780,#5782,#5784,.T.);
#5780 = VERTEX_POINT('',#5781);
#5781 = CARTESIAN_POINT('',(-2.137E+03,-740.,3.E+03));
#5782 = VERTEX_POINT('',#5783);
#5783 = CARTESIAN_POINT('',(-2.137E+03,-740.,3.02E+03));
#5784 = LINE('',#5785,#5786);
#5785 = CARTESIAN_POINT('',(-2.137E+03,-740.,3.E+03));
#5786 = VECTOR('',#5787,1.);
#5787 = DIRECTION('',(0.,0.,1.));
#5788 = ORIENTED_EDGE('',*,*,#5789,.T.);
#5789 = EDGE_CURVE('',#5780,#5790,#5792,.T.);
#5790 = VERTEX_POINT('',#5791);
#5791 = CARTESIAN_POINT('',(-2.137E+03,-140.,3.E+03));
#5792 = LINE('',#5793,#5794);
#5793 = CARTESIAN_POINT('',(-2.137E+03,-740.,3.E+03));
#5794 = VECTOR('',#5795,1.);
#5795 = DIRECTION('',(0.,1.,0.));
#5796 = ORIENTED_EDGE('',*,*,#5797,.T.);
#5797 = EDGE_CURVE('',#5790,#5798,#5800,.T.);
#5798 = VERTEX_POINT('',#5799);
#5799 = CARTESIAN_POINT('',(-2.137E+03,-140.,3.02E+03));
#5800 = LINE('',#5801,#5802);
#5801 = CARTESIAN_POINT('',(-2.137E+03,-140.,3.E+03));
#5802 = VECTOR('',#5803,1.);
#5803 = DIRECTION('',(0.,0.,1.));
#5804 = ORIENTED_EDGE('',*,*,#5805,.F.);
#5805 = EDGE_CURVE('',#5782,#5798,#5806,.T.);
#5806 = LINE('',#5807,#5808);
#5807 = CARTESIAN_POINT('',(-2.137E+03,-740.,3.02E+03));
#5808 = VECTOR('',#5809,1.);
#5809 = DIRECTION('',(0.,1.,0.));
#5810 = PLANE('',#5811);
#5811 = AXIS2_PLACEMENT_3D('',#5812,#5813,#5814);
#5812 = CARTESIAN_POINT('',(-2.137E+03,-740.,3.E+03));
#5813 = DIRECTION('',(1.,0.,0.));
#5814 = DIRECTION('',(0.,0.,1.));
#5815 = ADVANCED_FACE('',(#5816),#5832,.F.);
#5816 = FACE_BOUND('',#5817,.F.);
#5817 = EDGE_LOOP('',(#5818,#5824,#5825,#5831));
#5818 = ORIENTED_EDGE('',*,*,#5819,.F.);
#5819 = EDGE_CURVE('',#5740,#5780,#5820,.T.);
#5820 = LINE('',#5821,#5822);
#5821 = CARTESIAN_POINT('',(-2.737E+03,-740.,3.E+03));
#5822 = VECTOR('',#5823,1.);
#5823 = DIRECTION('',(1.,0.,0.));
#5824 = ORIENTED_EDGE('',*,*,#5739,.T.);
#5825 = ORIENTED_EDGE('',*,*,#5826,.T.);
#5826 = EDGE_CURVE('',#5742,#5782,#5827,.T.);
#5827 = LINE('',#5828,#5829);
#5828 = CARTESIAN_POINT('',(-2.737E+03,-740.,3.02E+03));
#5829 = VECTOR('',#5830,1.);
#5830 = DIRECTION('',(1.,0.,0.));
#5831 = ORIENTED_EDGE('',*,*,#5779,.F.);
#5832 = PLANE('',#5833);
#5833 = AXIS2_PLACEMENT_3D('',#5834,#5835,#5836);
#5834 = CARTESIAN_POINT('',(-2.737E+03,-740.,3.E+03));
#5835 = DIRECTION('',(0.,1.,0.));
#5836 = DIRECTION('',(0.,0.,1.));
#5837 = ADVANCED_FACE('',(#5838),#5854,.T.);
#5838 = FACE_BOUND('',#5839,.T.);
#5839 = EDGE_LOOP('',(#5840,#5846,#5847,#5853));
#5840 = ORIENTED_EDGE('',*,*,#5841,.F.);
#5841 = EDGE_CURVE('',#5750,#5790,#5842,.T.);
#5842 = LINE('',#5843,#5844);
#5843 = CARTESIAN_POINT('',(-2.737E+03,-140.,3.E+03));
#5844 = VECTOR('',#5845,1.);
#5845 = DIRECTION('',(1.,0.,0.));
#5846 = ORIENTED_EDGE('',*,*,#5757,.T.);
#5847 = ORIENTED_EDGE('',*,*,#5848,.T.);
#5848 = EDGE_CURVE('',#5758,#5798,#5849,.T.);
#5849 = LINE('',#5850,#5851);
#5850 = CARTESIAN_POINT('',(-2.737E+03,-140.,3.02E+03));
#5851 = VECTOR('',#5852,1.);
#5852 = DIRECTION('',(1.,0.,0.));
#5853 = ORIENTED_EDGE('',*,*,#5797,.F.);
#5854 = PLANE('',#5855);
#5855 = AXIS2_PLACEMENT_3D('',#5856,#5857,#5858);
#5856 = CARTESIAN_POINT('',(-2.737E+03,-140.,3.E+03));
#5857 = DIRECTION('',(0.,1.,0.));
#5858 = DIRECTION('',(0.,0.,1.));
#5859 = ADVANCED_FACE('',(#5860),#5866,.F.);
#5860 = FACE_BOUND('',#5861,.F.);
#5861 = EDGE_LOOP('',(#5862,#5863,#5864,#5865));
#5862 = ORIENTED_EDGE('',*,*,#5749,.F.);
#5863 = ORIENTED_EDGE('',*,*,#5819,.T.);
#5864 = ORIENTED_EDGE('',*,*,#5789,.T.);
#5865 = ORIENTED_EDGE('',*,*,#5841,.F.);
#5866 = PLANE('',#5867);
#5867 = AXIS2_PLACEMENT_3D('',#5868,#5869,#5870);
#5868 = CARTESIAN_POINT('',(-2.737E+03,-740.,3.E+03));
#5869 = DIRECTION('',(0.,0.,1.));
#5870 = DIRECTION('',(1.,0.,0.));
#5871 = ADVANCED_FACE('',(#5872),#5878,.T.);
#5872 = FACE_BOUND('',#5873,.T.);
#5873 = EDGE_LOOP('',(#5874,#5875,#5876,#5877));
#5874 = ORIENTED_EDGE('',*,*,#5765,.F.);
#5875 = ORIENTED_EDGE('',*,*,#5826,.T.);
#5876 = ORIENTED_EDGE('',*,*,#5805,.T.);
#5877 = ORIENTED_EDGE('',*,*,#5848,.F.);
#5878 = PLANE('',#5879);
#5879 = AXIS2_PLACEMENT_3D('',#5880,#5881,#5882);
#5880 = CARTESIAN_POINT('',(-2.737E+03,-740.,3.02E+03));
#5881 = DIRECTION('',(0.,0.,1.));
#5882 = DIRECTION('',(1.,0.,0.));
#5883 = MANIFOLD_SOLID_BREP('',#5884);
#5884 = CLOSED_SHELL('',(#5885,#5918,#5927));
#5885 = ADVANCED_FACE('',(#5886),#5913,.T.);
#5886 = FACE_BOUND('',#5887,.T.);
#5887 = EDGE_LOOP('',(#5888,#5897,#5905,#5912));
#5888 = ORIENTED_EDGE('',*,*,#5889,.F.);
#5889 = EDGE_CURVE('',#5890,#5890,#5892,.T.);
#5890 = VERTEX_POINT('',#5891);
#5891 = CARTESIAN_POINT('',(737.,-3.418E+03,2.92E+03));
#5892 = CIRCLE('',#5893,600.);
#5893 = AXIS2_PLACEMENT_3D('',#5894,#5895,#5896);
#5894 = CARTESIAN_POINT('',(137.,-3.418E+03,2.92E+03));
#5895 = DIRECTION('',(0.,0.,1.));
#5896 = DIRECTION('',(1.,0.,0.));
#5897 = ORIENTED_EDGE('',*,*,#5898,.F.);
#5898 = EDGE_CURVE('',#5899,#5890,#5901,.T.);
#5899 = VERTEX_POINT('',#5900);
#5900 = CARTESIAN_POINT('',(737.,-3.418E+03,2.9E+03));
#5901 = LINE('',#5902,#5903);
#5902 = CARTESIAN_POINT('',(737.,-3.418E+03,2.9E+03));
#5903 = VECTOR('',#5904,1.);
#5904 = DIRECTION('',(0.,0.,1.));
#5905 = ORIENTED_EDGE('',*,*,#5906,.T.);
#5906 = EDGE_CURVE('',#5899,#5899,#5907,.T.);
#5907 = CIRCLE('',#5908,600.);
#5908 = AXIS2_PLACEMENT_3D('',#5909,#5910,#5911);
#5909 = CARTESIAN_POINT('',(137.,-3.418E+03,2.9E+03));
#5910 = DIRECTION('',(0.,0.,1.));
#5911 = DIRECTION('',(1.,0.,0.));
#5912 = ORIENTED_EDGE('',*,*,#5898,.T.);
#5913 = CYLINDRICAL_SURFACE('',#5914,600.);
#5914 = AXIS2_PLACEMENT_3D('',#5915,#5916,#5917);
#5915 = CARTESIAN_POINT('',(137.,-3.418E+03,2.9E+03));
#5916 = DIRECTION('',(0.,0.,1.));
#5917 = DIRECTION('',(1.,0.,0.));
#5918 = ADVANCED_FACE('',(#5919),#5922,.T.);
#5919 = FACE_BOUND('',#5920,.T.);
#5920 = EDGE_LOOP('',(#5921));
#5921 = ORIENTED_EDGE('',*,*,#5889,.T.);
#5922 = PLANE('',#5923);
#5923 = AXIS2_PLACEMENT_3D('',#5924,#5925,#5926);
#5924 = CARTESIAN_POINT('',(137.,-3.418E+03,2.92E+03));
#5925 = DIRECTION('',(0.,0.,1.));
#5926 = DIRECTION('',(1.,0.,0.));
#5927 = ADVANCED_FACE('',(#5928),#5931,.F.);
#5928 = FACE_BOUND('',#5929,.T.);
#5929 = EDGE_LOOP('',(#5930));
#5930 = ORIENTED_EDGE('',*,*,#5906,.F.);
#5931 = PLANE('',#5932);
#5932 = AXIS2_PLACEMENT_3D('',#5933,#5934,#5935);
#5933 = CARTESIAN_POINT('',(137.,-3.418E+03,2.9E+03));
#5934 = DIRECTION('',(0.,0.,1.));
#5935 = DIRECTION('',(1.,0.,0.));
#5936 = MANIFOLD_SOLID_BREP('',#5937);
#5937 = CLOSED_SHELL('',(#5938,#5971,#5980));
#5938 = ADVANCED_FACE('',(#5939),#5966,.T.);
#5939 = FACE_BOUND('',#5940,.T.);
#5940 = EDGE_LOOP('',(#5941,#5950,#5958,#5965));
#5941 = ORIENTED_EDGE('',*,*,#5942,.F.);
#5942 = EDGE_CURVE('',#5943,#5943,#5945,.T.);
#5943 = VERTEX_POINT('',#5944);
#5944 = CARTESIAN_POINT('',(737.,-1.043E+03,2.92E+03));
#5945 = CIRCLE('',#5946,600.);
#5946 = AXIS2_PLACEMENT_3D('',#5947,#5948,#5949);
#5947 = CARTESIAN_POINT('',(137.,-1.043E+03,2.92E+03));
#5948 = DIRECTION('',(0.,0.,1.));
#5949 = DIRECTION('',(1.,0.,0.));
#5950 = ORIENTED_EDGE('',*,*,#5951,.F.);
#5951 = EDGE_CURVE('',#5952,#5943,#5954,.T.);
#5952 = VERTEX_POINT('',#5953);
#5953 = CARTESIAN_POINT('',(737.,-1.043E+03,2.9E+03));
#5954 = LINE('',#5955,#5956);
#5955 = CARTESIAN_POINT('',(737.,-1.043E+03,2.9E+03));
#5956 = VECTOR('',#5957,1.);
#5957 = DIRECTION('',(0.,0.,1.));
#5958 = ORIENTED_EDGE('',*,*,#5959,.T.);
#5959 = EDGE_CURVE('',#5952,#5952,#5960,.T.);
#5960 = CIRCLE('',#5961,600.);
#5961 = AXIS2_PLACEMENT_3D('',#5962,#5963,#5964);
#5962 = CARTESIAN_POINT('',(137.,-1.043E+03,2.9E+03));
#5963 = DIRECTION('',(0.,0.,1.));
#5964 = DIRECTION('',(1.,0.,0.));
#5965 = ORIENTED_EDGE('',*,*,#5951,.T.);
#5966 = CYLINDRICAL_SURFACE('',#5967,600.);
#5967 = AXIS2_PLACEMENT_3D('',#5968,#5969,#5970);
#5968 = CARTESIAN_POINT('',(137.,-1.043E+03,2.9E+03));
#5969 = DIRECTION('',(0.,0.,1.));
#5970 = DIRECTION('',(1.,0.,0.));
#5971 = ADVANCED_FACE('',(#5972),#5975,.T.);
#5972 = FACE_BOUND('',#5973,.T.);
#5973 = EDGE_LOOP('',(#5974));
#5974 = ORIENTED_EDGE('',*,*,#5942,.T.);
#5975 = PLANE('',#5976);
#5976 = AXIS2_PLACEMENT_3D('',#5977,#5978,#5979);
#5977 = CARTESIAN_POINT('',(137.,-1.043E+03,2.92E+03));
#5978 = DIRECTION('',(0.,0.,1.));
#5979 = DIRECTION('',(1.,0.,0.));
#5980 = ADVANCED_FACE('',(#5981),#5984,.F.);
#5981 = FACE_BOUND('',#5982,.T.);
#5982 = EDGE_LOOP('',(#5983));
#5983 = ORIENTED_EDGE('',*,*,#5959,.F.);
#5984 = PLANE('',#5985);
#5985 = AXIS2_PLACEMENT_3D('',#5986,#5987,#5988);
#5986 = CARTESIAN_POINT('',(137.,-1.043E+03,2.9E+03));
#5987 = DIRECTION('',(0.,0.,1.));
#5988 = DIRECTION('',(1.,0.,0.));
#5989 = MANIFOLD_SOLID_BREP('',#5990);
#5990 = CLOSED_SHELL('',(#5991,#6024,#6033));
#5991 = ADVANCED_FACE('',(#5992),#6019,.T.);
#5992 = FACE_BOUND('',#5993,.T.);
#5993 = EDGE_LOOP('',(#5994,#6003,#6011,#6018));
#5994 = ORIENTED_EDGE('',*,*,#5995,.F.);
#5995 = EDGE_CURVE('',#5996,#5996,#5998,.T.);
#5996 = VERTEX_POINT('',#5997);
#5997 = CARTESIAN_POINT('',(-1.637E+03,-3.418E+03,2.92E+03));
#5998 = CIRCLE('',#5999,600.);
#5999 = AXIS2_PLACEMENT_3D('',#6000,#6001,#6002);
#6000 = CARTESIAN_POINT('',(-2.237E+03,-3.418E+03,2.92E+03));
#6001 = DIRECTION('',(0.,0.,1.));
#6002 = DIRECTION('',(1.,0.,0.));
#6003 = ORIENTED_EDGE('',*,*,#6004,.F.);
#6004 = EDGE_CURVE('',#6005,#5996,#6007,.T.);
#6005 = VERTEX_POINT('',#6006);
#6006 = CARTESIAN_POINT('',(-1.637E+03,-3.418E+03,2.9E+03));
#6007 = LINE('',#6008,#6009);
#6008 = CARTESIAN_POINT('',(-1.637E+03,-3.418E+03,2.9E+03));
#6009 = VECTOR('',#6010,1.);
#6010 = DIRECTION('',(0.,0.,1.));
#6011 = ORIENTED_EDGE('',*,*,#6012,.T.);
#6012 = EDGE_CURVE('',#6005,#6005,#6013,.T.);
#6013 = CIRCLE('',#6014,600.);
#6014 = AXIS2_PLACEMENT_3D('',#6015,#6016,#6017);
#6015 = CARTESIAN_POINT('',(-2.237E+03,-3.418E+03,2.9E+03));
#6016 = DIRECTION('',(0.,0.,1.));
#6017 = DIRECTION('',(1.,0.,0.));
#6018 = ORIENTED_EDGE('',*,*,#6004,.T.);
#6019 = CYLINDRICAL_SURFACE('',#6020,600.);
#6020 = AXIS2_PLACEMENT_3D('',#6021,#6022,#6023);
#6021 = CARTESIAN_POINT('',(-2.237E+03,-3.418E+03,2.9E+03));
#6022 = DIRECTION('',(0.,0.,1.));
#6023 = DIRECTION('',(1.,0.,0.));
#6024 = ADVANCED_FACE('',(#6025),#6028,.T.);
#6025 = FACE_BOUND('',#6026,.T.);
#6026 = EDGE_LOOP('',(#6027));
#6027 = ORIENTED_EDGE('',*,*,#5995,.T.);
#6028 = PLANE('',#6029);
#6029 = AXIS2_PLACEMENT_3D('',#6030,#6031,#6032);
#6030 = CARTESIAN_POINT('',(-2.237E+03,-3.418E+03,2.92E+03));
#6031 = DIRECTION('',(0.,0.,1.));
#6032 = DIRECTION('',(1.,0.,0.));
#6033 = ADVANCED_FACE('',(#6034),#6037,.F.);
#6034 = FACE_BOUND('',#6035,.T.);
#6035 = EDGE_LOOP('',(#6036));
#6036 = ORIENTED_EDGE('',*,*,#6012,.F.);
#6037 = PLANE('',#6038);
#6038 = AXIS2_PLACEMENT_3D('',#6039,#6040,#6041);
#6039 = CARTESIAN_POINT('',(-2.237E+03,-3.418E+03,2.9E+03));
#6040 = DIRECTION('',(0.,0.,1.));
#6041 = DIRECTION('',(1.,0.,0.));
#6042 = MANIFOLD_SOLID_BREP('',#6043);
#6043 = CLOSED_SHELL('',(#6044,#6077,#6086));
#6044 = ADVANCED_FACE('',(#6045),#6072,.T.);
#6045 = FACE_BOUND('',#6046,.T.);
#6046 = EDGE_LOOP('',(#6047,#6056,#6064,#6071));
#6047 = ORIENTED_EDGE('',*,*,#6048,.F.);
#6048 = EDGE_CURVE('',#6049,#6049,#6051,.T.);
#6049 = VERTEX_POINT('',#6050);
#6050 = CARTESIAN_POINT('',(-1.637E+03,-1.043E+03,2.92E+03));
#6051 = CIRCLE('',#6052,600.);
#6052 = AXIS2_PLACEMENT_3D('',#6053,#6054,#6055);
#6053 = CARTESIAN_POINT('',(-2.237E+03,-1.043E+03,2.92E+03));
#6054 = DIRECTION('',(0.,0.,1.));
#6055 = DIRECTION('',(1.,0.,0.));
#6056 = ORIENTED_EDGE('',*,*,#6057,.F.);
#6057 = EDGE_CURVE('',#6058,#6049,#6060,.T.);
#6058 = VERTEX_POINT('',#6059);
#6059 = CARTESIAN_POINT('',(-1.637E+03,-1.043E+03,2.9E+03));
#6060 = LINE('',#6061,#6062);
#6061 = CARTESIAN_POINT('',(-1.637E+03,-1.043E+03,2.9E+03));
#6062 = VECTOR('',#6063,1.);
#6063 = DIRECTION('',(0.,0.,1.));
#6064 = ORIENTED_EDGE('',*,*,#6065,.T.);
#6065 = EDGE_CURVE('',#6058,#6058,#6066,.T.);
#6066 = CIRCLE('',#6067,600.);
#6067 = AXIS2_PLACEMENT_3D('',#6068,#6069,#6070);
#6068 = CARTESIAN_POINT('',(-2.237E+03,-1.043E+03,2.9E+03));
#6069 = DIRECTION('',(0.,0.,1.));
#6070 = DIRECTION('',(1.,0.,0.));
#6071 = ORIENTED_EDGE('',*,*,#6057,.T.);
#6072 = CYLINDRICAL_SURFACE('',#6073,600.);
#6073 = AXIS2_PLACEMENT_3D('',#6074,#6075,#6076);
#6074 = CARTESIAN_POINT('',(-2.237E+03,-1.043E+03,2.9E+03));
#6075 = DIRECTION('',(0.,0.,1.));
#6076 = DIRECTION('',(1.,0.,0.));
#6077 = ADVANCED_FACE('',(#6078),#6081,.T.);
#6078 = FACE_BOUND('',#6079,.T.);
#6079 = EDGE_LOOP('',(#6080));
#6080 = ORIENTED_EDGE('',*,*,#6048,.T.);
#6081 = PLANE('',#6082);
#6082 = AXIS2_PLACEMENT_3D('',#6083,#6084,#6085);
#6083 = CARTESIAN_POINT('',(-2.237E+03,-1.043E+03,2.92E+03));
#6084 = DIRECTION('',(0.,0.,1.));
#6085 = DIRECTION('',(1.,0.,0.));
#6086 = ADVANCED_FACE('',(#6087),#6090,.F.);
#6087 = FACE_BOUND('',#6088,.T.);
#6088 = EDGE_LOOP('',(#6089));
#6089 = ORIENTED_EDGE('',*,*,#6065,.F.);
#6090 = PLANE('',#6091);
#6091 = AXIS2_PLACEMENT_3D('',#6092,#6093,#6094);
#6092 = CARTESIAN_POINT('',(-2.237E+03,-1.043E+03,2.9E+03));
#6093 = DIRECTION('',(0.,0.,1.));
#6094 = DIRECTION('',(1.,0.,0.));
#6095 = MANIFOLD_SOLID_BREP('',#6096);
#6096 = CLOSED_SHELL('',(#6097,#6130,#6139));
#6097 = ADVANCED_FACE('',(#6098),#6125,.T.);
#6098 = FACE_BOUND('',#6099,.T.);
#6099 = EDGE_LOOP('',(#6100,#6109,#6117,#6124));
#6100 = ORIENTED_EDGE('',*,*,#6101,.F.);
#6101 = EDGE_CURVE('',#6102,#6102,#6104,.T.);
#6102 = VERTEX_POINT('',#6103);
#6103 = CARTESIAN_POINT('',(3.11E+03,-3.418E+03,2.92E+03));
#6104 = CIRCLE('',#6105,600.);
#6105 = AXIS2_PLACEMENT_3D('',#6106,#6107,#6108);
#6106 = CARTESIAN_POINT('',(2.51E+03,-3.418E+03,2.92E+03));
#6107 = DIRECTION('',(0.,0.,1.));
#6108 = DIRECTION('',(1.,0.,0.));
#6109 = ORIENTED_EDGE('',*,*,#6110,.F.);
#6110 = EDGE_CURVE('',#6111,#6102,#6113,.T.);
#6111 = VERTEX_POINT('',#6112);
#6112 = CARTESIAN_POINT('',(3.11E+03,-3.418E+03,2.9E+03));
#6113 = LINE('',#6114,#6115);
#6114 = CARTESIAN_POINT('',(3.11E+03,-3.418E+03,2.9E+03));
#6115 = VECTOR('',#6116,1.);
#6116 = DIRECTION('',(0.,0.,1.));
#6117 = ORIENTED_EDGE('',*,*,#6118,.T.);
#6118 = EDGE_CURVE('',#6111,#6111,#6119,.T.);
#6119 = CIRCLE('',#6120,600.);
#6120 = AXIS2_PLACEMENT_3D('',#6121,#6122,#6123);
#6121 = CARTESIAN_POINT('',(2.51E+03,-3.418E+03,2.9E+03));
#6122 = DIRECTION('',(0.,0.,1.));
#6123 = DIRECTION('',(1.,0.,0.));
#6124 = ORIENTED_EDGE('',*,*,#6110,.T.);
#6125 = CYLINDRICAL_SURFACE('',#6126,600.);
#6126 = AXIS2_PLACEMENT_3D('',#6127,#6128,#6129);
#6127 = CARTESIAN_POINT('',(2.51E+03,-3.418E+03,2.9E+03));
#6128 = DIRECTION('',(0.,0.,1.));
#6129 = DIRECTION('',(1.,0.,0.));
#6130 = ADVANCED_FACE('',(#6131),#6134,.T.);
#6131 = FACE_BOUND('',#6132,.T.);
#6132 = EDGE_LOOP('',(#6133));
#6133 = ORIENTED_EDGE('',*,*,#6101,.T.);
#6134 = PLANE('',#6135);
#6135 = AXIS2_PLACEMENT_3D('',#6136,#6137,#6138);
#6136 = CARTESIAN_POINT('',(2.51E+03,-3.418E+03,2.92E+03));
#6137 = DIRECTION('',(0.,0.,1.));
#6138 = DIRECTION('',(1.,0.,0.));
#6139 = ADVANCED_FACE('',(#6140),#6143,.F.);
#6140 = FACE_BOUND('',#6141,.T.);
#6141 = EDGE_LOOP('',(#6142));
#6142 = ORIENTED_EDGE('',*,*,#6118,.F.);
#6143 = PLANE('',#6144);
#6144 = AXIS2_PLACEMENT_3D('',#6145,#6146,#6147);
#6145 = CARTESIAN_POINT('',(2.51E+03,-3.418E+03,2.9E+03));
#6146 = DIRECTION('',(0.,0.,1.));
#6147 = DIRECTION('',(1.,0.,0.));
#6148 = MANIFOLD_SOLID_BREP('',#6149);
#6149 = CLOSED_SHELL('',(#6150,#6190,#6230,#6252,#6274,#6286));
#6150 = ADVANCED_FACE('',(#6151),#6185,.F.);
#6151 = FACE_BOUND('',#6152,.F.);
#6152 = EDGE_LOOP('',(#6153,#6163,#6171,#6179));
#6153 = ORIENTED_EDGE('',*,*,#6154,.F.);
#6154 = EDGE_CURVE('',#6155,#6157,#6159,.T.);
#6155 = VERTEX_POINT('',#6156);
#6156 = CARTESIAN_POINT('',(8.438E+03,1.527E+03,2.2E+03));
#6157 = VERTEX_POINT('',#6158);
#6158 = CARTESIAN_POINT('',(8.438E+03,1.527E+03,2.5E+03));
#6159 = LINE('',#6160,#6161);
#6160 = CARTESIAN_POINT('',(8.438E+03,1.527E+03,2.2E+03));
#6161 = VECTOR('',#6162,1.);
#6162 = DIRECTION('',(0.,0.,1.));
#6163 = ORIENTED_EDGE('',*,*,#6164,.T.);
#6164 = EDGE_CURVE('',#6155,#6165,#6167,.T.);
#6165 = VERTEX_POINT('',#6166);
#6166 = CARTESIAN_POINT('',(8.438E+03,1.777E+03,2.2E+03));
#6167 = LINE('',#6168,#6169);
#6168 = CARTESIAN_POINT('',(8.438E+03,1.527E+03,2.2E+03));
#6169 = VECTOR('',#6170,1.);
#6170 = DIRECTION('',(0.,1.,0.));
#6171 = ORIENTED_EDGE('',*,*,#6172,.T.);
#6172 = EDGE_CURVE('',#6165,#6173,#6175,.T.);
#6173 = VERTEX_POINT('',#6174);
#6174 = CARTESIAN_POINT('',(8.438E+03,1.777E+03,2.5E+03));
#6175 = LINE('',#6176,#6177);
#6176 = CARTESIAN_POINT('',(8.438E+03,1.777E+03,2.2E+03));
#6177 = VECTOR('',#6178,1.);
#6178 = DIRECTION('',(0.,0.,1.));
#6179 = ORIENTED_EDGE('',*,*,#6180,.F.);
#6180 = EDGE_CURVE('',#6157,#6173,#6181,.T.);
#6181 = LINE('',#6182,#6183);
#6182 = CARTESIAN_POINT('',(8.438E+03,1.527E+03,2.5E+03));
#6183 = VECTOR('',#6184,1.);
#6184 = DIRECTION('',(0.,1.,0.));
#6185 = PLANE('',#6186);
#6186 = AXIS2_PLACEMENT_3D('',#6187,#6188,#6189);
#6187 = CARTESIAN_POINT('',(8.438E+03,1.527E+03,2.2E+03));
#6188 = DIRECTION('',(1.,0.,0.));
#6189 = DIRECTION('',(0.,0.,1.));
#6190 = ADVANCED_FACE('',(#6191),#6225,.T.);
#6191 = FACE_BOUND('',#6192,.T.);
#6192 = EDGE_LOOP('',(#6193,#6203,#6211,#6219));
#6193 = ORIENTED_EDGE('',*,*,#6194,.F.);
#6194 = EDGE_CURVE('',#6195,#6197,#6199,.T.);
#6195 = VERTEX_POINT('',#6196);
#6196 = CARTESIAN_POINT('',(9.338E+03,1.527E+03,2.2E+03));
#6197 = VERTEX_POINT('',#6198);
#6198 = CARTESIAN_POINT('',(9.338E+03,1.527E+03,2.5E+03));
#6199 = LINE('',#6200,#6201);
#6200 = CARTESIAN_POINT('',(9.338E+03,1.527E+03,2.2E+03));
#6201 = VECTOR('',#6202,1.);
#6202 = DIRECTION('',(0.,0.,1.));
#6203 = ORIENTED_EDGE('',*,*,#6204,.T.);
#6204 = EDGE_CURVE('',#6195,#6205,#6207,.T.);
#6205 = VERTEX_POINT('',#6206);
#6206 = CARTESIAN_POINT('',(9.338E+03,1.777E+03,2.2E+03));
#6207 = LINE('',#6208,#6209);
#6208 = CARTESIAN_POINT('',(9.338E+03,1.527E+03,2.2E+03));
#6209 = VECTOR('',#6210,1.);
#6210 = DIRECTION('',(0.,1.,0.));
#6211 = ORIENTED_EDGE('',*,*,#6212,.T.);
#6212 = EDGE_CURVE('',#6205,#6213,#6215,.T.);
#6213 = VERTEX_POINT('',#6214);
#6214 = CARTESIAN_POINT('',(9.338E+03,1.777E+03,2.5E+03));
#6215 = LINE('',#6216,#6217);
#6216 = CARTESIAN_POINT('',(9.338E+03,1.777E+03,2.2E+03));
#6217 = VECTOR('',#6218,1.);
#6218 = DIRECTION('',(0.,0.,1.));
#6219 = ORIENTED_EDGE('',*,*,#6220,.F.);
#6220 = EDGE_CURVE('',#6197,#6213,#6221,.T.);
#6221 = LINE('',#6222,#6223);
#6222 = CARTESIAN_POINT('',(9.338E+03,1.527E+03,2.5E+03));
#6223 = VECTOR('',#6224,1.);
#6224 = DIRECTION('',(0.,1.,0.));
#6225 = PLANE('',#6226);
#6226 = AXIS2_PLACEMENT_3D('',#6227,#6228,#6229);
#6227 = CARTESIAN_POINT('',(9.338E+03,1.527E+03,2.2E+03));
#6228 = DIRECTION('',(1.,0.,0.));
#6229 = DIRECTION('',(0.,0.,1.));
#6230 = ADVANCED_FACE('',(#6231),#6247,.F.);
#6231 = FACE_BOUND('',#6232,.F.);
#6232 = EDGE_LOOP('',(#6233,#6239,#6240,#6246));
#6233 = ORIENTED_EDGE('',*,*,#6234,.F.);
#6234 = EDGE_CURVE('',#6155,#6195,#6235,.T.);
#6235 = LINE('',#6236,#6237);
#6236 = CARTESIAN_POINT('',(8.438E+03,1.527E+03,2.2E+03));
#6237 = VECTOR('',#6238,1.);
#6238 = DIRECTION('',(1.,0.,0.));
#6239 = ORIENTED_EDGE('',*,*,#6154,.T.);
#6240 = ORIENTED_EDGE('',*,*,#6241,.T.);
#6241 = EDGE_CURVE('',#6157,#6197,#6242,.T.);
#6242 = LINE('',#6243,#6244);
#6243 = CARTESIAN_POINT('',(8.438E+03,1.527E+03,2.5E+03));
#6244 = VECTOR('',#6245,1.);
#6245 = DIRECTION('',(1.,0.,0.));
#6246 = ORIENTED_EDGE('',*,*,#6194,.F.);
#6247 = PLANE('',#6248);
#6248 = AXIS2_PLACEMENT_3D('',#6249,#6250,#6251);
#6249 = CARTESIAN_POINT('',(8.438E+03,1.527E+03,2.2E+03));
#6250 = DIRECTION('',(0.,1.,0.));
#6251 = DIRECTION('',(0.,0.,1.));
#6252 = ADVANCED_FACE('',(#6253),#6269,.T.);
#6253 = FACE_BOUND('',#6254,.T.);
#6254 = EDGE_LOOP('',(#6255,#6261,#6262,#6268));
#6255 = ORIENTED_EDGE('',*,*,#6256,.F.);
#6256 = EDGE_CURVE('',#6165,#6205,#6257,.T.);
#6257 = LINE('',#6258,#6259);
#6258 = CARTESIAN_POINT('',(8.438E+03,1.777E+03,2.2E+03));
#6259 = VECTOR('',#6260,1.);
#6260 = DIRECTION('',(1.,0.,0.));
#6261 = ORIENTED_EDGE('',*,*,#6172,.T.);
#6262 = ORIENTED_EDGE('',*,*,#6263,.T.);
#6263 = EDGE_CURVE('',#6173,#6213,#6264,.T.);
#6264 = LINE('',#6265,#6266);
#6265 = CARTESIAN_POINT('',(8.438E+03,1.777E+03,2.5E+03));
#6266 = VECTOR('',#6267,1.);
#6267 = DIRECTION('',(1.,0.,0.));
#6268 = ORIENTED_EDGE('',*,*,#6212,.F.);
#6269 = PLANE('',#6270);
#6270 = AXIS2_PLACEMENT_3D('',#6271,#6272,#6273);
#6271 = CARTESIAN_POINT('',(8.438E+03,1.777E+03,2.2E+03));
#6272 = DIRECTION('',(0.,1.,0.));
#6273 = DIRECTION('',(0.,0.,1.));
#6274 = ADVANCED_FACE('',(#6275),#6281,.F.);
#6275 = FACE_BOUND('',#6276,.F.);
#6276 = EDGE_LOOP('',(#6277,#6278,#6279,#6280));
#6277 = ORIENTED_EDGE('',*,*,#6164,.F.);
#6278 = ORIENTED_EDGE('',*,*,#6234,.T.);
#6279 = ORIENTED_EDGE('',*,*,#6204,.T.);
#6280 = ORIENTED_EDGE('',*,*,#6256,.F.);
#6281 = PLANE('',#6282);
#6282 = AXIS2_PLACEMENT_3D('',#6283,#6284,#6285);
#6283 = CARTESIAN_POINT('',(8.438E+03,1.527E+03,2.2E+03));
#6284 = DIRECTION('',(0.,0.,1.));
#6285 = DIRECTION('',(1.,0.,0.));
#6286 = ADVANCED_FACE('',(#6287),#6293,.T.);
#6287 = FACE_BOUND('',#6288,.T.);
#6288 = EDGE_LOOP('',(#6289,#6290,#6291,#6292));
#6289 = ORIENTED_EDGE('',*,*,#6180,.F.);
#6290 = ORIENTED_EDGE('',*,*,#6241,.T.);
#6291 = ORIENTED_EDGE('',*,*,#6220,.T.);
#6292 = ORIENTED_EDGE('',*,*,#6263,.F.);
#6293 = PLANE('',#6294);
#6294 = AXIS2_PLACEMENT_3D('',#6295,#6296,#6297);
#6295 = CARTESIAN_POINT('',(8.438E+03,1.527E+03,2.5E+03));
#6296 = DIRECTION('',(0.,0.,1.));
#6297 = DIRECTION('',(1.,0.,0.));
#6298 = MANIFOLD_SOLID_BREP('',#6299);
#6299 = CLOSED_SHELL('',(#6300,#6340,#6380,#6402,#6424,#6436));
#6300 = ADVANCED_FACE('',(#6301),#6335,.F.);
#6301 = FACE_BOUND('',#6302,.F.);
#6302 = EDGE_LOOP('',(#6303,#6313,#6321,#6329));
#6303 = ORIENTED_EDGE('',*,*,#6304,.F.);
#6304 = EDGE_CURVE('',#6305,#6307,#6309,.T.);
#6305 = VERTEX_POINT('',#6306);
#6306 = CARTESIAN_POINT('',(9.188E+03,1.493E+03,1.8E+03));
#6307 = VERTEX_POINT('',#6308);
#6308 = CARTESIAN_POINT('',(9.188E+03,1.493E+03,2.35E+03));
#6309 = LINE('',#6310,#6311);
#6310 = CARTESIAN_POINT('',(9.188E+03,1.493E+03,1.8E+03));
#6311 = VECTOR('',#6312,1.);
#6312 = DIRECTION('',(0.,0.,1.));
#6313 = ORIENTED_EDGE('',*,*,#6314,.T.);
#6314 = EDGE_CURVE('',#6305,#6315,#6317,.T.);
#6315 = VERTEX_POINT('',#6316);
#6316 = CARTESIAN_POINT('',(9.188E+03,1.793E+03,1.8E+03));
#6317 = LINE('',#6318,#6319);
#6318 = CARTESIAN_POINT('',(9.188E+03,1.493E+03,1.8E+03));
#6319 = VECTOR('',#6320,1.);
#6320 = DIRECTION('',(0.,1.,0.));
#6321 = ORIENTED_EDGE('',*,*,#6322,.T.);
#6322 = EDGE_CURVE('',#6315,#6323,#6325,.T.);
#6323 = VERTEX_POINT('',#6324);
#6324 = CARTESIAN_POINT('',(9.188E+03,1.793E+03,2.35E+03));
#6325 = LINE('',#6326,#6327);
#6326 = CARTESIAN_POINT('',(9.188E+03,1.793E+03,1.8E+03));
#6327 = VECTOR('',#6328,1.);
#6328 = DIRECTION('',(0.,0.,1.));
#6329 = ORIENTED_EDGE('',*,*,#6330,.F.);
#6330 = EDGE_CURVE('',#6307,#6323,#6331,.T.);
#6331 = LINE('',#6332,#6333);
#6332 = CARTESIAN_POINT('',(9.188E+03,1.493E+03,2.35E+03));
#6333 = VECTOR('',#6334,1.);
#6334 = DIRECTION('',(0.,1.,0.));
#6335 = PLANE('',#6336);
#6336 = AXIS2_PLACEMENT_3D('',#6337,#6338,#6339);
#6337 = CARTESIAN_POINT('',(9.188E+03,1.493E+03,1.8E+03));
#6338 = DIRECTION('',(1.,0.,0.));
#6339 = DIRECTION('',(0.,0.,1.));
#6340 = ADVANCED_FACE('',(#6341),#6375,.T.);
#6341 = FACE_BOUND('',#6342,.T.);
#6342 = EDGE_LOOP('',(#6343,#6353,#6361,#6369));
#6343 = ORIENTED_EDGE('',*,*,#6344,.F.);
#6344 = EDGE_CURVE('',#6345,#6347,#6349,.T.);
#6345 = VERTEX_POINT('',#6346);
#6346 = CARTESIAN_POINT('',(9.988E+03,1.493E+03,1.8E+03));
#6347 = VERTEX_POINT('',#6348);
#6348 = CARTESIAN_POINT('',(9.988E+03,1.493E+03,2.35E+03));
#6349 = LINE('',#6350,#6351);
#6350 = CARTESIAN_POINT('',(9.988E+03,1.493E+03,1.8E+03));
#6351 = VECTOR('',#6352,1.);
#6352 = DIRECTION('',(0.,0.,1.));
#6353 = ORIENTED_EDGE('',*,*,#6354,.T.);
#6354 = EDGE_CURVE('',#6345,#6355,#6357,.T.);
#6355 = VERTEX_POINT('',#6356);
#6356 = CARTESIAN_POINT('',(9.988E+03,1.793E+03,1.8E+03));
#6357 = LINE('',#6358,#6359);
#6358 = CARTESIAN_POINT('',(9.988E+03,1.493E+03,1.8E+03));
#6359 = VECTOR('',#6360,1.);
#6360 = DIRECTION('',(0.,1.,0.));
#6361 = ORIENTED_EDGE('',*,*,#6362,.T.);
#6362 = EDGE_CURVE('',#6355,#6363,#6365,.T.);
#6363 = VERTEX_POINT('',#6364);
#6364 = CARTESIAN_POINT('',(9.988E+03,1.793E+03,2.35E+03));
#6365 = LINE('',#6366,#6367);
#6366 = CARTESIAN_POINT('',(9.988E+03,1.793E+03,1.8E+03));
#6367 = VECTOR('',#6368,1.);
#6368 = DIRECTION('',(0.,0.,1.));
#6369 = ORIENTED_EDGE('',*,*,#6370,.F.);
#6370 = EDGE_CURVE('',#6347,#6363,#6371,.T.);
#6371 = LINE('',#6372,#6373);
#6372 = CARTESIAN_POINT('',(9.988E+03,1.493E+03,2.35E+03));
#6373 = VECTOR('',#6374,1.);
#6374 = DIRECTION('',(0.,1.,0.));
#6375 = PLANE('',#6376);
#6376 = AXIS2_PLACEMENT_3D('',#6377,#6378,#6379);
#6377 = CARTESIAN_POINT('',(9.988E+03,1.493E+03,1.8E+03));
#6378 = DIRECTION('',(1.,0.,0.));
#6379 = DIRECTION('',(0.,0.,1.));
#6380 = ADVANCED_FACE('',(#6381),#6397,.F.);
#6381 = FACE_BOUND('',#6382,.F.);
#6382 = EDGE_LOOP('',(#6383,#6389,#6390,#6396));
#6383 = ORIENTED_EDGE('',*,*,#6384,.F.);
#6384 = EDGE_CURVE('',#6305,#6345,#6385,.T.);
#6385 = LINE('',#6386,#6387);
#6386 = CARTESIAN_POINT('',(9.188E+03,1.493E+03,1.8E+03));
#6387 = VECTOR('',#6388,1.);
#6388 = DIRECTION('',(1.,0.,0.));
#6389 = ORIENTED_EDGE('',*,*,#6304,.T.);
#6390 = ORIENTED_EDGE('',*,*,#6391,.T.);
#6391 = EDGE_CURVE('',#6307,#6347,#6392,.T.);
#6392 = LINE('',#6393,#6394);
#6393 = CARTESIAN_POINT('',(9.188E+03,1.493E+03,2.35E+03));
#6394 = VECTOR('',#6395,1.);
#6395 = DIRECTION('',(1.,0.,0.));
#6396 = ORIENTED_EDGE('',*,*,#6344,.F.);
#6397 = PLANE('',#6398);
#6398 = AXIS2_PLACEMENT_3D('',#6399,#6400,#6401);
#6399 = CARTESIAN_POINT('',(9.188E+03,1.493E+03,1.8E+03));
#6400 = DIRECTION('',(0.,1.,0.));
#6401 = DIRECTION('',(0.,0.,1.));
#6402 = ADVANCED_FACE('',(#6403),#6419,.T.);
#6403 = FACE_BOUND('',#6404,.T.);
#6404 = EDGE_LOOP('',(#6405,#6411,#6412,#6418));
#6405 = ORIENTED_EDGE('',*,*,#6406,.F.);
#6406 = EDGE_CURVE('',#6315,#6355,#6407,.T.);
#6407 = LINE('',#6408,#6409);
#6408 = CARTESIAN_POINT('',(9.188E+03,1.793E+03,1.8E+03));
#6409 = VECTOR('',#6410,1.);
#6410 = DIRECTION('',(1.,0.,0.));
#6411 = ORIENTED_EDGE('',*,*,#6322,.T.);
#6412 = ORIENTED_EDGE('',*,*,#6413,.T.);
#6413 = EDGE_CURVE('',#6323,#6363,#6414,.T.);
#6414 = LINE('',#6415,#6416);
#6415 = CARTESIAN_POINT('',(9.188E+03,1.793E+03,2.35E+03));
#6416 = VECTOR('',#6417,1.);
#6417 = DIRECTION('',(1.,0.,0.));
#6418 = ORIENTED_EDGE('',*,*,#6362,.F.);
#6419 = PLANE('',#6420);
#6420 = AXIS2_PLACEMENT_3D('',#6421,#6422,#6423);
#6421 = CARTESIAN_POINT('',(9.188E+03,1.793E+03,1.8E+03));
#6422 = DIRECTION('',(0.,1.,0.));
#6423 = DIRECTION('',(0.,0.,1.));
#6424 = ADVANCED_FACE('',(#6425),#6431,.F.);
#6425 = FACE_BOUND('',#6426,.F.);
#6426 = EDGE_LOOP('',(#6427,#6428,#6429,#6430));
#6427 = ORIENTED_EDGE('',*,*,#6314,.F.);
#6428 = ORIENTED_EDGE('',*,*,#6384,.T.);
#6429 = ORIENTED_EDGE('',*,*,#6354,.T.);
#6430 = ORIENTED_EDGE('',*,*,#6406,.F.);
#6431 = PLANE('',#6432);
#6432 = AXIS2_PLACEMENT_3D('',#6433,#6434,#6435);
#6433 = CARTESIAN_POINT('',(9.188E+03,1.493E+03,1.8E+03));
#6434 = DIRECTION('',(0.,0.,1.));
#6435 = DIRECTION('',(1.,0.,0.));
#6436 = ADVANCED_FACE('',(#6437),#6443,.T.);
#6437 = FACE_BOUND('',#6438,.T.);
#6438 = EDGE_LOOP('',(#6439,#6440,#6441,#6442));
#6439 = ORIENTED_EDGE('',*,*,#6330,.F.);
#6440 = ORIENTED_EDGE('',*,*,#6391,.T.);
#6441 = ORIENTED_EDGE('',*,*,#6370,.T.);
#6442 = ORIENTED_EDGE('',*,*,#6413,.F.);
#6443 = PLANE('',#6444);
#6444 = AXIS2_PLACEMENT_3D('',#6445,#6446,#6447);
#6445 = CARTESIAN_POINT('',(9.188E+03,1.493E+03,2.35E+03));
#6446 = DIRECTION('',(0.,0.,1.));
#6447 = DIRECTION('',(1.,0.,0.));
#6448 = MANIFOLD_SOLID_BREP('',#6449);
#6449 = CLOSED_SHELL('',(#6450,#6490,#6530,#6552,#6574,#6586));
#6450 = ADVANCED_FACE('',(#6451),#6485,.F.);
#6451 = FACE_BOUND('',#6452,.F.);
#6452 = EDGE_LOOP('',(#6453,#6463,#6471,#6479));
#6453 = ORIENTED_EDGE('',*,*,#6454,.F.);
#6454 = EDGE_CURVE('',#6455,#6457,#6459,.T.);
#6455 = VERTEX_POINT('',#6456);
#6456 = CARTESIAN_POINT('',(9.158E+03,1.59E+03,300.));
#6457 = VERTEX_POINT('',#6458);
#6458 = CARTESIAN_POINT('',(9.158E+03,1.59E+03,320.));
#6459 = LINE('',#6460,#6461);
#6460 = CARTESIAN_POINT('',(9.158E+03,1.59E+03,300.));
#6461 = VECTOR('',#6462,1.);
#6462 = DIRECTION('',(0.,0.,1.));
#6463 = ORIENTED_EDGE('',*,*,#6464,.T.);
#6464 = EDGE_CURVE('',#6455,#6465,#6467,.T.);
#6465 = VERTEX_POINT('',#6466);
#6466 = CARTESIAN_POINT('',(9.158E+03,1.71E+03,300.));
#6467 = LINE('',#6468,#6469);
#6468 = CARTESIAN_POINT('',(9.158E+03,1.59E+03,300.));
#6469 = VECTOR('',#6470,1.);
#6470 = DIRECTION('',(0.,1.,0.));
#6471 = ORIENTED_EDGE('',*,*,#6472,.T.);
#6472 = EDGE_CURVE('',#6465,#6473,#6475,.T.);
#6473 = VERTEX_POINT('',#6474);
#6474 = CARTESIAN_POINT('',(9.158E+03,1.71E+03,320.));
#6475 = LINE('',#6476,#6477);
#6476 = CARTESIAN_POINT('',(9.158E+03,1.71E+03,300.));
#6477 = VECTOR('',#6478,1.);
#6478 = DIRECTION('',(0.,0.,1.));
#6479 = ORIENTED_EDGE('',*,*,#6480,.F.);
#6480 = EDGE_CURVE('',#6457,#6473,#6481,.T.);
#6481 = LINE('',#6482,#6483);
#6482 = CARTESIAN_POINT('',(9.158E+03,1.59E+03,320.));
#6483 = VECTOR('',#6484,1.);
#6484 = DIRECTION('',(0.,1.,0.));
#6485 = PLANE('',#6486);
#6486 = AXIS2_PLACEMENT_3D('',#6487,#6488,#6489);
#6487 = CARTESIAN_POINT('',(9.158E+03,1.59E+03,300.));
#6488 = DIRECTION('',(1.,0.,0.));
#6489 = DIRECTION('',(0.,0.,1.));
#6490 = ADVANCED_FACE('',(#6491),#6525,.T.);
#6491 = FACE_BOUND('',#6492,.T.);
#6492 = EDGE_LOOP('',(#6493,#6503,#6511,#6519));
#6493 = ORIENTED_EDGE('',*,*,#6494,.F.);
#6494 = EDGE_CURVE('',#6495,#6497,#6499,.T.);
#6495 = VERTEX_POINT('',#6496);
#6496 = CARTESIAN_POINT('',(9.278E+03,1.59E+03,300.));
#6497 = VERTEX_POINT('',#6498);
#6498 = CARTESIAN_POINT('',(9.278E+03,1.59E+03,320.));
#6499 = LINE('',#6500,#6501);
#6500 = CARTESIAN_POINT('',(9.278E+03,1.59E+03,300.));
#6501 = VECTOR('',#6502,1.);
#6502 = DIRECTION('',(0.,0.,1.));
#6503 = ORIENTED_EDGE('',*,*,#6504,.T.);
#6504 = EDGE_CURVE('',#6495,#6505,#6507,.T.);
#6505 = VERTEX_POINT('',#6506);
#6506 = CARTESIAN_POINT('',(9.278E+03,1.71E+03,300.));
#6507 = LINE('',#6508,#6509);
#6508 = CARTESIAN_POINT('',(9.278E+03,1.59E+03,300.));
#6509 = VECTOR('',#6510,1.);
#6510 = DIRECTION('',(0.,1.,0.));
#6511 = ORIENTED_EDGE('',*,*,#6512,.T.);
#6512 = EDGE_CURVE('',#6505,#6513,#6515,.T.);
#6513 = VERTEX_POINT('',#6514);
#6514 = CARTESIAN_POINT('',(9.278E+03,1.71E+03,320.));
#6515 = LINE('',#6516,#6517);
#6516 = CARTESIAN_POINT('',(9.278E+03,1.71E+03,300.));
#6517 = VECTOR('',#6518,1.);
#6518 = DIRECTION('',(0.,0.,1.));
#6519 = ORIENTED_EDGE('',*,*,#6520,.F.);
#6520 = EDGE_CURVE('',#6497,#6513,#6521,.T.);
#6521 = LINE('',#6522,#6523);
#6522 = CARTESIAN_POINT('',(9.278E+03,1.59E+03,320.));
#6523 = VECTOR('',#6524,1.);
#6524 = DIRECTION('',(0.,1.,0.));
#6525 = PLANE('',#6526);
#6526 = AXIS2_PLACEMENT_3D('',#6527,#6528,#6529);
#6527 = CARTESIAN_POINT('',(9.278E+03,1.59E+03,300.));
#6528 = DIRECTION('',(1.,0.,0.));
#6529 = DIRECTION('',(0.,0.,1.));
#6530 = ADVANCED_FACE('',(#6531),#6547,.F.);
#6531 = FACE_BOUND('',#6532,.F.);
#6532 = EDGE_LOOP('',(#6533,#6539,#6540,#6546));
#6533 = ORIENTED_EDGE('',*,*,#6534,.F.);
#6534 = EDGE_CURVE('',#6455,#6495,#6535,.T.);
#6535 = LINE('',#6536,#6537);
#6536 = CARTESIAN_POINT('',(9.158E+03,1.59E+03,300.));
#6537 = VECTOR('',#6538,1.);
#6538 = DIRECTION('',(1.,0.,0.));
#6539 = ORIENTED_EDGE('',*,*,#6454,.T.);
#6540 = ORIENTED_EDGE('',*,*,#6541,.T.);
#6541 = EDGE_CURVE('',#6457,#6497,#6542,.T.);
#6542 = LINE('',#6543,#6544);
#6543 = CARTESIAN_POINT('',(9.158E+03,1.59E+03,320.));
#6544 = VECTOR('',#6545,1.);
#6545 = DIRECTION('',(1.,0.,0.));
#6546 = ORIENTED_EDGE('',*,*,#6494,.F.);
#6547 = PLANE('',#6548);
#6548 = AXIS2_PLACEMENT_3D('',#6549,#6550,#6551);
#6549 = CARTESIAN_POINT('',(9.158E+03,1.59E+03,300.));
#6550 = DIRECTION('',(0.,1.,0.));
#6551 = DIRECTION('',(0.,0.,1.));
#6552 = ADVANCED_FACE('',(#6553),#6569,.T.);
#6553 = FACE_BOUND('',#6554,.T.);
#6554 = EDGE_LOOP('',(#6555,#6561,#6562,#6568));
#6555 = ORIENTED_EDGE('',*,*,#6556,.F.);
#6556 = EDGE_CURVE('',#6465,#6505,#6557,.T.);
#6557 = LINE('',#6558,#6559);
#6558 = CARTESIAN_POINT('',(9.158E+03,1.71E+03,300.));
#6559 = VECTOR('',#6560,1.);
#6560 = DIRECTION('',(1.,0.,0.));
#6561 = ORIENTED_EDGE('',*,*,#6472,.T.);
#6562 = ORIENTED_EDGE('',*,*,#6563,.T.);
#6563 = EDGE_CURVE('',#6473,#6513,#6564,.T.);
#6564 = LINE('',#6565,#6566);
#6565 = CARTESIAN_POINT('',(9.158E+03,1.71E+03,320.));
#6566 = VECTOR('',#6567,1.);
#6567 = DIRECTION('',(1.,0.,0.));
#6568 = ORIENTED_EDGE('',*,*,#6512,.F.);
#6569 = PLANE('',#6570);
#6570 = AXIS2_PLACEMENT_3D('',#6571,#6572,#6573);
#6571 = CARTESIAN_POINT('',(9.158E+03,1.71E+03,300.));
#6572 = DIRECTION('',(0.,1.,0.));
#6573 = DIRECTION('',(0.,0.,1.));
#6574 = ADVANCED_FACE('',(#6575),#6581,.F.);
#6575 = FACE_BOUND('',#6576,.F.);
#6576 = EDGE_LOOP('',(#6577,#6578,#6579,#6580));
#6577 = ORIENTED_EDGE('',*,*,#6464,.F.);
#6578 = ORIENTED_EDGE('',*,*,#6534,.T.);
#6579 = ORIENTED_EDGE('',*,*,#6504,.T.);
#6580 = ORIENTED_EDGE('',*,*,#6556,.F.);
#6581 = PLANE('',#6582);
#6582 = AXIS2_PLACEMENT_3D('',#6583,#6584,#6585);
#6583 = CARTESIAN_POINT('',(9.158E+03,1.59E+03,300.));
#6584 = DIRECTION('',(0.,0.,1.));
#6585 = DIRECTION('',(1.,0.,0.));
#6586 = ADVANCED_FACE('',(#6587),#6593,.T.);
#6587 = FACE_BOUND('',#6588,.T.);
#6588 = EDGE_LOOP('',(#6589,#6590,#6591,#6592));
#6589 = ORIENTED_EDGE('',*,*,#6480,.F.);
#6590 = ORIENTED_EDGE('',*,*,#6541,.T.);
#6591 = ORIENTED_EDGE('',*,*,#6520,.T.);
#6592 = ORIENTED_EDGE('',*,*,#6563,.F.);
#6593 = PLANE('',#6594);
#6594 = AXIS2_PLACEMENT_3D('',#6595,#6596,#6597);
#6595 = CARTESIAN_POINT('',(9.158E+03,1.59E+03,320.));
#6596 = DIRECTION('',(0.,0.,1.));
#6597 = DIRECTION('',(1.,0.,0.));
#6598 = MANIFOLD_SOLID_BREP('',#6599);
#6599 = CLOSED_SHELL('',(#6600,#6640,#6680,#6702,#6724,#6736));
#6600 = ADVANCED_FACE('',(#6601),#6635,.F.);
#6601 = FACE_BOUND('',#6602,.F.);
#6602 = EDGE_LOOP('',(#6603,#6613,#6621,#6629));
#6603 = ORIENTED_EDGE('',*,*,#6604,.F.);
#6604 = EDGE_CURVE('',#6605,#6607,#6609,.T.);
#6605 = VERTEX_POINT('',#6606);
#6606 = CARTESIAN_POINT('',(3.698E+03,3.548E+03,300.));
#6607 = VERTEX_POINT('',#6608);
#6608 = CARTESIAN_POINT('',(3.698E+03,3.548E+03,320.));
#6609 = LINE('',#6610,#6611);
#6610 = CARTESIAN_POINT('',(3.698E+03,3.548E+03,300.));
#6611 = VECTOR('',#6612,1.);
#6612 = DIRECTION('',(0.,0.,1.));
#6613 = ORIENTED_EDGE('',*,*,#6614,.T.);
#6614 = EDGE_CURVE('',#6605,#6615,#6617,.T.);
#6615 = VERTEX_POINT('',#6616);
#6616 = CARTESIAN_POINT('',(3.698E+03,3.668E+03,300.));
#6617 = LINE('',#6618,#6619);
#6618 = CARTESIAN_POINT('',(3.698E+03,3.548E+03,300.));
#6619 = VECTOR('',#6620,1.);
#6620 = DIRECTION('',(0.,1.,0.));
#6621 = ORIENTED_EDGE('',*,*,#6622,.T.);
#6622 = EDGE_CURVE('',#6615,#6623,#6625,.T.);
#6623 = VERTEX_POINT('',#6624);
#6624 = CARTESIAN_POINT('',(3.698E+03,3.668E+03,320.));
#6625 = LINE('',#6626,#6627);
#6626 = CARTESIAN_POINT('',(3.698E+03,3.668E+03,300.));
#6627 = VECTOR('',#6628,1.);
#6628 = DIRECTION('',(0.,0.,1.));
#6629 = ORIENTED_EDGE('',*,*,#6630,.F.);
#6630 = EDGE_CURVE('',#6607,#6623,#6631,.T.);
#6631 = LINE('',#6632,#6633);
#6632 = CARTESIAN_POINT('',(3.698E+03,3.548E+03,320.));
#6633 = VECTOR('',#6634,1.);
#6634 = DIRECTION('',(0.,1.,0.));
#6635 = PLANE('',#6636);
#6636 = AXIS2_PLACEMENT_3D('',#6637,#6638,#6639);
#6637 = CARTESIAN_POINT('',(3.698E+03,3.548E+03,300.));
#6638 = DIRECTION('',(1.,0.,0.));
#6639 = DIRECTION('',(0.,0.,1.));
#6640 = ADVANCED_FACE('',(#6641),#6675,.T.);
#6641 = FACE_BOUND('',#6642,.T.);
#6642 = EDGE_LOOP('',(#6643,#6653,#6661,#6669));
#6643 = ORIENTED_EDGE('',*,*,#6644,.F.);
#6644 = EDGE_CURVE('',#6645,#6647,#6649,.T.);
#6645 = VERTEX_POINT('',#6646);
#6646 = CARTESIAN_POINT('',(3.818E+03,3.548E+03,300.));
#6647 = VERTEX_POINT('',#6648);
#6648 = CARTESIAN_POINT('',(3.818E+03,3.548E+03,320.));
#6649 = LINE('',#6650,#6651);
#6650 = CARTESIAN_POINT('',(3.818E+03,3.548E+03,300.));
#6651 = VECTOR('',#6652,1.);
#6652 = DIRECTION('',(0.,0.,1.));
#6653 = ORIENTED_EDGE('',*,*,#6654,.T.);
#6654 = EDGE_CURVE('',#6645,#6655,#6657,.T.);
#6655 = VERTEX_POINT('',#6656);
#6656 = CARTESIAN_POINT('',(3.818E+03,3.668E+03,300.));
#6657 = LINE('',#6658,#6659);
#6658 = CARTESIAN_POINT('',(3.818E+03,3.548E+03,300.));
#6659 = VECTOR('',#6660,1.);
#6660 = DIRECTION('',(0.,1.,0.));
#6661 = ORIENTED_EDGE('',*,*,#6662,.T.);
#6662 = EDGE_CURVE('',#6655,#6663,#6665,.T.);
#6663 = VERTEX_POINT('',#6664);
#6664 = CARTESIAN_POINT('',(3.818E+03,3.668E+03,320.));
#6665 = LINE('',#6666,#6667);
#6666 = CARTESIAN_POINT('',(3.818E+03,3.668E+03,300.));
#6667 = VECTOR('',#6668,1.);
#6668 = DIRECTION('',(0.,0.,1.));
#6669 = ORIENTED_EDGE('',*,*,#6670,.F.);
#6670 = EDGE_CURVE('',#6647,#6663,#6671,.T.);
#6671 = LINE('',#6672,#6673);
#6672 = CARTESIAN_POINT('',(3.818E+03,3.548E+03,320.));
#6673 = VECTOR('',#6674,1.);
#6674 = DIRECTION('',(0.,1.,0.));
#6675 = PLANE('',#6676);
#6676 = AXIS2_PLACEMENT_3D('',#6677,#6678,#6679);
#6677 = CARTESIAN_POINT('',(3.818E+03,3.548E+03,300.));
#6678 = DIRECTION('',(1.,0.,0.));
#6679 = DIRECTION('',(0.,0.,1.));
#6680 = ADVANCED_FACE('',(#6681),#6697,.F.);
#6681 = FACE_BOUND('',#6682,.F.);
#6682 = EDGE_LOOP('',(#6683,#6689,#6690,#6696));
#6683 = ORIENTED_EDGE('',*,*,#6684,.F.);
#6684 = EDGE_CURVE('',#6605,#6645,#6685,.T.);
#6685 = LINE('',#6686,#6687);
#6686 = CARTESIAN_POINT('',(3.698E+03,3.548E+03,300.));
#6687 = VECTOR('',#6688,1.);
#6688 = DIRECTION('',(1.,0.,0.));
#6689 = ORIENTED_EDGE('',*,*,#6604,.T.);
#6690 = ORIENTED_EDGE('',*,*,#6691,.T.);
#6691 = EDGE_CURVE('',#6607,#6647,#6692,.T.);
#6692 = LINE('',#6693,#6694);
#6693 = CARTESIAN_POINT('',(3.698E+03,3.548E+03,320.));
#6694 = VECTOR('',#6695,1.);
#6695 = DIRECTION('',(1.,0.,0.));
#6696 = ORIENTED_EDGE('',*,*,#6644,.F.);
#6697 = PLANE('',#6698);
#6698 = AXIS2_PLACEMENT_3D('',#6699,#6700,#6701);
#6699 = CARTESIAN_POINT('',(3.698E+03,3.548E+03,300.));
#6700 = DIRECTION('',(0.,1.,0.));
#6701 = DIRECTION('',(0.,0.,1.));
#6702 = ADVANCED_FACE('',(#6703),#6719,.T.);
#6703 = FACE_BOUND('',#6704,.T.);
#6704 = EDGE_LOOP('',(#6705,#6711,#6712,#6718));
#6705 = ORIENTED_EDGE('',*,*,#6706,.F.);
#6706 = EDGE_CURVE('',#6615,#6655,#6707,.T.);
#6707 = LINE('',#6708,#6709);
#6708 = CARTESIAN_POINT('',(3.698E+03,3.668E+03,300.));
#6709 = VECTOR('',#6710,1.);
#6710 = DIRECTION('',(1.,0.,0.));
#6711 = ORIENTED_EDGE('',*,*,#6622,.T.);
#6712 = ORIENTED_EDGE('',*,*,#6713,.T.);
#6713 = EDGE_CURVE('',#6623,#6663,#6714,.T.);
#6714 = LINE('',#6715,#6716);
#6715 = CARTESIAN_POINT('',(3.698E+03,3.668E+03,320.));
#6716 = VECTOR('',#6717,1.);
#6717 = DIRECTION('',(1.,0.,0.));
#6718 = ORIENTED_EDGE('',*,*,#6662,.F.);
#6719 = PLANE('',#6720);
#6720 = AXIS2_PLACEMENT_3D('',#6721,#6722,#6723);
#6721 = CARTESIAN_POINT('',(3.698E+03,3.668E+03,300.));
#6722 = DIRECTION('',(0.,1.,0.));
#6723 = DIRECTION('',(0.,0.,1.));
#6724 = ADVANCED_FACE('',(#6725),#6731,.F.);
#6725 = FACE_BOUND('',#6726,.F.);
#6726 = EDGE_LOOP('',(#6727,#6728,#6729,#6730));
#6727 = ORIENTED_EDGE('',*,*,#6614,.F.);
#6728 = ORIENTED_EDGE('',*,*,#6684,.T.);
#6729 = ORIENTED_EDGE('',*,*,#6654,.T.);
#6730 = ORIENTED_EDGE('',*,*,#6706,.F.);
#6731 = PLANE('',#6732);
#6732 = AXIS2_PLACEMENT_3D('',#6733,#6734,#6735);
#6733 = CARTESIAN_POINT('',(3.698E+03,3.548E+03,300.));
#6734 = DIRECTION('',(0.,0.,1.));
#6735 = DIRECTION('',(1.,0.,0.));
#6736 = ADVANCED_FACE('',(#6737),#6743,.T.);
#6737 = FACE_BOUND('',#6738,.T.);
#6738 = EDGE_LOOP('',(#6739,#6740,#6741,#6742));
#6739 = ORIENTED_EDGE('',*,*,#6630,.F.);
#6740 = ORIENTED_EDGE('',*,*,#6691,.T.);
#6741 = ORIENTED_EDGE('',*,*,#6670,.T.);
#6742 = ORIENTED_EDGE('',*,*,#6713,.F.);
#6743 = PLANE('',#6744);
#6744 = AXIS2_PLACEMENT_3D('',#6745,#6746,#6747);
#6745 = CARTESIAN_POINT('',(3.698E+03,3.548E+03,320.));
#6746 = DIRECTION('',(0.,0.,1.));
#6747 = DIRECTION('',(1.,0.,0.));
#6748 = MANIFOLD_SOLID_BREP('',#6749);
#6749 = CLOSED_SHELL('',(#6750,#6783,#6792));
#6750 = ADVANCED_FACE('',(#6751),#6778,.T.);
#6751 = FACE_BOUND('',#6752,.T.);
#6752 = EDGE_LOOP('',(#6753,#6762,#6770,#6777));
#6753 = ORIENTED_EDGE('',*,*,#6754,.F.);
#6754 = EDGE_CURVE('',#6755,#6755,#6757,.T.);
#6755 = VERTEX_POINT('',#6756);
#6756 = CARTESIAN_POINT('',(4.068E+03,3.608E+03,320.));
#6757 = CIRCLE('',#6758,60.);
#6758 = AXIS2_PLACEMENT_3D('',#6759,#6760,#6761);
#6759 = CARTESIAN_POINT('',(4.008E+03,3.608E+03,320.));
#6760 = DIRECTION('',(0.,0.,1.));
#6761 = DIRECTION('',(1.,0.,0.));
#6762 = ORIENTED_EDGE('',*,*,#6763,.F.);
#6763 = EDGE_CURVE('',#6764,#6755,#6766,.T.);
#6764 = VERTEX_POINT('',#6765);
#6765 = CARTESIAN_POINT('',(4.068E+03,3.608E+03,300.));
#6766 = LINE('',#6767,#6768);
#6767 = CARTESIAN_POINT('',(4.068E+03,3.608E+03,300.));
#6768 = VECTOR('',#6769,1.);
#6769 = DIRECTION('',(0.,0.,1.));
#6770 = ORIENTED_EDGE('',*,*,#6771,.T.);
#6771 = EDGE_CURVE('',#6764,#6764,#6772,.T.);
#6772 = CIRCLE('',#6773,60.);
#6773 = AXIS2_PLACEMENT_3D('',#6774,#6775,#6776);
#6774 = CARTESIAN_POINT('',(4.008E+03,3.608E+03,300.));
#6775 = DIRECTION('',(0.,0.,1.));
#6776 = DIRECTION('',(1.,0.,0.));
#6777 = ORIENTED_EDGE('',*,*,#6763,.T.);
#6778 = CYLINDRICAL_SURFACE('',#6779,60.);
#6779 = AXIS2_PLACEMENT_3D('',#6780,#6781,#6782);
#6780 = CARTESIAN_POINT('',(4.008E+03,3.608E+03,300.));
#6781 = DIRECTION('',(0.,0.,1.));
#6782 = DIRECTION('',(1.,0.,0.));
#6783 = ADVANCED_FACE('',(#6784),#6787,.T.);
#6784 = FACE_BOUND('',#6785,.T.);
#6785 = EDGE_LOOP('',(#6786));
#6786 = ORIENTED_EDGE('',*,*,#6754,.T.);
#6787 = PLANE('',#6788);
#6788 = AXIS2_PLACEMENT_3D('',#6789,#6790,#6791);
#6789 = CARTESIAN_POINT('',(4.008E+03,3.608E+03,320.));
#6790 = DIRECTION('',(0.,0.,1.));
#6791 = DIRECTION('',(1.,0.,0.));
#6792 = ADVANCED_FACE('',(#6793),#6796,.F.);
#6793 = FACE_BOUND('',#6794,.T.);
#6794 = EDGE_LOOP('',(#6795));
#6795 = ORIENTED_EDGE('',*,*,#6771,.F.);
#6796 = PLANE('',#6797);
#6797 = AXIS2_PLACEMENT_3D('',#6798,#6799,#6800);
#6798 = CARTESIAN_POINT('',(4.008E+03,3.608E+03,300.));
#6799 = DIRECTION('',(0.,0.,1.));
#6800 = DIRECTION('',(1.,0.,0.));
#6801 = MANIFOLD_SOLID_BREP('',#6802);
#6802 = CLOSED_SHELL('',(#6803,#6843,#6883,#6905,#6927,#6939));
#6803 = ADVANCED_FACE('',(#6804),#6838,.F.);
#6804 = FACE_BOUND('',#6805,.F.);
#6805 = EDGE_LOOP('',(#6806,#6816,#6824,#6832));
#6806 = ORIENTED_EDGE('',*,*,#6807,.F.);
#6807 = EDGE_CURVE('',#6808,#6810,#6812,.T.);
#6808 = VERTEX_POINT('',#6809);
#6809 = CARTESIAN_POINT('',(-6.521E+03,29.,1.5E+03));
#6810 = VERTEX_POINT('',#6811);
#6811 = CARTESIAN_POINT('',(-6.521E+03,29.,2.1E+03));
#6812 = LINE('',#6813,#6814);
#6813 = CARTESIAN_POINT('',(-6.521E+03,29.,1.5E+03));
#6814 = VECTOR('',#6815,1.);
#6815 = DIRECTION('',(0.,0.,1.));
#6816 = ORIENTED_EDGE('',*,*,#6817,.T.);
#6817 = EDGE_CURVE('',#6808,#6818,#6820,.T.);
#6818 = VERTEX_POINT('',#6819);
#6819 = CARTESIAN_POINT('',(-6.521E+03,179.,1.5E+03));
#6820 = LINE('',#6821,#6822);
#6821 = CARTESIAN_POINT('',(-6.521E+03,29.,1.5E+03));
#6822 = VECTOR('',#6823,1.);
#6823 = DIRECTION('',(0.,1.,0.));
#6824 = ORIENTED_EDGE('',*,*,#6825,.T.);
#6825 = EDGE_CURVE('',#6818,#6826,#6828,.T.);
#6826 = VERTEX_POINT('',#6827);
#6827 = CARTESIAN_POINT('',(-6.521E+03,179.,2.1E+03));
#6828 = LINE('',#6829,#6830);
#6829 = CARTESIAN_POINT('',(-6.521E+03,179.,1.5E+03));
#6830 = VECTOR('',#6831,1.);
#6831 = DIRECTION('',(0.,0.,1.));
#6832 = ORIENTED_EDGE('',*,*,#6833,.F.);
#6833 = EDGE_CURVE('',#6810,#6826,#6834,.T.);
#6834 = LINE('',#6835,#6836);
#6835 = CARTESIAN_POINT('',(-6.521E+03,29.,2.1E+03));
#6836 = VECTOR('',#6837,1.);
#6837 = DIRECTION('',(0.,1.,0.));
#6838 = PLANE('',#6839);
#6839 = AXIS2_PLACEMENT_3D('',#6840,#6841,#6842);
#6840 = CARTESIAN_POINT('',(-6.521E+03,29.,1.5E+03));
#6841 = DIRECTION('',(1.,0.,0.));
#6842 = DIRECTION('',(0.,0.,1.));
#6843 = ADVANCED_FACE('',(#6844),#6878,.T.);
#6844 = FACE_BOUND('',#6845,.T.);
#6845 = EDGE_LOOP('',(#6846,#6856,#6864,#6872));
#6846 = ORIENTED_EDGE('',*,*,#6847,.F.);
#6847 = EDGE_CURVE('',#6848,#6850,#6852,.T.);
#6848 = VERTEX_POINT('',#6849);
#6849 = CARTESIAN_POINT('',(-6.121E+03,29.,1.5E+03));
#6850 = VERTEX_POINT('',#6851);
#6851 = CARTESIAN_POINT('',(-6.121E+03,29.,2.1E+03));
#6852 = LINE('',#6853,#6854);
#6853 = CARTESIAN_POINT('',(-6.121E+03,29.,1.5E+03));
#6854 = VECTOR('',#6855,1.);
#6855 = DIRECTION('',(0.,0.,1.));
#6856 = ORIENTED_EDGE('',*,*,#6857,.T.);
#6857 = EDGE_CURVE('',#6848,#6858,#6860,.T.);
#6858 = VERTEX_POINT('',#6859);
#6859 = CARTESIAN_POINT('',(-6.121E+03,179.,1.5E+03));
#6860 = LINE('',#6861,#6862);
#6861 = CARTESIAN_POINT('',(-6.121E+03,29.,1.5E+03));
#6862 = VECTOR('',#6863,1.);
#6863 = DIRECTION('',(0.,1.,0.));
#6864 = ORIENTED_EDGE('',*,*,#6865,.T.);
#6865 = EDGE_CURVE('',#6858,#6866,#6868,.T.);
#6866 = VERTEX_POINT('',#6867);
#6867 = CARTESIAN_POINT('',(-6.121E+03,179.,2.1E+03));
#6868 = LINE('',#6869,#6870);
#6869 = CARTESIAN_POINT('',(-6.121E+03,179.,1.5E+03));
#6870 = VECTOR('',#6871,1.);
#6871 = DIRECTION('',(0.,0.,1.));
#6872 = ORIENTED_EDGE('',*,*,#6873,.F.);
#6873 = EDGE_CURVE('',#6850,#6866,#6874,.T.);
#6874 = LINE('',#6875,#6876);
#6875 = CARTESIAN_POINT('',(-6.121E+03,29.,2.1E+03));
#6876 = VECTOR('',#6877,1.);
#6877 = DIRECTION('',(0.,1.,0.));
#6878 = PLANE('',#6879);
#6879 = AXIS2_PLACEMENT_3D('',#6880,#6881,#6882);
#6880 = CARTESIAN_POINT('',(-6.121E+03,29.,1.5E+03));
#6881 = DIRECTION('',(1.,0.,0.));
#6882 = DIRECTION('',(0.,0.,1.));
#6883 = ADVANCED_FACE('',(#6884),#6900,.F.);
#6884 = FACE_BOUND('',#6885,.F.);
#6885 = EDGE_LOOP('',(#6886,#6892,#6893,#6899));
#6886 = ORIENTED_EDGE('',*,*,#6887,.F.);
#6887 = EDGE_CURVE('',#6808,#6848,#6888,.T.);
#6888 = LINE('',#6889,#6890);
#6889 = CARTESIAN_POINT('',(-6.521E+03,29.,1.5E+03));
#6890 = VECTOR('',#6891,1.);
#6891 = DIRECTION('',(1.,0.,0.));
#6892 = ORIENTED_EDGE('',*,*,#6807,.T.);
#6893 = ORIENTED_EDGE('',*,*,#6894,.T.);
#6894 = EDGE_CURVE('',#6810,#6850,#6895,.T.);
#6895 = LINE('',#6896,#6897);
#6896 = CARTESIAN_POINT('',(-6.521E+03,29.,2.1E+03));
#6897 = VECTOR('',#6898,1.);
#6898 = DIRECTION('',(1.,0.,0.));
#6899 = ORIENTED_EDGE('',*,*,#6847,.F.);
#6900 = PLANE('',#6901);
#6901 = AXIS2_PLACEMENT_3D('',#6902,#6903,#6904);
#6902 = CARTESIAN_POINT('',(-6.521E+03,29.,1.5E+03));
#6903 = DIRECTION('',(0.,1.,0.));
#6904 = DIRECTION('',(0.,0.,1.));
#6905 = ADVANCED_FACE('',(#6906),#6922,.T.);
#6906 = FACE_BOUND('',#6907,.T.);
#6907 = EDGE_LOOP('',(#6908,#6914,#6915,#6921));
#6908 = ORIENTED_EDGE('',*,*,#6909,.F.);
#6909 = EDGE_CURVE('',#6818,#6858,#6910,.T.);
#6910 = LINE('',#6911,#6912);
#6911 = CARTESIAN_POINT('',(-6.521E+03,179.,1.5E+03));
#6912 = VECTOR('',#6913,1.);
#6913 = DIRECTION('',(1.,0.,0.));
#6914 = ORIENTED_EDGE('',*,*,#6825,.T.);
#6915 = ORIENTED_EDGE('',*,*,#6916,.T.);
#6916 = EDGE_CURVE('',#6826,#6866,#6917,.T.);
#6917 = LINE('',#6918,#6919);
#6918 = CARTESIAN_POINT('',(-6.521E+03,179.,2.1E+03));
#6919 = VECTOR('',#6920,1.);
#6920 = DIRECTION('',(1.,0.,0.));
#6921 = ORIENTED_EDGE('',*,*,#6865,.F.);
#6922 = PLANE('',#6923);
#6923 = AXIS2_PLACEMENT_3D('',#6924,#6925,#6926);
#6924 = CARTESIAN_POINT('',(-6.521E+03,179.,1.5E+03));
#6925 = DIRECTION('',(0.,1.,0.));
#6926 = DIRECTION('',(0.,0.,1.));
#6927 = ADVANCED_FACE('',(#6928),#6934,.F.);
#6928 = FACE_BOUND('',#6929,.F.);
#6929 = EDGE_LOOP('',(#6930,#6931,#6932,#6933));
#6930 = ORIENTED_EDGE('',*,*,#6817,.F.);
#6931 = ORIENTED_EDGE('',*,*,#6887,.T.);
#6932 = ORIENTED_EDGE('',*,*,#6857,.T.);
#6933 = ORIENTED_EDGE('',*,*,#6909,.F.);
#6934 = PLANE('',#6935);
#6935 = AXIS2_PLACEMENT_3D('',#6936,#6937,#6938);
#6936 = CARTESIAN_POINT('',(-6.521E+03,29.,1.5E+03));
#6937 = DIRECTION('',(0.,0.,1.));
#6938 = DIRECTION('',(1.,0.,0.));
#6939 = ADVANCED_FACE('',(#6940),#6946,.T.);
#6940 = FACE_BOUND('',#6941,.T.);
#6941 = EDGE_LOOP('',(#6942,#6943,#6944,#6945));
#6942 = ORIENTED_EDGE('',*,*,#6833,.F.);
#6943 = ORIENTED_EDGE('',*,*,#6894,.T.);
#6944 = ORIENTED_EDGE('',*,*,#6873,.T.);
#6945 = ORIENTED_EDGE('',*,*,#6916,.F.);
#6946 = PLANE('',#6947);
#6947 = AXIS2_PLACEMENT_3D('',#6948,#6949,#6950);
#6948 = CARTESIAN_POINT('',(-6.521E+03,29.,2.1E+03));
#6949 = DIRECTION('',(0.,0.,1.));
#6950 = DIRECTION('',(1.,0.,0.));
#6951 = MANIFOLD_SOLID_BREP('',#6952);
#6952 = CLOSED_SHELL('',(#6953,#6993,#7033,#7055,#7077,#7089));
#6953 = ADVANCED_FACE('',(#6954),#6988,.F.);
#6954 = FACE_BOUND('',#6955,.F.);
#6955 = EDGE_LOOP('',(#6956,#6966,#6974,#6982));
#6956 = ORIENTED_EDGE('',*,*,#6957,.F.);
#6957 = EDGE_CURVE('',#6958,#6960,#6962,.T.);
#6958 = VERTEX_POINT('',#6959);
#6959 = CARTESIAN_POINT('',(-6.621E+03,-671.,0.));
#6960 = VERTEX_POINT('',#6961);
#6961 = CARTESIAN_POINT('',(-6.621E+03,-671.,1.1E+03));
#6962 = LINE('',#6963,#6964);
#6963 = CARTESIAN_POINT('',(-6.621E+03,-671.,0.));
#6964 = VECTOR('',#6965,1.);
#6965 = DIRECTION('',(0.,0.,1.));
#6966 = ORIENTED_EDGE('',*,*,#6967,.T.);
#6967 = EDGE_CURVE('',#6958,#6968,#6970,.T.);
#6968 = VERTEX_POINT('',#6969);
#6969 = CARTESIAN_POINT('',(-6.621E+03,-221.,0.));
#6970 = LINE('',#6971,#6972);
#6971 = CARTESIAN_POINT('',(-6.621E+03,-671.,0.));
#6972 = VECTOR('',#6973,1.);
#6973 = DIRECTION('',(0.,1.,0.));
#6974 = ORIENTED_EDGE('',*,*,#6975,.T.);
#6975 = EDGE_CURVE('',#6968,#6976,#6978,.T.);
#6976 = VERTEX_POINT('',#6977);
#6977 = CARTESIAN_POINT('',(-6.621E+03,-221.,1.1E+03));
#6978 = LINE('',#6979,#6980);
#6979 = CARTESIAN_POINT('',(-6.621E+03,-221.,0.));
#6980 = VECTOR('',#6981,1.);
#6981 = DIRECTION('',(0.,0.,1.));
#6982 = ORIENTED_EDGE('',*,*,#6983,.F.);
#6983 = EDGE_CURVE('',#6960,#6976,#6984,.T.);
#6984 = LINE('',#6985,#6986);
#6985 = CARTESIAN_POINT('',(-6.621E+03,-671.,1.1E+03));
#6986 = VECTOR('',#6987,1.);
#6987 = DIRECTION('',(0.,1.,0.));
#6988 = PLANE('',#6989);
#6989 = AXIS2_PLACEMENT_3D('',#6990,#6991,#6992);
#6990 = CARTESIAN_POINT('',(-6.621E+03,-671.,0.));
#6991 = DIRECTION('',(1.,0.,0.));
#6992 = DIRECTION('',(0.,0.,1.));
#6993 = ADVANCED_FACE('',(#6994),#7028,.T.);
#6994 = FACE_BOUND('',#6995,.T.);
#6995 = EDGE_LOOP('',(#6996,#7006,#7014,#7022));
#6996 = ORIENTED_EDGE('',*,*,#6997,.F.);
#6997 = EDGE_CURVE('',#6998,#7000,#7002,.T.);
#6998 = VERTEX_POINT('',#6999);
#6999 = CARTESIAN_POINT('',(-6.021E+03,-671.,0.));
#7000 = VERTEX_POINT('',#7001);
#7001 = CARTESIAN_POINT('',(-6.021E+03,-671.,1.1E+03));
#7002 = LINE('',#7003,#7004);
#7003 = CARTESIAN_POINT('',(-6.021E+03,-671.,0.));
#7004 = VECTOR('',#7005,1.);
#7005 = DIRECTION('',(0.,0.,1.));
#7006 = ORIENTED_EDGE('',*,*,#7007,.T.);
#7007 = EDGE_CURVE('',#6998,#7008,#7010,.T.);
#7008 = VERTEX_POINT('',#7009);
#7009 = CARTESIAN_POINT('',(-6.021E+03,-221.,0.));
#7010 = LINE('',#7011,#7012);
#7011 = CARTESIAN_POINT('',(-6.021E+03,-671.,0.));
#7012 = VECTOR('',#7013,1.);
#7013 = DIRECTION('',(0.,1.,0.));
#7014 = ORIENTED_EDGE('',*,*,#7015,.T.);
#7015 = EDGE_CURVE('',#7008,#7016,#7018,.T.);
#7016 = VERTEX_POINT('',#7017);
#7017 = CARTESIAN_POINT('',(-6.021E+03,-221.,1.1E+03));
#7018 = LINE('',#7019,#7020);
#7019 = CARTESIAN_POINT('',(-6.021E+03,-221.,0.));
#7020 = VECTOR('',#7021,1.);
#7021 = DIRECTION('',(0.,0.,1.));
#7022 = ORIENTED_EDGE('',*,*,#7023,.F.);
#7023 = EDGE_CURVE('',#7000,#7016,#7024,.T.);
#7024 = LINE('',#7025,#7026);
#7025 = CARTESIAN_POINT('',(-6.021E+03,-671.,1.1E+03));
#7026 = VECTOR('',#7027,1.);
#7027 = DIRECTION('',(0.,1.,0.));
#7028 = PLANE('',#7029);
#7029 = AXIS2_PLACEMENT_3D('',#7030,#7031,#7032);
#7030 = CARTESIAN_POINT('',(-6.021E+03,-671.,0.));
#7031 = DIRECTION('',(1.,0.,0.));
#7032 = DIRECTION('',(0.,0.,1.));
#7033 = ADVANCED_FACE('',(#7034),#7050,.F.);
#7034 = FACE_BOUND('',#7035,.F.);
#7035 = EDGE_LOOP('',(#7036,#7042,#7043,#7049));
#7036 = ORIENTED_EDGE('',*,*,#7037,.F.);
#7037 = EDGE_CURVE('',#6958,#6998,#7038,.T.);
#7038 = LINE('',#7039,#7040);
#7039 = CARTESIAN_POINT('',(-6.621E+03,-671.,0.));
#7040 = VECTOR('',#7041,1.);
#7041 = DIRECTION('',(1.,0.,0.));
#7042 = ORIENTED_EDGE('',*,*,#6957,.T.);
#7043 = ORIENTED_EDGE('',*,*,#7044,.T.);
#7044 = EDGE_CURVE('',#6960,#7000,#7045,.T.);
#7045 = LINE('',#7046,#7047);
#7046 = CARTESIAN_POINT('',(-6.621E+03,-671.,1.1E+03));
#7047 = VECTOR('',#7048,1.);
#7048 = DIRECTION('',(1.,0.,0.));
#7049 = ORIENTED_EDGE('',*,*,#6997,.F.);
#7050 = PLANE('',#7051);
#7051 = AXIS2_PLACEMENT_3D('',#7052,#7053,#7054);
#7052 = CARTESIAN_POINT('',(-6.621E+03,-671.,0.));
#7053 = DIRECTION('',(0.,1.,0.));
#7054 = DIRECTION('',(0.,0.,1.));
#7055 = ADVANCED_FACE('',(#7056),#7072,.T.);
#7056 = FACE_BOUND('',#7057,.T.);
#7057 = EDGE_LOOP('',(#7058,#7064,#7065,#7071));
#7058 = ORIENTED_EDGE('',*,*,#7059,.F.);
#7059 = EDGE_CURVE('',#6968,#7008,#7060,.T.);
#7060 = LINE('',#7061,#7062);
#7061 = CARTESIAN_POINT('',(-6.621E+03,-221.,0.));
#7062 = VECTOR('',#7063,1.);
#7063 = DIRECTION('',(1.,0.,0.));
#7064 = ORIENTED_EDGE('',*,*,#6975,.T.);
#7065 = ORIENTED_EDGE('',*,*,#7066,.T.);
#7066 = EDGE_CURVE('',#6976,#7016,#7067,.T.);
#7067 = LINE('',#7068,#7069);
#7068 = CARTESIAN_POINT('',(-6.621E+03,-221.,1.1E+03));
#7069 = VECTOR('',#7070,1.);
#7070 = DIRECTION('',(1.,0.,0.));
#7071 = ORIENTED_EDGE('',*,*,#7015,.F.);
#7072 = PLANE('',#7073);
#7073 = AXIS2_PLACEMENT_3D('',#7074,#7075,#7076);
#7074 = CARTESIAN_POINT('',(-6.621E+03,-221.,0.));
#7075 = DIRECTION('',(0.,1.,0.));
#7076 = DIRECTION('',(0.,0.,1.));
#7077 = ADVANCED_FACE('',(#7078),#7084,.F.);
#7078 = FACE_BOUND('',#7079,.F.);
#7079 = EDGE_LOOP('',(#7080,#7081,#7082,#7083));
#7080 = ORIENTED_EDGE('',*,*,#6967,.F.);
#7081 = ORIENTED_EDGE('',*,*,#7037,.T.);
#7082 = ORIENTED_EDGE('',*,*,#7007,.T.);
#7083 = ORIENTED_EDGE('',*,*,#7059,.F.);
#7084 = PLANE('',#7085);
#7085 = AXIS2_PLACEMENT_3D('',#7086,#7087,#7088);
#7086 = CARTESIAN_POINT('',(-6.621E+03,-671.,0.));
#7087 = DIRECTION('',(0.,0.,1.));
#7088 = DIRECTION('',(1.,0.,0.));
#7089 = ADVANCED_FACE('',(#7090),#7096,.T.);
#7090 = FACE_BOUND('',#7091,.T.);
#7091 = EDGE_LOOP('',(#7092,#7093,#7094,#7095));
#7092 = ORIENTED_EDGE('',*,*,#6983,.F.);
#7093 = ORIENTED_EDGE('',*,*,#7044,.T.);
#7094 = ORIENTED_EDGE('',*,*,#7023,.T.);
#7095 = ORIENTED_EDGE('',*,*,#7066,.F.);
#7096 = PLANE('',#7097);
#7097 = AXIS2_PLACEMENT_3D('',#7098,#7099,#7100);
#7098 = CARTESIAN_POINT('',(-6.621E+03,-671.,1.1E+03));
#7099 = DIRECTION('',(0.,0.,1.));
#7100 = DIRECTION('',(1.,0.,0.));
#7101 = MANIFOLD_SOLID_BREP('',#7102);
#7102 = CLOSED_SHELL('',(#7103,#7136,#7145));
#7103 = ADVANCED_FACE('',(#7104),#7131,.T.);
#7104 = FACE_BOUND('',#7105,.T.);
#7105 = EDGE_LOOP('',(#7106,#7115,#7123,#7130));
#7106 = ORIENTED_EDGE('',*,*,#7107,.F.);
#7107 = EDGE_CURVE('',#7108,#7108,#7110,.T.);
#7108 = VERTEX_POINT('',#7109);
#7109 = CARTESIAN_POINT('',(-5.711E+03,304.,320.));
#7110 = CIRCLE('',#7111,60.);
#7111 = AXIS2_PLACEMENT_3D('',#7112,#7113,#7114);
#7112 = CARTESIAN_POINT('',(-5.771E+03,304.,320.));
#7113 = DIRECTION('',(0.,0.,1.));
#7114 = DIRECTION('',(1.,0.,0.));
#7115 = ORIENTED_EDGE('',*,*,#7116,.F.);
#7116 = EDGE_CURVE('',#7117,#7108,#7119,.T.);
#7117 = VERTEX_POINT('',#7118);
#7118 = CARTESIAN_POINT('',(-5.711E+03,304.,300.));
#7119 = LINE('',#7120,#7121);
#7120 = CARTESIAN_POINT('',(-5.711E+03,304.,300.));
#7121 = VECTOR('',#7122,1.);
#7122 = DIRECTION('',(0.,0.,1.));
#7123 = ORIENTED_EDGE('',*,*,#7124,.T.);
#7124 = EDGE_CURVE('',#7117,#7117,#7125,.T.);
#7125 = CIRCLE('',#7126,60.);
#7126 = AXIS2_PLACEMENT_3D('',#7127,#7128,#7129);
#7127 = CARTESIAN_POINT('',(-5.771E+03,304.,300.));
#7128 = DIRECTION('',(0.,0.,1.));
#7129 = DIRECTION('',(1.,0.,0.));
#7130 = ORIENTED_EDGE('',*,*,#7116,.T.);
#7131 = CYLINDRICAL_SURFACE('',#7132,60.);
#7132 = AXIS2_PLACEMENT_3D('',#7133,#7134,#7135);
#7133 = CARTESIAN_POINT('',(-5.771E+03,304.,300.));
#7134 = DIRECTION('',(0.,0.,1.));
#7135 = DIRECTION('',(1.,0.,0.));
#7136 = ADVANCED_FACE('',(#7137),#7140,.T.);
#7137 = FACE_BOUND('',#7138,.T.);
#7138 = EDGE_LOOP('',(#7139));
#7139 = ORIENTED_EDGE('',*,*,#7107,.T.);
#7140 = PLANE('',#7141);
#7141 = AXIS2_PLACEMENT_3D('',#7142,#7143,#7144);
#7142 = CARTESIAN_POINT('',(-5.771E+03,304.,320.));
#7143 = DIRECTION('',(0.,0.,1.));
#7144 = DIRECTION('',(1.,0.,0.));
#7145 = ADVANCED_FACE('',(#7146),#7149,.F.);
#7146 = FACE_BOUND('',#7147,.T.);
#7147 = EDGE_LOOP('',(#7148));
#7148 = ORIENTED_EDGE('',*,*,#7124,.F.);
#7149 = PLANE('',#7150);
#7150 = AXIS2_PLACEMENT_3D('',#7151,#7152,#7153);
#7151 = CARTESIAN_POINT('',(-5.771E+03,304.,300.));
#7152 = DIRECTION('',(0.,0.,1.));
#7153 = DIRECTION('',(1.,0.,0.));
#7154 = MANIFOLD_SOLID_BREP('',#7155);
#7155 = CLOSED_SHELL('',(#7156,#7189,#7198));
#7156 = ADVANCED_FACE('',(#7157),#7184,.T.);
#7157 = FACE_BOUND('',#7158,.T.);
#7158 = EDGE_LOOP('',(#7159,#7168,#7176,#7183));
#7159 = ORIENTED_EDGE('',*,*,#7160,.F.);
#7160 = EDGE_CURVE('',#7161,#7161,#7163,.T.);
#7161 = VERTEX_POINT('',#7162);
#7162 = CARTESIAN_POINT('',(-5.011E+03,304.,320.));
#7163 = CIRCLE('',#7164,60.);
#7164 = AXIS2_PLACEMENT_3D('',#7165,#7166,#7167);
#7165 = CARTESIAN_POINT('',(-5.071E+03,304.,320.));
#7166 = DIRECTION('',(0.,0.,1.));
#7167 = DIRECTION('',(1.,0.,0.));
#7168 = ORIENTED_EDGE('',*,*,#7169,.F.);
#7169 = EDGE_CURVE('',#7170,#7161,#7172,.T.);
#7170 = VERTEX_POINT('',#7171);
#7171 = CARTESIAN_POINT('',(-5.011E+03,304.,300.));
#7172 = LINE('',#7173,#7174);
#7173 = CARTESIAN_POINT('',(-5.011E+03,304.,300.));
#7174 = VECTOR('',#7175,1.);
#7175 = DIRECTION('',(0.,0.,1.));
#7176 = ORIENTED_EDGE('',*,*,#7177,.T.);
#7177 = EDGE_CURVE('',#7170,#7170,#7178,.T.);
#7178 = CIRCLE('',#7179,60.);
#7179 = AXIS2_PLACEMENT_3D('',#7180,#7181,#7182);
#7180 = CARTESIAN_POINT('',(-5.071E+03,304.,300.));
#7181 = DIRECTION('',(0.,0.,1.));
#7182 = DIRECTION('',(1.,0.,0.));
#7183 = ORIENTED_EDGE('',*,*,#7169,.T.);
#7184 = CYLINDRICAL_SURFACE('',#7185,60.);
#7185 = AXIS2_PLACEMENT_3D('',#7186,#7187,#7188);
#7186 = CARTESIAN_POINT('',(-5.071E+03,304.,300.));
#7187 = DIRECTION('',(0.,0.,1.));
#7188 = DIRECTION('',(1.,0.,0.));
#7189 = ADVANCED_FACE('',(#7190),#7193,.T.);
#7190 = FACE_BOUND('',#7191,.T.);
#7191 = EDGE_LOOP('',(#7192));
#7192 = ORIENTED_EDGE('',*,*,#7160,.T.);
#7193 = PLANE('',#7194);
#7194 = AXIS2_PLACEMENT_3D('',#7195,#7196,#7197);
#7195 = CARTESIAN_POINT('',(-5.071E+03,304.,320.));
#7196 = DIRECTION('',(0.,0.,1.));
#7197 = DIRECTION('',(1.,0.,0.));
#7198 = ADVANCED_FACE('',(#7199),#7202,.F.);
#7199 = FACE_BOUND('',#7200,.T.);
#7200 = EDGE_LOOP('',(#7201));
#7201 = ORIENTED_EDGE('',*,*,#7177,.F.);
#7202 = PLANE('',#7203);
#7203 = AXIS2_PLACEMENT_3D('',#7204,#7205,#7206);
#7204 = CARTESIAN_POINT('',(-5.071E+03,304.,300.));
#7205 = DIRECTION('',(0.,0.,1.));
#7206 = DIRECTION('',(1.,0.,0.));
#7207 = MANIFOLD_SOLID_BREP('',#7208);
#7208 = CLOSED_SHELL('',(#7209,#7242,#7251));
#7209 = ADVANCED_FACE('',(#7210),#7237,.T.);
#7210 = FACE_BOUND('',#7211,.T.);
#7211 = EDGE_LOOP('',(#7212,#7221,#7229,#7236));
#7212 = ORIENTED_EDGE('',*,*,#7213,.F.);
#7213 = EDGE_CURVE('',#7214,#7214,#7216,.T.);
#7214 = VERTEX_POINT('',#7215);
#7215 = CARTESIAN_POINT('',(-4.311E+03,304.,320.));
#7216 = CIRCLE('',#7217,60.);
#7217 = AXIS2_PLACEMENT_3D('',#7218,#7219,#7220);
#7218 = CARTESIAN_POINT('',(-4.371E+03,304.,320.));
#7219 = DIRECTION('',(0.,0.,1.));
#7220 = DIRECTION('',(1.,0.,0.));
#7221 = ORIENTED_EDGE('',*,*,#7222,.F.);
#7222 = EDGE_CURVE('',#7223,#7214,#7225,.T.);
#7223 = VERTEX_POINT('',#7224);
#7224 = CARTESIAN_POINT('',(-4.311E+03,304.,300.));
#7225 = LINE('',#7226,#7227);
#7226 = CARTESIAN_POINT('',(-4.311E+03,304.,300.));
#7227 = VECTOR('',#7228,1.);
#7228 = DIRECTION('',(0.,0.,1.));
#7229 = ORIENTED_EDGE('',*,*,#7230,.T.);
#7230 = EDGE_CURVE('',#7223,#7223,#7231,.T.);
#7231 = CIRCLE('',#7232,60.);
#7232 = AXIS2_PLACEMENT_3D('',#7233,#7234,#7235);
#7233 = CARTESIAN_POINT('',(-4.371E+03,304.,300.));
#7234 = DIRECTION('',(0.,0.,1.));
#7235 = DIRECTION('',(1.,0.,0.));
#7236 = ORIENTED_EDGE('',*,*,#7222,.T.);
#7237 = CYLINDRICAL_SURFACE('',#7238,60.);
#7238 = AXIS2_PLACEMENT_3D('',#7239,#7240,#7241);
#7239 = CARTESIAN_POINT('',(-4.371E+03,304.,300.));
#7240 = DIRECTION('',(0.,0.,1.));
#7241 = DIRECTION('',(1.,0.,0.));
#7242 = ADVANCED_FACE('',(#7243),#7246,.T.);
#7243 = FACE_BOUND('',#7244,.T.);
#7244 = EDGE_LOOP('',(#7245));
#7245 = ORIENTED_EDGE('',*,*,#7213,.T.);
#7246 = PLANE('',#7247);
#7247 = AXIS2_PLACEMENT_3D('',#7248,#7249,#7250);
#7248 = CARTESIAN_POINT('',(-4.371E+03,304.,320.));
#7249 = DIRECTION('',(0.,0.,1.));
#7250 = DIRECTION('',(1.,0.,0.));
#7251 = ADVANCED_FACE('',(#7252),#7255,.F.);
#7252 = FACE_BOUND('',#7253,.T.);
#7253 = EDGE_LOOP('',(#7254));
#7254 = ORIENTED_EDGE('',*,*,#7230,.F.);
#7255 = PLANE('',#7256);
#7256 = AXIS2_PLACEMENT_3D('',#7257,#7258,#7259);
#7257 = CARTESIAN_POINT('',(-4.371E+03,304.,300.));
#7258 = DIRECTION('',(0.,0.,1.));
#7259 = DIRECTION('',(1.,0.,0.));
#7260 = MANIFOLD_SOLID_BREP('',#7261);
#7261 = CLOSED_SHELL('',(#7262,#7295,#7304));
#7262 = ADVANCED_FACE('',(#7263),#7290,.T.);
#7263 = FACE_BOUND('',#7264,.T.);
#7264 = EDGE_LOOP('',(#7265,#7274,#7282,#7289));
#7265 = ORIENTED_EDGE('',*,*,#7266,.F.);
#7266 = EDGE_CURVE('',#7267,#7267,#7269,.T.);
#7267 = VERTEX_POINT('',#7268);
#7268 = CARTESIAN_POINT('',(-3.814E+03,-446.,320.));
#7269 = CIRCLE('',#7270,60.);
#7270 = AXIS2_PLACEMENT_3D('',#7271,#7272,#7273);
#7271 = CARTESIAN_POINT('',(-3.874E+03,-446.,320.));
#7272 = DIRECTION('',(0.,0.,1.));
#7273 = DIRECTION('',(1.,0.,0.));
#7274 = ORIENTED_EDGE('',*,*,#7275,.F.);
#7275 = EDGE_CURVE('',#7276,#7267,#7278,.T.);
#7276 = VERTEX_POINT('',#7277);
#7277 = CARTESIAN_POINT('',(-3.814E+03,-446.,300.));
#7278 = LINE('',#7279,#7280);
#7279 = CARTESIAN_POINT('',(-3.814E+03,-446.,300.));
#7280 = VECTOR('',#7281,1.);
#7281 = DIRECTION('',(0.,0.,1.));
#7282 = ORIENTED_EDGE('',*,*,#7283,.T.);
#7283 = EDGE_CURVE('',#7276,#7276,#7284,.T.);
#7284 = CIRCLE('',#7285,60.);
#7285 = AXIS2_PLACEMENT_3D('',#7286,#7287,#7288);
#7286 = CARTESIAN_POINT('',(-3.874E+03,-446.,300.));
#7287 = DIRECTION('',(0.,0.,1.));
#7288 = DIRECTION('',(1.,0.,0.));
#7289 = ORIENTED_EDGE('',*,*,#7275,.T.);
#7290 = CYLINDRICAL_SURFACE('',#7291,60.);
#7291 = AXIS2_PLACEMENT_3D('',#7292,#7293,#7294);
#7292 = CARTESIAN_POINT('',(-3.874E+03,-446.,300.));
#7293 = DIRECTION('',(0.,0.,1.));
#7294 = DIRECTION('',(1.,0.,0.));
#7295 = ADVANCED_FACE('',(#7296),#7299,.T.);
#7296 = FACE_BOUND('',#7297,.T.);
#7297 = EDGE_LOOP('',(#7298));
#7298 = ORIENTED_EDGE('',*,*,#7266,.T.);
#7299 = PLANE('',#7300);
#7300 = AXIS2_PLACEMENT_3D('',#7301,#7302,#7303);
#7301 = CARTESIAN_POINT('',(-3.874E+03,-446.,320.));
#7302 = DIRECTION('',(0.,0.,1.));
#7303 = DIRECTION('',(1.,0.,0.));
#7304 = ADVANCED_FACE('',(#7305),#7308,.F.);
#7305 = FACE_BOUND('',#7306,.T.);
#7306 = EDGE_LOOP('',(#7307));
#7307 = ORIENTED_EDGE('',*,*,#7283,.F.);
#7308 = PLANE('',#7309);
#7309 = AXIS2_PLACEMENT_3D('',#7310,#7311,#7312);
#7310 = CARTESIAN_POINT('',(-3.874E+03,-446.,300.));
#7311 = DIRECTION('',(0.,0.,1.));
#7312 = DIRECTION('',(1.,0.,0.));
#7313 = MANIFOLD_SOLID_BREP('',#7314);
#7314 = CLOSED_SHELL('',(#7315,#7348,#7357));
#7315 = ADVANCED_FACE('',(#7316),#7343,.T.);
#7316 = FACE_BOUND('',#7317,.T.);
#7317 = EDGE_LOOP('',(#7318,#7327,#7335,#7342));
#7318 = ORIENTED_EDGE('',*,*,#7319,.F.);
#7319 = EDGE_CURVE('',#7320,#7320,#7322,.T.);
#7320 = VERTEX_POINT('',#7321);
#7321 = CARTESIAN_POINT('',(-3.814E+03,-1.491E+03,320.));
#7322 = CIRCLE('',#7323,60.);
#7323 = AXIS2_PLACEMENT_3D('',#7324,#7325,#7326);
#7324 = CARTESIAN_POINT('',(-3.874E+03,-1.491E+03,320.));
#7325 = DIRECTION('',(0.,0.,1.));
#7326 = DIRECTION('',(1.,0.,0.));
#7327 = ORIENTED_EDGE('',*,*,#7328,.F.);
#7328 = EDGE_CURVE('',#7329,#7320,#7331,.T.);
#7329 = VERTEX_POINT('',#7330);
#7330 = CARTESIAN_POINT('',(-3.814E+03,-1.491E+03,300.));
#7331 = LINE('',#7332,#7333);
#7332 = CARTESIAN_POINT('',(-3.814E+03,-1.491E+03,300.));
#7333 = VECTOR('',#7334,1.);
#7334 = DIRECTION('',(0.,0.,1.));
#7335 = ORIENTED_EDGE('',*,*,#7336,.T.);
#7336 = EDGE_CURVE('',#7329,#7329,#7337,.T.);
#7337 = CIRCLE('',#7338,60.);
#7338 = AXIS2_PLACEMENT_3D('',#7339,#7340,#7341);
#7339 = CARTESIAN_POINT('',(-3.874E+03,-1.491E+03,300.));
#7340 = DIRECTION('',(0.,0.,1.));
#7341 = DIRECTION('',(1.,0.,0.));
#7342 = ORIENTED_EDGE('',*,*,#7328,.T.);
#7343 = CYLINDRICAL_SURFACE('',#7344,60.);
#7344 = AXIS2_PLACEMENT_3D('',#7345,#7346,#7347);
#7345 = CARTESIAN_POINT('',(-3.874E+03,-1.491E+03,300.));
#7346 = DIRECTION('',(0.,0.,1.));
#7347 = DIRECTION('',(1.,0.,0.));
#7348 = ADVANCED_FACE('',(#7349),#7352,.T.);
#7349 = FACE_BOUND('',#7350,.T.);
#7350 = EDGE_LOOP('',(#7351));
#7351 = ORIENTED_EDGE('',*,*,#7319,.T.);
#7352 = PLANE('',#7353);
#7353 = AXIS2_PLACEMENT_3D('',#7354,#7355,#7356);
#7354 = CARTESIAN_POINT('',(-3.874E+03,-1.491E+03,320.));
#7355 = DIRECTION('',(0.,0.,1.));
#7356 = DIRECTION('',(1.,0.,0.));
#7357 = ADVANCED_FACE('',(#7358),#7361,.F.);
#7358 = FACE_BOUND('',#7359,.T.);
#7359 = EDGE_LOOP('',(#7360));
#7360 = ORIENTED_EDGE('',*,*,#7336,.F.);
#7361 = PLANE('',#7362);
#7362 = AXIS2_PLACEMENT_3D('',#7363,#7364,#7365);
#7363 = CARTESIAN_POINT('',(-3.874E+03,-1.491E+03,300.));
#7364 = DIRECTION('',(0.,0.,1.));
#7365 = DIRECTION('',(1.,0.,0.));
#7366 = MANIFOLD_SOLID_BREP('',#7367);
#7367 = CLOSED_SHELL('',(#7368,#7408,#7448,#7470,#7492,#7504));
#7368 = ADVANCED_FACE('',(#7369),#7403,.F.);
#7369 = FACE_BOUND('',#7370,.F.);
#7370 = EDGE_LOOP('',(#7371,#7381,#7389,#7397));
#7371 = ORIENTED_EDGE('',*,*,#7372,.F.);
#7372 = EDGE_CURVE('',#7373,#7375,#7377,.T.);
#7373 = VERTEX_POINT('',#7374);
#7374 = CARTESIAN_POINT('',(-3.934E+03,-106.,300.));
#7375 = VERTEX_POINT('',#7376);
#7376 = CARTESIAN_POINT('',(-3.934E+03,-106.,320.));
#7377 = LINE('',#7378,#7379);
#7378 = CARTESIAN_POINT('',(-3.934E+03,-106.,300.));
#7379 = VECTOR('',#7380,1.);
#7380 = DIRECTION('',(0.,0.,1.));
#7381 = ORIENTED_EDGE('',*,*,#7382,.T.);
#7382 = EDGE_CURVE('',#7373,#7383,#7385,.T.);
#7383 = VERTEX_POINT('',#7384);
#7384 = CARTESIAN_POINT('',(-3.934E+03,14.,300.));
#7385 = LINE('',#7386,#7387);
#7386 = CARTESIAN_POINT('',(-3.934E+03,-106.,300.));
#7387 = VECTOR('',#7388,1.);
#7388 = DIRECTION('',(0.,1.,0.));
#7389 = ORIENTED_EDGE('',*,*,#7390,.T.);
#7390 = EDGE_CURVE('',#7383,#7391,#7393,.T.);
#7391 = VERTEX_POINT('',#7392);
#7392 = CARTESIAN_POINT('',(-3.934E+03,14.,320.));
#7393 = LINE('',#7394,#7395);
#7394 = CARTESIAN_POINT('',(-3.934E+03,14.,300.));
#7395 = VECTOR('',#7396,1.);
#7396 = DIRECTION('',(0.,0.,1.));
#7397 = ORIENTED_EDGE('',*,*,#7398,.F.);
#7398 = EDGE_CURVE('',#7375,#7391,#7399,.T.);
#7399 = LINE('',#7400,#7401);
#7400 = CARTESIAN_POINT('',(-3.934E+03,-106.,320.));
#7401 = VECTOR('',#7402,1.);
#7402 = DIRECTION('',(0.,1.,0.));
#7403 = PLANE('',#7404);
#7404 = AXIS2_PLACEMENT_3D('',#7405,#7406,#7407);
#7405 = CARTESIAN_POINT('',(-3.934E+03,-106.,300.));
#7406 = DIRECTION('',(1.,0.,0.));
#7407 = DIRECTION('',(0.,0.,1.));
#7408 = ADVANCED_FACE('',(#7409),#7443,.T.);
#7409 = FACE_BOUND('',#7410,.T.);
#7410 = EDGE_LOOP('',(#7411,#7421,#7429,#7437));
#7411 = ORIENTED_EDGE('',*,*,#7412,.F.);
#7412 = EDGE_CURVE('',#7413,#7415,#7417,.T.);
#7413 = VERTEX_POINT('',#7414);
#7414 = CARTESIAN_POINT('',(-3.814E+03,-106.,300.));
#7415 = VERTEX_POINT('',#7416);
#7416 = CARTESIAN_POINT('',(-3.814E+03,-106.,320.));
#7417 = LINE('',#7418,#7419);
#7418 = CARTESIAN_POINT('',(-3.814E+03,-106.,300.));
#7419 = VECTOR('',#7420,1.);
#7420 = DIRECTION('',(0.,0.,1.));
#7421 = ORIENTED_EDGE('',*,*,#7422,.T.);
#7422 = EDGE_CURVE('',#7413,#7423,#7425,.T.);
#7423 = VERTEX_POINT('',#7424);
#7424 = CARTESIAN_POINT('',(-3.814E+03,14.,300.));
#7425 = LINE('',#7426,#7427);
#7426 = CARTESIAN_POINT('',(-3.814E+03,-106.,300.));
#7427 = VECTOR('',#7428,1.);
#7428 = DIRECTION('',(0.,1.,0.));
#7429 = ORIENTED_EDGE('',*,*,#7430,.T.);
#7430 = EDGE_CURVE('',#7423,#7431,#7433,.T.);
#7431 = VERTEX_POINT('',#7432);
#7432 = CARTESIAN_POINT('',(-3.814E+03,14.,320.));
#7433 = LINE('',#7434,#7435);
#7434 = CARTESIAN_POINT('',(-3.814E+03,14.,300.));
#7435 = VECTOR('',#7436,1.);
#7436 = DIRECTION('',(0.,0.,1.));
#7437 = ORIENTED_EDGE('',*,*,#7438,.F.);
#7438 = EDGE_CURVE('',#7415,#7431,#7439,.T.);
#7439 = LINE('',#7440,#7441);
#7440 = CARTESIAN_POINT('',(-3.814E+03,-106.,320.));
#7441 = VECTOR('',#7442,1.);
#7442 = DIRECTION('',(0.,1.,0.));
#7443 = PLANE('',#7444);
#7444 = AXIS2_PLACEMENT_3D('',#7445,#7446,#7447);
#7445 = CARTESIAN_POINT('',(-3.814E+03,-106.,300.));
#7446 = DIRECTION('',(1.,0.,0.));
#7447 = DIRECTION('',(0.,0.,1.));
#7448 = ADVANCED_FACE('',(#7449),#7465,.F.);
#7449 = FACE_BOUND('',#7450,.F.);
#7450 = EDGE_LOOP('',(#7451,#7457,#7458,#7464));
#7451 = ORIENTED_EDGE('',*,*,#7452,.F.);
#7452 = EDGE_CURVE('',#7373,#7413,#7453,.T.);
#7453 = LINE('',#7454,#7455);
#7454 = CARTESIAN_POINT('',(-3.934E+03,-106.,300.));
#7455 = VECTOR('',#7456,1.);
#7456 = DIRECTION('',(1.,0.,0.));
#7457 = ORIENTED_EDGE('',*,*,#7372,.T.);
#7458 = ORIENTED_EDGE('',*,*,#7459,.T.);
#7459 = EDGE_CURVE('',#7375,#7415,#7460,.T.);
#7460 = LINE('',#7461,#7462);
#7461 = CARTESIAN_POINT('',(-3.934E+03,-106.,320.));
#7462 = VECTOR('',#7463,1.);
#7463 = DIRECTION('',(1.,0.,0.));
#7464 = ORIENTED_EDGE('',*,*,#7412,.F.);
#7465 = PLANE('',#7466);
#7466 = AXIS2_PLACEMENT_3D('',#7467,#7468,#7469);
#7467 = CARTESIAN_POINT('',(-3.934E+03,-106.,300.));
#7468 = DIRECTION('',(0.,1.,0.));
#7469 = DIRECTION('',(0.,0.,1.));
#7470 = ADVANCED_FACE('',(#7471),#7487,.T.);
#7471 = FACE_BOUND('',#7472,.T.);
#7472 = EDGE_LOOP('',(#7473,#7479,#7480,#7486));
#7473 = ORIENTED_EDGE('',*,*,#7474,.F.);
#7474 = EDGE_CURVE('',#7383,#7423,#7475,.T.);
#7475 = LINE('',#7476,#7477);
#7476 = CARTESIAN_POINT('',(-3.934E+03,14.,300.));
#7477 = VECTOR('',#7478,1.);
#7478 = DIRECTION('',(1.,0.,0.));
#7479 = ORIENTED_EDGE('',*,*,#7390,.T.);
#7480 = ORIENTED_EDGE('',*,*,#7481,.T.);
#7481 = EDGE_CURVE('',#7391,#7431,#7482,.T.);
#7482 = LINE('',#7483,#7484);
#7483 = CARTESIAN_POINT('',(-3.934E+03,14.,320.));
#7484 = VECTOR('',#7485,1.);
#7485 = DIRECTION('',(1.,0.,0.));
#7486 = ORIENTED_EDGE('',*,*,#7430,.F.);
#7487 = PLANE('',#7488);
#7488 = AXIS2_PLACEMENT_3D('',#7489,#7490,#7491);
#7489 = CARTESIAN_POINT('',(-3.934E+03,14.,300.));
#7490 = DIRECTION('',(0.,1.,0.));
#7491 = DIRECTION('',(0.,0.,1.));
#7492 = ADVANCED_FACE('',(#7493),#7499,.F.);
#7493 = FACE_BOUND('',#7494,.F.);
#7494 = EDGE_LOOP('',(#7495,#7496,#7497,#7498));
#7495 = ORIENTED_EDGE('',*,*,#7382,.F.);
#7496 = ORIENTED_EDGE('',*,*,#7452,.T.);
#7497 = ORIENTED_EDGE('',*,*,#7422,.T.);
#7498 = ORIENTED_EDGE('',*,*,#7474,.F.);
#7499 = PLANE('',#7500);
#7500 = AXIS2_PLACEMENT_3D('',#7501,#7502,#7503);
#7501 = CARTESIAN_POINT('',(-3.934E+03,-106.,300.));
#7502 = DIRECTION('',(0.,0.,1.));
#7503 = DIRECTION('',(1.,0.,0.));
#7504 = ADVANCED_FACE('',(#7505),#7511,.T.);
#7505 = FACE_BOUND('',#7506,.T.);
#7506 = EDGE_LOOP('',(#7507,#7508,#7509,#7510));
#7507 = ORIENTED_EDGE('',*,*,#7398,.F.);
#7508 = ORIENTED_EDGE('',*,*,#7459,.T.);
#7509 = ORIENTED_EDGE('',*,*,#7438,.T.);
#7510 = ORIENTED_EDGE('',*,*,#7481,.F.);
#7511 = PLANE('',#7512);
#7512 = AXIS2_PLACEMENT_3D('',#7513,#7514,#7515);
#7513 = CARTESIAN_POINT('',(-3.934E+03,-106.,320.));
#7514 = DIRECTION('',(0.,0.,1.));
#7515 = DIRECTION('',(1.,0.,0.));
#7516 = MANIFOLD_SOLID_BREP('',#7517);
#7517 = CLOSED_SHELL('',(#7518,#7551,#7560));
#7518 = ADVANCED_FACE('',(#7519),#7546,.T.);
#7519 = FACE_BOUND('',#7520,.T.);
#7520 = EDGE_LOOP('',(#7521,#7530,#7538,#7545));
#7521 = ORIENTED_EDGE('',*,*,#7522,.F.);
#7522 = EDGE_CURVE('',#7523,#7523,#7525,.T.);
#7523 = VERTEX_POINT('',#7524);
#7524 = CARTESIAN_POINT('',(-5.411E+03,54.,320.));
#7525 = CIRCLE('',#7526,60.);
#7526 = AXIS2_PLACEMENT_3D('',#7527,#7528,#7529);
#7527 = CARTESIAN_POINT('',(-5.471E+03,54.,320.));
#7528 = DIRECTION('',(0.,0.,1.));
#7529 = DIRECTION('',(1.,0.,0.));
#7530 = ORIENTED_EDGE('',*,*,#7531,.F.);
#7531 = EDGE_CURVE('',#7532,#7523,#7534,.T.);
#7532 = VERTEX_POINT('',#7533);
#7533 = CARTESIAN_POINT('',(-5.411E+03,54.,300.));
#7534 = LINE('',#7535,#7536);
#7535 = CARTESIAN_POINT('',(-5.411E+03,54.,300.));
#7536 = VECTOR('',#7537,1.);
#7537 = DIRECTION('',(0.,0.,1.));
#7538 = ORIENTED_EDGE('',*,*,#7539,.T.);
#7539 = EDGE_CURVE('',#7532,#7532,#7540,.T.);
#7540 = CIRCLE('',#7541,60.);
#7541 = AXIS2_PLACEMENT_3D('',#7542,#7543,#7544);
#7542 = CARTESIAN_POINT('',(-5.471E+03,54.,300.));
#7543 = DIRECTION('',(0.,0.,1.));
#7544 = DIRECTION('',(1.,0.,0.));
#7545 = ORIENTED_EDGE('',*,*,#7531,.T.);
#7546 = CYLINDRICAL_SURFACE('',#7547,60.);
#7547 = AXIS2_PLACEMENT_3D('',#7548,#7549,#7550);
#7548 = CARTESIAN_POINT('',(-5.471E+03,54.,300.));
#7549 = DIRECTION('',(0.,0.,1.));
#7550 = DIRECTION('',(1.,0.,0.));
#7551 = ADVANCED_FACE('',(#7552),#7555,.T.);
#7552 = FACE_BOUND('',#7553,.T.);
#7553 = EDGE_LOOP('',(#7554));
#7554 = ORIENTED_EDGE('',*,*,#7522,.T.);
#7555 = PLANE('',#7556);
#7556 = AXIS2_PLACEMENT_3D('',#7557,#7558,#7559);
#7557 = CARTESIAN_POINT('',(-5.471E+03,54.,320.));
#7558 = DIRECTION('',(0.,0.,1.));
#7559 = DIRECTION('',(1.,0.,0.));
#7560 = ADVANCED_FACE('',(#7561),#7564,.F.);
#7561 = FACE_BOUND('',#7562,.T.);
#7562 = EDGE_LOOP('',(#7563));
#7563 = ORIENTED_EDGE('',*,*,#7539,.F.);
#7564 = PLANE('',#7565);
#7565 = AXIS2_PLACEMENT_3D('',#7566,#7567,#7568);
#7566 = CARTESIAN_POINT('',(-5.471E+03,54.,300.));
#7567 = DIRECTION('',(0.,0.,1.));
#7568 = DIRECTION('',(1.,0.,0.));
#7569 = MANIFOLD_SOLID_BREP('',#7570);
#7570 = CLOSED_SHELL('',(#7571,#7611,#7651,#7673,#7695,#7707));
#7571 = ADVANCED_FACE('',(#7572),#7606,.F.);
#7572 = FACE_BOUND('',#7573,.F.);
#7573 = EDGE_LOOP('',(#7574,#7584,#7592,#7600));
#7574 = ORIENTED_EDGE('',*,*,#7575,.F.);
#7575 = EDGE_CURVE('',#7576,#7578,#7580,.T.);
#7576 = VERTEX_POINT('',#7577);
#7577 = CARTESIAN_POINT('',(-5.257E+03,-2.451E+03,1.1E+03));
#7578 = VERTEX_POINT('',#7579);
#7579 = CARTESIAN_POINT('',(-5.257E+03,-2.451E+03,1.35E+03));
#7580 = LINE('',#7581,#7582);
#7581 = CARTESIAN_POINT('',(-5.257E+03,-2.451E+03,1.1E+03));
#7582 = VECTOR('',#7583,1.);
#7583 = DIRECTION('',(0.,0.,1.));
#7584 = ORIENTED_EDGE('',*,*,#7585,.T.);
#7585 = EDGE_CURVE('',#7576,#7586,#7588,.T.);
#7586 = VERTEX_POINT('',#7587);
#7587 = CARTESIAN_POINT('',(-5.257E+03,-2.331E+03,1.1E+03));
#7588 = LINE('',#7589,#7590);
#7589 = CARTESIAN_POINT('',(-5.257E+03,-2.451E+03,1.1E+03));
#7590 = VECTOR('',#7591,1.);
#7591 = DIRECTION('',(0.,1.,0.));
#7592 = ORIENTED_EDGE('',*,*,#7593,.T.);
#7593 = EDGE_CURVE('',#7586,#7594,#7596,.T.);
#7594 = VERTEX_POINT('',#7595);
#7595 = CARTESIAN_POINT('',(-5.257E+03,-2.331E+03,1.35E+03));
#7596 = LINE('',#7597,#7598);
#7597 = CARTESIAN_POINT('',(-5.257E+03,-2.331E+03,1.1E+03));
#7598 = VECTOR('',#7599,1.);
#7599 = DIRECTION('',(0.,0.,1.));
#7600 = ORIENTED_EDGE('',*,*,#7601,.F.);
#7601 = EDGE_CURVE('',#7578,#7594,#7602,.T.);
#7602 = LINE('',#7603,#7604);
#7603 = CARTESIAN_POINT('',(-5.257E+03,-2.451E+03,1.35E+03));
#7604 = VECTOR('',#7605,1.);
#7605 = DIRECTION('',(0.,1.,0.));
#7606 = PLANE('',#7607);
#7607 = AXIS2_PLACEMENT_3D('',#7608,#7609,#7610);
#7608 = CARTESIAN_POINT('',(-5.257E+03,-2.451E+03,1.1E+03));
#7609 = DIRECTION('',(1.,0.,0.));
#7610 = DIRECTION('',(0.,0.,1.));
#7611 = ADVANCED_FACE('',(#7612),#7646,.T.);
#7612 = FACE_BOUND('',#7613,.T.);
#7613 = EDGE_LOOP('',(#7614,#7624,#7632,#7640));
#7614 = ORIENTED_EDGE('',*,*,#7615,.F.);
#7615 = EDGE_CURVE('',#7616,#7618,#7620,.T.);
#7616 = VERTEX_POINT('',#7617);
#7617 = CARTESIAN_POINT('',(-5.137E+03,-2.451E+03,1.1E+03));
#7618 = VERTEX_POINT('',#7619);
#7619 = CARTESIAN_POINT('',(-5.137E+03,-2.451E+03,1.35E+03));
#7620 = LINE('',#7621,#7622);
#7621 = CARTESIAN_POINT('',(-5.137E+03,-2.451E+03,1.1E+03));
#7622 = VECTOR('',#7623,1.);
#7623 = DIRECTION('',(0.,0.,1.));
#7624 = ORIENTED_EDGE('',*,*,#7625,.T.);
#7625 = EDGE_CURVE('',#7616,#7626,#7628,.T.);
#7626 = VERTEX_POINT('',#7627);
#7627 = CARTESIAN_POINT('',(-5.137E+03,-2.331E+03,1.1E+03));
#7628 = LINE('',#7629,#7630);
#7629 = CARTESIAN_POINT('',(-5.137E+03,-2.451E+03,1.1E+03));
#7630 = VECTOR('',#7631,1.);
#7631 = DIRECTION('',(0.,1.,0.));
#7632 = ORIENTED_EDGE('',*,*,#7633,.T.);
#7633 = EDGE_CURVE('',#7626,#7634,#7636,.T.);
#7634 = VERTEX_POINT('',#7635);
#7635 = CARTESIAN_POINT('',(-5.137E+03,-2.331E+03,1.35E+03));
#7636 = LINE('',#7637,#7638);
#7637 = CARTESIAN_POINT('',(-5.137E+03,-2.331E+03,1.1E+03));
#7638 = VECTOR('',#7639,1.);
#7639 = DIRECTION('',(0.,0.,1.));
#7640 = ORIENTED_EDGE('',*,*,#7641,.F.);
#7641 = EDGE_CURVE('',#7618,#7634,#7642,.T.);
#7642 = LINE('',#7643,#7644);
#7643 = CARTESIAN_POINT('',(-5.137E+03,-2.451E+03,1.35E+03));
#7644 = VECTOR('',#7645,1.);
#7645 = DIRECTION('',(0.,1.,0.));
#7646 = PLANE('',#7647);
#7647 = AXIS2_PLACEMENT_3D('',#7648,#7649,#7650);
#7648 = CARTESIAN_POINT('',(-5.137E+03,-2.451E+03,1.1E+03));
#7649 = DIRECTION('',(1.,0.,0.));
#7650 = DIRECTION('',(0.,0.,1.));
#7651 = ADVANCED_FACE('',(#7652),#7668,.F.);
#7652 = FACE_BOUND('',#7653,.F.);
#7653 = EDGE_LOOP('',(#7654,#7660,#7661,#7667));
#7654 = ORIENTED_EDGE('',*,*,#7655,.F.);
#7655 = EDGE_CURVE('',#7576,#7616,#7656,.T.);
#7656 = LINE('',#7657,#7658);
#7657 = CARTESIAN_POINT('',(-5.257E+03,-2.451E+03,1.1E+03));
#7658 = VECTOR('',#7659,1.);
#7659 = DIRECTION('',(1.,0.,0.));
#7660 = ORIENTED_EDGE('',*,*,#7575,.T.);
#7661 = ORIENTED_EDGE('',*,*,#7662,.T.);
#7662 = EDGE_CURVE('',#7578,#7618,#7663,.T.);
#7663 = LINE('',#7664,#7665);
#7664 = CARTESIAN_POINT('',(-5.257E+03,-2.451E+03,1.35E+03));
#7665 = VECTOR('',#7666,1.);
#7666 = DIRECTION('',(1.,0.,0.));
#7667 = ORIENTED_EDGE('',*,*,#7615,.F.);
#7668 = PLANE('',#7669);
#7669 = AXIS2_PLACEMENT_3D('',#7670,#7671,#7672);
#7670 = CARTESIAN_POINT('',(-5.257E+03,-2.451E+03,1.1E+03));
#7671 = DIRECTION('',(0.,1.,0.));
#7672 = DIRECTION('',(0.,0.,1.));
#7673 = ADVANCED_FACE('',(#7674),#7690,.T.);
#7674 = FACE_BOUND('',#7675,.T.);
#7675 = EDGE_LOOP('',(#7676,#7682,#7683,#7689));
#7676 = ORIENTED_EDGE('',*,*,#7677,.F.);
#7677 = EDGE_CURVE('',#7586,#7626,#7678,.T.);
#7678 = LINE('',#7679,#7680);
#7679 = CARTESIAN_POINT('',(-5.257E+03,-2.331E+03,1.1E+03));
#7680 = VECTOR('',#7681,1.);
#7681 = DIRECTION('',(1.,0.,0.));
#7682 = ORIENTED_EDGE('',*,*,#7593,.T.);
#7683 = ORIENTED_EDGE('',*,*,#7684,.T.);
#7684 = EDGE_CURVE('',#7594,#7634,#7685,.T.);
#7685 = LINE('',#7686,#7687);
#7686 = CARTESIAN_POINT('',(-5.257E+03,-2.331E+03,1.35E+03));
#7687 = VECTOR('',#7688,1.);
#7688 = DIRECTION('',(1.,0.,0.));
#7689 = ORIENTED_EDGE('',*,*,#7633,.F.);
#7690 = PLANE('',#7691);
#7691 = AXIS2_PLACEMENT_3D('',#7692,#7693,#7694);
#7692 = CARTESIAN_POINT('',(-5.257E+03,-2.331E+03,1.1E+03));
#7693 = DIRECTION('',(0.,1.,0.));
#7694 = DIRECTION('',(0.,0.,1.));
#7695 = ADVANCED_FACE('',(#7696),#7702,.F.);
#7696 = FACE_BOUND('',#7697,.F.);
#7697 = EDGE_LOOP('',(#7698,#7699,#7700,#7701));
#7698 = ORIENTED_EDGE('',*,*,#7585,.F.);
#7699 = ORIENTED_EDGE('',*,*,#7655,.T.);
#7700 = ORIENTED_EDGE('',*,*,#7625,.T.);
#7701 = ORIENTED_EDGE('',*,*,#7677,.F.);
#7702 = PLANE('',#7703);
#7703 = AXIS2_PLACEMENT_3D('',#7704,#7705,#7706);
#7704 = CARTESIAN_POINT('',(-5.257E+03,-2.451E+03,1.1E+03));
#7705 = DIRECTION('',(0.,0.,1.));
#7706 = DIRECTION('',(1.,0.,0.));
#7707 = ADVANCED_FACE('',(#7708),#7714,.T.);
#7708 = FACE_BOUND('',#7709,.T.);
#7709 = EDGE_LOOP('',(#7710,#7711,#7712,#7713));
#7710 = ORIENTED_EDGE('',*,*,#7601,.F.);
#7711 = ORIENTED_EDGE('',*,*,#7662,.T.);
#7712 = ORIENTED_EDGE('',*,*,#7641,.T.);
#7713 = ORIENTED_EDGE('',*,*,#7684,.F.);
#7714 = PLANE('',#7715);
#7715 = AXIS2_PLACEMENT_3D('',#7716,#7717,#7718);
#7716 = CARTESIAN_POINT('',(-5.257E+03,-2.451E+03,1.35E+03));
#7717 = DIRECTION('',(0.,0.,1.));
#7718 = DIRECTION('',(1.,0.,0.));
#7719 = MANIFOLD_SOLID_BREP('',#7720);
#7720 = CLOSED_SHELL('',(#7721,#7747));
#7721 = ADVANCED_FACE('',(#7722),#7742,.T.);
#7722 = FACE_BOUND('',#7723,.T.);
#7723 = EDGE_LOOP('',(#7724,#7733,#7741));
#7724 = ORIENTED_EDGE('',*,*,#7725,.F.);
#7725 = EDGE_CURVE('',#7726,#7726,#7728,.T.);
#7726 = VERTEX_POINT('',#7727);
#7727 = CARTESIAN_POINT('',(-4.014E+03,-2.191E+03,2.48E+03));
#7728 = CIRCLE('',#7729,90.);
#7729 = AXIS2_PLACEMENT_3D('',#7730,#7731,#7732);
#7730 = CARTESIAN_POINT('',(-3.924E+03,-2.191E+03,2.48E+03));
#7731 = DIRECTION('',(0.,0.,-1.));
#7732 = DIRECTION('',(-1.,0.,0.));
#7733 = ORIENTED_EDGE('',*,*,#7734,.F.);
#7734 = EDGE_CURVE('',#7735,#7726,#7737,.T.);
#7735 = VERTEX_POINT('',#7736);
#7736 = CARTESIAN_POINT('',(-3.924E+03,-2.191E+03,2.6E+03));
#7737 = LINE('',#7738,#7739);
#7738 = CARTESIAN_POINT('',(-3.924E+03,-2.191E+03,2.6E+03));
#7739 = VECTOR('',#7740,1.);
#7740 = DIRECTION('',(-0.6,-1.5E-16,-0.8));
#7741 = ORIENTED_EDGE('',*,*,#7734,.T.);
#7742 = CONICAL_SURFACE('',#7743,0.,0.643501108793);
#7743 = AXIS2_PLACEMENT_3D('',#7744,#7745,#7746);
#7744 = CARTESIAN_POINT('',(-3.924E+03,-2.191E+03,2.6E+03));
#7745 = DIRECTION('',(0.,0.,-1.));
#7746 = DIRECTION('',(-1.,0.,0.));
#7747 = ADVANCED_FACE('',(#7748),#7751,.T.);
#7748 = FACE_BOUND('',#7749,.T.);
#7749 = EDGE_LOOP('',(#7750));
#7750 = ORIENTED_EDGE('',*,*,#7725,.T.);
#7751 = PLANE('',#7752);
#7752 = AXIS2_PLACEMENT_3D('',#7753,#7754,#7755);
#7753 = CARTESIAN_POINT('',(-3.924E+03,-2.191E+03,2.48E+03));
#7754 = DIRECTION('',(0.,0.,-1.));
#7755 = DIRECTION('',(-1.,0.,0.));
#7756 = MANIFOLD_SOLID_BREP('',#7757);
#7757 = CLOSED_SHELL('',(#7758,#7784));
#7758 = ADVANCED_FACE('',(#7759),#7779,.T.);
#7759 = FACE_BOUND('',#7760,.T.);
#7760 = EDGE_LOOP('',(#7761,#7770,#7778));
#7761 = ORIENTED_EDGE('',*,*,#7762,.F.);
#7762 = EDGE_CURVE('',#7763,#7763,#7765,.T.);
#7763 = VERTEX_POINT('',#7764);
#7764 = CARTESIAN_POINT('',(-6.561E+03,-2.191E+03,2.48E+03));
#7765 = CIRCLE('',#7766,90.);
#7766 = AXIS2_PLACEMENT_3D('',#7767,#7768,#7769);
#7767 = CARTESIAN_POINT('',(-6.471E+03,-2.191E+03,2.48E+03));
#7768 = DIRECTION('',(0.,0.,-1.));
#7769 = DIRECTION('',(-1.,0.,0.));
#7770 = ORIENTED_EDGE('',*,*,#7771,.F.);
#7771 = EDGE_CURVE('',#7772,#7763,#7774,.T.);
#7772 = VERTEX_POINT('',#7773);
#7773 = CARTESIAN_POINT('',(-6.471E+03,-2.191E+03,2.6E+03));
#7774 = LINE('',#7775,#7776);
#7775 = CARTESIAN_POINT('',(-6.471E+03,-2.191E+03,2.6E+03));
#7776 = VECTOR('',#7777,1.);
#7777 = DIRECTION('',(-0.6,-1.5E-16,-0.8));
#7778 = ORIENTED_EDGE('',*,*,#7771,.T.);
#7779 = CONICAL_SURFACE('',#7780,0.,0.643501108793);
#7780 = AXIS2_PLACEMENT_3D('',#7781,#7782,#7783);
#7781 = CARTESIAN_POINT('',(-6.471E+03,-2.191E+03,2.6E+03));
#7782 = DIRECTION('',(0.,0.,-1.));
#7783 = DIRECTION('',(-1.,0.,0.));
#7784 = ADVANCED_FACE('',(#7785),#7788,.T.);
#7785 = FACE_BOUND('',#7786,.T.);
#7786 = EDGE_LOOP('',(#7787));
#7787 = ORIENTED_EDGE('',*,*,#7762,.T.);
#7788 = PLANE('',#7789);
#7789 = AXIS2_PLACEMENT_3D('',#7790,#7791,#7792);
#7790 = CARTESIAN_POINT('',(-6.471E+03,-2.191E+03,2.48E+03));
#7791 = DIRECTION('',(0.,0.,-1.));
#7792 = DIRECTION('',(-1.,0.,0.));
#7793 = MANIFOLD_SOLID_BREP('',#7794);
#7794 = CLOSED_SHELL('',(#7795,#7828,#7837));
#7795 = ADVANCED_FACE('',(#7796),#7823,.T.);
#7796 = FACE_BOUND('',#7797,.T.);
#7797 = EDGE_LOOP('',(#7798,#7807,#7815,#7822));
#7798 = ORIENTED_EDGE('',*,*,#7799,.F.);
#7799 = EDGE_CURVE('',#7800,#7800,#7802,.T.);
#7800 = VERTEX_POINT('',#7801);
#7801 = CARTESIAN_POINT('',(7.489E+03,5.37E+03,320.));
#7802 = CIRCLE('',#7803,60.);
#7803 = AXIS2_PLACEMENT_3D('',#7804,#7805,#7806);
#7804 = CARTESIAN_POINT('',(7.429E+03,5.37E+03,320.));
#7805 = DIRECTION('',(0.,0.,1.));
#7806 = DIRECTION('',(1.,0.,0.));
#7807 = ORIENTED_EDGE('',*,*,#7808,.F.);
#7808 = EDGE_CURVE('',#7809,#7800,#7811,.T.);
#7809 = VERTEX_POINT('',#7810);
#7810 = CARTESIAN_POINT('',(7.489E+03,5.37E+03,300.));
#7811 = LINE('',#7812,#7813);
#7812 = CARTESIAN_POINT('',(7.489E+03,5.37E+03,300.));
#7813 = VECTOR('',#7814,1.);
#7814 = DIRECTION('',(0.,0.,1.));
#7815 = ORIENTED_EDGE('',*,*,#7816,.T.);
#7816 = EDGE_CURVE('',#7809,#7809,#7817,.T.);
#7817 = CIRCLE('',#7818,60.);
#7818 = AXIS2_PLACEMENT_3D('',#7819,#7820,#7821);
#7819 = CARTESIAN_POINT('',(7.429E+03,5.37E+03,300.));
#7820 = DIRECTION('',(0.,0.,1.));
#7821 = DIRECTION('',(1.,0.,0.));
#7822 = ORIENTED_EDGE('',*,*,#7808,.T.);
#7823 = CYLINDRICAL_SURFACE('',#7824,60.);
#7824 = AXIS2_PLACEMENT_3D('',#7825,#7826,#7827);
#7825 = CARTESIAN_POINT('',(7.429E+03,5.37E+03,300.));
#7826 = DIRECTION('',(0.,0.,1.));
#7827 = DIRECTION('',(1.,0.,0.));
#7828 = ADVANCED_FACE('',(#7829),#7832,.T.);
#7829 = FACE_BOUND('',#7830,.T.);
#7830 = EDGE_LOOP('',(#7831));
#7831 = ORIENTED_EDGE('',*,*,#7799,.T.);
#7832 = PLANE('',#7833);
#7833 = AXIS2_PLACEMENT_3D('',#7834,#7835,#7836);
#7834 = CARTESIAN_POINT('',(7.429E+03,5.37E+03,320.));
#7835 = DIRECTION('',(0.,0.,1.));
#7836 = DIRECTION('',(1.,0.,0.));
#7837 = ADVANCED_FACE('',(#7838),#7841,.F.);
#7838 = FACE_BOUND('',#7839,.T.);
#7839 = EDGE_LOOP('',(#7840));
#7840 = ORIENTED_EDGE('',*,*,#7816,.F.);
#7841 = PLANE('',#7842);
#7842 = AXIS2_PLACEMENT_3D('',#7843,#7844,#7845);
#7843 = CARTESIAN_POINT('',(7.429E+03,5.37E+03,300.));
#7844 = DIRECTION('',(0.,0.,1.));
#7845 = DIRECTION('',(1.,0.,0.));
#7846 = MANIFOLD_SOLID_BREP('',#7847);
#7847 = CLOSED_SHELL('',(#7848,#7881,#7890));
#7848 = ADVANCED_FACE('',(#7849),#7876,.T.);
#7849 = FACE_BOUND('',#7850,.T.);
#7850 = EDGE_LOOP('',(#7851,#7860,#7868,#7875));
#7851 = ORIENTED_EDGE('',*,*,#7852,.F.);
#7852 = EDGE_CURVE('',#7853,#7853,#7855,.T.);
#7853 = VERTEX_POINT('',#7854);
#7854 = CARTESIAN_POINT('',(4.744E+03,5.078E+03,320.));
#7855 = CIRCLE('',#7856,60.);
#7856 = AXIS2_PLACEMENT_3D('',#7857,#7858,#7859);
#7857 = CARTESIAN_POINT('',(4.684E+03,5.078E+03,320.));
#7858 = DIRECTION('',(0.,0.,1.));
#7859 = DIRECTION('',(1.,0.,0.));
#7860 = ORIENTED_EDGE('',*,*,#7861,.F.);
#7861 = EDGE_CURVE('',#7862,#7853,#7864,.T.);
#7862 = VERTEX_POINT('',#7863);
#7863 = CARTESIAN_POINT('',(4.744E+03,5.078E+03,300.));
#7864 = LINE('',#7865,#7866);
#7865 = CARTESIAN_POINT('',(4.744E+03,5.078E+03,300.));
#7866 = VECTOR('',#7867,1.);
#7867 = DIRECTION('',(0.,0.,1.));
#7868 = ORIENTED_EDGE('',*,*,#7869,.T.);
#7869 = EDGE_CURVE('',#7862,#7862,#7870,.T.);
#7870 = CIRCLE('',#7871,60.);
#7871 = AXIS2_PLACEMENT_3D('',#7872,#7873,#7874);
#7872 = CARTESIAN_POINT('',(4.684E+03,5.078E+03,300.));
#7873 = DIRECTION('',(0.,0.,1.));
#7874 = DIRECTION('',(1.,0.,0.));
#7875 = ORIENTED_EDGE('',*,*,#7861,.T.);
#7876 = CYLINDRICAL_SURFACE('',#7877,60.);
#7877 = AXIS2_PLACEMENT_3D('',#7878,#7879,#7880);
#7878 = CARTESIAN_POINT('',(4.684E+03,5.078E+03,300.));
#7879 = DIRECTION('',(0.,0.,1.));
#7880 = DIRECTION('',(1.,0.,0.));
#7881 = ADVANCED_FACE('',(#7882),#7885,.T.);
#7882 = FACE_BOUND('',#7883,.T.);
#7883 = EDGE_LOOP('',(#7884));
#7884 = ORIENTED_EDGE('',*,*,#7852,.T.);
#7885 = PLANE('',#7886);
#7886 = AXIS2_PLACEMENT_3D('',#7887,#7888,#7889);
#7887 = CARTESIAN_POINT('',(4.684E+03,5.078E+03,320.));
#7888 = DIRECTION('',(0.,0.,1.));
#7889 = DIRECTION('',(1.,0.,0.));
#7890 = ADVANCED_FACE('',(#7891),#7894,.F.);
#7891 = FACE_BOUND('',#7892,.T.);
#7892 = EDGE_LOOP('',(#7893));
#7893 = ORIENTED_EDGE('',*,*,#7869,.F.);
#7894 = PLANE('',#7895);
#7895 = AXIS2_PLACEMENT_3D('',#7896,#7897,#7898);
#7896 = CARTESIAN_POINT('',(4.684E+03,5.078E+03,300.));
#7897 = DIRECTION('',(0.,0.,1.));
#7898 = DIRECTION('',(1.,0.,0.));
#7899 = MANIFOLD_SOLID_BREP('',#7900);
#7900 = CLOSED_SHELL('',(#7901,#7941,#7981,#8003,#8025,#8037));
#7901 = ADVANCED_FACE('',(#7902),#7936,.F.);
#7902 = FACE_BOUND('',#7903,.F.);
#7903 = EDGE_LOOP('',(#7904,#7914,#7922,#7930));
#7904 = ORIENTED_EDGE('',*,*,#7905,.F.);
#7905 = EDGE_CURVE('',#7906,#7908,#7910,.T.);
#7906 = VERTEX_POINT('',#7907);
#7907 = CARTESIAN_POINT('',(-5.98E+03,2.899E+03,300.));
#7908 = VERTEX_POINT('',#7909);
#7909 = CARTESIAN_POINT('',(-5.98E+03,2.899E+03,320.));
#7910 = LINE('',#7911,#7912);
#7911 = CARTESIAN_POINT('',(-5.98E+03,2.899E+03,300.));
#7912 = VECTOR('',#7913,1.);
#7913 = DIRECTION('',(0.,0.,1.));
#7914 = ORIENTED_EDGE('',*,*,#7915,.T.);
#7915 = EDGE_CURVE('',#7906,#7916,#7918,.T.);
#7916 = VERTEX_POINT('',#7917);
#7917 = CARTESIAN_POINT('',(-5.98E+03,3.019E+03,300.));
#7918 = LINE('',#7919,#7920);
#7919 = CARTESIAN_POINT('',(-5.98E+03,2.899E+03,300.));
#7920 = VECTOR('',#7921,1.);
#7921 = DIRECTION('',(0.,1.,0.));
#7922 = ORIENTED_EDGE('',*,*,#7923,.T.);
#7923 = EDGE_CURVE('',#7916,#7924,#7926,.T.);
#7924 = VERTEX_POINT('',#7925);
#7925 = CARTESIAN_POINT('',(-5.98E+03,3.019E+03,320.));
#7926 = LINE('',#7927,#7928);
#7927 = CARTESIAN_POINT('',(-5.98E+03,3.019E+03,300.));
#7928 = VECTOR('',#7929,1.);
#7929 = DIRECTION('',(0.,0.,1.));
#7930 = ORIENTED_EDGE('',*,*,#7931,.F.);
#7931 = EDGE_CURVE('',#7908,#7924,#7932,.T.);
#7932 = LINE('',#7933,#7934);
#7933 = CARTESIAN_POINT('',(-5.98E+03,2.899E+03,320.));
#7934 = VECTOR('',#7935,1.);
#7935 = DIRECTION('',(0.,1.,0.));
#7936 = PLANE('',#7937);
#7937 = AXIS2_PLACEMENT_3D('',#7938,#7939,#7940);
#7938 = CARTESIAN_POINT('',(-5.98E+03,2.899E+03,300.));
#7939 = DIRECTION('',(1.,0.,0.));
#7940 = DIRECTION('',(0.,0.,1.));
#7941 = ADVANCED_FACE('',(#7942),#7976,.T.);
#7942 = FACE_BOUND('',#7943,.T.);
#7943 = EDGE_LOOP('',(#7944,#7954,#7962,#7970));
#7944 = ORIENTED_EDGE('',*,*,#7945,.F.);
#7945 = EDGE_CURVE('',#7946,#7948,#7950,.T.);
#7946 = VERTEX_POINT('',#7947);
#7947 = CARTESIAN_POINT('',(-5.86E+03,2.899E+03,300.));
#7948 = VERTEX_POINT('',#7949);
#7949 = CARTESIAN_POINT('',(-5.86E+03,2.899E+03,320.));
#7950 = LINE('',#7951,#7952);
#7951 = CARTESIAN_POINT('',(-5.86E+03,2.899E+03,300.));
#7952 = VECTOR('',#7953,1.);
#7953 = DIRECTION('',(0.,0.,1.));
#7954 = ORIENTED_EDGE('',*,*,#7955,.T.);
#7955 = EDGE_CURVE('',#7946,#7956,#7958,.T.);
#7956 = VERTEX_POINT('',#7957);
#7957 = CARTESIAN_POINT('',(-5.86E+03,3.019E+03,300.));
#7958 = LINE('',#7959,#7960);
#7959 = CARTESIAN_POINT('',(-5.86E+03,2.899E+03,300.));
#7960 = VECTOR('',#7961,1.);
#7961 = DIRECTION('',(0.,1.,0.));
#7962 = ORIENTED_EDGE('',*,*,#7963,.T.);
#7963 = EDGE_CURVE('',#7956,#7964,#7966,.T.);
#7964 = VERTEX_POINT('',#7965);
#7965 = CARTESIAN_POINT('',(-5.86E+03,3.019E+03,320.));
#7966 = LINE('',#7967,#7968);
#7967 = CARTESIAN_POINT('',(-5.86E+03,3.019E+03,300.));
#7968 = VECTOR('',#7969,1.);
#7969 = DIRECTION('',(0.,0.,1.));
#7970 = ORIENTED_EDGE('',*,*,#7971,.F.);
#7971 = EDGE_CURVE('',#7948,#7964,#7972,.T.);
#7972 = LINE('',#7973,#7974);
#7973 = CARTESIAN_POINT('',(-5.86E+03,2.899E+03,320.));
#7974 = VECTOR('',#7975,1.);
#7975 = DIRECTION('',(0.,1.,0.));
#7976 = PLANE('',#7977);
#7977 = AXIS2_PLACEMENT_3D('',#7978,#7979,#7980);
#7978 = CARTESIAN_POINT('',(-5.86E+03,2.899E+03,300.));
#7979 = DIRECTION('',(1.,0.,0.));
#7980 = DIRECTION('',(0.,0.,1.));
#7981 = ADVANCED_FACE('',(#7982),#7998,.F.);
#7982 = FACE_BOUND('',#7983,.F.);
#7983 = EDGE_LOOP('',(#7984,#7990,#7991,#7997));
#7984 = ORIENTED_EDGE('',*,*,#7985,.F.);
#7985 = EDGE_CURVE('',#7906,#7946,#7986,.T.);
#7986 = LINE('',#7987,#7988);
#7987 = CARTESIAN_POINT('',(-5.98E+03,2.899E+03,300.));
#7988 = VECTOR('',#7989,1.);
#7989 = DIRECTION('',(1.,0.,0.));
#7990 = ORIENTED_EDGE('',*,*,#7905,.T.);
#7991 = ORIENTED_EDGE('',*,*,#7992,.T.);
#7992 = EDGE_CURVE('',#7908,#7948,#7993,.T.);
#7993 = LINE('',#7994,#7995);
#7994 = CARTESIAN_POINT('',(-5.98E+03,2.899E+03,320.));
#7995 = VECTOR('',#7996,1.);
#7996 = DIRECTION('',(1.,0.,0.));
#7997 = ORIENTED_EDGE('',*,*,#7945,.F.);
#7998 = PLANE('',#7999);
#7999 = AXIS2_PLACEMENT_3D('',#8000,#8001,#8002);
#8000 = CARTESIAN_POINT('',(-5.98E+03,2.899E+03,300.));
#8001 = DIRECTION('',(0.,1.,0.));
#8002 = DIRECTION('',(0.,0.,1.));
#8003 = ADVANCED_FACE('',(#8004),#8020,.T.);
#8004 = FACE_BOUND('',#8005,.T.);
#8005 = EDGE_LOOP('',(#8006,#8012,#8013,#8019));
#8006 = ORIENTED_EDGE('',*,*,#8007,.F.);
#8007 = EDGE_CURVE('',#7916,#7956,#8008,.T.);
#8008 = LINE('',#8009,#8010);
#8009 = CARTESIAN_POINT('',(-5.98E+03,3.019E+03,300.));
#8010 = VECTOR('',#8011,1.);
#8011 = DIRECTION('',(1.,0.,0.));
#8012 = ORIENTED_EDGE('',*,*,#7923,.T.);
#8013 = ORIENTED_EDGE('',*,*,#8014,.T.);
#8014 = EDGE_CURVE('',#7924,#7964,#8015,.T.);
#8015 = LINE('',#8016,#8017);
#8016 = CARTESIAN_POINT('',(-5.98E+03,3.019E+03,320.));
#8017 = VECTOR('',#8018,1.);
#8018 = DIRECTION('',(1.,0.,0.));
#8019 = ORIENTED_EDGE('',*,*,#7963,.F.);
#8020 = PLANE('',#8021);
#8021 = AXIS2_PLACEMENT_3D('',#8022,#8023,#8024);
#8022 = CARTESIAN_POINT('',(-5.98E+03,3.019E+03,300.));
#8023 = DIRECTION('',(0.,1.,0.));
#8024 = DIRECTION('',(0.,0.,1.));
#8025 = ADVANCED_FACE('',(#8026),#8032,.F.);
#8026 = FACE_BOUND('',#8027,.F.);
#8027 = EDGE_LOOP('',(#8028,#8029,#8030,#8031));
#8028 = ORIENTED_EDGE('',*,*,#7915,.F.);
#8029 = ORIENTED_EDGE('',*,*,#7985,.T.);
#8030 = ORIENTED_EDGE('',*,*,#7955,.T.);
#8031 = ORIENTED_EDGE('',*,*,#8007,.F.);
#8032 = PLANE('',#8033);
#8033 = AXIS2_PLACEMENT_3D('',#8034,#8035,#8036);
#8034 = CARTESIAN_POINT('',(-5.98E+03,2.899E+03,300.));
#8035 = DIRECTION('',(0.,0.,1.));
#8036 = DIRECTION('',(1.,0.,0.));
#8037 = ADVANCED_FACE('',(#8038),#8044,.T.);
#8038 = FACE_BOUND('',#8039,.T.);
#8039 = EDGE_LOOP('',(#8040,#8041,#8042,#8043));
#8040 = ORIENTED_EDGE('',*,*,#7931,.F.);
#8041 = ORIENTED_EDGE('',*,*,#7992,.T.);
#8042 = ORIENTED_EDGE('',*,*,#7971,.T.);
#8043 = ORIENTED_EDGE('',*,*,#8014,.F.);
#8044 = PLANE('',#8045);
#8045 = AXIS2_PLACEMENT_3D('',#8046,#8047,#8048);
#8046 = CARTESIAN_POINT('',(-5.98E+03,2.899E+03,320.));
#8047 = DIRECTION('',(0.,0.,1.));
#8048 = DIRECTION('',(1.,0.,0.));
#8049 = MANIFOLD_SOLID_BREP('',#8050);
#8050 = CLOSED_SHELL('',(#8051,#8091,#8131,#8153,#8175,#8187));
#8051 = ADVANCED_FACE('',(#8052),#8086,.F.);
#8052 = FACE_BOUND('',#8053,.F.);
#8053 = EDGE_LOOP('',(#8054,#8064,#8072,#8080));
#8054 = ORIENTED_EDGE('',*,*,#8055,.F.);
#8055 = EDGE_CURVE('',#8056,#8058,#8060,.T.);
#8056 = VERTEX_POINT('',#8057);
#8057 = CARTESIAN_POINT('',(-4.88E+03,2.899E+03,300.));
#8058 = VERTEX_POINT('',#8059);
#8059 = CARTESIAN_POINT('',(-4.88E+03,2.899E+03,320.));
#8060 = LINE('',#8061,#8062);
#8061 = CARTESIAN_POINT('',(-4.88E+03,2.899E+03,300.));
#8062 = VECTOR('',#8063,1.);
#8063 = DIRECTION('',(0.,0.,1.));
#8064 = ORIENTED_EDGE('',*,*,#8065,.T.);
#8065 = EDGE_CURVE('',#8056,#8066,#8068,.T.);
#8066 = VERTEX_POINT('',#8067);
#8067 = CARTESIAN_POINT('',(-4.88E+03,3.019E+03,300.));
#8068 = LINE('',#8069,#8070);
#8069 = CARTESIAN_POINT('',(-4.88E+03,2.899E+03,300.));
#8070 = VECTOR('',#8071,1.);
#8071 = DIRECTION('',(0.,1.,0.));
#8072 = ORIENTED_EDGE('',*,*,#8073,.T.);
#8073 = EDGE_CURVE('',#8066,#8074,#8076,.T.);
#8074 = VERTEX_POINT('',#8075);
#8075 = CARTESIAN_POINT('',(-4.88E+03,3.019E+03,320.));
#8076 = LINE('',#8077,#8078);
#8077 = CARTESIAN_POINT('',(-4.88E+03,3.019E+03,300.));
#8078 = VECTOR('',#8079,1.);
#8079 = DIRECTION('',(0.,0.,1.));
#8080 = ORIENTED_EDGE('',*,*,#8081,.F.);
#8081 = EDGE_CURVE('',#8058,#8074,#8082,.T.);
#8082 = LINE('',#8083,#8084);
#8083 = CARTESIAN_POINT('',(-4.88E+03,2.899E+03,320.));
#8084 = VECTOR('',#8085,1.);
#8085 = DIRECTION('',(0.,1.,0.));
#8086 = PLANE('',#8087);
#8087 = AXIS2_PLACEMENT_3D('',#8088,#8089,#8090);
#8088 = CARTESIAN_POINT('',(-4.88E+03,2.899E+03,300.));
#8089 = DIRECTION('',(1.,0.,0.));
#8090 = DIRECTION('',(0.,0.,1.));
#8091 = ADVANCED_FACE('',(#8092),#8126,.T.);
#8092 = FACE_BOUND('',#8093,.T.);
#8093 = EDGE_LOOP('',(#8094,#8104,#8112,#8120));
#8094 = ORIENTED_EDGE('',*,*,#8095,.F.);
#8095 = EDGE_CURVE('',#8096,#8098,#8100,.T.);
#8096 = VERTEX_POINT('',#8097);
#8097 = CARTESIAN_POINT('',(-4.76E+03,2.899E+03,300.));
#8098 = VERTEX_POINT('',#8099);
#8099 = CARTESIAN_POINT('',(-4.76E+03,2.899E+03,320.));
#8100 = LINE('',#8101,#8102);
#8101 = CARTESIAN_POINT('',(-4.76E+03,2.899E+03,300.));
#8102 = VECTOR('',#8103,1.);
#8103 = DIRECTION('',(0.,0.,1.));
#8104 = ORIENTED_EDGE('',*,*,#8105,.T.);
#8105 = EDGE_CURVE('',#8096,#8106,#8108,.T.);
#8106 = VERTEX_POINT('',#8107);
#8107 = CARTESIAN_POINT('',(-4.76E+03,3.019E+03,300.));
#8108 = LINE('',#8109,#8110);
#8109 = CARTESIAN_POINT('',(-4.76E+03,2.899E+03,300.));
#8110 = VECTOR('',#8111,1.);
#8111 = DIRECTION('',(0.,1.,0.));
#8112 = ORIENTED_EDGE('',*,*,#8113,.T.);
#8113 = EDGE_CURVE('',#8106,#8114,#8116,.T.);
#8114 = VERTEX_POINT('',#8115);
#8115 = CARTESIAN_POINT('',(-4.76E+03,3.019E+03,320.));
#8116 = LINE('',#8117,#8118);
#8117 = CARTESIAN_POINT('',(-4.76E+03,3.019E+03,300.));
#8118 = VECTOR('',#8119,1.);
#8119 = DIRECTION('',(0.,0.,1.));
#8120 = ORIENTED_EDGE('',*,*,#8121,.F.);
#8121 = EDGE_CURVE('',#8098,#8114,#8122,.T.);
#8122 = LINE('',#8123,#8124);
#8123 = CARTESIAN_POINT('',(-4.76E+03,2.899E+03,320.));
#8124 = VECTOR('',#8125,1.);
#8125 = DIRECTION('',(0.,1.,0.));
#8126 = PLANE('',#8127);
#8127 = AXIS2_PLACEMENT_3D('',#8128,#8129,#8130);
#8128 = CARTESIAN_POINT('',(-4.76E+03,2.899E+03,300.));
#8129 = DIRECTION('',(1.,0.,0.));
#8130 = DIRECTION('',(0.,0.,1.));
#8131 = ADVANCED_FACE('',(#8132),#8148,.F.);
#8132 = FACE_BOUND('',#8133,.F.);
#8133 = EDGE_LOOP('',(#8134,#8140,#8141,#8147));
#8134 = ORIENTED_EDGE('',*,*,#8135,.F.);
#8135 = EDGE_CURVE('',#8056,#8096,#8136,.T.);
#8136 = LINE('',#8137,#8138);
#8137 = CARTESIAN_POINT('',(-4.88E+03,2.899E+03,300.));
#8138 = VECTOR('',#8139,1.);
#8139 = DIRECTION('',(1.,0.,0.));
#8140 = ORIENTED_EDGE('',*,*,#8055,.T.);
#8141 = ORIENTED_EDGE('',*,*,#8142,.T.);
#8142 = EDGE_CURVE('',#8058,#8098,#8143,.T.);
#8143 = LINE('',#8144,#8145);
#8144 = CARTESIAN_POINT('',(-4.88E+03,2.899E+03,320.));
#8145 = VECTOR('',#8146,1.);
#8146 = DIRECTION('',(1.,0.,0.));
#8147 = ORIENTED_EDGE('',*,*,#8095,.F.);
#8148 = PLANE('',#8149);
#8149 = AXIS2_PLACEMENT_3D('',#8150,#8151,#8152);
#8150 = CARTESIAN_POINT('',(-4.88E+03,2.899E+03,300.));
#8151 = DIRECTION('',(0.,1.,0.));
#8152 = DIRECTION('',(0.,0.,1.));
#8153 = ADVANCED_FACE('',(#8154),#8170,.T.);
#8154 = FACE_BOUND('',#8155,.T.);
#8155 = EDGE_LOOP('',(#8156,#8162,#8163,#8169));
#8156 = ORIENTED_EDGE('',*,*,#8157,.F.);
#8157 = EDGE_CURVE('',#8066,#8106,#8158,.T.);
#8158 = LINE('',#8159,#8160);
#8159 = CARTESIAN_POINT('',(-4.88E+03,3.019E+03,300.));
#8160 = VECTOR('',#8161,1.);
#8161 = DIRECTION('',(1.,0.,0.));
#8162 = ORIENTED_EDGE('',*,*,#8073,.T.);
#8163 = ORIENTED_EDGE('',*,*,#8164,.T.);
#8164 = EDGE_CURVE('',#8074,#8114,#8165,.T.);
#8165 = LINE('',#8166,#8167);
#8166 = CARTESIAN_POINT('',(-4.88E+03,3.019E+03,320.));
#8167 = VECTOR('',#8168,1.);
#8168 = DIRECTION('',(1.,0.,0.));
#8169 = ORIENTED_EDGE('',*,*,#8113,.F.);
#8170 = PLANE('',#8171);
#8171 = AXIS2_PLACEMENT_3D('',#8172,#8173,#8174);
#8172 = CARTESIAN_POINT('',(-4.88E+03,3.019E+03,300.));
#8173 = DIRECTION('',(0.,1.,0.));
#8174 = DIRECTION('',(0.,0.,1.));
#8175 = ADVANCED_FACE('',(#8176),#8182,.F.);
#8176 = FACE_BOUND('',#8177,.F.);
#8177 = EDGE_LOOP('',(#8178,#8179,#8180,#8181));
#8178 = ORIENTED_EDGE('',*,*,#8065,.F.);
#8179 = ORIENTED_EDGE('',*,*,#8135,.T.);
#8180 = ORIENTED_EDGE('',*,*,#8105,.T.);
#8181 = ORIENTED_EDGE('',*,*,#8157,.F.);
#8182 = PLANE('',#8183);
#8183 = AXIS2_PLACEMENT_3D('',#8184,#8185,#8186);
#8184 = CARTESIAN_POINT('',(-4.88E+03,2.899E+03,300.));
#8185 = DIRECTION('',(0.,0.,1.));
#8186 = DIRECTION('',(1.,0.,0.));
#8187 = ADVANCED_FACE('',(#8188),#8194,.T.);
#8188 = FACE_BOUND('',#8189,.T.);
#8189 = EDGE_LOOP('',(#8190,#8191,#8192,#8193));
#8190 = ORIENTED_EDGE('',*,*,#8081,.F.);
#8191 = ORIENTED_EDGE('',*,*,#8142,.T.);
#8192 = ORIENTED_EDGE('',*,*,#8121,.T.);
#8193 = ORIENTED_EDGE('',*,*,#8164,.F.);
#8194 = PLANE('',#8195);
#8195 = AXIS2_PLACEMENT_3D('',#8196,#8197,#8198);
#8196 = CARTESIAN_POINT('',(-4.88E+03,2.899E+03,320.));
#8197 = DIRECTION('',(0.,0.,1.));
#8198 = DIRECTION('',(1.,0.,0.));
#8199 = MANIFOLD_SOLID_BREP('',#8200);
#8200 = CLOSED_SHELL('',(#8201,#8241,#8281,#8303,#8325,#8337));
#8201 = ADVANCED_FACE('',(#8202),#8236,.F.);
#8202 = FACE_BOUND('',#8203,.F.);
#8203 = EDGE_LOOP('',(#8204,#8214,#8222,#8230));
#8204 = ORIENTED_EDGE('',*,*,#8205,.F.);
#8205 = EDGE_CURVE('',#8206,#8208,#8210,.T.);
#8206 = VERTEX_POINT('',#8207);
#8207 = CARTESIAN_POINT('',(-3.78E+03,2.899E+03,300.));
#8208 = VERTEX_POINT('',#8209);
#8209 = CARTESIAN_POINT('',(-3.78E+03,2.899E+03,320.));
#8210 = LINE('',#8211,#8212);
#8211 = CARTESIAN_POINT('',(-3.78E+03,2.899E+03,300.));
#8212 = VECTOR('',#8213,1.);
#8213 = DIRECTION('',(0.,0.,1.));
#8214 = ORIENTED_EDGE('',*,*,#8215,.T.);
#8215 = EDGE_CURVE('',#8206,#8216,#8218,.T.);
#8216 = VERTEX_POINT('',#8217);
#8217 = CARTESIAN_POINT('',(-3.78E+03,3.019E+03,300.));
#8218 = LINE('',#8219,#8220);
#8219 = CARTESIAN_POINT('',(-3.78E+03,2.899E+03,300.));
#8220 = VECTOR('',#8221,1.);
#8221 = DIRECTION('',(0.,1.,0.));
#8222 = ORIENTED_EDGE('',*,*,#8223,.T.);
#8223 = EDGE_CURVE('',#8216,#8224,#8226,.T.);
#8224 = VERTEX_POINT('',#8225);
#8225 = CARTESIAN_POINT('',(-3.78E+03,3.019E+03,320.));
#8226 = LINE('',#8227,#8228);
#8227 = CARTESIAN_POINT('',(-3.78E+03,3.019E+03,300.));
#8228 = VECTOR('',#8229,1.);
#8229 = DIRECTION('',(0.,0.,1.));
#8230 = ORIENTED_EDGE('',*,*,#8231,.F.);
#8231 = EDGE_CURVE('',#8208,#8224,#8232,.T.);
#8232 = LINE('',#8233,#8234);
#8233 = CARTESIAN_POINT('',(-3.78E+03,2.899E+03,320.));
#8234 = VECTOR('',#8235,1.);
#8235 = DIRECTION('',(0.,1.,0.));
#8236 = PLANE('',#8237);
#8237 = AXIS2_PLACEMENT_3D('',#8238,#8239,#8240);
#8238 = CARTESIAN_POINT('',(-3.78E+03,2.899E+03,300.));
#8239 = DIRECTION('',(1.,0.,0.));
#8240 = DIRECTION('',(0.,0.,1.));
#8241 = ADVANCED_FACE('',(#8242),#8276,.T.);
#8242 = FACE_BOUND('',#8243,.T.);
#8243 = EDGE_LOOP('',(#8244,#8254,#8262,#8270));
#8244 = ORIENTED_EDGE('',*,*,#8245,.F.);
#8245 = EDGE_CURVE('',#8246,#8248,#8250,.T.);
#8246 = VERTEX_POINT('',#8247);
#8247 = CARTESIAN_POINT('',(-3.66E+03,2.899E+03,300.));
#8248 = VERTEX_POINT('',#8249);
#8249 = CARTESIAN_POINT('',(-3.66E+03,2.899E+03,320.));
#8250 = LINE('',#8251,#8252);
#8251 = CARTESIAN_POINT('',(-3.66E+03,2.899E+03,300.));
#8252 = VECTOR('',#8253,1.);
#8253 = DIRECTION('',(0.,0.,1.));
#8254 = ORIENTED_EDGE('',*,*,#8255,.T.);
#8255 = EDGE_CURVE('',#8246,#8256,#8258,.T.);
#8256 = VERTEX_POINT('',#8257);
#8257 = CARTESIAN_POINT('',(-3.66E+03,3.019E+03,300.));
#8258 = LINE('',#8259,#8260);
#8259 = CARTESIAN_POINT('',(-3.66E+03,2.899E+03,300.));
#8260 = VECTOR('',#8261,1.);
#8261 = DIRECTION('',(0.,1.,0.));
#8262 = ORIENTED_EDGE('',*,*,#8263,.T.);
#8263 = EDGE_CURVE('',#8256,#8264,#8266,.T.);
#8264 = VERTEX_POINT('',#8265);
#8265 = CARTESIAN_POINT('',(-3.66E+03,3.019E+03,320.));
#8266 = LINE('',#8267,#8268);
#8267 = CARTESIAN_POINT('',(-3.66E+03,3.019E+03,300.));
#8268 = VECTOR('',#8269,1.);
#8269 = DIRECTION('',(0.,0.,1.));
#8270 = ORIENTED_EDGE('',*,*,#8271,.F.);
#8271 = EDGE_CURVE('',#8248,#8264,#8272,.T.);
#8272 = LINE('',#8273,#8274);
#8273 = CARTESIAN_POINT('',(-3.66E+03,2.899E+03,320.));
#8274 = VECTOR('',#8275,1.);
#8275 = DIRECTION('',(0.,1.,0.));
#8276 = PLANE('',#8277);
#8277 = AXIS2_PLACEMENT_3D('',#8278,#8279,#8280);
#8278 = CARTESIAN_POINT('',(-3.66E+03,2.899E+03,300.));
#8279 = DIRECTION('',(1.,0.,0.));
#8280 = DIRECTION('',(0.,0.,1.));
#8281 = ADVANCED_FACE('',(#8282),#8298,.F.);
#8282 = FACE_BOUND('',#8283,.F.);
#8283 = EDGE_LOOP('',(#8284,#8290,#8291,#8297));
#8284 = ORIENTED_EDGE('',*,*,#8285,.F.);
#8285 = EDGE_CURVE('',#8206,#8246,#8286,.T.);
#8286 = LINE('',#8287,#8288);
#8287 = CARTESIAN_POINT('',(-3.78E+03,2.899E+03,300.));
#8288 = VECTOR('',#8289,1.);
#8289 = DIRECTION('',(1.,0.,0.));
#8290 = ORIENTED_EDGE('',*,*,#8205,.T.);
#8291 = ORIENTED_EDGE('',*,*,#8292,.T.);
#8292 = EDGE_CURVE('',#8208,#8248,#8293,.T.);
#8293 = LINE('',#8294,#8295);
#8294 = CARTESIAN_POINT('',(-3.78E+03,2.899E+03,320.));
#8295 = VECTOR('',#8296,1.);
#8296 = DIRECTION('',(1.,0.,0.));
#8297 = ORIENTED_EDGE('',*,*,#8245,.F.);
#8298 = PLANE('',#8299);
#8299 = AXIS2_PLACEMENT_3D('',#8300,#8301,#8302);
#8300 = CARTESIAN_POINT('',(-3.78E+03,2.899E+03,300.));
#8301 = DIRECTION('',(0.,1.,0.));
#8302 = DIRECTION('',(0.,0.,1.));
#8303 = ADVANCED_FACE('',(#8304),#8320,.T.);
#8304 = FACE_BOUND('',#8305,.T.);
#8305 = EDGE_LOOP('',(#8306,#8312,#8313,#8319));
#8306 = ORIENTED_EDGE('',*,*,#8307,.F.);
#8307 = EDGE_CURVE('',#8216,#8256,#8308,.T.);
#8308 = LINE('',#8309,#8310);
#8309 = CARTESIAN_POINT('',(-3.78E+03,3.019E+03,300.));
#8310 = VECTOR('',#8311,1.);
#8311 = DIRECTION('',(1.,0.,0.));
#8312 = ORIENTED_EDGE('',*,*,#8223,.T.);
#8313 = ORIENTED_EDGE('',*,*,#8314,.T.);
#8314 = EDGE_CURVE('',#8224,#8264,#8315,.T.);
#8315 = LINE('',#8316,#8317);
#8316 = CARTESIAN_POINT('',(-3.78E+03,3.019E+03,320.));
#8317 = VECTOR('',#8318,1.);
#8318 = DIRECTION('',(1.,0.,0.));
#8319 = ORIENTED_EDGE('',*,*,#8263,.F.);
#8320 = PLANE('',#8321);
#8321 = AXIS2_PLACEMENT_3D('',#8322,#8323,#8324);
#8322 = CARTESIAN_POINT('',(-3.78E+03,3.019E+03,300.));
#8323 = DIRECTION('',(0.,1.,0.));
#8324 = DIRECTION('',(0.,0.,1.));
#8325 = ADVANCED_FACE('',(#8326),#8332,.F.);
#8326 = FACE_BOUND('',#8327,.F.);
#8327 = EDGE_LOOP('',(#8328,#8329,#8330,#8331));
#8328 = ORIENTED_EDGE('',*,*,#8215,.F.);
#8329 = ORIENTED_EDGE('',*,*,#8285,.T.);
#8330 = ORIENTED_EDGE('',*,*,#8255,.T.);
#8331 = ORIENTED_EDGE('',*,*,#8307,.F.);
#8332 = PLANE('',#8333);
#8333 = AXIS2_PLACEMENT_3D('',#8334,#8335,#8336);
#8334 = CARTESIAN_POINT('',(-3.78E+03,2.899E+03,300.));
#8335 = DIRECTION('',(0.,0.,1.));
#8336 = DIRECTION('',(1.,0.,0.));
#8337 = ADVANCED_FACE('',(#8338),#8344,.T.);
#8338 = FACE_BOUND('',#8339,.T.);
#8339 = EDGE_LOOP('',(#8340,#8341,#8342,#8343));
#8340 = ORIENTED_EDGE('',*,*,#8231,.F.);
#8341 = ORIENTED_EDGE('',*,*,#8292,.T.);
#8342 = ORIENTED_EDGE('',*,*,#8271,.T.);
#8343 = ORIENTED_EDGE('',*,*,#8314,.F.);
#8344 = PLANE('',#8345);
#8345 = AXIS2_PLACEMENT_3D('',#8346,#8347,#8348);
#8346 = CARTESIAN_POINT('',(-3.78E+03,2.899E+03,320.));
#8347 = DIRECTION('',(0.,0.,1.));
#8348 = DIRECTION('',(1.,0.,0.));
#8349 = MANIFOLD_SOLID_BREP('',#8350);
#8350 = CLOSED_SHELL('',(#8351,#8391,#8431,#8453,#8475,#8487));
#8351 = ADVANCED_FACE('',(#8352),#8386,.F.);
#8352 = FACE_BOUND('',#8353,.F.);
#8353 = EDGE_LOOP('',(#8354,#8364,#8372,#8380));
#8354 = ORIENTED_EDGE('',*,*,#8355,.F.);
#8355 = EDGE_CURVE('',#8356,#8358,#8360,.T.);
#8356 = VERTEX_POINT('',#8357);
#8357 = CARTESIAN_POINT('',(-2.68E+03,2.899E+03,300.));
#8358 = VERTEX_POINT('',#8359);
#8359 = CARTESIAN_POINT('',(-2.68E+03,2.899E+03,320.));
#8360 = LINE('',#8361,#8362);
#8361 = CARTESIAN_POINT('',(-2.68E+03,2.899E+03,300.));
#8362 = VECTOR('',#8363,1.);
#8363 = DIRECTION('',(0.,0.,1.));
#8364 = ORIENTED_EDGE('',*,*,#8365,.T.);
#8365 = EDGE_CURVE('',#8356,#8366,#8368,.T.);
#8366 = VERTEX_POINT('',#8367);
#8367 = CARTESIAN_POINT('',(-2.68E+03,3.019E+03,300.));
#8368 = LINE('',#8369,#8370);
#8369 = CARTESIAN_POINT('',(-2.68E+03,2.899E+03,300.));
#8370 = VECTOR('',#8371,1.);
#8371 = DIRECTION('',(0.,1.,0.));
#8372 = ORIENTED_EDGE('',*,*,#8373,.T.);
#8373 = EDGE_CURVE('',#8366,#8374,#8376,.T.);
#8374 = VERTEX_POINT('',#8375);
#8375 = CARTESIAN_POINT('',(-2.68E+03,3.019E+03,320.));
#8376 = LINE('',#8377,#8378);
#8377 = CARTESIAN_POINT('',(-2.68E+03,3.019E+03,300.));
#8378 = VECTOR('',#8379,1.);
#8379 = DIRECTION('',(0.,0.,1.));
#8380 = ORIENTED_EDGE('',*,*,#8381,.F.);
#8381 = EDGE_CURVE('',#8358,#8374,#8382,.T.);
#8382 = LINE('',#8383,#8384);
#8383 = CARTESIAN_POINT('',(-2.68E+03,2.899E+03,320.));
#8384 = VECTOR('',#8385,1.);
#8385 = DIRECTION('',(0.,1.,0.));
#8386 = PLANE('',#8387);
#8387 = AXIS2_PLACEMENT_3D('',#8388,#8389,#8390);
#8388 = CARTESIAN_POINT('',(-2.68E+03,2.899E+03,300.));
#8389 = DIRECTION('',(1.,0.,0.));
#8390 = DIRECTION('',(0.,0.,1.));
#8391 = ADVANCED_FACE('',(#8392),#8426,.T.);
#8392 = FACE_BOUND('',#8393,.T.);
#8393 = EDGE_LOOP('',(#8394,#8404,#8412,#8420));
#8394 = ORIENTED_EDGE('',*,*,#8395,.F.);
#8395 = EDGE_CURVE('',#8396,#8398,#8400,.T.);
#8396 = VERTEX_POINT('',#8397);
#8397 = CARTESIAN_POINT('',(-2.56E+03,2.899E+03,300.));
#8398 = VERTEX_POINT('',#8399);
#8399 = CARTESIAN_POINT('',(-2.56E+03,2.899E+03,320.));
#8400 = LINE('',#8401,#8402);
#8401 = CARTESIAN_POINT('',(-2.56E+03,2.899E+03,300.));
#8402 = VECTOR('',#8403,1.);
#8403 = DIRECTION('',(0.,0.,1.));
#8404 = ORIENTED_EDGE('',*,*,#8405,.T.);
#8405 = EDGE_CURVE('',#8396,#8406,#8408,.T.);
#8406 = VERTEX_POINT('',#8407);
#8407 = CARTESIAN_POINT('',(-2.56E+03,3.019E+03,300.));
#8408 = LINE('',#8409,#8410);
#8409 = CARTESIAN_POINT('',(-2.56E+03,2.899E+03,300.));
#8410 = VECTOR('',#8411,1.);
#8411 = DIRECTION('',(0.,1.,0.));
#8412 = ORIENTED_EDGE('',*,*,#8413,.T.);
#8413 = EDGE_CURVE('',#8406,#8414,#8416,.T.);
#8414 = VERTEX_POINT('',#8415);
#8415 = CARTESIAN_POINT('',(-2.56E+03,3.019E+03,320.));
#8416 = LINE('',#8417,#8418);
#8417 = CARTESIAN_POINT('',(-2.56E+03,3.019E+03,300.));
#8418 = VECTOR('',#8419,1.);
#8419 = DIRECTION('',(0.,0.,1.));
#8420 = ORIENTED_EDGE('',*,*,#8421,.F.);
#8421 = EDGE_CURVE('',#8398,#8414,#8422,.T.);
#8422 = LINE('',#8423,#8424);
#8423 = CARTESIAN_POINT('',(-2.56E+03,2.899E+03,320.));
#8424 = VECTOR('',#8425,1.);
#8425 = DIRECTION('',(0.,1.,0.));
#8426 = PLANE('',#8427);
#8427 = AXIS2_PLACEMENT_3D('',#8428,#8429,#8430);
#8428 = CARTESIAN_POINT('',(-2.56E+03,2.899E+03,300.));
#8429 = DIRECTION('',(1.,0.,0.));
#8430 = DIRECTION('',(0.,0.,1.));
#8431 = ADVANCED_FACE('',(#8432),#8448,.F.);
#8432 = FACE_BOUND('',#8433,.F.);
#8433 = EDGE_LOOP('',(#8434,#8440,#8441,#8447));
#8434 = ORIENTED_EDGE('',*,*,#8435,.F.);
#8435 = EDGE_CURVE('',#8356,#8396,#8436,.T.);
#8436 = LINE('',#8437,#8438);
#8437 = CARTESIAN_POINT('',(-2.68E+03,2.899E+03,300.));
#8438 = VECTOR('',#8439,1.);
#8439 = DIRECTION('',(1.,0.,0.));
#8440 = ORIENTED_EDGE('',*,*,#8355,.T.);
#8441 = ORIENTED_EDGE('',*,*,#8442,.T.);
#8442 = EDGE_CURVE('',#8358,#8398,#8443,.T.);
#8443 = LINE('',#8444,#8445);
#8444 = CARTESIAN_POINT('',(-2.68E+03,2.899E+03,320.));
#8445 = VECTOR('',#8446,1.);
#8446 = DIRECTION('',(1.,0.,0.));
#8447 = ORIENTED_EDGE('',*,*,#8395,.F.);
#8448 = PLANE('',#8449);
#8449 = AXIS2_PLACEMENT_3D('',#8450,#8451,#8452);
#8450 = CARTESIAN_POINT('',(-2.68E+03,2.899E+03,300.));
#8451 = DIRECTION('',(0.,1.,0.));
#8452 = DIRECTION('',(0.,0.,1.));
#8453 = ADVANCED_FACE('',(#8454),#8470,.T.);
#8454 = FACE_BOUND('',#8455,.T.);
#8455 = EDGE_LOOP('',(#8456,#8462,#8463,#8469));
#8456 = ORIENTED_EDGE('',*,*,#8457,.F.);
#8457 = EDGE_CURVE('',#8366,#8406,#8458,.T.);
#8458 = LINE('',#8459,#8460);
#8459 = CARTESIAN_POINT('',(-2.68E+03,3.019E+03,300.));
#8460 = VECTOR('',#8461,1.);
#8461 = DIRECTION('',(1.,0.,0.));
#8462 = ORIENTED_EDGE('',*,*,#8373,.T.);
#8463 = ORIENTED_EDGE('',*,*,#8464,.T.);
#8464 = EDGE_CURVE('',#8374,#8414,#8465,.T.);
#8465 = LINE('',#8466,#8467);
#8466 = CARTESIAN_POINT('',(-2.68E+03,3.019E+03,320.));
#8467 = VECTOR('',#8468,1.);
#8468 = DIRECTION('',(1.,0.,0.));
#8469 = ORIENTED_EDGE('',*,*,#8413,.F.);
#8470 = PLANE('',#8471);
#8471 = AXIS2_PLACEMENT_3D('',#8472,#8473,#8474);
#8472 = CARTESIAN_POINT('',(-2.68E+03,3.019E+03,300.));
#8473 = DIRECTION('',(0.,1.,0.));
#8474 = DIRECTION('',(0.,0.,1.));
#8475 = ADVANCED_FACE('',(#8476),#8482,.F.);
#8476 = FACE_BOUND('',#8477,.F.);
#8477 = EDGE_LOOP('',(#8478,#8479,#8480,#8481));
#8478 = ORIENTED_EDGE('',*,*,#8365,.F.);
#8479 = ORIENTED_EDGE('',*,*,#8435,.T.);
#8480 = ORIENTED_EDGE('',*,*,#8405,.T.);
#8481 = ORIENTED_EDGE('',*,*,#8457,.F.);
#8482 = PLANE('',#8483);
#8483 = AXIS2_PLACEMENT_3D('',#8484,#8485,#8486);
#8484 = CARTESIAN_POINT('',(-2.68E+03,2.899E+03,300.));
#8485 = DIRECTION('',(0.,0.,1.));
#8486 = DIRECTION('',(1.,0.,0.));
#8487 = ADVANCED_FACE('',(#8488),#8494,.T.);
#8488 = FACE_BOUND('',#8489,.T.);
#8489 = EDGE_LOOP('',(#8490,#8491,#8492,#8493));
#8490 = ORIENTED_EDGE('',*,*,#8381,.F.);
#8491 = ORIENTED_EDGE('',*,*,#8442,.T.);
#8492 = ORIENTED_EDGE('',*,*,#8421,.T.);
#8493 = ORIENTED_EDGE('',*,*,#8464,.F.);
#8494 = PLANE('',#8495);
#8495 = AXIS2_PLACEMENT_3D('',#8496,#8497,#8498);
#8496 = CARTESIAN_POINT('',(-2.68E+03,2.899E+03,320.));
#8497 = DIRECTION('',(0.,0.,1.));
#8498 = DIRECTION('',(1.,0.,0.));
#8499 = MANIFOLD_SOLID_BREP('',#8500);
#8500 = CLOSED_SHELL('',(#8501,#8534,#8543));
#8501 = ADVANCED_FACE('',(#8502),#8529,.T.);
#8502 = FACE_BOUND('',#8503,.T.);
#8503 = EDGE_LOOP('',(#8504,#8513,#8521,#8528));
#8504 = ORIENTED_EDGE('',*,*,#8505,.F.);
#8505 = EDGE_CURVE('',#8506,#8506,#8508,.T.);
#8506 = VERTEX_POINT('',#8507);
#8507 = CARTESIAN_POINT('',(-1.833E+03,4.309E+03,320.));
#8508 = CIRCLE('',#8509,60.);
#8509 = AXIS2_PLACEMENT_3D('',#8510,#8511,#8512);
#8510 = CARTESIAN_POINT('',(-1.893E+03,4.309E+03,320.));
#8511 = DIRECTION('',(0.,0.,1.));
#8512 = DIRECTION('',(1.,0.,0.));
#8513 = ORIENTED_EDGE('',*,*,#8514,.F.);
#8514 = EDGE_CURVE('',#8515,#8506,#8517,.T.);
#8515 = VERTEX_POINT('',#8516);
#8516 = CARTESIAN_POINT('',(-1.833E+03,4.309E+03,300.));
#8517 = LINE('',#8518,#8519);
#8518 = CARTESIAN_POINT('',(-1.833E+03,4.309E+03,300.));
#8519 = VECTOR('',#8520,1.);
#8520 = DIRECTION('',(0.,0.,1.));
#8521 = ORIENTED_EDGE('',*,*,#8522,.T.);
#8522 = EDGE_CURVE('',#8515,#8515,#8523,.T.);
#8523 = CIRCLE('',#8524,60.);
#8524 = AXIS2_PLACEMENT_3D('',#8525,#8526,#8527);
#8525 = CARTESIAN_POINT('',(-1.893E+03,4.309E+03,300.));
#8526 = DIRECTION('',(0.,0.,1.));
#8527 = DIRECTION('',(1.,0.,0.));
#8528 = ORIENTED_EDGE('',*,*,#8514,.T.);
#8529 = CYLINDRICAL_SURFACE('',#8530,60.);
#8530 = AXIS2_PLACEMENT_3D('',#8531,#8532,#8533);
#8531 = CARTESIAN_POINT('',(-1.893E+03,4.309E+03,300.));
#8532 = DIRECTION('',(0.,0.,1.));
#8533 = DIRECTION('',(1.,0.,0.));
#8534 = ADVANCED_FACE('',(#8535),#8538,.T.);
#8535 = FACE_BOUND('',#8536,.T.);
#8536 = EDGE_LOOP('',(#8537));
#8537 = ORIENTED_EDGE('',*,*,#8505,.T.);
#8538 = PLANE('',#8539);
#8539 = AXIS2_PLACEMENT_3D('',#8540,#8541,#8542);
#8540 = CARTESIAN_POINT('',(-1.893E+03,4.309E+03,320.));
#8541 = DIRECTION('',(0.,0.,1.));
#8542 = DIRECTION('',(1.,0.,0.));
#8543 = ADVANCED_FACE('',(#8544),#8547,.F.);
#8544 = FACE_BOUND('',#8545,.T.);
#8545 = EDGE_LOOP('',(#8546));
#8546 = ORIENTED_EDGE('',*,*,#8522,.F.);
#8547 = PLANE('',#8548);
#8548 = AXIS2_PLACEMENT_3D('',#8549,#8550,#8551);
#8549 = CARTESIAN_POINT('',(-1.893E+03,4.309E+03,300.));
#8550 = DIRECTION('',(0.,0.,1.));
#8551 = DIRECTION('',(1.,0.,0.));
#8552 = MANIFOLD_SOLID_BREP('',#8553);
#8553 = CLOSED_SHELL('',(#8554,#8587,#8596));
#8554 = ADVANCED_FACE('',(#8555),#8582,.T.);
#8555 = FACE_BOUND('',#8556,.T.);
#8556 = EDGE_LOOP('',(#8557,#8566,#8574,#8581));
#8557 = ORIENTED_EDGE('',*,*,#8558,.F.);
#8558 = EDGE_CURVE('',#8559,#8559,#8561,.T.);
#8559 = VERTEX_POINT('',#8560);
#8560 = CARTESIAN_POINT('',(-6.41E+03,4.309E+03,320.));
#8561 = CIRCLE('',#8562,60.);
#8562 = AXIS2_PLACEMENT_3D('',#8563,#8564,#8565);
#8563 = CARTESIAN_POINT('',(-6.47E+03,4.309E+03,320.));
#8564 = DIRECTION('',(0.,0.,1.));
#8565 = DIRECTION('',(1.,0.,0.));
#8566 = ORIENTED_EDGE('',*,*,#8567,.F.);
#8567 = EDGE_CURVE('',#8568,#8559,#8570,.T.);
#8568 = VERTEX_POINT('',#8569);
#8569 = CARTESIAN_POINT('',(-6.41E+03,4.309E+03,300.));
#8570 = LINE('',#8571,#8572);
#8571 = CARTESIAN_POINT('',(-6.41E+03,4.309E+03,300.));
#8572 = VECTOR('',#8573,1.);
#8573 = DIRECTION('',(0.,0.,1.));
#8574 = ORIENTED_EDGE('',*,*,#8575,.T.);
#8575 = EDGE_CURVE('',#8568,#8568,#8576,.T.);
#8576 = CIRCLE('',#8577,60.);
#8577 = AXIS2_PLACEMENT_3D('',#8578,#8579,#8580);
#8578 = CARTESIAN_POINT('',(-6.47E+03,4.309E+03,300.));
#8579 = DIRECTION('',(0.,0.,1.));
#8580 = DIRECTION('',(1.,0.,0.));
#8581 = ORIENTED_EDGE('',*,*,#8567,.T.);
#8582 = CYLINDRICAL_SURFACE('',#8583,60.);
#8583 = AXIS2_PLACEMENT_3D('',#8584,#8585,#8586);
#8584 = CARTESIAN_POINT('',(-6.47E+03,4.309E+03,300.));
#8585 = DIRECTION('',(0.,0.,1.));
#8586 = DIRECTION('',(1.,0.,0.));
#8587 = ADVANCED_FACE('',(#8588),#8591,.T.);
#8588 = FACE_BOUND('',#8589,.T.);
#8589 = EDGE_LOOP('',(#8590));
#8590 = ORIENTED_EDGE('',*,*,#8558,.T.);
#8591 = PLANE('',#8592);
#8592 = AXIS2_PLACEMENT_3D('',#8593,#8594,#8595);
#8593 = CARTESIAN_POINT('',(-6.47E+03,4.309E+03,320.));
#8594 = DIRECTION('',(0.,0.,1.));
#8595 = DIRECTION('',(1.,0.,0.));
#8596 = ADVANCED_FACE('',(#8597),#8600,.F.);
#8597 = FACE_BOUND('',#8598,.T.);
#8598 = EDGE_LOOP('',(#8599));
#8599 = ORIENTED_EDGE('',*,*,#8575,.F.);
#8600 = PLANE('',#8601);
#8601 = AXIS2_PLACEMENT_3D('',#8602,#8603,#8604);
#8602 = CARTESIAN_POINT('',(-6.47E+03,4.309E+03,300.));
#8603 = DIRECTION('',(0.,0.,1.));
#8604 = DIRECTION('',(1.,0.,0.));
#8605 = MANIFOLD_SOLID_BREP('',#8606);
#8606 = CLOSED_SHELL('',(#8607,#8633));
#8607 = ADVANCED_FACE('',(#8608),#8628,.T.);
#8608 = FACE_BOUND('',#8609,.T.);
#8609 = EDGE_LOOP('',(#8610,#8619,#8627));
#8610 = ORIENTED_EDGE('',*,*,#8611,.F.);
#8611 = EDGE_CURVE('',#8612,#8612,#8614,.T.);
#8612 = VERTEX_POINT('',#8613);
#8613 = CARTESIAN_POINT('',(-2.033E+03,3.009E+03,2.48E+03));
#8614 = CIRCLE('',#8615,90.);
#8615 = AXIS2_PLACEMENT_3D('',#8616,#8617,#8618);
#8616 = CARTESIAN_POINT('',(-1.943E+03,3.009E+03,2.48E+03));
#8617 = DIRECTION('',(0.,0.,-1.));
#8618 = DIRECTION('',(-1.,0.,0.));
#8619 = ORIENTED_EDGE('',*,*,#8620,.F.);
#8620 = EDGE_CURVE('',#8621,#8612,#8623,.T.);
#8621 = VERTEX_POINT('',#8622);
#8622 = CARTESIAN_POINT('',(-1.943E+03,3.009E+03,2.6E+03));
#8623 = LINE('',#8624,#8625);
#8624 = CARTESIAN_POINT('',(-1.943E+03,3.009E+03,2.6E+03));
#8625 = VECTOR('',#8626,1.);
#8626 = DIRECTION('',(-0.6,-1.5E-16,-0.8));
#8627 = ORIENTED_EDGE('',*,*,#8620,.T.);
#8628 = CONICAL_SURFACE('',#8629,0.,0.643501108793);
#8629 = AXIS2_PLACEMENT_3D('',#8630,#8631,#8632);
#8630 = CARTESIAN_POINT('',(-1.943E+03,3.009E+03,2.6E+03));
#8631 = DIRECTION('',(0.,0.,-1.));
#8632 = DIRECTION('',(-1.,0.,0.));
#8633 = ADVANCED_FACE('',(#8634),#8637,.T.);
#8634 = FACE_BOUND('',#8635,.T.);
#8635 = EDGE_LOOP('',(#8636));
#8636 = ORIENTED_EDGE('',*,*,#8611,.T.);
#8637 = PLANE('',#8638);
#8638 = AXIS2_PLACEMENT_3D('',#8639,#8640,#8641);
#8639 = CARTESIAN_POINT('',(-1.943E+03,3.009E+03,2.48E+03));
#8640 = DIRECTION('',(0.,0.,-1.));
#8641 = DIRECTION('',(-1.,0.,0.));
#8642 = MANIFOLD_SOLID_BREP('',#8643);
#8643 = CLOSED_SHELL('',(#8644,#8684,#8724,#8746,#8768,#8780));
#8644 = ADVANCED_FACE('',(#8645),#8679,.F.);
#8645 = FACE_BOUND('',#8646,.F.);
#8646 = EDGE_LOOP('',(#8647,#8657,#8665,#8673));
#8647 = ORIENTED_EDGE('',*,*,#8648,.F.);
#8648 = EDGE_CURVE('',#8649,#8651,#8653,.T.);
#8649 = VERTEX_POINT('',#8650);
#8650 = CARTESIAN_POINT('',(-2.708E+03,6.356E+03,1.1E+03));
#8651 = VERTEX_POINT('',#8652);
#8652 = CARTESIAN_POINT('',(-2.708E+03,6.356E+03,1.35E+03));
#8653 = LINE('',#8654,#8655);
#8654 = CARTESIAN_POINT('',(-2.708E+03,6.356E+03,1.1E+03));
#8655 = VECTOR('',#8656,1.);
#8656 = DIRECTION('',(0.,0.,1.));
#8657 = ORIENTED_EDGE('',*,*,#8658,.T.);
#8658 = EDGE_CURVE('',#8649,#8659,#8661,.T.);
#8659 = VERTEX_POINT('',#8660);
#8660 = CARTESIAN_POINT('',(-2.708E+03,6.476E+03,1.1E+03));
#8661 = LINE('',#8662,#8663);
#8662 = CARTESIAN_POINT('',(-2.708E+03,6.356E+03,1.1E+03));
#8663 = VECTOR('',#8664,1.);
#8664 = DIRECTION('',(0.,1.,0.));
#8665 = ORIENTED_EDGE('',*,*,#8666,.T.);
#8666 = EDGE_CURVE('',#8659,#8667,#8669,.T.);
#8667 = VERTEX_POINT('',#8668);
#8668 = CARTESIAN_POINT('',(-2.708E+03,6.476E+03,1.35E+03));
#8669 = LINE('',#8670,#8671);
#8670 = CARTESIAN_POINT('',(-2.708E+03,6.476E+03,1.1E+03));
#8671 = VECTOR('',#8672,1.);
#8672 = DIRECTION('',(0.,0.,1.));
#8673 = ORIENTED_EDGE('',*,*,#8674,.F.);
#8674 = EDGE_CURVE('',#8651,#8667,#8675,.T.);
#8675 = LINE('',#8676,#8677);
#8676 = CARTESIAN_POINT('',(-2.708E+03,6.356E+03,1.35E+03));
#8677 = VECTOR('',#8678,1.);
#8678 = DIRECTION('',(0.,1.,0.));
#8679 = PLANE('',#8680);
#8680 = AXIS2_PLACEMENT_3D('',#8681,#8682,#8683);
#8681 = CARTESIAN_POINT('',(-2.708E+03,6.356E+03,1.1E+03));
#8682 = DIRECTION('',(1.,0.,0.));
#8683 = DIRECTION('',(0.,0.,1.));
#8684 = ADVANCED_FACE('',(#8685),#8719,.T.);
#8685 = FACE_BOUND('',#8686,.T.);
#8686 = EDGE_LOOP('',(#8687,#8697,#8705,#8713));
#8687 = ORIENTED_EDGE('',*,*,#8688,.F.);
#8688 = EDGE_CURVE('',#8689,#8691,#8693,.T.);
#8689 = VERTEX_POINT('',#8690);
#8690 = CARTESIAN_POINT('',(-2.588E+03,6.356E+03,1.1E+03));
#8691 = VERTEX_POINT('',#8692);
#8692 = CARTESIAN_POINT('',(-2.588E+03,6.356E+03,1.35E+03));
#8693 = LINE('',#8694,#8695);
#8694 = CARTESIAN_POINT('',(-2.588E+03,6.356E+03,1.1E+03));
#8695 = VECTOR('',#8696,1.);
#8696 = DIRECTION('',(0.,0.,1.));
#8697 = ORIENTED_EDGE('',*,*,#8698,.T.);
#8698 = EDGE_CURVE('',#8689,#8699,#8701,.T.);
#8699 = VERTEX_POINT('',#8700);
#8700 = CARTESIAN_POINT('',(-2.588E+03,6.476E+03,1.1E+03));
#8701 = LINE('',#8702,#8703);
#8702 = CARTESIAN_POINT('',(-2.588E+03,6.356E+03,1.1E+03));
#8703 = VECTOR('',#8704,1.);
#8704 = DIRECTION('',(0.,1.,0.));
#8705 = ORIENTED_EDGE('',*,*,#8706,.T.);
#8706 = EDGE_CURVE('',#8699,#8707,#8709,.T.);
#8707 = VERTEX_POINT('',#8708);
#8708 = CARTESIAN_POINT('',(-2.588E+03,6.476E+03,1.35E+03));
#8709 = LINE('',#8710,#8711);
#8710 = CARTESIAN_POINT('',(-2.588E+03,6.476E+03,1.1E+03));
#8711 = VECTOR('',#8712,1.);
#8712 = DIRECTION('',(0.,0.,1.));
#8713 = ORIENTED_EDGE('',*,*,#8714,.F.);
#8714 = EDGE_CURVE('',#8691,#8707,#8715,.T.);
#8715 = LINE('',#8716,#8717);
#8716 = CARTESIAN_POINT('',(-2.588E+03,6.356E+03,1.35E+03));
#8717 = VECTOR('',#8718,1.);
#8718 = DIRECTION('',(0.,1.,0.));
#8719 = PLANE('',#8720);
#8720 = AXIS2_PLACEMENT_3D('',#8721,#8722,#8723);
#8721 = CARTESIAN_POINT('',(-2.588E+03,6.356E+03,1.1E+03));
#8722 = DIRECTION('',(1.,0.,0.));
#8723 = DIRECTION('',(0.,0.,1.));
#8724 = ADVANCED_FACE('',(#8725),#8741,.F.);
#8725 = FACE_BOUND('',#8726,.F.);
#8726 = EDGE_LOOP('',(#8727,#8733,#8734,#8740));
#8727 = ORIENTED_EDGE('',*,*,#8728,.F.);
#8728 = EDGE_CURVE('',#8649,#8689,#8729,.T.);
#8729 = LINE('',#8730,#8731);
#8730 = CARTESIAN_POINT('',(-2.708E+03,6.356E+03,1.1E+03));
#8731 = VECTOR('',#8732,1.);
#8732 = DIRECTION('',(1.,0.,0.));
#8733 = ORIENTED_EDGE('',*,*,#8648,.T.);
#8734 = ORIENTED_EDGE('',*,*,#8735,.T.);
#8735 = EDGE_CURVE('',#8651,#8691,#8736,.T.);
#8736 = LINE('',#8737,#8738);
#8737 = CARTESIAN_POINT('',(-2.708E+03,6.356E+03,1.35E+03));
#8738 = VECTOR('',#8739,1.);
#8739 = DIRECTION('',(1.,0.,0.));
#8740 = ORIENTED_EDGE('',*,*,#8688,.F.);
#8741 = PLANE('',#8742);
#8742 = AXIS2_PLACEMENT_3D('',#8743,#8744,#8745);
#8743 = CARTESIAN_POINT('',(-2.708E+03,6.356E+03,1.1E+03));
#8744 = DIRECTION('',(0.,1.,0.));
#8745 = DIRECTION('',(0.,0.,1.));
#8746 = ADVANCED_FACE('',(#8747),#8763,.T.);
#8747 = FACE_BOUND('',#8748,.T.);
#8748 = EDGE_LOOP('',(#8749,#8755,#8756,#8762));
#8749 = ORIENTED_EDGE('',*,*,#8750,.F.);
#8750 = EDGE_CURVE('',#8659,#8699,#8751,.T.);
#8751 = LINE('',#8752,#8753);
#8752 = CARTESIAN_POINT('',(-2.708E+03,6.476E+03,1.1E+03));
#8753 = VECTOR('',#8754,1.);
#8754 = DIRECTION('',(1.,0.,0.));
#8755 = ORIENTED_EDGE('',*,*,#8666,.T.);
#8756 = ORIENTED_EDGE('',*,*,#8757,.T.);
#8757 = EDGE_CURVE('',#8667,#8707,#8758,.T.);
#8758 = LINE('',#8759,#8760);
#8759 = CARTESIAN_POINT('',(-2.708E+03,6.476E+03,1.35E+03));
#8760 = VECTOR('',#8761,1.);
#8761 = DIRECTION('',(1.,0.,0.));
#8762 = ORIENTED_EDGE('',*,*,#8706,.F.);
#8763 = PLANE('',#8764);
#8764 = AXIS2_PLACEMENT_3D('',#8765,#8766,#8767);
#8765 = CARTESIAN_POINT('',(-2.708E+03,6.476E+03,1.1E+03));
#8766 = DIRECTION('',(0.,1.,0.));
#8767 = DIRECTION('',(0.,0.,1.));
#8768 = ADVANCED_FACE('',(#8769),#8775,.F.);
#8769 = FACE_BOUND('',#8770,.F.);
#8770 = EDGE_LOOP('',(#8771,#8772,#8773,#8774));
#8771 = ORIENTED_EDGE('',*,*,#8658,.F.);
#8772 = ORIENTED_EDGE('',*,*,#8728,.T.);
#8773 = ORIENTED_EDGE('',*,*,#8698,.T.);
#8774 = ORIENTED_EDGE('',*,*,#8750,.F.);
#8775 = PLANE('',#8776);
#8776 = AXIS2_PLACEMENT_3D('',#8777,#8778,#8779);
#8777 = CARTESIAN_POINT('',(-2.708E+03,6.356E+03,1.1E+03));
#8778 = DIRECTION('',(0.,0.,1.));
#8779 = DIRECTION('',(1.,0.,0.));
#8780 = ADVANCED_FACE('',(#8781),#8787,.T.);
#8781 = FACE_BOUND('',#8782,.T.);
#8782 = EDGE_LOOP('',(#8783,#8784,#8785,#8786));
#8783 = ORIENTED_EDGE('',*,*,#8674,.F.);
#8784 = ORIENTED_EDGE('',*,*,#8735,.T.);
#8785 = ORIENTED_EDGE('',*,*,#8714,.T.);
#8786 = ORIENTED_EDGE('',*,*,#8757,.F.);
#8787 = PLANE('',#8788);
#8788 = AXIS2_PLACEMENT_3D('',#8789,#8790,#8791);
#8789 = CARTESIAN_POINT('',(-2.708E+03,6.356E+03,1.35E+03));
#8790 = DIRECTION('',(0.,0.,1.));
#8791 = DIRECTION('',(1.,0.,0.));
#8792 = MANIFOLD_SOLID_BREP('',#8793);
#8793 = CLOSED_SHELL('',(#8794,#8820));
#8794 = ADVANCED_FACE('',(#8795),#8815,.T.);
#8795 = FACE_BOUND('',#8796,.T.);
#8796 = EDGE_LOOP('',(#8797,#8806,#8814));
#8797 = ORIENTED_EDGE('',*,*,#8798,.F.);
#8798 = EDGE_CURVE('',#8799,#8799,#8801,.T.);
#8799 = VERTEX_POINT('',#8800);
#8800 = CARTESIAN_POINT('',(-6.51E+03,6.216E+03,2.48E+03));
#8801 = CIRCLE('',#8802,90.);
#8802 = AXIS2_PLACEMENT_3D('',#8803,#8804,#8805);
#8803 = CARTESIAN_POINT('',(-6.42E+03,6.216E+03,2.48E+03));
#8804 = DIRECTION('',(0.,0.,-1.));
#8805 = DIRECTION('',(-1.,0.,0.));
#8806 = ORIENTED_EDGE('',*,*,#8807,.F.);
#8807 = EDGE_CURVE('',#8808,#8799,#8810,.T.);
#8808 = VERTEX_POINT('',#8809);
#8809 = CARTESIAN_POINT('',(-6.42E+03,6.216E+03,2.6E+03));
#8810 = LINE('',#8811,#8812);
#8811 = CARTESIAN_POINT('',(-6.42E+03,6.216E+03,2.6E+03));
#8812 = VECTOR('',#8813,1.);
#8813 = DIRECTION('',(-0.6,-1.5E-16,-0.8));
#8814 = ORIENTED_EDGE('',*,*,#8807,.T.);
#8815 = CONICAL_SURFACE('',#8816,0.,0.643501108793);
#8816 = AXIS2_PLACEMENT_3D('',#8817,#8818,#8819);
#8817 = CARTESIAN_POINT('',(-6.42E+03,6.216E+03,2.6E+03));
#8818 = DIRECTION('',(0.,0.,-1.));
#8819 = DIRECTION('',(-1.,0.,0.));
#8820 = ADVANCED_FACE('',(#8821),#8824,.T.);
#8821 = FACE_BOUND('',#8822,.T.);
#8822 = EDGE_LOOP('',(#8823));
#8823 = ORIENTED_EDGE('',*,*,#8798,.T.);
#8824 = PLANE('',#8825);
#8825 = AXIS2_PLACEMENT_3D('',#8826,#8827,#8828);
#8826 = CARTESIAN_POINT('',(-6.42E+03,6.216E+03,2.48E+03));
#8827 = DIRECTION('',(0.,0.,-1.));
#8828 = DIRECTION('',(-1.,0.,0.));
#8829 = MANIFOLD_SOLID_BREP('',#8830);
#8830 = CLOSED_SHELL('',(#8831,#8864,#8873));
#8831 = ADVANCED_FACE('',(#8832),#8859,.T.);
#8832 = FACE_BOUND('',#8833,.T.);
#8833 = EDGE_LOOP('',(#8834,#8843,#8851,#8858));
#8834 = ORIENTED_EDGE('',*,*,#8835,.F.);
#8835 = EDGE_CURVE('',#8836,#8836,#8838,.T.);
#8836 = VERTEX_POINT('',#8837);
#8837 = CARTESIAN_POINT('',(-3.392E+03,1.661E+03,320.));
#8838 = CIRCLE('',#8839,60.);
#8839 = AXIS2_PLACEMENT_3D('',#8840,#8841,#8842);
#8840 = CARTESIAN_POINT('',(-3.452E+03,1.661E+03,320.));
#8841 = DIRECTION('',(0.,0.,1.));
#8842 = DIRECTION('',(1.,0.,0.));
#8843 = ORIENTED_EDGE('',*,*,#8844,.F.);
#8844 = EDGE_CURVE('',#8845,#8836,#8847,.T.);
#8845 = VERTEX_POINT('',#8846);
#8846 = CARTESIAN_POINT('',(-3.392E+03,1.661E+03,300.));
#8847 = LINE('',#8848,#8849);
#8848 = CARTESIAN_POINT('',(-3.392E+03,1.661E+03,300.));
#8849 = VECTOR('',#8850,1.);
#8850 = DIRECTION('',(0.,0.,1.));
#8851 = ORIENTED_EDGE('',*,*,#8852,.T.);
#8852 = EDGE_CURVE('',#8845,#8845,#8853,.T.);
#8853 = CIRCLE('',#8854,60.);
#8854 = AXIS2_PLACEMENT_3D('',#8855,#8856,#8857);
#8855 = CARTESIAN_POINT('',(-3.452E+03,1.661E+03,300.));
#8856 = DIRECTION('',(0.,0.,1.));
#8857 = DIRECTION('',(1.,0.,0.));
#8858 = ORIENTED_EDGE('',*,*,#8844,.T.);
#8859 = CYLINDRICAL_SURFACE('',#8860,60.);
#8860 = AXIS2_PLACEMENT_3D('',#8861,#8862,#8863);
#8861 = CARTESIAN_POINT('',(-3.452E+03,1.661E+03,300.));
#8862 = DIRECTION('',(0.,0.,1.));
#8863 = DIRECTION('',(1.,0.,0.));
#8864 = ADVANCED_FACE('',(#8865),#8868,.T.);
#8865 = FACE_BOUND('',#8866,.T.);
#8866 = EDGE_LOOP('',(#8867));
#8867 = ORIENTED_EDGE('',*,*,#8835,.T.);
#8868 = PLANE('',#8869);
#8869 = AXIS2_PLACEMENT_3D('',#8870,#8871,#8872);
#8870 = CARTESIAN_POINT('',(-3.452E+03,1.661E+03,320.));
#8871 = DIRECTION('',(0.,0.,1.));
#8872 = DIRECTION('',(1.,0.,0.));
#8873 = ADVANCED_FACE('',(#8874),#8877,.F.);
#8874 = FACE_BOUND('',#8875,.T.);
#8875 = EDGE_LOOP('',(#8876));
#8876 = ORIENTED_EDGE('',*,*,#8852,.F.);
#8877 = PLANE('',#8878);
#8878 = AXIS2_PLACEMENT_3D('',#8879,#8880,#8881);
#8879 = CARTESIAN_POINT('',(-3.452E+03,1.661E+03,300.));
#8880 = DIRECTION('',(0.,0.,1.));
#8881 = DIRECTION('',(1.,0.,0.));
#8882 = MANIFOLD_SOLID_BREP('',#8883);
#8883 = CLOSED_SHELL('',(#8884,#8917,#8926));
#8884 = ADVANCED_FACE('',(#8885),#8912,.T.);
#8885 = FACE_BOUND('',#8886,.T.);
#8886 = EDGE_LOOP('',(#8887,#8896,#8904,#8911));
#8887 = ORIENTED_EDGE('',*,*,#8888,.F.);
#8888 = EDGE_CURVE('',#8889,#8889,#8891,.T.);
#8889 = VERTEX_POINT('',#8890);
#8890 = CARTESIAN_POINT('',(-1.803E+03,1.661E+03,320.));
#8891 = CIRCLE('',#8892,60.);
#8892 = AXIS2_PLACEMENT_3D('',#8893,#8894,#8895);
#8893 = CARTESIAN_POINT('',(-1.863E+03,1.661E+03,320.));
#8894 = DIRECTION('',(0.,0.,1.));
#8895 = DIRECTION('',(1.,0.,0.));
#8896 = ORIENTED_EDGE('',*,*,#8897,.F.);
#8897 = EDGE_CURVE('',#8898,#8889,#8900,.T.);
#8898 = VERTEX_POINT('',#8899);
#8899 = CARTESIAN_POINT('',(-1.803E+03,1.661E+03,300.));
#8900 = LINE('',#8901,#8902);
#8901 = CARTESIAN_POINT('',(-1.803E+03,1.661E+03,300.));
#8902 = VECTOR('',#8903,1.);
#8903 = DIRECTION('',(0.,0.,1.));
#8904 = ORIENTED_EDGE('',*,*,#8905,.T.);
#8905 = EDGE_CURVE('',#8898,#8898,#8906,.T.);
#8906 = CIRCLE('',#8907,60.);
#8907 = AXIS2_PLACEMENT_3D('',#8908,#8909,#8910);
#8908 = CARTESIAN_POINT('',(-1.863E+03,1.661E+03,300.));
#8909 = DIRECTION('',(0.,0.,1.));
#8910 = DIRECTION('',(1.,0.,0.));
#8911 = ORIENTED_EDGE('',*,*,#8897,.T.);
#8912 = CYLINDRICAL_SURFACE('',#8913,60.);
#8913 = AXIS2_PLACEMENT_3D('',#8914,#8915,#8916);
#8914 = CARTESIAN_POINT('',(-1.863E+03,1.661E+03,300.));
#8915 = DIRECTION('',(0.,0.,1.));
#8916 = DIRECTION('',(1.,0.,0.));
#8917 = ADVANCED_FACE('',(#8918),#8921,.T.);
#8918 = FACE_BOUND('',#8919,.T.);
#8919 = EDGE_LOOP('',(#8920));
#8920 = ORIENTED_EDGE('',*,*,#8888,.T.);
#8921 = PLANE('',#8922);
#8922 = AXIS2_PLACEMENT_3D('',#8923,#8924,#8925);
#8923 = CARTESIAN_POINT('',(-1.863E+03,1.661E+03,320.));
#8924 = DIRECTION('',(0.,0.,1.));
#8925 = DIRECTION('',(1.,0.,0.));
#8926 = ADVANCED_FACE('',(#8927),#8930,.F.);
#8927 = FACE_BOUND('',#8928,.T.);
#8928 = EDGE_LOOP('',(#8929));
#8929 = ORIENTED_EDGE('',*,*,#8905,.F.);
#8930 = PLANE('',#8931);
#8931 = AXIS2_PLACEMENT_3D('',#8932,#8933,#8934);
#8932 = CARTESIAN_POINT('',(-1.863E+03,1.661E+03,300.));
#8933 = DIRECTION('',(0.,0.,1.));
#8934 = DIRECTION('',(1.,0.,0.));
#8935 = MANIFOLD_SOLID_BREP('',#8936);
#8936 = CLOSED_SHELL('',(#8937,#8970,#8979));
#8937 = ADVANCED_FACE('',(#8938),#8965,.T.);
#8938 = FACE_BOUND('',#8939,.T.);
#8939 = EDGE_LOOP('',(#8940,#8949,#8957,#8964));
#8940 = ORIENTED_EDGE('',*,*,#8941,.F.);
#8941 = EDGE_CURVE('',#8942,#8942,#8944,.T.);
#8942 = VERTEX_POINT('',#8943);
#8943 = CARTESIAN_POINT('',(4.845E+03,-435.,320.));
#8944 = CIRCLE('',#8945,60.);
#8945 = AXIS2_PLACEMENT_3D('',#8946,#8947,#8948);
#8946 = CARTESIAN_POINT('',(4.785E+03,-435.,320.));
#8947 = DIRECTION('',(0.,0.,1.));
#8948 = DIRECTION('',(1.,0.,0.));
#8949 = ORIENTED_EDGE('',*,*,#8950,.F.);
#8950 = EDGE_CURVE('',#8951,#8942,#8953,.T.);
#8951 = VERTEX_POINT('',#8952);
#8952 = CARTESIAN_POINT('',(4.845E+03,-435.,300.));
#8953 = LINE('',#8954,#8955);
#8954 = CARTESIAN_POINT('',(4.845E+03,-435.,300.));
#8955 = VECTOR('',#8956,1.);
#8956 = DIRECTION('',(0.,0.,1.));
#8957 = ORIENTED_EDGE('',*,*,#8958,.T.);
#8958 = EDGE_CURVE('',#8951,#8951,#8959,.T.);
#8959 = CIRCLE('',#8960,60.);
#8960 = AXIS2_PLACEMENT_3D('',#8961,#8962,#8963);
#8961 = CARTESIAN_POINT('',(4.785E+03,-435.,300.));
#8962 = DIRECTION('',(0.,0.,1.));
#8963 = DIRECTION('',(1.,0.,0.));
#8964 = ORIENTED_EDGE('',*,*,#8950,.T.);
#8965 = CYLINDRICAL_SURFACE('',#8966,60.);
#8966 = AXIS2_PLACEMENT_3D('',#8967,#8968,#8969);
#8967 = CARTESIAN_POINT('',(4.785E+03,-435.,300.));
#8968 = DIRECTION('',(0.,0.,1.));
#8969 = DIRECTION('',(1.,0.,0.));
#8970 = ADVANCED_FACE('',(#8971),#8974,.T.);
#8971 = FACE_BOUND('',#8972,.T.);
#8972 = EDGE_LOOP('',(#8973));
#8973 = ORIENTED_EDGE('',*,*,#8941,.T.);
#8974 = PLANE('',#8975);
#8975 = AXIS2_PLACEMENT_3D('',#8976,#8977,#8978);
#8976 = CARTESIAN_POINT('',(4.785E+03,-435.,320.));
#8977 = DIRECTION('',(0.,0.,1.));
#8978 = DIRECTION('',(1.,0.,0.));
#8979 = ADVANCED_FACE('',(#8980),#8983,.F.);
#8980 = FACE_BOUND('',#8981,.T.);
#8981 = EDGE_LOOP('',(#8982));
#8982 = ORIENTED_EDGE('',*,*,#8958,.F.);
#8983 = PLANE('',#8984);
#8984 = AXIS2_PLACEMENT_3D('',#8985,#8986,#8987);
#8985 = CARTESIAN_POINT('',(4.785E+03,-435.,300.));
#8986 = DIRECTION('',(0.,0.,1.));
#8987 = DIRECTION('',(1.,0.,0.));
#8988 = MANIFOLD_SOLID_BREP('',#8989);
#8989 = CLOSED_SHELL('',(#8990,#9023,#9032));
#8990 = ADVANCED_FACE('',(#8991),#9018,.T.);
#8991 = FACE_BOUND('',#8992,.T.);
#8992 = EDGE_LOOP('',(#8993,#9002,#9010,#9017));
#8993 = ORIENTED_EDGE('',*,*,#8994,.F.);
#8994 = EDGE_CURVE('',#8995,#8995,#8997,.T.);
#8995 = VERTEX_POINT('',#8996);
#8996 = CARTESIAN_POINT('',(6.045E+03,-435.,320.));
#8997 = CIRCLE('',#8998,60.);
#8998 = AXIS2_PLACEMENT_3D('',#8999,#9000,#9001);
#8999 = CARTESIAN_POINT('',(5.985E+03,-435.,320.));
#9000 = DIRECTION('',(0.,0.,1.));
#9001 = DIRECTION('',(1.,0.,0.));
#9002 = ORIENTED_EDGE('',*,*,#9003,.F.);
#9003 = EDGE_CURVE('',#9004,#8995,#9006,.T.);
#9004 = VERTEX_POINT('',#9005);
#9005 = CARTESIAN_POINT('',(6.045E+03,-435.,300.));
#9006 = LINE('',#9007,#9008);
#9007 = CARTESIAN_POINT('',(6.045E+03,-435.,300.));
#9008 = VECTOR('',#9009,1.);
#9009 = DIRECTION('',(0.,0.,1.));
#9010 = ORIENTED_EDGE('',*,*,#9011,.T.);
#9011 = EDGE_CURVE('',#9004,#9004,#9012,.T.);
#9012 = CIRCLE('',#9013,60.);
#9013 = AXIS2_PLACEMENT_3D('',#9014,#9015,#9016);
#9014 = CARTESIAN_POINT('',(5.985E+03,-435.,300.));
#9015 = DIRECTION('',(0.,0.,1.));
#9016 = DIRECTION('',(1.,0.,0.));
#9017 = ORIENTED_EDGE('',*,*,#9003,.T.);
#9018 = CYLINDRICAL_SURFACE('',#9019,60.);
#9019 = AXIS2_PLACEMENT_3D('',#9020,#9021,#9022);
#9020 = CARTESIAN_POINT('',(5.985E+03,-435.,300.));
#9021 = DIRECTION('',(0.,0.,1.));
#9022 = DIRECTION('',(1.,0.,0.));
#9023 = ADVANCED_FACE('',(#9024),#9027,.T.);
#9024 = FACE_BOUND('',#9025,.T.);
#9025 = EDGE_LOOP('',(#9026));
#9026 = ORIENTED_EDGE('',*,*,#8994,.T.);
#9027 = PLANE('',#9028);
#9028 = AXIS2_PLACEMENT_3D('',#9029,#9030,#9031);
#9029 = CARTESIAN_POINT('',(5.985E+03,-435.,320.));
#9030 = DIRECTION('',(0.,0.,1.));
#9031 = DIRECTION('',(1.,0.,0.));
#9032 = ADVANCED_FACE('',(#9033),#9036,.F.);
#9033 = FACE_BOUND('',#9034,.T.);
#9034 = EDGE_LOOP('',(#9035));
#9035 = ORIENTED_EDGE('',*,*,#9011,.F.);
#9036 = PLANE('',#9037);
#9037 = AXIS2_PLACEMENT_3D('',#9038,#9039,#9040);
#9038 = CARTESIAN_POINT('',(5.985E+03,-435.,300.));
#9039 = DIRECTION('',(0.,0.,1.));
#9040 = DIRECTION('',(1.,0.,0.));
#9041 = MANIFOLD_SOLID_BREP('',#9042);
#9042 = CLOSED_SHELL('',(#9043,#9076,#9085));
#9043 = ADVANCED_FACE('',(#9044),#9071,.T.);
#9044 = FACE_BOUND('',#9045,.T.);
#9045 = EDGE_LOOP('',(#9046,#9055,#9063,#9070));
#9046 = ORIENTED_EDGE('',*,*,#9047,.F.);
#9047 = EDGE_CURVE('',#9048,#9048,#9050,.T.);
#9048 = VERTEX_POINT('',#9049);
#9049 = CARTESIAN_POINT('',(7.245E+03,-435.,320.));
#9050 = CIRCLE('',#9051,60.);
#9051 = AXIS2_PLACEMENT_3D('',#9052,#9053,#9054);
#9052 = CARTESIAN_POINT('',(7.185E+03,-435.,320.));
#9053 = DIRECTION('',(0.,0.,1.));
#9054 = DIRECTION('',(1.,0.,0.));
#9055 = ORIENTED_EDGE('',*,*,#9056,.F.);
#9056 = EDGE_CURVE('',#9057,#9048,#9059,.T.);
#9057 = VERTEX_POINT('',#9058);
#9058 = CARTESIAN_POINT('',(7.245E+03,-435.,300.));
#9059 = LINE('',#9060,#9061);
#9060 = CARTESIAN_POINT('',(7.245E+03,-435.,300.));
#9061 = VECTOR('',#9062,1.);
#9062 = DIRECTION('',(0.,0.,1.));
#9063 = ORIENTED_EDGE('',*,*,#9064,.T.);
#9064 = EDGE_CURVE('',#9057,#9057,#9065,.T.);
#9065 = CIRCLE('',#9066,60.);
#9066 = AXIS2_PLACEMENT_3D('',#9067,#9068,#9069);
#9067 = CARTESIAN_POINT('',(7.185E+03,-435.,300.));
#9068 = DIRECTION('',(0.,0.,1.));
#9069 = DIRECTION('',(1.,0.,0.));
#9070 = ORIENTED_EDGE('',*,*,#9056,.T.);
#9071 = CYLINDRICAL_SURFACE('',#9072,60.);
#9072 = AXIS2_PLACEMENT_3D('',#9073,#9074,#9075);
#9073 = CARTESIAN_POINT('',(7.185E+03,-435.,300.));
#9074 = DIRECTION('',(0.,0.,1.));
#9075 = DIRECTION('',(1.,0.,0.));
#9076 = ADVANCED_FACE('',(#9077),#9080,.T.);
#9077 = FACE_BOUND('',#9078,.T.);
#9078 = EDGE_LOOP('',(#9079));
#9079 = ORIENTED_EDGE('',*,*,#9047,.T.);
#9080 = PLANE('',#9081);
#9081 = AXIS2_PLACEMENT_3D('',#9082,#9083,#9084);
#9082 = CARTESIAN_POINT('',(7.185E+03,-435.,320.));
#9083 = DIRECTION('',(0.,0.,1.));
#9084 = DIRECTION('',(1.,0.,0.));
#9085 = ADVANCED_FACE('',(#9086),#9089,.F.);
#9086 = FACE_BOUND('',#9087,.T.);
#9087 = EDGE_LOOP('',(#9088));
#9088 = ORIENTED_EDGE('',*,*,#9064,.F.);
#9089 = PLANE('',#9090);
#9090 = AXIS2_PLACEMENT_3D('',#9091,#9092,#9093);
#9091 = CARTESIAN_POINT('',(7.185E+03,-435.,300.));
#9092 = DIRECTION('',(0.,0.,1.));
#9093 = DIRECTION('',(1.,0.,0.));
#9094 = MANIFOLD_SOLID_BREP('',#9095);
#9095 = CLOSED_SHELL('',(#9096,#9129,#9138));
#9096 = ADVANCED_FACE('',(#9097),#9124,.T.);
#9097 = FACE_BOUND('',#9098,.T.);
#9098 = EDGE_LOOP('',(#9099,#9108,#9116,#9123));
#9099 = ORIENTED_EDGE('',*,*,#9100,.F.);
#9100 = EDGE_CURVE('',#9101,#9101,#9103,.T.);
#9101 = VERTEX_POINT('',#9102);
#9102 = CARTESIAN_POINT('',(8.445E+03,-435.,320.));
#9103 = CIRCLE('',#9104,60.);
#9104 = AXIS2_PLACEMENT_3D('',#9105,#9106,#9107);
#9105 = CARTESIAN_POINT('',(8.385E+03,-435.,320.));
#9106 = DIRECTION('',(0.,0.,1.));
#9107 = DIRECTION('',(1.,0.,0.));
#9108 = ORIENTED_EDGE('',*,*,#9109,.F.);
#9109 = EDGE_CURVE('',#9110,#9101,#9112,.T.);
#9110 = VERTEX_POINT('',#9111);
#9111 = CARTESIAN_POINT('',(8.445E+03,-435.,300.));
#9112 = LINE('',#9113,#9114);
#9113 = CARTESIAN_POINT('',(8.445E+03,-435.,300.));
#9114 = VECTOR('',#9115,1.);
#9115 = DIRECTION('',(0.,0.,1.));
#9116 = ORIENTED_EDGE('',*,*,#9117,.T.);
#9117 = EDGE_CURVE('',#9110,#9110,#9118,.T.);
#9118 = CIRCLE('',#9119,60.);
#9119 = AXIS2_PLACEMENT_3D('',#9120,#9121,#9122);
#9120 = CARTESIAN_POINT('',(8.385E+03,-435.,300.));
#9121 = DIRECTION('',(0.,0.,1.));
#9122 = DIRECTION('',(1.,0.,0.));
#9123 = ORIENTED_EDGE('',*,*,#9109,.T.);
#9124 = CYLINDRICAL_SURFACE('',#9125,60.);
#9125 = AXIS2_PLACEMENT_3D('',#9126,#9127,#9128);
#9126 = CARTESIAN_POINT('',(8.385E+03,-435.,300.));
#9127 = DIRECTION('',(0.,0.,1.));
#9128 = DIRECTION('',(1.,0.,0.));
#9129 = ADVANCED_FACE('',(#9130),#9133,.T.);
#9130 = FACE_BOUND('',#9131,.T.);
#9131 = EDGE_LOOP('',(#9132));
#9132 = ORIENTED_EDGE('',*,*,#9100,.T.);
#9133 = PLANE('',#9134);
#9134 = AXIS2_PLACEMENT_3D('',#9135,#9136,#9137);
#9135 = CARTESIAN_POINT('',(8.385E+03,-435.,320.));
#9136 = DIRECTION('',(0.,0.,1.));
#9137 = DIRECTION('',(1.,0.,0.));
#9138 = ADVANCED_FACE('',(#9139),#9142,.F.);
#9139 = FACE_BOUND('',#9140,.T.);
#9140 = EDGE_LOOP('',(#9141));
#9141 = ORIENTED_EDGE('',*,*,#9117,.F.);
#9142 = PLANE('',#9143);
#9143 = AXIS2_PLACEMENT_3D('',#9144,#9145,#9146);
#9144 = CARTESIAN_POINT('',(8.385E+03,-435.,300.));
#9145 = DIRECTION('',(0.,0.,1.));
#9146 = DIRECTION('',(1.,0.,0.));
#9147 = MANIFOLD_SOLID_BREP('',#9148);
#9148 = CLOSED_SHELL('',(#9149,#9189,#9229,#9251,#9273,#9285));
#9149 = ADVANCED_FACE('',(#9150),#9184,.F.);
#9150 = FACE_BOUND('',#9151,.F.);
#9151 = EDGE_LOOP('',(#9152,#9162,#9170,#9178));
#9152 = ORIENTED_EDGE('',*,*,#9153,.F.);
#9153 = EDGE_CURVE('',#9154,#9156,#9158,.T.);
#9154 = VERTEX_POINT('',#9155);
#9155 = CARTESIAN_POINT('',(9.274E+03,-1.545E+03,300.));
#9156 = VERTEX_POINT('',#9157);
#9157 = CARTESIAN_POINT('',(9.274E+03,-1.545E+03,320.));
#9158 = LINE('',#9159,#9160);
#9159 = CARTESIAN_POINT('',(9.274E+03,-1.545E+03,300.));
#9160 = VECTOR('',#9161,1.);
#9161 = DIRECTION('',(0.,0.,1.));
#9162 = ORIENTED_EDGE('',*,*,#9163,.T.);
#9163 = EDGE_CURVE('',#9154,#9164,#9166,.T.);
#9164 = VERTEX_POINT('',#9165);
#9165 = CARTESIAN_POINT('',(9.274E+03,-1.425E+03,300.));
#9166 = LINE('',#9167,#9168);
#9167 = CARTESIAN_POINT('',(9.274E+03,-1.545E+03,300.));
#9168 = VECTOR('',#9169,1.);
#9169 = DIRECTION('',(0.,1.,0.));
#9170 = ORIENTED_EDGE('',*,*,#9171,.T.);
#9171 = EDGE_CURVE('',#9164,#9172,#9174,.T.);
#9172 = VERTEX_POINT('',#9173);
#9173 = CARTESIAN_POINT('',(9.274E+03,-1.425E+03,320.));
#9174 = LINE('',#9175,#9176);
#9175 = CARTESIAN_POINT('',(9.274E+03,-1.425E+03,300.));
#9176 = VECTOR('',#9177,1.);
#9177 = DIRECTION('',(0.,0.,1.));
#9178 = ORIENTED_EDGE('',*,*,#9179,.F.);
#9179 = EDGE_CURVE('',#9156,#9172,#9180,.T.);
#9180 = LINE('',#9181,#9182);
#9181 = CARTESIAN_POINT('',(9.274E+03,-1.545E+03,320.));
#9182 = VECTOR('',#9183,1.);
#9183 = DIRECTION('',(0.,1.,0.));
#9184 = PLANE('',#9185);
#9185 = AXIS2_PLACEMENT_3D('',#9186,#9187,#9188);
#9186 = CARTESIAN_POINT('',(9.274E+03,-1.545E+03,300.));
#9187 = DIRECTION('',(1.,0.,0.));
#9188 = DIRECTION('',(0.,0.,1.));
#9189 = ADVANCED_FACE('',(#9190),#9224,.T.);
#9190 = FACE_BOUND('',#9191,.T.);
#9191 = EDGE_LOOP('',(#9192,#9202,#9210,#9218));
#9192 = ORIENTED_EDGE('',*,*,#9193,.F.);
#9193 = EDGE_CURVE('',#9194,#9196,#9198,.T.);
#9194 = VERTEX_POINT('',#9195);
#9195 = CARTESIAN_POINT('',(9.394E+03,-1.545E+03,300.));
#9196 = VERTEX_POINT('',#9197);
#9197 = CARTESIAN_POINT('',(9.394E+03,-1.545E+03,320.));
#9198 = LINE('',#9199,#9200);
#9199 = CARTESIAN_POINT('',(9.394E+03,-1.545E+03,300.));
#9200 = VECTOR('',#9201,1.);
#9201 = DIRECTION('',(0.,0.,1.));
#9202 = ORIENTED_EDGE('',*,*,#9203,.T.);
#9203 = EDGE_CURVE('',#9194,#9204,#9206,.T.);
#9204 = VERTEX_POINT('',#9205);
#9205 = CARTESIAN_POINT('',(9.394E+03,-1.425E+03,300.));
#9206 = LINE('',#9207,#9208);
#9207 = CARTESIAN_POINT('',(9.394E+03,-1.545E+03,300.));
#9208 = VECTOR('',#9209,1.);
#9209 = DIRECTION('',(0.,1.,0.));
#9210 = ORIENTED_EDGE('',*,*,#9211,.T.);
#9211 = EDGE_CURVE('',#9204,#9212,#9214,.T.);
#9212 = VERTEX_POINT('',#9213);
#9213 = CARTESIAN_POINT('',(9.394E+03,-1.425E+03,320.));
#9214 = LINE('',#9215,#9216);
#9215 = CARTESIAN_POINT('',(9.394E+03,-1.425E+03,300.));
#9216 = VECTOR('',#9217,1.);
#9217 = DIRECTION('',(0.,0.,1.));
#9218 = ORIENTED_EDGE('',*,*,#9219,.F.);
#9219 = EDGE_CURVE('',#9196,#9212,#9220,.T.);
#9220 = LINE('',#9221,#9222);
#9221 = CARTESIAN_POINT('',(9.394E+03,-1.545E+03,320.));
#9222 = VECTOR('',#9223,1.);
#9223 = DIRECTION('',(0.,1.,0.));
#9224 = PLANE('',#9225);
#9225 = AXIS2_PLACEMENT_3D('',#9226,#9227,#9228);
#9226 = CARTESIAN_POINT('',(9.394E+03,-1.545E+03,300.));
#9227 = DIRECTION('',(1.,0.,0.));
#9228 = DIRECTION('',(0.,0.,1.));
#9229 = ADVANCED_FACE('',(#9230),#9246,.F.);
#9230 = FACE_BOUND('',#9231,.F.);
#9231 = EDGE_LOOP('',(#9232,#9238,#9239,#9245));
#9232 = ORIENTED_EDGE('',*,*,#9233,.F.);
#9233 = EDGE_CURVE('',#9154,#9194,#9234,.T.);
#9234 = LINE('',#9235,#9236);
#9235 = CARTESIAN_POINT('',(9.274E+03,-1.545E+03,300.));
#9236 = VECTOR('',#9237,1.);
#9237 = DIRECTION('',(1.,0.,0.));
#9238 = ORIENTED_EDGE('',*,*,#9153,.T.);
#9239 = ORIENTED_EDGE('',*,*,#9240,.T.);
#9240 = EDGE_CURVE('',#9156,#9196,#9241,.T.);
#9241 = LINE('',#9242,#9243);
#9242 = CARTESIAN_POINT('',(9.274E+03,-1.545E+03,320.));
#9243 = VECTOR('',#9244,1.);
#9244 = DIRECTION('',(1.,0.,0.));
#9245 = ORIENTED_EDGE('',*,*,#9193,.F.);
#9246 = PLANE('',#9247);
#9247 = AXIS2_PLACEMENT_3D('',#9248,#9249,#9250);
#9248 = CARTESIAN_POINT('',(9.274E+03,-1.545E+03,300.));
#9249 = DIRECTION('',(0.,1.,0.));
#9250 = DIRECTION('',(0.,0.,1.));
#9251 = ADVANCED_FACE('',(#9252),#9268,.T.);
#9252 = FACE_BOUND('',#9253,.T.);
#9253 = EDGE_LOOP('',(#9254,#9260,#9261,#9267));
#9254 = ORIENTED_EDGE('',*,*,#9255,.F.);
#9255 = EDGE_CURVE('',#9164,#9204,#9256,.T.);
#9256 = LINE('',#9257,#9258);
#9257 = CARTESIAN_POINT('',(9.274E+03,-1.425E+03,300.));
#9258 = VECTOR('',#9259,1.);
#9259 = DIRECTION('',(1.,0.,0.));
#9260 = ORIENTED_EDGE('',*,*,#9171,.T.);
#9261 = ORIENTED_EDGE('',*,*,#9262,.T.);
#9262 = EDGE_CURVE('',#9172,#9212,#9263,.T.);
#9263 = LINE('',#9264,#9265);
#9264 = CARTESIAN_POINT('',(9.274E+03,-1.425E+03,320.));
#9265 = VECTOR('',#9266,1.);
#9266 = DIRECTION('',(1.,0.,0.));
#9267 = ORIENTED_EDGE('',*,*,#9211,.F.);
#9268 = PLANE('',#9269);
#9269 = AXIS2_PLACEMENT_3D('',#9270,#9271,#9272);
#9270 = CARTESIAN_POINT('',(9.274E+03,-1.425E+03,300.));
#9271 = DIRECTION('',(0.,1.,0.));
#9272 = DIRECTION('',(0.,0.,1.));
#9273 = ADVANCED_FACE('',(#9274),#9280,.F.);
#9274 = FACE_BOUND('',#9275,.F.);
#9275 = EDGE_LOOP('',(#9276,#9277,#9278,#9279));
#9276 = ORIENTED_EDGE('',*,*,#9163,.F.);
#9277 = ORIENTED_EDGE('',*,*,#9233,.T.);
#9278 = ORIENTED_EDGE('',*,*,#9203,.T.);
#9279 = ORIENTED_EDGE('',*,*,#9255,.F.);
#9280 = PLANE('',#9281);
#9281 = AXIS2_PLACEMENT_3D('',#9282,#9283,#9284);
#9282 = CARTESIAN_POINT('',(9.274E+03,-1.545E+03,300.));
#9283 = DIRECTION('',(0.,0.,1.));
#9284 = DIRECTION('',(1.,0.,0.));
#9285 = ADVANCED_FACE('',(#9286),#9292,.T.);
#9286 = FACE_BOUND('',#9287,.T.);
#9287 = EDGE_LOOP('',(#9288,#9289,#9290,#9291));
#9288 = ORIENTED_EDGE('',*,*,#9179,.F.);
#9289 = ORIENTED_EDGE('',*,*,#9240,.T.);
#9290 = ORIENTED_EDGE('',*,*,#9219,.T.);
#9291 = ORIENTED_EDGE('',*,*,#9262,.F.);
#9292 = PLANE('',#9293);
#9293 = AXIS2_PLACEMENT_3D('',#9294,#9295,#9296);
#9294 = CARTESIAN_POINT('',(9.274E+03,-1.545E+03,320.));
#9295 = DIRECTION('',(0.,0.,1.));
#9296 = DIRECTION('',(1.,0.,0.));
#9297 = MANIFOLD_SOLID_BREP('',#9298);
#9298 = CLOSED_SHELL('',(#9299,#9325));
#9299 = ADVANCED_FACE('',(#9300),#9320,.T.);
#9300 = FACE_BOUND('',#9301,.T.);
#9301 = EDGE_LOOP('',(#9302,#9311,#9319));
#9302 = ORIENTED_EDGE('',*,*,#9303,.F.);
#9303 = EDGE_CURVE('',#9304,#9304,#9306,.T.);
#9304 = VERTEX_POINT('',#9305);
#9305 = CARTESIAN_POINT('',(4.145E+03,-535.,2.48E+03));
#9306 = CIRCLE('',#9307,90.);
#9307 = AXIS2_PLACEMENT_3D('',#9308,#9309,#9310);
#9308 = CARTESIAN_POINT('',(4.235E+03,-535.,2.48E+03));
#9309 = DIRECTION('',(0.,0.,-1.));
#9310 = DIRECTION('',(-1.,0.,0.));
#9311 = ORIENTED_EDGE('',*,*,#9312,.F.);
#9312 = EDGE_CURVE('',#9313,#9304,#9315,.T.);
#9313 = VERTEX_POINT('',#9314);
#9314 = CARTESIAN_POINT('',(4.235E+03,-535.,2.6E+03));
#9315 = LINE('',#9316,#9317);
#9316 = CARTESIAN_POINT('',(4.235E+03,-535.,2.6E+03));
#9317 = VECTOR('',#9318,1.);
#9318 = DIRECTION('',(-0.6,-1.5E-16,-0.8));
#9319 = ORIENTED_EDGE('',*,*,#9312,.T.);
#9320 = CONICAL_SURFACE('',#9321,0.,0.643501108793);
#9321 = AXIS2_PLACEMENT_3D('',#9322,#9323,#9324);
#9322 = CARTESIAN_POINT('',(4.235E+03,-535.,2.6E+03));
#9323 = DIRECTION('',(0.,0.,-1.));
#9324 = DIRECTION('',(-1.,0.,0.));
#9325 = ADVANCED_FACE('',(#9326),#9329,.T.);
#9326 = FACE_BOUND('',#9327,.T.);
#9327 = EDGE_LOOP('',(#9328));
#9328 = ORIENTED_EDGE('',*,*,#9303,.T.);
#9329 = PLANE('',#9330);
#9330 = AXIS2_PLACEMENT_3D('',#9331,#9332,#9333);
#9331 = CARTESIAN_POINT('',(4.235E+03,-535.,2.48E+03));
#9332 = DIRECTION('',(0.,0.,-1.));
#9333 = DIRECTION('',(-1.,0.,0.));
#9334 = MANIFOLD_SOLID_BREP('',#9335);
#9335 = CLOSED_SHELL('',(#9336,#9376,#9416,#9438,#9460,#9472));
#9336 = ADVANCED_FACE('',(#9337),#9371,.F.);
#9337 = FACE_BOUND('',#9338,.F.);
#9338 = EDGE_LOOP('',(#9339,#9349,#9357,#9365));
#9339 = ORIENTED_EDGE('',*,*,#9340,.F.);
#9340 = EDGE_CURVE('',#9341,#9343,#9345,.T.);
#9341 = VERTEX_POINT('',#9342);
#9342 = CARTESIAN_POINT('',(9.424E+03,-1.845E+03,1.1E+03));
#9343 = VERTEX_POINT('',#9344);
#9344 = CARTESIAN_POINT('',(9.424E+03,-1.845E+03,1.35E+03));
#9345 = LINE('',#9346,#9347);
#9346 = CARTESIAN_POINT('',(9.424E+03,-1.845E+03,1.1E+03));
#9347 = VECTOR('',#9348,1.);
#9348 = DIRECTION('',(0.,0.,1.));
#9349 = ORIENTED_EDGE('',*,*,#9350,.T.);
#9350 = EDGE_CURVE('',#9341,#9351,#9353,.T.);
#9351 = VERTEX_POINT('',#9352);
#9352 = CARTESIAN_POINT('',(9.424E+03,-1.725E+03,1.1E+03));
#9353 = LINE('',#9354,#9355);
#9354 = CARTESIAN_POINT('',(9.424E+03,-1.845E+03,1.1E+03));
#9355 = VECTOR('',#9356,1.);
#9356 = DIRECTION('',(0.,1.,0.));
#9357 = ORIENTED_EDGE('',*,*,#9358,.T.);
#9358 = EDGE_CURVE('',#9351,#9359,#9361,.T.);
#9359 = VERTEX_POINT('',#9360);
#9360 = CARTESIAN_POINT('',(9.424E+03,-1.725E+03,1.35E+03));
#9361 = LINE('',#9362,#9363);
#9362 = CARTESIAN_POINT('',(9.424E+03,-1.725E+03,1.1E+03));
#9363 = VECTOR('',#9364,1.);
#9364 = DIRECTION('',(0.,0.,1.));
#9365 = ORIENTED_EDGE('',*,*,#9366,.F.);
#9366 = EDGE_CURVE('',#9343,#9359,#9367,.T.);
#9367 = LINE('',#9368,#9369);
#9368 = CARTESIAN_POINT('',(9.424E+03,-1.845E+03,1.35E+03));
#9369 = VECTOR('',#9370,1.);
#9370 = DIRECTION('',(0.,1.,0.));
#9371 = PLANE('',#9372);
#9372 = AXIS2_PLACEMENT_3D('',#9373,#9374,#9375);
#9373 = CARTESIAN_POINT('',(9.424E+03,-1.845E+03,1.1E+03));
#9374 = DIRECTION('',(1.,0.,0.));
#9375 = DIRECTION('',(0.,0.,1.));
#9376 = ADVANCED_FACE('',(#9377),#9411,.T.);
#9377 = FACE_BOUND('',#9378,.T.);
#9378 = EDGE_LOOP('',(#9379,#9389,#9397,#9405));
#9379 = ORIENTED_EDGE('',*,*,#9380,.F.);
#9380 = EDGE_CURVE('',#9381,#9383,#9385,.T.);
#9381 = VERTEX_POINT('',#9382);
#9382 = CARTESIAN_POINT('',(9.544E+03,-1.845E+03,1.1E+03));
#9383 = VERTEX_POINT('',#9384);
#9384 = CARTESIAN_POINT('',(9.544E+03,-1.845E+03,1.35E+03));
#9385 = LINE('',#9386,#9387);
#9386 = CARTESIAN_POINT('',(9.544E+03,-1.845E+03,1.1E+03));
#9387 = VECTOR('',#9388,1.);
#9388 = DIRECTION('',(0.,0.,1.));
#9389 = ORIENTED_EDGE('',*,*,#9390,.T.);
#9390 = EDGE_CURVE('',#9381,#9391,#9393,.T.);
#9391 = VERTEX_POINT('',#9392);
#9392 = CARTESIAN_POINT('',(9.544E+03,-1.725E+03,1.1E+03));
#9393 = LINE('',#9394,#9395);
#9394 = CARTESIAN_POINT('',(9.544E+03,-1.845E+03,1.1E+03));
#9395 = VECTOR('',#9396,1.);
#9396 = DIRECTION('',(0.,1.,0.));
#9397 = ORIENTED_EDGE('',*,*,#9398,.T.);
#9398 = EDGE_CURVE('',#9391,#9399,#9401,.T.);
#9399 = VERTEX_POINT('',#9400);
#9400 = CARTESIAN_POINT('',(9.544E+03,-1.725E+03,1.35E+03));
#9401 = LINE('',#9402,#9403);
#9402 = CARTESIAN_POINT('',(9.544E+03,-1.725E+03,1.1E+03));
#9403 = VECTOR('',#9404,1.);
#9404 = DIRECTION('',(0.,0.,1.));
#9405 = ORIENTED_EDGE('',*,*,#9406,.F.);
#9406 = EDGE_CURVE('',#9383,#9399,#9407,.T.);
#9407 = LINE('',#9408,#9409);
#9408 = CARTESIAN_POINT('',(9.544E+03,-1.845E+03,1.35E+03));
#9409 = VECTOR('',#9410,1.);
#9410 = DIRECTION('',(0.,1.,0.));
#9411 = PLANE('',#9412);
#9412 = AXIS2_PLACEMENT_3D('',#9413,#9414,#9415);
#9413 = CARTESIAN_POINT('',(9.544E+03,-1.845E+03,1.1E+03));
#9414 = DIRECTION('',(1.,0.,0.));
#9415 = DIRECTION('',(0.,0.,1.));
#9416 = ADVANCED_FACE('',(#9417),#9433,.F.);
#9417 = FACE_BOUND('',#9418,.F.);
#9418 = EDGE_LOOP('',(#9419,#9425,#9426,#9432));
#9419 = ORIENTED_EDGE('',*,*,#9420,.F.);
#9420 = EDGE_CURVE('',#9341,#9381,#9421,.T.);
#9421 = LINE('',#9422,#9423);
#9422 = CARTESIAN_POINT('',(9.424E+03,-1.845E+03,1.1E+03));
#9423 = VECTOR('',#9424,1.);
#9424 = DIRECTION('',(1.,0.,0.));
#9425 = ORIENTED_EDGE('',*,*,#9340,.T.);
#9426 = ORIENTED_EDGE('',*,*,#9427,.T.);
#9427 = EDGE_CURVE('',#9343,#9383,#9428,.T.);
#9428 = LINE('',#9429,#9430);
#9429 = CARTESIAN_POINT('',(9.424E+03,-1.845E+03,1.35E+03));
#9430 = VECTOR('',#9431,1.);
#9431 = DIRECTION('',(1.,0.,0.));
#9432 = ORIENTED_EDGE('',*,*,#9380,.F.);
#9433 = PLANE('',#9434);
#9434 = AXIS2_PLACEMENT_3D('',#9435,#9436,#9437);
#9435 = CARTESIAN_POINT('',(9.424E+03,-1.845E+03,1.1E+03));
#9436 = DIRECTION('',(0.,1.,0.));
#9437 = DIRECTION('',(0.,0.,1.));
#9438 = ADVANCED_FACE('',(#9439),#9455,.T.);
#9439 = FACE_BOUND('',#9440,.T.);
#9440 = EDGE_LOOP('',(#9441,#9447,#9448,#9454));
#9441 = ORIENTED_EDGE('',*,*,#9442,.F.);
#9442 = EDGE_CURVE('',#9351,#9391,#9443,.T.);
#9443 = LINE('',#9444,#9445);
#9444 = CARTESIAN_POINT('',(9.424E+03,-1.725E+03,1.1E+03));
#9445 = VECTOR('',#9446,1.);
#9446 = DIRECTION('',(1.,0.,0.));
#9447 = ORIENTED_EDGE('',*,*,#9358,.T.);
#9448 = ORIENTED_EDGE('',*,*,#9449,.T.);
#9449 = EDGE_CURVE('',#9359,#9399,#9450,.T.);
#9450 = LINE('',#9451,#9452);
#9451 = CARTESIAN_POINT('',(9.424E+03,-1.725E+03,1.35E+03));
#9452 = VECTOR('',#9453,1.);
#9453 = DIRECTION('',(1.,0.,0.));
#9454 = ORIENTED_EDGE('',*,*,#9398,.F.);
#9455 = PLANE('',#9456);
#9456 = AXIS2_PLACEMENT_3D('',#9457,#9458,#9459);
#9457 = CARTESIAN_POINT('',(9.424E+03,-1.725E+03,1.1E+03));
#9458 = DIRECTION('',(0.,1.,0.));
#9459 = DIRECTION('',(0.,0.,1.));
#9460 = ADVANCED_FACE('',(#9461),#9467,.F.);
#9461 = FACE_BOUND('',#9462,.F.);
#9462 = EDGE_LOOP('',(#9463,#9464,#9465,#9466));
#9463 = ORIENTED_EDGE('',*,*,#9350,.F.);
#9464 = ORIENTED_EDGE('',*,*,#9420,.T.);
#9465 = ORIENTED_EDGE('',*,*,#9390,.T.);
#9466 = ORIENTED_EDGE('',*,*,#9442,.F.);
#9467 = PLANE('',#9468);
#9468 = AXIS2_PLACEMENT_3D('',#9469,#9470,#9471);
#9469 = CARTESIAN_POINT('',(9.424E+03,-1.845E+03,1.1E+03));
#9470 = DIRECTION('',(0.,0.,1.));
#9471 = DIRECTION('',(1.,0.,0.));
#9472 = ADVANCED_FACE('',(#9473),#9479,.T.);
#9473 = FACE_BOUND('',#9474,.T.);
#9474 = EDGE_LOOP('',(#9475,#9476,#9477,#9478));
#9475 = ORIENTED_EDGE('',*,*,#9366,.F.);
#9476 = ORIENTED_EDGE('',*,*,#9427,.T.);
#9477 = ORIENTED_EDGE('',*,*,#9406,.T.);
#9478 = ORIENTED_EDGE('',*,*,#9449,.F.);
#9479 = PLANE('',#9480);
#9480 = AXIS2_PLACEMENT_3D('',#9481,#9482,#9483);
#9481 = CARTESIAN_POINT('',(9.424E+03,-1.845E+03,1.35E+03));
#9482 = DIRECTION('',(0.,0.,1.));
#9483 = DIRECTION('',(1.,0.,0.));
#9484 = MANIFOLD_SOLID_BREP('',#9485);
#9485 = CLOSED_SHELL('',(#9486,#9526,#9566,#9588,#9610,#9622));
#9486 = ADVANCED_FACE('',(#9487),#9521,.F.);
#9487 = FACE_BOUND('',#9488,.F.);
#9488 = EDGE_LOOP('',(#9489,#9499,#9507,#9515));
#9489 = ORIENTED_EDGE('',*,*,#9490,.F.);
#9490 = EDGE_CURVE('',#9491,#9493,#9495,.T.);
#9491 = VERTEX_POINT('',#9492);
#9492 = CARTESIAN_POINT('',(-96.,4.522E+03,2.2E+03));
#9493 = VERTEX_POINT('',#9494);
#9494 = CARTESIAN_POINT('',(-96.,4.522E+03,2.5E+03));
#9495 = LINE('',#9496,#9497);
#9496 = CARTESIAN_POINT('',(-96.,4.522E+03,2.2E+03));
#9497 = VECTOR('',#9498,1.);
#9498 = DIRECTION('',(0.,0.,1.));
#9499 = ORIENTED_EDGE('',*,*,#9500,.T.);
#9500 = EDGE_CURVE('',#9491,#9501,#9503,.T.);
#9501 = VERTEX_POINT('',#9502);
#9502 = CARTESIAN_POINT('',(-96.,4.772E+03,2.2E+03));
#9503 = LINE('',#9504,#9505);
#9504 = CARTESIAN_POINT('',(-96.,4.522E+03,2.2E+03));
#9505 = VECTOR('',#9506,1.);
#9506 = DIRECTION('',(0.,1.,0.));
#9507 = ORIENTED_EDGE('',*,*,#9508,.T.);
#9508 = EDGE_CURVE('',#9501,#9509,#9511,.T.);
#9509 = VERTEX_POINT('',#9510);
#9510 = CARTESIAN_POINT('',(-96.,4.772E+03,2.5E+03));
#9511 = LINE('',#9512,#9513);
#9512 = CARTESIAN_POINT('',(-96.,4.772E+03,2.2E+03));
#9513 = VECTOR('',#9514,1.);
#9514 = DIRECTION('',(0.,0.,1.));
#9515 = ORIENTED_EDGE('',*,*,#9516,.F.);
#9516 = EDGE_CURVE('',#9493,#9509,#9517,.T.);
#9517 = LINE('',#9518,#9519);
#9518 = CARTESIAN_POINT('',(-96.,4.522E+03,2.5E+03));
#9519 = VECTOR('',#9520,1.);
#9520 = DIRECTION('',(0.,1.,0.));
#9521 = PLANE('',#9522);
#9522 = AXIS2_PLACEMENT_3D('',#9523,#9524,#9525);
#9523 = CARTESIAN_POINT('',(-96.,4.522E+03,2.2E+03));
#9524 = DIRECTION('',(1.,0.,0.));
#9525 = DIRECTION('',(0.,0.,1.));
#9526 = ADVANCED_FACE('',(#9527),#9561,.T.);
#9527 = FACE_BOUND('',#9528,.T.);
#9528 = EDGE_LOOP('',(#9529,#9539,#9547,#9555));
#9529 = ORIENTED_EDGE('',*,*,#9530,.F.);
#9530 = EDGE_CURVE('',#9531,#9533,#9535,.T.);
#9531 = VERTEX_POINT('',#9532);
#9532 = CARTESIAN_POINT('',(804.,4.522E+03,2.2E+03));
#9533 = VERTEX_POINT('',#9534);
#9534 = CARTESIAN_POINT('',(804.,4.522E+03,2.5E+03));
#9535 = LINE('',#9536,#9537);
#9536 = CARTESIAN_POINT('',(804.,4.522E+03,2.2E+03));
#9537 = VECTOR('',#9538,1.);
#9538 = DIRECTION('',(0.,0.,1.));
#9539 = ORIENTED_EDGE('',*,*,#9540,.T.);
#9540 = EDGE_CURVE('',#9531,#9541,#9543,.T.);
#9541 = VERTEX_POINT('',#9542);
#9542 = CARTESIAN_POINT('',(804.,4.772E+03,2.2E+03));
#9543 = LINE('',#9544,#9545);
#9544 = CARTESIAN_POINT('',(804.,4.522E+03,2.2E+03));
#9545 = VECTOR('',#9546,1.);
#9546 = DIRECTION('',(0.,1.,0.));
#9547 = ORIENTED_EDGE('',*,*,#9548,.T.);
#9548 = EDGE_CURVE('',#9541,#9549,#9551,.T.);
#9549 = VERTEX_POINT('',#9550);
#9550 = CARTESIAN_POINT('',(804.,4.772E+03,2.5E+03));
#9551 = LINE('',#9552,#9553);
#9552 = CARTESIAN_POINT('',(804.,4.772E+03,2.2E+03));
#9553 = VECTOR('',#9554,1.);
#9554 = DIRECTION('',(0.,0.,1.));
#9555 = ORIENTED_EDGE('',*,*,#9556,.F.);
#9556 = EDGE_CURVE('',#9533,#9549,#9557,.T.);
#9557 = LINE('',#9558,#9559);
#9558 = CARTESIAN_POINT('',(804.,4.522E+03,2.5E+03));
#9559 = VECTOR('',#9560,1.);
#9560 = DIRECTION('',(0.,1.,0.));
#9561 = PLANE('',#9562);
#9562 = AXIS2_PLACEMENT_3D('',#9563,#9564,#9565);
#9563 = CARTESIAN_POINT('',(804.,4.522E+03,2.2E+03));
#9564 = DIRECTION('',(1.,0.,0.));
#9565 = DIRECTION('',(0.,0.,1.));
#9566 = ADVANCED_FACE('',(#9567),#9583,.F.);
#9567 = FACE_BOUND('',#9568,.F.);
#9568 = EDGE_LOOP('',(#9569,#9575,#9576,#9582));
#9569 = ORIENTED_EDGE('',*,*,#9570,.F.);
#9570 = EDGE_CURVE('',#9491,#9531,#9571,.T.);
#9571 = LINE('',#9572,#9573);
#9572 = CARTESIAN_POINT('',(-96.,4.522E+03,2.2E+03));
#9573 = VECTOR('',#9574,1.);
#9574 = DIRECTION('',(1.,0.,0.));
#9575 = ORIENTED_EDGE('',*,*,#9490,.T.);
#9576 = ORIENTED_EDGE('',*,*,#9577,.T.);
#9577 = EDGE_CURVE('',#9493,#9533,#9578,.T.);
#9578 = LINE('',#9579,#9580);
#9579 = CARTESIAN_POINT('',(-96.,4.522E+03,2.5E+03));
#9580 = VECTOR('',#9581,1.);
#9581 = DIRECTION('',(1.,0.,0.));
#9582 = ORIENTED_EDGE('',*,*,#9530,.F.);
#9583 = PLANE('',#9584);
#9584 = AXIS2_PLACEMENT_3D('',#9585,#9586,#9587);
#9585 = CARTESIAN_POINT('',(-96.,4.522E+03,2.2E+03));
#9586 = DIRECTION('',(0.,1.,0.));
#9587 = DIRECTION('',(0.,0.,1.));
#9588 = ADVANCED_FACE('',(#9589),#9605,.T.);
#9589 = FACE_BOUND('',#9590,.T.);
#9590 = EDGE_LOOP('',(#9591,#9597,#9598,#9604));
#9591 = ORIENTED_EDGE('',*,*,#9592,.F.);
#9592 = EDGE_CURVE('',#9501,#9541,#9593,.T.);
#9593 = LINE('',#9594,#9595);
#9594 = CARTESIAN_POINT('',(-96.,4.772E+03,2.2E+03));
#9595 = VECTOR('',#9596,1.);
#9596 = DIRECTION('',(1.,0.,0.));
#9597 = ORIENTED_EDGE('',*,*,#9508,.T.);
#9598 = ORIENTED_EDGE('',*,*,#9599,.T.);
#9599 = EDGE_CURVE('',#9509,#9549,#9600,.T.);
#9600 = LINE('',#9601,#9602);
#9601 = CARTESIAN_POINT('',(-96.,4.772E+03,2.5E+03));
#9602 = VECTOR('',#9603,1.);
#9603 = DIRECTION('',(1.,0.,0.));
#9604 = ORIENTED_EDGE('',*,*,#9548,.F.);
#9605 = PLANE('',#9606);
#9606 = AXIS2_PLACEMENT_3D('',#9607,#9608,#9609);
#9607 = CARTESIAN_POINT('',(-96.,4.772E+03,2.2E+03));
#9608 = DIRECTION('',(0.,1.,0.));
#9609 = DIRECTION('',(0.,0.,1.));
#9610 = ADVANCED_FACE('',(#9611),#9617,.F.);
#9611 = FACE_BOUND('',#9612,.F.);
#9612 = EDGE_LOOP('',(#9613,#9614,#9615,#9616));
#9613 = ORIENTED_EDGE('',*,*,#9500,.F.);
#9614 = ORIENTED_EDGE('',*,*,#9570,.T.);
#9615 = ORIENTED_EDGE('',*,*,#9540,.T.);
#9616 = ORIENTED_EDGE('',*,*,#9592,.F.);
#9617 = PLANE('',#9618);
#9618 = AXIS2_PLACEMENT_3D('',#9619,#9620,#9621);
#9619 = CARTESIAN_POINT('',(-96.,4.522E+03,2.2E+03));
#9620 = DIRECTION('',(0.,0.,1.));
#9621 = DIRECTION('',(1.,0.,0.));
#9622 = ADVANCED_FACE('',(#9623),#9629,.T.);
#9623 = FACE_BOUND('',#9624,.T.);
#9624 = EDGE_LOOP('',(#9625,#9626,#9627,#9628));
#9625 = ORIENTED_EDGE('',*,*,#9516,.F.);
#9626 = ORIENTED_EDGE('',*,*,#9577,.T.);
#9627 = ORIENTED_EDGE('',*,*,#9556,.T.);
#9628 = ORIENTED_EDGE('',*,*,#9599,.F.);
#9629 = PLANE('',#9630);
#9630 = AXIS2_PLACEMENT_3D('',#9631,#9632,#9633);
#9631 = CARTESIAN_POINT('',(-96.,4.522E+03,2.5E+03));
#9632 = DIRECTION('',(0.,0.,1.));
#9633 = DIRECTION('',(1.,0.,0.));
#9634 = MANIFOLD_SOLID_BREP('',#9635);
#9635 = CLOSED_SHELL('',(#9636,#9676,#9716,#9738,#9760,#9772));
#9636 = ADVANCED_FACE('',(#9637),#9671,.F.);
#9637 = FACE_BOUND('',#9638,.F.);
#9638 = EDGE_LOOP('',(#9639,#9649,#9657,#9665));
#9639 = ORIENTED_EDGE('',*,*,#9640,.F.);
#9640 = EDGE_CURVE('',#9641,#9643,#9645,.T.);
#9641 = VERTEX_POINT('',#9642);
#9642 = CARTESIAN_POINT('',(-220.,5.175E+03,1.8E+03));
#9643 = VERTEX_POINT('',#9644);
#9644 = CARTESIAN_POINT('',(-220.,5.175E+03,2.35E+03));
#9645 = LINE('',#9646,#9647);
#9646 = CARTESIAN_POINT('',(-220.,5.175E+03,1.8E+03));
#9647 = VECTOR('',#9648,1.);
#9648 = DIRECTION('',(0.,0.,1.));
#9649 = ORIENTED_EDGE('',*,*,#9650,.T.);
#9650 = EDGE_CURVE('',#9641,#9651,#9653,.T.);
#9651 = VERTEX_POINT('',#9652);
#9652 = CARTESIAN_POINT('',(-220.,5.475E+03,1.8E+03));
#9653 = LINE('',#9654,#9655);
#9654 = CARTESIAN_POINT('',(-220.,5.175E+03,1.8E+03));
#9655 = VECTOR('',#9656,1.);
#9656 = DIRECTION('',(0.,1.,0.));
#9657 = ORIENTED_EDGE('',*,*,#9658,.T.);
#9658 = EDGE_CURVE('',#9651,#9659,#9661,.T.);
#9659 = VERTEX_POINT('',#9660);
#9660 = CARTESIAN_POINT('',(-220.,5.475E+03,2.35E+03));
#9661 = LINE('',#9662,#9663);
#9662 = CARTESIAN_POINT('',(-220.,5.475E+03,1.8E+03));
#9663 = VECTOR('',#9664,1.);
#9664 = DIRECTION('',(0.,0.,1.));
#9665 = ORIENTED_EDGE('',*,*,#9666,.F.);
#9666 = EDGE_CURVE('',#9643,#9659,#9667,.T.);
#9667 = LINE('',#9668,#9669);
#9668 = CARTESIAN_POINT('',(-220.,5.175E+03,2.35E+03));
#9669 = VECTOR('',#9670,1.);
#9670 = DIRECTION('',(0.,1.,0.));
#9671 = PLANE('',#9672);
#9672 = AXIS2_PLACEMENT_3D('',#9673,#9674,#9675);
#9673 = CARTESIAN_POINT('',(-220.,5.175E+03,1.8E+03));
#9674 = DIRECTION('',(1.,0.,0.));
#9675 = DIRECTION('',(0.,0.,1.));
#9676 = ADVANCED_FACE('',(#9677),#9711,.T.);
#9677 = FACE_BOUND('',#9678,.T.);
#9678 = EDGE_LOOP('',(#9679,#9689,#9697,#9705));
#9679 = ORIENTED_EDGE('',*,*,#9680,.F.);
#9680 = EDGE_CURVE('',#9681,#9683,#9685,.T.);
#9681 = VERTEX_POINT('',#9682);
#9682 = CARTESIAN_POINT('',(580.,5.175E+03,1.8E+03));
#9683 = VERTEX_POINT('',#9684);
#9684 = CARTESIAN_POINT('',(580.,5.175E+03,2.35E+03));
#9685 = LINE('',#9686,#9687);
#9686 = CARTESIAN_POINT('',(580.,5.175E+03,1.8E+03));
#9687 = VECTOR('',#9688,1.);
#9688 = DIRECTION('',(0.,0.,1.));
#9689 = ORIENTED_EDGE('',*,*,#9690,.T.);
#9690 = EDGE_CURVE('',#9681,#9691,#9693,.T.);
#9691 = VERTEX_POINT('',#9692);
#9692 = CARTESIAN_POINT('',(580.,5.475E+03,1.8E+03));
#9693 = LINE('',#9694,#9695);
#9694 = CARTESIAN_POINT('',(580.,5.175E+03,1.8E+03));
#9695 = VECTOR('',#9696,1.);
#9696 = DIRECTION('',(0.,1.,0.));
#9697 = ORIENTED_EDGE('',*,*,#9698,.T.);
#9698 = EDGE_CURVE('',#9691,#9699,#9701,.T.);
#9699 = VERTEX_POINT('',#9700);
#9700 = CARTESIAN_POINT('',(580.,5.475E+03,2.35E+03));
#9701 = LINE('',#9702,#9703);
#9702 = CARTESIAN_POINT('',(580.,5.475E+03,1.8E+03));
#9703 = VECTOR('',#9704,1.);
#9704 = DIRECTION('',(0.,0.,1.));
#9705 = ORIENTED_EDGE('',*,*,#9706,.F.);
#9706 = EDGE_CURVE('',#9683,#9699,#9707,.T.);
#9707 = LINE('',#9708,#9709);
#9708 = CARTESIAN_POINT('',(580.,5.175E+03,2.35E+03));
#9709 = VECTOR('',#9710,1.);
#9710 = DIRECTION('',(0.,1.,0.));
#9711 = PLANE('',#9712);
#9712 = AXIS2_PLACEMENT_3D('',#9713,#9714,#9715);
#9713 = CARTESIAN_POINT('',(580.,5.175E+03,1.8E+03));
#9714 = DIRECTION('',(1.,0.,0.));
#9715 = DIRECTION('',(0.,0.,1.));
#9716 = ADVANCED_FACE('',(#9717),#9733,.F.);
#9717 = FACE_BOUND('',#9718,.F.);
#9718 = EDGE_LOOP('',(#9719,#9725,#9726,#9732));
#9719 = ORIENTED_EDGE('',*,*,#9720,.F.);
#9720 = EDGE_CURVE('',#9641,#9681,#9721,.T.);
#9721 = LINE('',#9722,#9723);
#9722 = CARTESIAN_POINT('',(-220.,5.175E+03,1.8E+03));
#9723 = VECTOR('',#9724,1.);
#9724 = DIRECTION('',(1.,0.,0.));
#9725 = ORIENTED_EDGE('',*,*,#9640,.T.);
#9726 = ORIENTED_EDGE('',*,*,#9727,.T.);
#9727 = EDGE_CURVE('',#9643,#9683,#9728,.T.);
#9728 = LINE('',#9729,#9730);
#9729 = CARTESIAN_POINT('',(-220.,5.175E+03,2.35E+03));
#9730 = VECTOR('',#9731,1.);
#9731 = DIRECTION('',(1.,0.,0.));
#9732 = ORIENTED_EDGE('',*,*,#9680,.F.);
#9733 = PLANE('',#9734);
#9734 = AXIS2_PLACEMENT_3D('',#9735,#9736,#9737);
#9735 = CARTESIAN_POINT('',(-220.,5.175E+03,1.8E+03));
#9736 = DIRECTION('',(0.,1.,0.));
#9737 = DIRECTION('',(0.,0.,1.));
#9738 = ADVANCED_FACE('',(#9739),#9755,.T.);
#9739 = FACE_BOUND('',#9740,.T.);
#9740 = EDGE_LOOP('',(#9741,#9747,#9748,#9754));
#9741 = ORIENTED_EDGE('',*,*,#9742,.F.);
#9742 = EDGE_CURVE('',#9651,#9691,#9743,.T.);
#9743 = LINE('',#9744,#9745);
#9744 = CARTESIAN_POINT('',(-220.,5.475E+03,1.8E+03));
#9745 = VECTOR('',#9746,1.);
#9746 = DIRECTION('',(1.,0.,0.));
#9747 = ORIENTED_EDGE('',*,*,#9658,.T.);
#9748 = ORIENTED_EDGE('',*,*,#9749,.T.);
#9749 = EDGE_CURVE('',#9659,#9699,#9750,.T.);
#9750 = LINE('',#9751,#9752);
#9751 = CARTESIAN_POINT('',(-220.,5.475E+03,2.35E+03));
#9752 = VECTOR('',#9753,1.);
#9753 = DIRECTION('',(1.,0.,0.));
#9754 = ORIENTED_EDGE('',*,*,#9698,.F.);
#9755 = PLANE('',#9756);
#9756 = AXIS2_PLACEMENT_3D('',#9757,#9758,#9759);
#9757 = CARTESIAN_POINT('',(-220.,5.475E+03,1.8E+03));
#9758 = DIRECTION('',(0.,1.,0.));
#9759 = DIRECTION('',(0.,0.,1.));
#9760 = ADVANCED_FACE('',(#9761),#9767,.F.);
#9761 = FACE_BOUND('',#9762,.F.);
#9762 = EDGE_LOOP('',(#9763,#9764,#9765,#9766));
#9763 = ORIENTED_EDGE('',*,*,#9650,.F.);
#9764 = ORIENTED_EDGE('',*,*,#9720,.T.);
#9765 = ORIENTED_EDGE('',*,*,#9690,.T.);
#9766 = ORIENTED_EDGE('',*,*,#9742,.F.);
#9767 = PLANE('',#9768);
#9768 = AXIS2_PLACEMENT_3D('',#9769,#9770,#9771);
#9769 = CARTESIAN_POINT('',(-220.,5.175E+03,1.8E+03));
#9770 = DIRECTION('',(0.,0.,1.));
#9771 = DIRECTION('',(1.,0.,0.));
#9772 = ADVANCED_FACE('',(#9773),#9779,.T.);
#9773 = FACE_BOUND('',#9774,.T.);
#9774 = EDGE_LOOP('',(#9775,#9776,#9777,#9778));
#9775 = ORIENTED_EDGE('',*,*,#9666,.F.);
#9776 = ORIENTED_EDGE('',*,*,#9727,.T.);
#9777 = ORIENTED_EDGE('',*,*,#9706,.T.);
#9778 = ORIENTED_EDGE('',*,*,#9749,.F.);
#9779 = PLANE('',#9780);
#9780 = AXIS2_PLACEMENT_3D('',#9781,#9782,#9783);
#9781 = CARTESIAN_POINT('',(-220.,5.175E+03,2.35E+03));
#9782 = DIRECTION('',(0.,0.,1.));
#9783 = DIRECTION('',(1.,0.,0.));
#9784 = MANIFOLD_SOLID_BREP('',#9785);
#9785 = CLOSED_SHELL('',(#9786,#9826,#9866,#9888,#9910,#9922));
#9786 = ADVANCED_FACE('',(#9787),#9821,.F.);
#9787 = FACE_BOUND('',#9788,.F.);
#9788 = EDGE_LOOP('',(#9789,#9799,#9807,#9815));
#9789 = ORIENTED_EDGE('',*,*,#9790,.F.);
#9790 = EDGE_CURVE('',#9791,#9793,#9795,.T.);
#9791 = VERTEX_POINT('',#9792);
#9792 = CARTESIAN_POINT('',(462.,4.713E+03,300.));
#9793 = VERTEX_POINT('',#9794);
#9794 = CARTESIAN_POINT('',(462.,4.713E+03,320.));
#9795 = LINE('',#9796,#9797);
#9796 = CARTESIAN_POINT('',(462.,4.713E+03,300.));
#9797 = VECTOR('',#9798,1.);
#9798 = DIRECTION('',(0.,0.,1.));
#9799 = ORIENTED_EDGE('',*,*,#9800,.T.);
#9800 = EDGE_CURVE('',#9791,#9801,#9803,.T.);
#9801 = VERTEX_POINT('',#9802);
#9802 = CARTESIAN_POINT('',(462.,4.833E+03,300.));
#9803 = LINE('',#9804,#9805);
#9804 = CARTESIAN_POINT('',(462.,4.713E+03,300.));
#9805 = VECTOR('',#9806,1.);
#9806 = DIRECTION('',(0.,1.,0.));
#9807 = ORIENTED_EDGE('',*,*,#9808,.T.);
#9808 = EDGE_CURVE('',#9801,#9809,#9811,.T.);
#9809 = VERTEX_POINT('',#9810);
#9810 = CARTESIAN_POINT('',(462.,4.833E+03,320.));
#9811 = LINE('',#9812,#9813);
#9812 = CARTESIAN_POINT('',(462.,4.833E+03,300.));
#9813 = VECTOR('',#9814,1.);
#9814 = DIRECTION('',(0.,0.,1.));
#9815 = ORIENTED_EDGE('',*,*,#9816,.F.);
#9816 = EDGE_CURVE('',#9793,#9809,#9817,.T.);
#9817 = LINE('',#9818,#9819);
#9818 = CARTESIAN_POINT('',(462.,4.713E+03,320.));
#9819 = VECTOR('',#9820,1.);
#9820 = DIRECTION('',(0.,1.,0.));
#9821 = PLANE('',#9822);
#9822 = AXIS2_PLACEMENT_3D('',#9823,#9824,#9825);
#9823 = CARTESIAN_POINT('',(462.,4.713E+03,300.));
#9824 = DIRECTION('',(1.,0.,0.));
#9825 = DIRECTION('',(0.,0.,1.));
#9826 = ADVANCED_FACE('',(#9827),#9861,.T.);
#9827 = FACE_BOUND('',#9828,.T.);
#9828 = EDGE_LOOP('',(#9829,#9839,#9847,#9855));
#9829 = ORIENTED_EDGE('',*,*,#9830,.F.);
#9830 = EDGE_CURVE('',#9831,#9833,#9835,.T.);
#9831 = VERTEX_POINT('',#9832);
#9832 = CARTESIAN_POINT('',(582.,4.713E+03,300.));
#9833 = VERTEX_POINT('',#9834);
#9834 = CARTESIAN_POINT('',(582.,4.713E+03,320.));
#9835 = LINE('',#9836,#9837);
#9836 = CARTESIAN_POINT('',(582.,4.713E+03,300.));
#9837 = VECTOR('',#9838,1.);
#9838 = DIRECTION('',(0.,0.,1.));
#9839 = ORIENTED_EDGE('',*,*,#9840,.T.);
#9840 = EDGE_CURVE('',#9831,#9841,#9843,.T.);
#9841 = VERTEX_POINT('',#9842);
#9842 = CARTESIAN_POINT('',(582.,4.833E+03,300.));
#9843 = LINE('',#9844,#9845);
#9844 = CARTESIAN_POINT('',(582.,4.713E+03,300.));
#9845 = VECTOR('',#9846,1.);
#9846 = DIRECTION('',(0.,1.,0.));
#9847 = ORIENTED_EDGE('',*,*,#9848,.T.);
#9848 = EDGE_CURVE('',#9841,#9849,#9851,.T.);
#9849 = VERTEX_POINT('',#9850);
#9850 = CARTESIAN_POINT('',(582.,4.833E+03,320.));
#9851 = LINE('',#9852,#9853);
#9852 = CARTESIAN_POINT('',(582.,4.833E+03,300.));
#9853 = VECTOR('',#9854,1.);
#9854 = DIRECTION('',(0.,0.,1.));
#9855 = ORIENTED_EDGE('',*,*,#9856,.F.);
#9856 = EDGE_CURVE('',#9833,#9849,#9857,.T.);
#9857 = LINE('',#9858,#9859);
#9858 = CARTESIAN_POINT('',(582.,4.713E+03,320.));
#9859 = VECTOR('',#9860,1.);
#9860 = DIRECTION('',(0.,1.,0.));
#9861 = PLANE('',#9862);
#9862 = AXIS2_PLACEMENT_3D('',#9863,#9864,#9865);
#9863 = CARTESIAN_POINT('',(582.,4.713E+03,300.));
#9864 = DIRECTION('',(1.,0.,0.));
#9865 = DIRECTION('',(0.,0.,1.));
#9866 = ADVANCED_FACE('',(#9867),#9883,.F.);
#9867 = FACE_BOUND('',#9868,.F.);
#9868 = EDGE_LOOP('',(#9869,#9875,#9876,#9882));
#9869 = ORIENTED_EDGE('',*,*,#9870,.F.);
#9870 = EDGE_CURVE('',#9791,#9831,#9871,.T.);
#9871 = LINE('',#9872,#9873);
#9872 = CARTESIAN_POINT('',(462.,4.713E+03,300.));
#9873 = VECTOR('',#9874,1.);
#9874 = DIRECTION('',(1.,0.,0.));
#9875 = ORIENTED_EDGE('',*,*,#9790,.T.);
#9876 = ORIENTED_EDGE('',*,*,#9877,.T.);
#9877 = EDGE_CURVE('',#9793,#9833,#9878,.T.);
#9878 = LINE('',#9879,#9880);
#9879 = CARTESIAN_POINT('',(462.,4.713E+03,320.));
#9880 = VECTOR('',#9881,1.);
#9881 = DIRECTION('',(1.,0.,0.));
#9882 = ORIENTED_EDGE('',*,*,#9830,.F.);
#9883 = PLANE('',#9884);
#9884 = AXIS2_PLACEMENT_3D('',#9885,#9886,#9887);
#9885 = CARTESIAN_POINT('',(462.,4.713E+03,300.));
#9886 = DIRECTION('',(0.,1.,0.));
#9887 = DIRECTION('',(0.,0.,1.));
#9888 = ADVANCED_FACE('',(#9889),#9905,.T.);
#9889 = FACE_BOUND('',#9890,.T.);
#9890 = EDGE_LOOP('',(#9891,#9897,#9898,#9904));
#9891 = ORIENTED_EDGE('',*,*,#9892,.F.);
#9892 = EDGE_CURVE('',#9801,#9841,#9893,.T.);
#9893 = LINE('',#9894,#9895);
#9894 = CARTESIAN_POINT('',(462.,4.833E+03,300.));
#9895 = VECTOR('',#9896,1.);
#9896 = DIRECTION('',(1.,0.,0.));
#9897 = ORIENTED_EDGE('',*,*,#9808,.T.);
#9898 = ORIENTED_EDGE('',*,*,#9899,.T.);
#9899 = EDGE_CURVE('',#9809,#9849,#9900,.T.);
#9900 = LINE('',#9901,#9902);
#9901 = CARTESIAN_POINT('',(462.,4.833E+03,320.));
#9902 = VECTOR('',#9903,1.);
#9903 = DIRECTION('',(1.,0.,0.));
#9904 = ORIENTED_EDGE('',*,*,#9848,.F.);
#9905 = PLANE('',#9906);
#9906 = AXIS2_PLACEMENT_3D('',#9907,#9908,#9909);
#9907 = CARTESIAN_POINT('',(462.,4.833E+03,300.));
#9908 = DIRECTION('',(0.,1.,0.));
#9909 = DIRECTION('',(0.,0.,1.));
#9910 = ADVANCED_FACE('',(#9911),#9917,.F.);
#9911 = FACE_BOUND('',#9912,.F.);
#9912 = EDGE_LOOP('',(#9913,#9914,#9915,#9916));
#9913 = ORIENTED_EDGE('',*,*,#9800,.F.);
#9914 = ORIENTED_EDGE('',*,*,#9870,.T.);
#9915 = ORIENTED_EDGE('',*,*,#9840,.T.);
#9916 = ORIENTED_EDGE('',*,*,#9892,.F.);
#9917 = PLANE('',#9918);
#9918 = AXIS2_PLACEMENT_3D('',#9919,#9920,#9921);
#9919 = CARTESIAN_POINT('',(462.,4.713E+03,300.));
#9920 = DIRECTION('',(0.,0.,1.));
#9921 = DIRECTION('',(1.,0.,0.));
#9922 = ADVANCED_FACE('',(#9923),#9929,.T.);
#9923 = FACE_BOUND('',#9924,.T.);
#9924 = EDGE_LOOP('',(#9925,#9926,#9927,#9928));
#9925 = ORIENTED_EDGE('',*,*,#9816,.F.);
#9926 = ORIENTED_EDGE('',*,*,#9877,.T.);
#9927 = ORIENTED_EDGE('',*,*,#9856,.T.);
#9928 = ORIENTED_EDGE('',*,*,#9899,.F.);
#9929 = PLANE('',#9930);
#9930 = AXIS2_PLACEMENT_3D('',#9931,#9932,#9933);
#9931 = CARTESIAN_POINT('',(462.,4.713E+03,320.));
#9932 = DIRECTION('',(0.,0.,1.));
#9933 = DIRECTION('',(1.,0.,0.));
#9934 = MANIFOLD_SOLID_BREP('',#9935);
#9935 = CLOSED_SHELL('',(#9936,#9976,#10016,#10038,#10060,#10072));
#9936 = ADVANCED_FACE('',(#9937),#9971,.F.);
#9937 = FACE_BOUND('',#9938,.F.);
#9938 = EDGE_LOOP('',(#9939,#9949,#9957,#9965));
#9939 = ORIENTED_EDGE('',*,*,#9940,.F.);
#9940 = EDGE_CURVE('',#9941,#9943,#9945,.T.);
#9941 = VERTEX_POINT('',#9942);
#9942 = CARTESIAN_POINT('',(-1.587E+03,4.583E+03,2.2E+03));
#9943 = VERTEX_POINT('',#9944);
#9944 = CARTESIAN_POINT('',(-1.587E+03,4.583E+03,2.5E+03));
#9945 = LINE('',#9946,#9947);
#9946 = CARTESIAN_POINT('',(-1.587E+03,4.583E+03,2.2E+03));
#9947 = VECTOR('',#9948,1.);
#9948 = DIRECTION('',(0.,0.,1.));
#9949 = ORIENTED_EDGE('',*,*,#9950,.T.);
#9950 = EDGE_CURVE('',#9941,#9951,#9953,.T.);
#9951 = VERTEX_POINT('',#9952);
#9952 = CARTESIAN_POINT('',(-1.587E+03,4.833E+03,2.2E+03));
#9953 = LINE('',#9954,#9955);
#9954 = CARTESIAN_POINT('',(-1.587E+03,4.583E+03,2.2E+03));
#9955 = VECTOR('',#9956,1.);
#9956 = DIRECTION('',(0.,1.,0.));
#9957 = ORIENTED_EDGE('',*,*,#9958,.T.);
#9958 = EDGE_CURVE('',#9951,#9959,#9961,.T.);
#9959 = VERTEX_POINT('',#9960);
#9960 = CARTESIAN_POINT('',(-1.587E+03,4.833E+03,2.5E+03));
#9961 = LINE('',#9962,#9963);
#9962 = CARTESIAN_POINT('',(-1.587E+03,4.833E+03,2.2E+03));
#9963 = VECTOR('',#9964,1.);
#9964 = DIRECTION('',(0.,0.,1.));
#9965 = ORIENTED_EDGE('',*,*,#9966,.F.);
#9966 = EDGE_CURVE('',#9943,#9959,#9967,.T.);
#9967 = LINE('',#9968,#9969);
#9968 = CARTESIAN_POINT('',(-1.587E+03,4.583E+03,2.5E+03));
#9969 = VECTOR('',#9970,1.);
#9970 = DIRECTION('',(0.,1.,0.));
#9971 = PLANE('',#9972);
#9972 = AXIS2_PLACEMENT_3D('',#9973,#9974,#9975);
#9973 = CARTESIAN_POINT('',(-1.587E+03,4.583E+03,2.2E+03));
#9974 = DIRECTION('',(1.,0.,0.));
#9975 = DIRECTION('',(0.,0.,1.));
#9976 = ADVANCED_FACE('',(#9977),#10011,.T.);
#9977 = FACE_BOUND('',#9978,.T.);
#9978 = EDGE_LOOP('',(#9979,#9989,#9997,#10005));
#9979 = ORIENTED_EDGE('',*,*,#9980,.F.);
#9980 = EDGE_CURVE('',#9981,#9983,#9985,.T.);
#9981 = VERTEX_POINT('',#9982);
#9982 = CARTESIAN_POINT('',(-687.,4.583E+03,2.2E+03));
#9983 = VERTEX_POINT('',#9984);
#9984 = CARTESIAN_POINT('',(-687.,4.583E+03,2.5E+03));
#9985 = LINE('',#9986,#9987);
#9986 = CARTESIAN_POINT('',(-687.,4.583E+03,2.2E+03));
#9987 = VECTOR('',#9988,1.);
#9988 = DIRECTION('',(0.,0.,1.));
#9989 = ORIENTED_EDGE('',*,*,#9990,.T.);
#9990 = EDGE_CURVE('',#9981,#9991,#9993,.T.);
#9991 = VERTEX_POINT('',#9992);
#9992 = CARTESIAN_POINT('',(-687.,4.833E+03,2.2E+03));
#9993 = LINE('',#9994,#9995);
#9994 = CARTESIAN_POINT('',(-687.,4.583E+03,2.2E+03));
#9995 = VECTOR('',#9996,1.);
#9996 = DIRECTION('',(0.,1.,0.));
#9997 = ORIENTED_EDGE('',*,*,#9998,.T.);
#9998 = EDGE_CURVE('',#9991,#9999,#10001,.T.);
#9999 = VERTEX_POINT('',#10000);
#10000 = CARTESIAN_POINT('',(-687.,4.833E+03,2.5E+03));
#10001 = LINE('',#10002,#10003);
#10002 = CARTESIAN_POINT('',(-687.,4.833E+03,2.2E+03));
#10003 = VECTOR('',#10004,1.);
#10004 = DIRECTION('',(0.,0.,1.));
#10005 = ORIENTED_EDGE('',*,*,#10006,.F.);
#10006 = EDGE_CURVE('',#9983,#9999,#10007,.T.);
#10007 = LINE('',#10008,#10009);
#10008 = CARTESIAN_POINT('',(-687.,4.583E+03,2.5E+03));
#10009 = VECTOR('',#10010,1.);
#10010 = DIRECTION('',(0.,1.,0.));
#10011 = PLANE('',#10012);
#10012 = AXIS2_PLACEMENT_3D('',#10013,#10014,#10015);
#10013 = CARTESIAN_POINT('',(-687.,4.583E+03,2.2E+03));
#10014 = DIRECTION('',(1.,0.,0.));
#10015 = DIRECTION('',(0.,0.,1.));
#10016 = ADVANCED_FACE('',(#10017),#10033,.F.);
#10017 = FACE_BOUND('',#10018,.F.);
#10018 = EDGE_LOOP('',(#10019,#10025,#10026,#10032));
#10019 = ORIENTED_EDGE('',*,*,#10020,.F.);
#10020 = EDGE_CURVE('',#9941,#9981,#10021,.T.);
#10021 = LINE('',#10022,#10023);
#10022 = CARTESIAN_POINT('',(-1.587E+03,4.583E+03,2.2E+03));
#10023 = VECTOR('',#10024,1.);
#10024 = DIRECTION('',(1.,0.,0.));
#10025 = ORIENTED_EDGE('',*,*,#9940,.T.);
#10026 = ORIENTED_EDGE('',*,*,#10027,.T.);
#10027 = EDGE_CURVE('',#9943,#9983,#10028,.T.);
#10028 = LINE('',#10029,#10030);
#10029 = CARTESIAN_POINT('',(-1.587E+03,4.583E+03,2.5E+03));
#10030 = VECTOR('',#10031,1.);
#10031 = DIRECTION('',(1.,0.,0.));
#10032 = ORIENTED_EDGE('',*,*,#9980,.F.);
#10033 = PLANE('',#10034);
#10034 = AXIS2_PLACEMENT_3D('',#10035,#10036,#10037);
#10035 = CARTESIAN_POINT('',(-1.587E+03,4.583E+03,2.2E+03));
#10036 = DIRECTION('',(0.,1.,0.));
#10037 = DIRECTION('',(0.,0.,1.));
#10038 = ADVANCED_FACE('',(#10039),#10055,.T.);
#10039 = FACE_BOUND('',#10040,.T.);
#10040 = EDGE_LOOP('',(#10041,#10047,#10048,#10054));
#10041 = ORIENTED_EDGE('',*,*,#10042,.F.);
#10042 = EDGE_CURVE('',#9951,#9991,#10043,.T.);
#10043 = LINE('',#10044,#10045);
#10044 = CARTESIAN_POINT('',(-1.587E+03,4.833E+03,2.2E+03));
#10045 = VECTOR('',#10046,1.);
#10046 = DIRECTION('',(1.,0.,0.));
#10047 = ORIENTED_EDGE('',*,*,#9958,.T.);
#10048 = ORIENTED_EDGE('',*,*,#10049,.T.);
#10049 = EDGE_CURVE('',#9959,#9999,#10050,.T.);
#10050 = LINE('',#10051,#10052);
#10051 = CARTESIAN_POINT('',(-1.587E+03,4.833E+03,2.5E+03));
#10052 = VECTOR('',#10053,1.);
#10053 = DIRECTION('',(1.,0.,0.));
#10054 = ORIENTED_EDGE('',*,*,#9998,.F.);
#10055 = PLANE('',#10056);
#10056 = AXIS2_PLACEMENT_3D('',#10057,#10058,#10059);
#10057 = CARTESIAN_POINT('',(-1.587E+03,4.833E+03,2.2E+03));
#10058 = DIRECTION('',(0.,1.,0.));
#10059 = DIRECTION('',(0.,0.,1.));
#10060 = ADVANCED_FACE('',(#10061),#10067,.F.);
#10061 = FACE_BOUND('',#10062,.F.);
#10062 = EDGE_LOOP('',(#10063,#10064,#10065,#10066));
#10063 = ORIENTED_EDGE('',*,*,#9950,.F.);
#10064 = ORIENTED_EDGE('',*,*,#10020,.T.);
#10065 = ORIENTED_EDGE('',*,*,#9990,.T.);
#10066 = ORIENTED_EDGE('',*,*,#10042,.F.);
#10067 = PLANE('',#10068);
#10068 = AXIS2_PLACEMENT_3D('',#10069,#10070,#10071);
#10069 = CARTESIAN_POINT('',(-1.587E+03,4.583E+03,2.2E+03));
#10070 = DIRECTION('',(0.,0.,1.));
#10071 = DIRECTION('',(1.,0.,0.));
#10072 = ADVANCED_FACE('',(#10073),#10079,.T.);
#10073 = FACE_BOUND('',#10074,.T.);
#10074 = EDGE_LOOP('',(#10075,#10076,#10077,#10078));
#10075 = ORIENTED_EDGE('',*,*,#9966,.F.);
#10076 = ORIENTED_EDGE('',*,*,#10027,.T.);
#10077 = ORIENTED_EDGE('',*,*,#10006,.T.);
#10078 = ORIENTED_EDGE('',*,*,#10049,.F.);
#10079 = PLANE('',#10080);
#10080 = AXIS2_PLACEMENT_3D('',#10081,#10082,#10083);
#10081 = CARTESIAN_POINT('',(-1.587E+03,4.583E+03,2.5E+03));
#10082 = DIRECTION('',(0.,0.,1.));
#10083 = DIRECTION('',(1.,0.,0.));
#10084 = MANIFOLD_SOLID_BREP('',#10085);
#10085 = CLOSED_SHELL('',(#10086,#10126,#10166,#10188,#10210,#10222));
#10086 = ADVANCED_FACE('',(#10087),#10121,.F.);
#10087 = FACE_BOUND('',#10088,.F.);
#10088 = EDGE_LOOP('',(#10089,#10099,#10107,#10115));
#10089 = ORIENTED_EDGE('',*,*,#10090,.F.);
#10090 = EDGE_CURVE('',#10091,#10093,#10095,.T.);
#10091 = VERTEX_POINT('',#10092);
#10092 = CARTESIAN_POINT('',(-1.996E+03,5.086E+03,1.8E+03));
#10093 = VERTEX_POINT('',#10094);
#10094 = CARTESIAN_POINT('',(-1.996E+03,5.086E+03,2.35E+03));
#10095 = LINE('',#10096,#10097);
#10096 = CARTESIAN_POINT('',(-1.996E+03,5.086E+03,1.8E+03));
#10097 = VECTOR('',#10098,1.);
#10098 = DIRECTION('',(0.,0.,1.));
#10099 = ORIENTED_EDGE('',*,*,#10100,.T.);
#10100 = EDGE_CURVE('',#10091,#10101,#10103,.T.);
#10101 = VERTEX_POINT('',#10102);
#10102 = CARTESIAN_POINT('',(-1.996E+03,5.386E+03,1.8E+03));
#10103 = LINE('',#10104,#10105);
#10104 = CARTESIAN_POINT('',(-1.996E+03,5.086E+03,1.8E+03));
#10105 = VECTOR('',#10106,1.);
#10106 = DIRECTION('',(0.,1.,0.));
#10107 = ORIENTED_EDGE('',*,*,#10108,.T.);
#10108 = EDGE_CURVE('',#10101,#10109,#10111,.T.);
#10109 = VERTEX_POINT('',#10110);
#10110 = CARTESIAN_POINT('',(-1.996E+03,5.386E+03,2.35E+03));
#10111 = LINE('',#10112,#10113);
#10112 = CARTESIAN_POINT('',(-1.996E+03,5.386E+03,1.8E+03));
#10113 = VECTOR('',#10114,1.);
#10114 = DIRECTION('',(0.,0.,1.));
#10115 = ORIENTED_EDGE('',*,*,#10116,.F.);
#10116 = EDGE_CURVE('',#10093,#10109,#10117,.T.);
#10117 = LINE('',#10118,#10119);
#10118 = CARTESIAN_POINT('',(-1.996E+03,5.086E+03,2.35E+03));
#10119 = VECTOR('',#10120,1.);
#10120 = DIRECTION('',(0.,1.,0.));
#10121 = PLANE('',#10122);
#10122 = AXIS2_PLACEMENT_3D('',#10123,#10124,#10125);
#10123 = CARTESIAN_POINT('',(-1.996E+03,5.086E+03,1.8E+03));
#10124 = DIRECTION('',(1.,0.,0.));
#10125 = DIRECTION('',(0.,0.,1.));
#10126 = ADVANCED_FACE('',(#10127),#10161,.T.);
#10127 = FACE_BOUND('',#10128,.T.);
#10128 = EDGE_LOOP('',(#10129,#10139,#10147,#10155));
#10129 = ORIENTED_EDGE('',*,*,#10130,.F.);
#10130 = EDGE_CURVE('',#10131,#10133,#10135,.T.);
#10131 = VERTEX_POINT('',#10132);
#10132 = CARTESIAN_POINT('',(-1.196E+03,5.086E+03,1.8E+03));
#10133 = VERTEX_POINT('',#10134);
#10134 = CARTESIAN_POINT('',(-1.196E+03,5.086E+03,2.35E+03));
#10135 = LINE('',#10136,#10137);
#10136 = CARTESIAN_POINT('',(-1.196E+03,5.086E+03,1.8E+03));
#10137 = VECTOR('',#10138,1.);
#10138 = DIRECTION('',(0.,0.,1.));
#10139 = ORIENTED_EDGE('',*,*,#10140,.T.);
#10140 = EDGE_CURVE('',#10131,#10141,#10143,.T.);
#10141 = VERTEX_POINT('',#10142);
#10142 = CARTESIAN_POINT('',(-1.196E+03,5.386E+03,1.8E+03));
#10143 = LINE('',#10144,#10145);
#10144 = CARTESIAN_POINT('',(-1.196E+03,5.086E+03,1.8E+03));
#10145 = VECTOR('',#10146,1.);
#10146 = DIRECTION('',(0.,1.,0.));
#10147 = ORIENTED_EDGE('',*,*,#10148,.T.);
#10148 = EDGE_CURVE('',#10141,#10149,#10151,.T.);
#10149 = VERTEX_POINT('',#10150);
#10150 = CARTESIAN_POINT('',(-1.196E+03,5.386E+03,2.35E+03));
#10151 = LINE('',#10152,#10153);
#10152 = CARTESIAN_POINT('',(-1.196E+03,5.386E+03,1.8E+03));
#10153 = VECTOR('',#10154,1.);
#10154 = DIRECTION('',(0.,0.,1.));
#10155 = ORIENTED_EDGE('',*,*,#10156,.F.);
#10156 = EDGE_CURVE('',#10133,#10149,#10157,.T.);
#10157 = LINE('',#10158,#10159);
#10158 = CARTESIAN_POINT('',(-1.196E+03,5.086E+03,2.35E+03));
#10159 = VECTOR('',#10160,1.);
#10160 = DIRECTION('',(0.,1.,0.));
#10161 = PLANE('',#10162);
#10162 = AXIS2_PLACEMENT_3D('',#10163,#10164,#10165);
#10163 = CARTESIAN_POINT('',(-1.196E+03,5.086E+03,1.8E+03));
#10164 = DIRECTION('',(1.,0.,0.));
#10165 = DIRECTION('',(0.,0.,1.));
#10166 = ADVANCED_FACE('',(#10167),#10183,.F.);
#10167 = FACE_BOUND('',#10168,.F.);
#10168 = EDGE_LOOP('',(#10169,#10175,#10176,#10182));
#10169 = ORIENTED_EDGE('',*,*,#10170,.F.);
#10170 = EDGE_CURVE('',#10091,#10131,#10171,.T.);
#10171 = LINE('',#10172,#10173);
#10172 = CARTESIAN_POINT('',(-1.996E+03,5.086E+03,1.8E+03));
#10173 = VECTOR('',#10174,1.);
#10174 = DIRECTION('',(1.,0.,0.));
#10175 = ORIENTED_EDGE('',*,*,#10090,.T.);
#10176 = ORIENTED_EDGE('',*,*,#10177,.T.);
#10177 = EDGE_CURVE('',#10093,#10133,#10178,.T.);
#10178 = LINE('',#10179,#10180);
#10179 = CARTESIAN_POINT('',(-1.996E+03,5.086E+03,2.35E+03));
#10180 = VECTOR('',#10181,1.);
#10181 = DIRECTION('',(1.,0.,0.));
#10182 = ORIENTED_EDGE('',*,*,#10130,.F.);
#10183 = PLANE('',#10184);
#10184 = AXIS2_PLACEMENT_3D('',#10185,#10186,#10187);
#10185 = CARTESIAN_POINT('',(-1.996E+03,5.086E+03,1.8E+03));
#10186 = DIRECTION('',(0.,1.,0.));
#10187 = DIRECTION('',(0.,0.,1.));
#10188 = ADVANCED_FACE('',(#10189),#10205,.T.);
#10189 = FACE_BOUND('',#10190,.T.);
#10190 = EDGE_LOOP('',(#10191,#10197,#10198,#10204));
#10191 = ORIENTED_EDGE('',*,*,#10192,.F.);
#10192 = EDGE_CURVE('',#10101,#10141,#10193,.T.);
#10193 = LINE('',#10194,#10195);
#10194 = CARTESIAN_POINT('',(-1.996E+03,5.386E+03,1.8E+03));
#10195 = VECTOR('',#10196,1.);
#10196 = DIRECTION('',(1.,0.,0.));
#10197 = ORIENTED_EDGE('',*,*,#10108,.T.);
#10198 = ORIENTED_EDGE('',*,*,#10199,.T.);
#10199 = EDGE_CURVE('',#10109,#10149,#10200,.T.);
#10200 = LINE('',#10201,#10202);
#10201 = CARTESIAN_POINT('',(-1.996E+03,5.386E+03,2.35E+03));
#10202 = VECTOR('',#10203,1.);
#10203 = DIRECTION('',(1.,0.,0.));
#10204 = ORIENTED_EDGE('',*,*,#10148,.F.);
#10205 = PLANE('',#10206);
#10206 = AXIS2_PLACEMENT_3D('',#10207,#10208,#10209);
#10207 = CARTESIAN_POINT('',(-1.996E+03,5.386E+03,1.8E+03));
#10208 = DIRECTION('',(0.,1.,0.));
#10209 = DIRECTION('',(0.,0.,1.));
#10210 = ADVANCED_FACE('',(#10211),#10217,.F.);
#10211 = FACE_BOUND('',#10212,.F.);
#10212 = EDGE_LOOP('',(#10213,#10214,#10215,#10216));
#10213 = ORIENTED_EDGE('',*,*,#10100,.F.);
#10214 = ORIENTED_EDGE('',*,*,#10170,.T.);
#10215 = ORIENTED_EDGE('',*,*,#10140,.T.);
#10216 = ORIENTED_EDGE('',*,*,#10192,.F.);
#10217 = PLANE('',#10218);
#10218 = AXIS2_PLACEMENT_3D('',#10219,#10220,#10221);
#10219 = CARTESIAN_POINT('',(-1.996E+03,5.086E+03,1.8E+03));
#10220 = DIRECTION('',(0.,0.,1.));
#10221 = DIRECTION('',(1.,0.,0.));
#10222 = ADVANCED_FACE('',(#10223),#10229,.T.);
#10223 = FACE_BOUND('',#10224,.T.);
#10224 = EDGE_LOOP('',(#10225,#10226,#10227,#10228));
#10225 = ORIENTED_EDGE('',*,*,#10116,.F.);
#10226 = ORIENTED_EDGE('',*,*,#10177,.T.);
#10227 = ORIENTED_EDGE('',*,*,#10156,.T.);
#10228 = ORIENTED_EDGE('',*,*,#10199,.F.);
#10229 = PLANE('',#10230);
#10230 = AXIS2_PLACEMENT_3D('',#10231,#10232,#10233);
#10231 = CARTESIAN_POINT('',(-1.996E+03,5.086E+03,2.35E+03));
#10232 = DIRECTION('',(0.,0.,1.));
#10233 = DIRECTION('',(1.,0.,0.));
#10234 = MANIFOLD_SOLID_BREP('',#10235);
#10235 = CLOSED_SHELL('',(#10236,#10276,#10316,#10338,#10360,#10372));
#10236 = ADVANCED_FACE('',(#10237),#10271,.F.);
#10237 = FACE_BOUND('',#10238,.F.);
#10238 = EDGE_LOOP('',(#10239,#10249,#10257,#10265));
#10239 = ORIENTED_EDGE('',*,*,#10240,.F.);
#10240 = EDGE_CURVE('',#10241,#10243,#10245,.T.);
#10241 = VERTEX_POINT('',#10242);
#10242 = CARTESIAN_POINT('',(-1.082E+03,4.746E+03,300.));
#10243 = VERTEX_POINT('',#10244);
#10244 = CARTESIAN_POINT('',(-1.082E+03,4.746E+03,320.));
#10245 = LINE('',#10246,#10247);
#10246 = CARTESIAN_POINT('',(-1.082E+03,4.746E+03,300.));
#10247 = VECTOR('',#10248,1.);
#10248 = DIRECTION('',(0.,0.,1.));
#10249 = ORIENTED_EDGE('',*,*,#10250,.T.);
#10250 = EDGE_CURVE('',#10241,#10251,#10253,.T.);
#10251 = VERTEX_POINT('',#10252);
#10252 = CARTESIAN_POINT('',(-1.082E+03,4.866E+03,300.));
#10253 = LINE('',#10254,#10255);
#10254 = CARTESIAN_POINT('',(-1.082E+03,4.746E+03,300.));
#10255 = VECTOR('',#10256,1.);
#10256 = DIRECTION('',(0.,1.,0.));
#10257 = ORIENTED_EDGE('',*,*,#10258,.T.);
#10258 = EDGE_CURVE('',#10251,#10259,#10261,.T.);
#10259 = VERTEX_POINT('',#10260);
#10260 = CARTESIAN_POINT('',(-1.082E+03,4.866E+03,320.));
#10261 = LINE('',#10262,#10263);
#10262 = CARTESIAN_POINT('',(-1.082E+03,4.866E+03,300.));
#10263 = VECTOR('',#10264,1.);
#10264 = DIRECTION('',(0.,0.,1.));
#10265 = ORIENTED_EDGE('',*,*,#10266,.F.);
#10266 = EDGE_CURVE('',#10243,#10259,#10267,.T.);
#10267 = LINE('',#10268,#10269);
#10268 = CARTESIAN_POINT('',(-1.082E+03,4.746E+03,320.));
#10269 = VECTOR('',#10270,1.);
#10270 = DIRECTION('',(0.,1.,0.));
#10271 = PLANE('',#10272);
#10272 = AXIS2_PLACEMENT_3D('',#10273,#10274,#10275);
#10273 = CARTESIAN_POINT('',(-1.082E+03,4.746E+03,300.));
#10274 = DIRECTION('',(1.,0.,0.));
#10275 = DIRECTION('',(0.,0.,1.));
#10276 = ADVANCED_FACE('',(#10277),#10311,.T.);
#10277 = FACE_BOUND('',#10278,.T.);
#10278 = EDGE_LOOP('',(#10279,#10289,#10297,#10305));
#10279 = ORIENTED_EDGE('',*,*,#10280,.F.);
#10280 = EDGE_CURVE('',#10281,#10283,#10285,.T.);
#10281 = VERTEX_POINT('',#10282);
#10282 = CARTESIAN_POINT('',(-962.,4.746E+03,300.));
#10283 = VERTEX_POINT('',#10284);
#10284 = CARTESIAN_POINT('',(-962.,4.746E+03,320.));
#10285 = LINE('',#10286,#10287);
#10286 = CARTESIAN_POINT('',(-962.,4.746E+03,300.));
#10287 = VECTOR('',#10288,1.);
#10288 = DIRECTION('',(0.,0.,1.));
#10289 = ORIENTED_EDGE('',*,*,#10290,.T.);
#10290 = EDGE_CURVE('',#10281,#10291,#10293,.T.);
#10291 = VERTEX_POINT('',#10292);
#10292 = CARTESIAN_POINT('',(-962.,4.866E+03,300.));
#10293 = LINE('',#10294,#10295);
#10294 = CARTESIAN_POINT('',(-962.,4.746E+03,300.));
#10295 = VECTOR('',#10296,1.);
#10296 = DIRECTION('',(0.,1.,0.));
#10297 = ORIENTED_EDGE('',*,*,#10298,.T.);
#10298 = EDGE_CURVE('',#10291,#10299,#10301,.T.);
#10299 = VERTEX_POINT('',#10300);
#10300 = CARTESIAN_POINT('',(-962.,4.866E+03,320.));
#10301 = LINE('',#10302,#10303);
#10302 = CARTESIAN_POINT('',(-962.,4.866E+03,300.));
#10303 = VECTOR('',#10304,1.);
#10304 = DIRECTION('',(0.,0.,1.));
#10305 = ORIENTED_EDGE('',*,*,#10306,.F.);
#10306 = EDGE_CURVE('',#10283,#10299,#10307,.T.);
#10307 = LINE('',#10308,#10309);
#10308 = CARTESIAN_POINT('',(-962.,4.746E+03,320.));
#10309 = VECTOR('',#10310,1.);
#10310 = DIRECTION('',(0.,1.,0.));
#10311 = PLANE('',#10312);
#10312 = AXIS2_PLACEMENT_3D('',#10313,#10314,#10315);
#10313 = CARTESIAN_POINT('',(-962.,4.746E+03,300.));
#10314 = DIRECTION('',(1.,0.,0.));
#10315 = DIRECTION('',(0.,0.,1.));
#10316 = ADVANCED_FACE('',(#10317),#10333,.F.);
#10317 = FACE_BOUND('',#10318,.F.);
#10318 = EDGE_LOOP('',(#10319,#10325,#10326,#10332));
#10319 = ORIENTED_EDGE('',*,*,#10320,.F.);
#10320 = EDGE_CURVE('',#10241,#10281,#10321,.T.);
#10321 = LINE('',#10322,#10323);
#10322 = CARTESIAN_POINT('',(-1.082E+03,4.746E+03,300.));
#10323 = VECTOR('',#10324,1.);
#10324 = DIRECTION('',(1.,0.,0.));
#10325 = ORIENTED_EDGE('',*,*,#10240,.T.);
#10326 = ORIENTED_EDGE('',*,*,#10327,.T.);
#10327 = EDGE_CURVE('',#10243,#10283,#10328,.T.);
#10328 = LINE('',#10329,#10330);
#10329 = CARTESIAN_POINT('',(-1.082E+03,4.746E+03,320.));
#10330 = VECTOR('',#10331,1.);
#10331 = DIRECTION('',(1.,0.,0.));
#10332 = ORIENTED_EDGE('',*,*,#10280,.F.);
#10333 = PLANE('',#10334);
#10334 = AXIS2_PLACEMENT_3D('',#10335,#10336,#10337);
#10335 = CARTESIAN_POINT('',(-1.082E+03,4.746E+03,300.));
#10336 = DIRECTION('',(0.,1.,0.));
#10337 = DIRECTION('',(0.,0.,1.));
#10338 = ADVANCED_FACE('',(#10339),#10355,.T.);
#10339 = FACE_BOUND('',#10340,.T.);
#10340 = EDGE_LOOP('',(#10341,#10347,#10348,#10354));
#10341 = ORIENTED_EDGE('',*,*,#10342,.F.);
#10342 = EDGE_CURVE('',#10251,#10291,#10343,.T.);
#10343 = LINE('',#10344,#10345);
#10344 = CARTESIAN_POINT('',(-1.082E+03,4.866E+03,300.));
#10345 = VECTOR('',#10346,1.);
#10346 = DIRECTION('',(1.,0.,0.));
#10347 = ORIENTED_EDGE('',*,*,#10258,.T.);
#10348 = ORIENTED_EDGE('',*,*,#10349,.T.);
#10349 = EDGE_CURVE('',#10259,#10299,#10350,.T.);
#10350 = LINE('',#10351,#10352);
#10351 = CARTESIAN_POINT('',(-1.082E+03,4.866E+03,320.));
#10352 = VECTOR('',#10353,1.);
#10353 = DIRECTION('',(1.,0.,0.));
#10354 = ORIENTED_EDGE('',*,*,#10298,.F.);
#10355 = PLANE('',#10356);
#10356 = AXIS2_PLACEMENT_3D('',#10357,#10358,#10359);
#10357 = CARTESIAN_POINT('',(-1.082E+03,4.866E+03,300.));
#10358 = DIRECTION('',(0.,1.,0.));
#10359 = DIRECTION('',(0.,0.,1.));
#10360 = ADVANCED_FACE('',(#10361),#10367,.F.);
#10361 = FACE_BOUND('',#10362,.F.);
#10362 = EDGE_LOOP('',(#10363,#10364,#10365,#10366));
#10363 = ORIENTED_EDGE('',*,*,#10250,.F.);
#10364 = ORIENTED_EDGE('',*,*,#10320,.T.);
#10365 = ORIENTED_EDGE('',*,*,#10290,.T.);
#10366 = ORIENTED_EDGE('',*,*,#10342,.F.);
#10367 = PLANE('',#10368);
#10368 = AXIS2_PLACEMENT_3D('',#10369,#10370,#10371);
#10369 = CARTESIAN_POINT('',(-1.082E+03,4.746E+03,300.));
#10370 = DIRECTION('',(0.,0.,1.));
#10371 = DIRECTION('',(1.,0.,0.));
#10372 = ADVANCED_FACE('',(#10373),#10379,.T.);
#10373 = FACE_BOUND('',#10374,.T.);
#10374 = EDGE_LOOP('',(#10375,#10376,#10377,#10378));
#10375 = ORIENTED_EDGE('',*,*,#10266,.F.);
#10376 = ORIENTED_EDGE('',*,*,#10327,.T.);
#10377 = ORIENTED_EDGE('',*,*,#10306,.T.);
#10378 = ORIENTED_EDGE('',*,*,#10349,.F.);
#10379 = PLANE('',#10380);
#10380 = AXIS2_PLACEMENT_3D('',#10381,#10382,#10383);
#10381 = CARTESIAN_POINT('',(-1.082E+03,4.746E+03,320.));
#10382 = DIRECTION('',(0.,0.,1.));
#10383 = DIRECTION('',(1.,0.,0.));
#10384 = MANIFOLD_SOLID_BREP('',#10385);
#10385 = CLOSED_SHELL('',(#10386,#10426,#10466,#10488,#10510,#10522));
#10386 = ADVANCED_FACE('',(#10387),#10421,.F.);
#10387 = FACE_BOUND('',#10388,.F.);
#10388 = EDGE_LOOP('',(#10389,#10399,#10407,#10415));
#10389 = ORIENTED_EDGE('',*,*,#10390,.F.);
#10390 = EDGE_CURVE('',#10391,#10393,#10395,.T.);
#10391 = VERTEX_POINT('',#10392);
#10392 = CARTESIAN_POINT('',(-1.743E+03,-233.,0.));
#10393 = VERTEX_POINT('',#10394);
#10394 = CARTESIAN_POINT('',(-1.743E+03,-233.,1.E+03));
#10395 = LINE('',#10396,#10397);
#10396 = CARTESIAN_POINT('',(-1.743E+03,-233.,0.));
#10397 = VECTOR('',#10398,1.);
#10398 = DIRECTION('',(0.,0.,1.));
#10399 = ORIENTED_EDGE('',*,*,#10400,.T.);
#10400 = EDGE_CURVE('',#10391,#10401,#10403,.T.);
#10401 = VERTEX_POINT('',#10402);
#10402 = CARTESIAN_POINT('',(-1.743E+03,267.,0.));
#10403 = LINE('',#10404,#10405);
#10404 = CARTESIAN_POINT('',(-1.743E+03,-233.,0.));
#10405 = VECTOR('',#10406,1.);
#10406 = DIRECTION('',(0.,1.,0.));
#10407 = ORIENTED_EDGE('',*,*,#10408,.T.);
#10408 = EDGE_CURVE('',#10401,#10409,#10411,.T.);
#10409 = VERTEX_POINT('',#10410);
#10410 = CARTESIAN_POINT('',(-1.743E+03,267.,1.E+03));
#10411 = LINE('',#10412,#10413);
#10412 = CARTESIAN_POINT('',(-1.743E+03,267.,0.));
#10413 = VECTOR('',#10414,1.);
#10414 = DIRECTION('',(0.,0.,1.));
#10415 = ORIENTED_EDGE('',*,*,#10416,.F.);
#10416 = EDGE_CURVE('',#10393,#10409,#10417,.T.);
#10417 = LINE('',#10418,#10419);
#10418 = CARTESIAN_POINT('',(-1.743E+03,-233.,1.E+03));
#10419 = VECTOR('',#10420,1.);
#10420 = DIRECTION('',(0.,1.,0.));
#10421 = PLANE('',#10422);
#10422 = AXIS2_PLACEMENT_3D('',#10423,#10424,#10425);
#10423 = CARTESIAN_POINT('',(-1.743E+03,-233.,0.));
#10424 = DIRECTION('',(1.,0.,0.));
#10425 = DIRECTION('',(0.,0.,1.));
#10426 = ADVANCED_FACE('',(#10427),#10461,.T.);
#10427 = FACE_BOUND('',#10428,.T.);
#10428 = EDGE_LOOP('',(#10429,#10439,#10447,#10455));
#10429 = ORIENTED_EDGE('',*,*,#10430,.F.);
#10430 = EDGE_CURVE('',#10431,#10433,#10435,.T.);
#10431 = VERTEX_POINT('',#10432);
#10432 = CARTESIAN_POINT('',(-1.143E+03,-233.,0.));
#10433 = VERTEX_POINT('',#10434);
#10434 = CARTESIAN_POINT('',(-1.143E+03,-233.,1.E+03));
#10435 = LINE('',#10436,#10437);
#10436 = CARTESIAN_POINT('',(-1.143E+03,-233.,0.));
#10437 = VECTOR('',#10438,1.);
#10438 = DIRECTION('',(0.,0.,1.));
#10439 = ORIENTED_EDGE('',*,*,#10440,.T.);
#10440 = EDGE_CURVE('',#10431,#10441,#10443,.T.);
#10441 = VERTEX_POINT('',#10442);
#10442 = CARTESIAN_POINT('',(-1.143E+03,267.,0.));
#10443 = LINE('',#10444,#10445);
#10444 = CARTESIAN_POINT('',(-1.143E+03,-233.,0.));
#10445 = VECTOR('',#10446,1.);
#10446 = DIRECTION('',(0.,1.,0.));
#10447 = ORIENTED_EDGE('',*,*,#10448,.T.);
#10448 = EDGE_CURVE('',#10441,#10449,#10451,.T.);
#10449 = VERTEX_POINT('',#10450);
#10450 = CARTESIAN_POINT('',(-1.143E+03,267.,1.E+03));
#10451 = LINE('',#10452,#10453);
#10452 = CARTESIAN_POINT('',(-1.143E+03,267.,0.));
#10453 = VECTOR('',#10454,1.);
#10454 = DIRECTION('',(0.,0.,1.));
#10455 = ORIENTED_EDGE('',*,*,#10456,.F.);
#10456 = EDGE_CURVE('',#10433,#10449,#10457,.T.);
#10457 = LINE('',#10458,#10459);
#10458 = CARTESIAN_POINT('',(-1.143E+03,-233.,1.E+03));
#10459 = VECTOR('',#10460,1.);
#10460 = DIRECTION('',(0.,1.,0.));
#10461 = PLANE('',#10462);
#10462 = AXIS2_PLACEMENT_3D('',#10463,#10464,#10465);
#10463 = CARTESIAN_POINT('',(-1.143E+03,-233.,0.));
#10464 = DIRECTION('',(1.,0.,0.));
#10465 = DIRECTION('',(0.,0.,1.));
#10466 = ADVANCED_FACE('',(#10467),#10483,.F.);
#10467 = FACE_BOUND('',#10468,.F.);
#10468 = EDGE_LOOP('',(#10469,#10475,#10476,#10482));
#10469 = ORIENTED_EDGE('',*,*,#10470,.F.);
#10470 = EDGE_CURVE('',#10391,#10431,#10471,.T.);
#10471 = LINE('',#10472,#10473);
#10472 = CARTESIAN_POINT('',(-1.743E+03,-233.,0.));
#10473 = VECTOR('',#10474,1.);
#10474 = DIRECTION('',(1.,0.,0.));
#10475 = ORIENTED_EDGE('',*,*,#10390,.T.);
#10476 = ORIENTED_EDGE('',*,*,#10477,.T.);
#10477 = EDGE_CURVE('',#10393,#10433,#10478,.T.);
#10478 = LINE('',#10479,#10480);
#10479 = CARTESIAN_POINT('',(-1.743E+03,-233.,1.E+03));
#10480 = VECTOR('',#10481,1.);
#10481 = DIRECTION('',(1.,0.,0.));
#10482 = ORIENTED_EDGE('',*,*,#10430,.F.);
#10483 = PLANE('',#10484);
#10484 = AXIS2_PLACEMENT_3D('',#10485,#10486,#10487);
#10485 = CARTESIAN_POINT('',(-1.743E+03,-233.,0.));
#10486 = DIRECTION('',(0.,1.,0.));
#10487 = DIRECTION('',(0.,0.,1.));
#10488 = ADVANCED_FACE('',(#10489),#10505,.T.);
#10489 = FACE_BOUND('',#10490,.T.);
#10490 = EDGE_LOOP('',(#10491,#10497,#10498,#10504));
#10491 = ORIENTED_EDGE('',*,*,#10492,.F.);
#10492 = EDGE_CURVE('',#10401,#10441,#10493,.T.);
#10493 = LINE('',#10494,#10495);
#10494 = CARTESIAN_POINT('',(-1.743E+03,267.,0.));
#10495 = VECTOR('',#10496,1.);
#10496 = DIRECTION('',(1.,0.,0.));
#10497 = ORIENTED_EDGE('',*,*,#10408,.T.);
#10498 = ORIENTED_EDGE('',*,*,#10499,.T.);
#10499 = EDGE_CURVE('',#10409,#10449,#10500,.T.);
#10500 = LINE('',#10501,#10502);
#10501 = CARTESIAN_POINT('',(-1.743E+03,267.,1.E+03));
#10502 = VECTOR('',#10503,1.);
#10503 = DIRECTION('',(1.,0.,0.));
#10504 = ORIENTED_EDGE('',*,*,#10448,.F.);
#10505 = PLANE('',#10506);
#10506 = AXIS2_PLACEMENT_3D('',#10507,#10508,#10509);
#10507 = CARTESIAN_POINT('',(-1.743E+03,267.,0.));
#10508 = DIRECTION('',(0.,1.,0.));
#10509 = DIRECTION('',(0.,0.,1.));
#10510 = ADVANCED_FACE('',(#10511),#10517,.F.);
#10511 = FACE_BOUND('',#10512,.F.);
#10512 = EDGE_LOOP('',(#10513,#10514,#10515,#10516));
#10513 = ORIENTED_EDGE('',*,*,#10400,.F.);
#10514 = ORIENTED_EDGE('',*,*,#10470,.T.);
#10515 = ORIENTED_EDGE('',*,*,#10440,.T.);
#10516 = ORIENTED_EDGE('',*,*,#10492,.F.);
#10517 = PLANE('',#10518);
#10518 = AXIS2_PLACEMENT_3D('',#10519,#10520,#10521);
#10519 = CARTESIAN_POINT('',(-1.743E+03,-233.,0.));
#10520 = DIRECTION('',(0.,0.,1.));
#10521 = DIRECTION('',(1.,0.,0.));
#10522 = ADVANCED_FACE('',(#10523),#10529,.T.);
#10523 = FACE_BOUND('',#10524,.T.);
#10524 = EDGE_LOOP('',(#10525,#10526,#10527,#10528));
#10525 = ORIENTED_EDGE('',*,*,#10416,.F.);
#10526 = ORIENTED_EDGE('',*,*,#10477,.T.);
#10527 = ORIENTED_EDGE('',*,*,#10456,.T.);
#10528 = ORIENTED_EDGE('',*,*,#10499,.F.);
#10529 = PLANE('',#10530);
#10530 = AXIS2_PLACEMENT_3D('',#10531,#10532,#10533);
#10531 = CARTESIAN_POINT('',(-1.743E+03,-233.,1.E+03));
#10532 = DIRECTION('',(0.,0.,1.));
#10533 = DIRECTION('',(1.,0.,0.));
#10534 = MANIFOLD_SOLID_BREP('',#10535);
#10535 = CLOSED_SHELL('',(#10536,#10576,#10616,#10638,#10660,#10672));
#10536 = ADVANCED_FACE('',(#10537),#10571,.F.);
#10537 = FACE_BOUND('',#10538,.F.);
#10538 = EDGE_LOOP('',(#10539,#10549,#10557,#10565));
#10539 = ORIENTED_EDGE('',*,*,#10540,.F.);
#10540 = EDGE_CURVE('',#10541,#10543,#10545,.T.);
#10541 = VERTEX_POINT('',#10542);
#10542 = CARTESIAN_POINT('',(787.,492.,2.8E+03));
#10543 = VERTEX_POINT('',#10544);
#10544 = CARTESIAN_POINT('',(787.,492.,2.92E+03));
#10545 = LINE('',#10546,#10547);
#10546 = CARTESIAN_POINT('',(787.,492.,2.8E+03));
#10547 = VECTOR('',#10548,1.);
#10548 = DIRECTION('',(0.,0.,1.));
#10549 = ORIENTED_EDGE('',*,*,#10550,.T.);
#10550 = EDGE_CURVE('',#10541,#10551,#10553,.T.);
#10551 = VERTEX_POINT('',#10552);
#10552 = CARTESIAN_POINT('',(787.,742.,2.8E+03));
#10553 = LINE('',#10554,#10555);
#10554 = CARTESIAN_POINT('',(787.,492.,2.8E+03));
#10555 = VECTOR('',#10556,1.);
#10556 = DIRECTION('',(0.,1.,0.));
#10557 = ORIENTED_EDGE('',*,*,#10558,.T.);
#10558 = EDGE_CURVE('',#10551,#10559,#10561,.T.);
#10559 = VERTEX_POINT('',#10560);
#10560 = CARTESIAN_POINT('',(787.,742.,2.92E+03));
#10561 = LINE('',#10562,#10563);
#10562 = CARTESIAN_POINT('',(787.,742.,2.8E+03));
#10563 = VECTOR('',#10564,1.);
#10564 = DIRECTION('',(0.,0.,1.));
#10565 = ORIENTED_EDGE('',*,*,#10566,.F.);
#10566 = EDGE_CURVE('',#10543,#10559,#10567,.T.);
#10567 = LINE('',#10568,#10569);
#10568 = CARTESIAN_POINT('',(787.,492.,2.92E+03));
#10569 = VECTOR('',#10570,1.);
#10570 = DIRECTION('',(0.,1.,0.));
#10571 = PLANE('',#10572);
#10572 = AXIS2_PLACEMENT_3D('',#10573,#10574,#10575);
#10573 = CARTESIAN_POINT('',(787.,492.,2.8E+03));
#10574 = DIRECTION('',(1.,0.,0.));
#10575 = DIRECTION('',(0.,0.,1.));
#10576 = ADVANCED_FACE('',(#10577),#10611,.T.);
#10577 = FACE_BOUND('',#10578,.T.);
#10578 = EDGE_LOOP('',(#10579,#10589,#10597,#10605));
#10579 = ORIENTED_EDGE('',*,*,#10580,.F.);
#10580 = EDGE_CURVE('',#10581,#10583,#10585,.T.);
#10581 = VERTEX_POINT('',#10582);
#10582 = CARTESIAN_POINT('',(1.137E+03,492.,2.8E+03));
#10583 = VERTEX_POINT('',#10584);
#10584 = CARTESIAN_POINT('',(1.137E+03,492.,2.92E+03));
#10585 = LINE('',#10586,#10587);
#10586 = CARTESIAN_POINT('',(1.137E+03,492.,2.8E+03));
#10587 = VECTOR('',#10588,1.);
#10588 = DIRECTION('',(0.,0.,1.));
#10589 = ORIENTED_EDGE('',*,*,#10590,.T.);
#10590 = EDGE_CURVE('',#10581,#10591,#10593,.T.);
#10591 = VERTEX_POINT('',#10592);
#10592 = CARTESIAN_POINT('',(1.137E+03,742.,2.8E+03));
#10593 = LINE('',#10594,#10595);
#10594 = CARTESIAN_POINT('',(1.137E+03,492.,2.8E+03));
#10595 = VECTOR('',#10596,1.);
#10596 = DIRECTION('',(0.,1.,0.));
#10597 = ORIENTED_EDGE('',*,*,#10598,.T.);
#10598 = EDGE_CURVE('',#10591,#10599,#10601,.T.);
#10599 = VERTEX_POINT('',#10600);
#10600 = CARTESIAN_POINT('',(1.137E+03,742.,2.92E+03));
#10601 = LINE('',#10602,#10603);
#10602 = CARTESIAN_POINT('',(1.137E+03,742.,2.8E+03));
#10603 = VECTOR('',#10604,1.);
#10604 = DIRECTION('',(0.,0.,1.));
#10605 = ORIENTED_EDGE('',*,*,#10606,.F.);
#10606 = EDGE_CURVE('',#10583,#10599,#10607,.T.);
#10607 = LINE('',#10608,#10609);
#10608 = CARTESIAN_POINT('',(1.137E+03,492.,2.92E+03));
#10609 = VECTOR('',#10610,1.);
#10610 = DIRECTION('',(0.,1.,0.));
#10611 = PLANE('',#10612);
#10612 = AXIS2_PLACEMENT_3D('',#10613,#10614,#10615);
#10613 = CARTESIAN_POINT('',(1.137E+03,492.,2.8E+03));
#10614 = DIRECTION('',(1.,0.,0.));
#10615 = DIRECTION('',(0.,0.,1.));
#10616 = ADVANCED_FACE('',(#10617),#10633,.F.);
#10617 = FACE_BOUND('',#10618,.F.);
#10618 = EDGE_LOOP('',(#10619,#10625,#10626,#10632));
#10619 = ORIENTED_EDGE('',*,*,#10620,.F.);
#10620 = EDGE_CURVE('',#10541,#10581,#10621,.T.);
#10621 = LINE('',#10622,#10623);
#10622 = CARTESIAN_POINT('',(787.,492.,2.8E+03));
#10623 = VECTOR('',#10624,1.);
#10624 = DIRECTION('',(1.,0.,0.));
#10625 = ORIENTED_EDGE('',*,*,#10540,.T.);
#10626 = ORIENTED_EDGE('',*,*,#10627,.T.);
#10627 = EDGE_CURVE('',#10543,#10583,#10628,.T.);
#10628 = LINE('',#10629,#10630);
#10629 = CARTESIAN_POINT('',(787.,492.,2.92E+03));
#10630 = VECTOR('',#10631,1.);
#10631 = DIRECTION('',(1.,0.,0.));
#10632 = ORIENTED_EDGE('',*,*,#10580,.F.);
#10633 = PLANE('',#10634);
#10634 = AXIS2_PLACEMENT_3D('',#10635,#10636,#10637);
#10635 = CARTESIAN_POINT('',(787.,492.,2.8E+03));
#10636 = DIRECTION('',(0.,1.,0.));
#10637 = DIRECTION('',(0.,0.,1.));
#10638 = ADVANCED_FACE('',(#10639),#10655,.T.);
#10639 = FACE_BOUND('',#10640,.T.);
#10640 = EDGE_LOOP('',(#10641,#10647,#10648,#10654));
#10641 = ORIENTED_EDGE('',*,*,#10642,.F.);
#10642 = EDGE_CURVE('',#10551,#10591,#10643,.T.);
#10643 = LINE('',#10644,#10645);
#10644 = CARTESIAN_POINT('',(787.,742.,2.8E+03));
#10645 = VECTOR('',#10646,1.);
#10646 = DIRECTION('',(1.,0.,0.));
#10647 = ORIENTED_EDGE('',*,*,#10558,.T.);
#10648 = ORIENTED_EDGE('',*,*,#10649,.T.);
#10649 = EDGE_CURVE('',#10559,#10599,#10650,.T.);
#10650 = LINE('',#10651,#10652);
#10651 = CARTESIAN_POINT('',(787.,742.,2.92E+03));
#10652 = VECTOR('',#10653,1.);
#10653 = DIRECTION('',(1.,0.,0.));
#10654 = ORIENTED_EDGE('',*,*,#10598,.F.);
#10655 = PLANE('',#10656);
#10656 = AXIS2_PLACEMENT_3D('',#10657,#10658,#10659);
#10657 = CARTESIAN_POINT('',(787.,742.,2.8E+03));
#10658 = DIRECTION('',(0.,1.,0.));
#10659 = DIRECTION('',(0.,0.,1.));
#10660 = ADVANCED_FACE('',(#10661),#10667,.F.);
#10661 = FACE_BOUND('',#10662,.F.);
#10662 = EDGE_LOOP('',(#10663,#10664,#10665,#10666));
#10663 = ORIENTED_EDGE('',*,*,#10550,.F.);
#10664 = ORIENTED_EDGE('',*,*,#10620,.T.);
#10665 = ORIENTED_EDGE('',*,*,#10590,.T.);
#10666 = ORIENTED_EDGE('',*,*,#10642,.F.);
#10667 = PLANE('',#10668);
#10668 = AXIS2_PLACEMENT_3D('',#10669,#10670,#10671);
#10669 = CARTESIAN_POINT('',(787.,492.,2.8E+03));
#10670 = DIRECTION('',(0.,0.,1.));
#10671 = DIRECTION('',(1.,0.,0.));
#10672 = ADVANCED_FACE('',(#10673),#10679,.T.);
#10673 = FACE_BOUND('',#10674,.T.);
#10674 = EDGE_LOOP('',(#10675,#10676,#10677,#10678));
#10675 = ORIENTED_EDGE('',*,*,#10566,.F.);
#10676 = ORIENTED_EDGE('',*,*,#10627,.T.);
#10677 = ORIENTED_EDGE('',*,*,#10606,.T.);
#10678 = ORIENTED_EDGE('',*,*,#10649,.F.);
#10679 = PLANE('',#10680);
#10680 = AXIS2_PLACEMENT_3D('',#10681,#10682,#10683);
#10681 = CARTESIAN_POINT('',(787.,492.,2.92E+03));
#10682 = DIRECTION('',(0.,0.,1.));
#10683 = DIRECTION('',(1.,0.,0.));
#10684 = MANIFOLD_SOLID_BREP('',#10685);
#10685 = CLOSED_SHELL('',(#10686,#10712));
#10686 = ADVANCED_FACE('',(#10687),#10707,.T.);
#10687 = FACE_BOUND('',#10688,.T.);
#10688 = EDGE_LOOP('',(#10689,#10698,#10706));
#10689 = ORIENTED_EDGE('',*,*,#10690,.F.);
#10690 = EDGE_CURVE('',#10691,#10691,#10693,.T.);
#10691 = VERTEX_POINT('',#10692);
#10692 = CARTESIAN_POINT('',(872.,117.,2.28E+03));
#10693 = CIRCLE('',#10694,90.);
#10694 = AXIS2_PLACEMENT_3D('',#10695,#10696,#10697);
#10695 = CARTESIAN_POINT('',(962.,117.,2.28E+03));
#10696 = DIRECTION('',(0.,0.,-1.));
#10697 = DIRECTION('',(-1.,0.,0.));
#10698 = ORIENTED_EDGE('',*,*,#10699,.F.);
#10699 = EDGE_CURVE('',#10700,#10691,#10702,.T.);
#10700 = VERTEX_POINT('',#10701);
#10701 = CARTESIAN_POINT('',(962.,117.,2.4E+03));
#10702 = LINE('',#10703,#10704);
#10703 = CARTESIAN_POINT('',(962.,117.,2.4E+03));
#10704 = VECTOR('',#10705,1.);
#10705 = DIRECTION('',(-0.6,-1.5E-16,-0.8));
#10706 = ORIENTED_EDGE('',*,*,#10699,.T.);
#10707 = CONICAL_SURFACE('',#10708,0.,0.643501108793);
#10708 = AXIS2_PLACEMENT_3D('',#10709,#10710,#10711);
#10709 = CARTESIAN_POINT('',(962.,117.,2.4E+03));
#10710 = DIRECTION('',(0.,0.,-1.));
#10711 = DIRECTION('',(-1.,0.,0.));
#10712 = ADVANCED_FACE('',(#10713),#10716,.T.);
#10713 = FACE_BOUND('',#10714,.T.);
#10714 = EDGE_LOOP('',(#10715));
#10715 = ORIENTED_EDGE('',*,*,#10690,.T.);
#10716 = PLANE('',#10717);
#10717 = AXIS2_PLACEMENT_3D('',#10718,#10719,#10720);
#10718 = CARTESIAN_POINT('',(962.,117.,2.28E+03));
#10719 = DIRECTION('',(0.,0.,-1.));
#10720 = DIRECTION('',(-1.,0.,0.));
#10721 = MANIFOLD_SOLID_BREP('',#10722);
#10722 = CLOSED_SHELL('',(#10723,#10763,#10803,#10825,#10847,#10859));
#10723 = ADVANCED_FACE('',(#10724),#10758,.F.);
#10724 = FACE_BOUND('',#10725,.F.);
#10725 = EDGE_LOOP('',(#10726,#10736,#10744,#10752));
#10726 = ORIENTED_EDGE('',*,*,#10727,.F.);
#10727 = EDGE_CURVE('',#10728,#10730,#10732,.T.);
#10728 = VERTEX_POINT('',#10729);
#10729 = CARTESIAN_POINT('',(-1.568E+03,4.198E+03,2.3E+03));
#10730 = VERTEX_POINT('',#10731);
#10731 = CARTESIAN_POINT('',(-1.568E+03,4.198E+03,2.65E+03));
#10732 = LINE('',#10733,#10734);
#10733 = CARTESIAN_POINT('',(-1.568E+03,4.198E+03,2.3E+03));
#10734 = VECTOR('',#10735,1.);
#10735 = DIRECTION('',(0.,0.,1.));
#10736 = ORIENTED_EDGE('',*,*,#10737,.T.);
#10737 = EDGE_CURVE('',#10728,#10738,#10740,.T.);
#10738 = VERTEX_POINT('',#10739);
#10739 = CARTESIAN_POINT('',(-1.568E+03,4.398E+03,2.3E+03));
#10740 = LINE('',#10741,#10742);
#10741 = CARTESIAN_POINT('',(-1.568E+03,4.198E+03,2.3E+03));
#10742 = VECTOR('',#10743,1.);
#10743 = DIRECTION('',(0.,1.,0.));
#10744 = ORIENTED_EDGE('',*,*,#10745,.T.);
#10745 = EDGE_CURVE('',#10738,#10746,#10748,.T.);
#10746 = VERTEX_POINT('',#10747);
#10747 = CARTESIAN_POINT('',(-1.568E+03,4.398E+03,2.65E+03));
#10748 = LINE('',#10749,#10750);
#10749 = CARTESIAN_POINT('',(-1.568E+03,4.398E+03,2.3E+03));
#10750 = VECTOR('',#10751,1.);
#10751 = DIRECTION('',(0.,0.,1.));
#10752 = ORIENTED_EDGE('',*,*,#10753,.F.);
#10753 = EDGE_CURVE('',#10730,#10746,#10754,.T.);
#10754 = LINE('',#10755,#10756);
#10755 = CARTESIAN_POINT('',(-1.568E+03,4.198E+03,2.65E+03));
#10756 = VECTOR('',#10757,1.);
#10757 = DIRECTION('',(0.,1.,0.));
#10758 = PLANE('',#10759);
#10759 = AXIS2_PLACEMENT_3D('',#10760,#10761,#10762);
#10760 = CARTESIAN_POINT('',(-1.568E+03,4.198E+03,2.3E+03));
#10761 = DIRECTION('',(1.,0.,0.));
#10762 = DIRECTION('',(0.,0.,1.));
#10763 = ADVANCED_FACE('',(#10764),#10798,.T.);
#10764 = FACE_BOUND('',#10765,.T.);
#10765 = EDGE_LOOP('',(#10766,#10776,#10784,#10792));
#10766 = ORIENTED_EDGE('',*,*,#10767,.F.);
#10767 = EDGE_CURVE('',#10768,#10770,#10772,.T.);
#10768 = VERTEX_POINT('',#10769);
#10769 = CARTESIAN_POINT('',(-1.318E+03,4.198E+03,2.3E+03));
#10770 = VERTEX_POINT('',#10771);
#10771 = CARTESIAN_POINT('',(-1.318E+03,4.198E+03,2.65E+03));
#10772 = LINE('',#10773,#10774);
#10773 = CARTESIAN_POINT('',(-1.318E+03,4.198E+03,2.3E+03));
#10774 = VECTOR('',#10775,1.);
#10775 = DIRECTION('',(0.,0.,1.));
#10776 = ORIENTED_EDGE('',*,*,#10777,.T.);
#10777 = EDGE_CURVE('',#10768,#10778,#10780,.T.);
#10778 = VERTEX_POINT('',#10779);
#10779 = CARTESIAN_POINT('',(-1.318E+03,4.398E+03,2.3E+03));
#10780 = LINE('',#10781,#10782);
#10781 = CARTESIAN_POINT('',(-1.318E+03,4.198E+03,2.3E+03));
#10782 = VECTOR('',#10783,1.);
#10783 = DIRECTION('',(0.,1.,0.));
#10784 = ORIENTED_EDGE('',*,*,#10785,.T.);
#10785 = EDGE_CURVE('',#10778,#10786,#10788,.T.);
#10786 = VERTEX_POINT('',#10787);
#10787 = CARTESIAN_POINT('',(-1.318E+03,4.398E+03,2.65E+03));
#10788 = LINE('',#10789,#10790);
#10789 = CARTESIAN_POINT('',(-1.318E+03,4.398E+03,2.3E+03));
#10790 = VECTOR('',#10791,1.);
#10791 = DIRECTION('',(0.,0.,1.));
#10792 = ORIENTED_EDGE('',*,*,#10793,.F.);
#10793 = EDGE_CURVE('',#10770,#10786,#10794,.T.);
#10794 = LINE('',#10795,#10796);
#10795 = CARTESIAN_POINT('',(-1.318E+03,4.198E+03,2.65E+03));
#10796 = VECTOR('',#10797,1.);
#10797 = DIRECTION('',(0.,1.,0.));
#10798 = PLANE('',#10799);
#10799 = AXIS2_PLACEMENT_3D('',#10800,#10801,#10802);
#10800 = CARTESIAN_POINT('',(-1.318E+03,4.198E+03,2.3E+03));
#10801 = DIRECTION('',(1.,0.,0.));
#10802 = DIRECTION('',(0.,0.,1.));
#10803 = ADVANCED_FACE('',(#10804),#10820,.F.);
#10804 = FACE_BOUND('',#10805,.F.);
#10805 = EDGE_LOOP('',(#10806,#10812,#10813,#10819));
#10806 = ORIENTED_EDGE('',*,*,#10807,.F.);
#10807 = EDGE_CURVE('',#10728,#10768,#10808,.T.);
#10808 = LINE('',#10809,#10810);
#10809 = CARTESIAN_POINT('',(-1.568E+03,4.198E+03,2.3E+03));
#10810 = VECTOR('',#10811,1.);
#10811 = DIRECTION('',(1.,0.,0.));
#10812 = ORIENTED_EDGE('',*,*,#10727,.T.);
#10813 = ORIENTED_EDGE('',*,*,#10814,.T.);
#10814 = EDGE_CURVE('',#10730,#10770,#10815,.T.);
#10815 = LINE('',#10816,#10817);
#10816 = CARTESIAN_POINT('',(-1.568E+03,4.198E+03,2.65E+03));
#10817 = VECTOR('',#10818,1.);
#10818 = DIRECTION('',(1.,0.,0.));
#10819 = ORIENTED_EDGE('',*,*,#10767,.F.);
#10820 = PLANE('',#10821);
#10821 = AXIS2_PLACEMENT_3D('',#10822,#10823,#10824);
#10822 = CARTESIAN_POINT('',(-1.568E+03,4.198E+03,2.3E+03));
#10823 = DIRECTION('',(0.,1.,0.));
#10824 = DIRECTION('',(0.,0.,1.));
#10825 = ADVANCED_FACE('',(#10826),#10842,.T.);
#10826 = FACE_BOUND('',#10827,.T.);
#10827 = EDGE_LOOP('',(#10828,#10834,#10835,#10841));
#10828 = ORIENTED_EDGE('',*,*,#10829,.F.);
#10829 = EDGE_CURVE('',#10738,#10778,#10830,.T.);
#10830 = LINE('',#10831,#10832);
#10831 = CARTESIAN_POINT('',(-1.568E+03,4.398E+03,2.3E+03));
#10832 = VECTOR('',#10833,1.);
#10833 = DIRECTION('',(1.,0.,0.));
#10834 = ORIENTED_EDGE('',*,*,#10745,.T.);
#10835 = ORIENTED_EDGE('',*,*,#10836,.T.);
#10836 = EDGE_CURVE('',#10746,#10786,#10837,.T.);
#10837 = LINE('',#10838,#10839);
#10838 = CARTESIAN_POINT('',(-1.568E+03,4.398E+03,2.65E+03));
#10839 = VECTOR('',#10840,1.);
#10840 = DIRECTION('',(1.,0.,0.));
#10841 = ORIENTED_EDGE('',*,*,#10785,.F.);
#10842 = PLANE('',#10843);
#10843 = AXIS2_PLACEMENT_3D('',#10844,#10845,#10846);
#10844 = CARTESIAN_POINT('',(-1.568E+03,4.398E+03,2.3E+03));
#10845 = DIRECTION('',(0.,1.,0.));
#10846 = DIRECTION('',(0.,0.,1.));
#10847 = ADVANCED_FACE('',(#10848),#10854,.F.);
#10848 = FACE_BOUND('',#10849,.F.);
#10849 = EDGE_LOOP('',(#10850,#10851,#10852,#10853));
#10850 = ORIENTED_EDGE('',*,*,#10737,.F.);
#10851 = ORIENTED_EDGE('',*,*,#10807,.T.);
#10852 = ORIENTED_EDGE('',*,*,#10777,.T.);
#10853 = ORIENTED_EDGE('',*,*,#10829,.F.);
#10854 = PLANE('',#10855);
#10855 = AXIS2_PLACEMENT_3D('',#10856,#10857,#10858);
#10856 = CARTESIAN_POINT('',(-1.568E+03,4.198E+03,2.3E+03));
#10857 = DIRECTION('',(0.,0.,1.));
#10858 = DIRECTION('',(1.,0.,0.));
#10859 = ADVANCED_FACE('',(#10860),#10866,.T.);
#10860 = FACE_BOUND('',#10861,.T.);
#10861 = EDGE_LOOP('',(#10862,#10863,#10864,#10865));
#10862 = ORIENTED_EDGE('',*,*,#10753,.F.);
#10863 = ORIENTED_EDGE('',*,*,#10814,.T.);
#10864 = ORIENTED_EDGE('',*,*,#10793,.T.);
#10865 = ORIENTED_EDGE('',*,*,#10836,.F.);
#10866 = PLANE('',#10867);
#10867 = AXIS2_PLACEMENT_3D('',#10868,#10869,#10870);
#10868 = CARTESIAN_POINT('',(-1.568E+03,4.198E+03,2.65E+03));
#10869 = DIRECTION('',(0.,0.,1.));
#10870 = DIRECTION('',(1.,0.,0.));
#10871 = MANIFOLD_SOLID_BREP('',#10872);
#10872 = CLOSED_SHELL('',(#10873,#10913,#10953,#10975,#10997,#11009));
#10873 = ADVANCED_FACE('',(#10874),#10908,.F.);
#10874 = FACE_BOUND('',#10875,.F.);
#10875 = EDGE_LOOP('',(#10876,#10886,#10894,#10902));
#10876 = ORIENTED_EDGE('',*,*,#10877,.F.);
#10877 = EDGE_CURVE('',#10878,#10880,#10882,.T.);
#10878 = VERTEX_POINT('',#10879);
#10879 = CARTESIAN_POINT('',(3.242E+03,4.198E+03,2.3E+03));
#10880 = VERTEX_POINT('',#10881);
#10881 = CARTESIAN_POINT('',(3.242E+03,4.198E+03,2.65E+03));
#10882 = LINE('',#10883,#10884);
#10883 = CARTESIAN_POINT('',(3.242E+03,4.198E+03,2.3E+03));
#10884 = VECTOR('',#10885,1.);
#10885 = DIRECTION('',(0.,0.,1.));
#10886 = ORIENTED_EDGE('',*,*,#10887,.T.);
#10887 = EDGE_CURVE('',#10878,#10888,#10890,.T.);
#10888 = VERTEX_POINT('',#10889);
#10889 = CARTESIAN_POINT('',(3.242E+03,4.398E+03,2.3E+03));
#10890 = LINE('',#10891,#10892);
#10891 = CARTESIAN_POINT('',(3.242E+03,4.198E+03,2.3E+03));
#10892 = VECTOR('',#10893,1.);
#10893 = DIRECTION('',(0.,1.,0.));
#10894 = ORIENTED_EDGE('',*,*,#10895,.T.);
#10895 = EDGE_CURVE('',#10888,#10896,#10898,.T.);
#10896 = VERTEX_POINT('',#10897);
#10897 = CARTESIAN_POINT('',(3.242E+03,4.398E+03,2.65E+03));
#10898 = LINE('',#10899,#10900);
#10899 = CARTESIAN_POINT('',(3.242E+03,4.398E+03,2.3E+03));
#10900 = VECTOR('',#10901,1.);
#10901 = DIRECTION('',(0.,0.,1.));
#10902 = ORIENTED_EDGE('',*,*,#10903,.F.);
#10903 = EDGE_CURVE('',#10880,#10896,#10904,.T.);
#10904 = LINE('',#10905,#10906);
#10905 = CARTESIAN_POINT('',(3.242E+03,4.198E+03,2.65E+03));
#10906 = VECTOR('',#10907,1.);
#10907 = DIRECTION('',(0.,1.,0.));
#10908 = PLANE('',#10909);
#10909 = AXIS2_PLACEMENT_3D('',#10910,#10911,#10912);
#10910 = CARTESIAN_POINT('',(3.242E+03,4.198E+03,2.3E+03));
#10911 = DIRECTION('',(1.,0.,0.));
#10912 = DIRECTION('',(0.,0.,1.));
#10913 = ADVANCED_FACE('',(#10914),#10948,.T.);
#10914 = FACE_BOUND('',#10915,.T.);
#10915 = EDGE_LOOP('',(#10916,#10926,#10934,#10942));
#10916 = ORIENTED_EDGE('',*,*,#10917,.F.);
#10917 = EDGE_CURVE('',#10918,#10920,#10922,.T.);
#10918 = VERTEX_POINT('',#10919);
#10919 = CARTESIAN_POINT('',(3.492E+03,4.198E+03,2.3E+03));
#10920 = VERTEX_POINT('',#10921);
#10921 = CARTESIAN_POINT('',(3.492E+03,4.198E+03,2.65E+03));
#10922 = LINE('',#10923,#10924);
#10923 = CARTESIAN_POINT('',(3.492E+03,4.198E+03,2.3E+03));
#10924 = VECTOR('',#10925,1.);
#10925 = DIRECTION('',(0.,0.,1.));
#10926 = ORIENTED_EDGE('',*,*,#10927,.T.);
#10927 = EDGE_CURVE('',#10918,#10928,#10930,.T.);
#10928 = VERTEX_POINT('',#10929);
#10929 = CARTESIAN_POINT('',(3.492E+03,4.398E+03,2.3E+03));
#10930 = LINE('',#10931,#10932);
#10931 = CARTESIAN_POINT('',(3.492E+03,4.198E+03,2.3E+03));
#10932 = VECTOR('',#10933,1.);
#10933 = DIRECTION('',(0.,1.,0.));
#10934 = ORIENTED_EDGE('',*,*,#10935,.T.);
#10935 = EDGE_CURVE('',#10928,#10936,#10938,.T.);
#10936 = VERTEX_POINT('',#10937);
#10937 = CARTESIAN_POINT('',(3.492E+03,4.398E+03,2.65E+03));
#10938 = LINE('',#10939,#10940);
#10939 = CARTESIAN_POINT('',(3.492E+03,4.398E+03,2.3E+03));
#10940 = VECTOR('',#10941,1.);
#10941 = DIRECTION('',(0.,0.,1.));
#10942 = ORIENTED_EDGE('',*,*,#10943,.F.);
#10943 = EDGE_CURVE('',#10920,#10936,#10944,.T.);
#10944 = LINE('',#10945,#10946);
#10945 = CARTESIAN_POINT('',(3.492E+03,4.198E+03,2.65E+03));
#10946 = VECTOR('',#10947,1.);
#10947 = DIRECTION('',(0.,1.,0.));
#10948 = PLANE('',#10949);
#10949 = AXIS2_PLACEMENT_3D('',#10950,#10951,#10952);
#10950 = CARTESIAN_POINT('',(3.492E+03,4.198E+03,2.3E+03));
#10951 = DIRECTION('',(1.,0.,0.));
#10952 = DIRECTION('',(0.,0.,1.));
#10953 = ADVANCED_FACE('',(#10954),#10970,.F.);
#10954 = FACE_BOUND('',#10955,.F.);
#10955 = EDGE_LOOP('',(#10956,#10962,#10963,#10969));
#10956 = ORIENTED_EDGE('',*,*,#10957,.F.);
#10957 = EDGE_CURVE('',#10878,#10918,#10958,.T.);
#10958 = LINE('',#10959,#10960);
#10959 = CARTESIAN_POINT('',(3.242E+03,4.198E+03,2.3E+03));
#10960 = VECTOR('',#10961,1.);
#10961 = DIRECTION('',(1.,0.,0.));
#10962 = ORIENTED_EDGE('',*,*,#10877,.T.);
#10963 = ORIENTED_EDGE('',*,*,#10964,.T.);
#10964 = EDGE_CURVE('',#10880,#10920,#10965,.T.);
#10965 = LINE('',#10966,#10967);
#10966 = CARTESIAN_POINT('',(3.242E+03,4.198E+03,2.65E+03));
#10967 = VECTOR('',#10968,1.);
#10968 = DIRECTION('',(1.,0.,0.));
#10969 = ORIENTED_EDGE('',*,*,#10917,.F.);
#10970 = PLANE('',#10971);
#10971 = AXIS2_PLACEMENT_3D('',#10972,#10973,#10974);
#10972 = CARTESIAN_POINT('',(3.242E+03,4.198E+03,2.3E+03));
#10973 = DIRECTION('',(0.,1.,0.));
#10974 = DIRECTION('',(0.,0.,1.));
#10975 = ADVANCED_FACE('',(#10976),#10992,.T.);
#10976 = FACE_BOUND('',#10977,.T.);
#10977 = EDGE_LOOP('',(#10978,#10984,#10985,#10991));
#10978 = ORIENTED_EDGE('',*,*,#10979,.F.);
#10979 = EDGE_CURVE('',#10888,#10928,#10980,.T.);
#10980 = LINE('',#10981,#10982);
#10981 = CARTESIAN_POINT('',(3.242E+03,4.398E+03,2.3E+03));
#10982 = VECTOR('',#10983,1.);
#10983 = DIRECTION('',(1.,0.,0.));
#10984 = ORIENTED_EDGE('',*,*,#10895,.T.);
#10985 = ORIENTED_EDGE('',*,*,#10986,.T.);
#10986 = EDGE_CURVE('',#10896,#10936,#10987,.T.);
#10987 = LINE('',#10988,#10989);
#10988 = CARTESIAN_POINT('',(3.242E+03,4.398E+03,2.65E+03));
#10989 = VECTOR('',#10990,1.);
#10990 = DIRECTION('',(1.,0.,0.));
#10991 = ORIENTED_EDGE('',*,*,#10935,.F.);
#10992 = PLANE('',#10993);
#10993 = AXIS2_PLACEMENT_3D('',#10994,#10995,#10996);
#10994 = CARTESIAN_POINT('',(3.242E+03,4.398E+03,2.3E+03));
#10995 = DIRECTION('',(0.,1.,0.));
#10996 = DIRECTION('',(0.,0.,1.));
#10997 = ADVANCED_FACE('',(#10998),#11004,.F.);
#10998 = FACE_BOUND('',#10999,.F.);
#10999 = EDGE_LOOP('',(#11000,#11001,#11002,#11003));
#11000 = ORIENTED_EDGE('',*,*,#10887,.F.);
#11001 = ORIENTED_EDGE('',*,*,#10957,.T.);
#11002 = ORIENTED_EDGE('',*,*,#10927,.T.);
#11003 = ORIENTED_EDGE('',*,*,#10979,.F.);
#11004 = PLANE('',#11005);
#11005 = AXIS2_PLACEMENT_3D('',#11006,#11007,#11008);
#11006 = CARTESIAN_POINT('',(3.242E+03,4.198E+03,2.3E+03));
#11007 = DIRECTION('',(0.,0.,1.));
#11008 = DIRECTION('',(1.,0.,0.));
#11009 = ADVANCED_FACE('',(#11010),#11016,.T.);
#11010 = FACE_BOUND('',#11011,.T.);
#11011 = EDGE_LOOP('',(#11012,#11013,#11014,#11015));
#11012 = ORIENTED_EDGE('',*,*,#10903,.F.);
#11013 = ORIENTED_EDGE('',*,*,#10964,.T.);
#11014 = ORIENTED_EDGE('',*,*,#10943,.T.);
#11015 = ORIENTED_EDGE('',*,*,#10986,.F.);
#11016 = PLANE('',#11017);
#11017 = AXIS2_PLACEMENT_3D('',#11018,#11019,#11020);
#11018 = CARTESIAN_POINT('',(3.242E+03,4.198E+03,2.65E+03));
#11019 = DIRECTION('',(0.,0.,1.));
#11020 = DIRECTION('',(1.,0.,0.));
#11021 = MANIFOLD_SOLID_BREP('',#11022);
#11022 = CLOSED_SHELL('',(#11023,#11063,#11103,#11125,#11147,#11159));
#11023 = ADVANCED_FACE('',(#11024),#11058,.F.);
#11024 = FACE_BOUND('',#11025,.F.);
#11025 = EDGE_LOOP('',(#11026,#11036,#11044,#11052));
#11026 = ORIENTED_EDGE('',*,*,#11027,.F.);
#11027 = EDGE_CURVE('',#11028,#11030,#11032,.T.);
#11028 = VERTEX_POINT('',#11029);
#11029 = CARTESIAN_POINT('',(-238.,4.758E+03,1.2E+03));
#11030 = VERTEX_POINT('',#11031);
#11031 = CARTESIAN_POINT('',(-238.,4.758E+03,2.7E+03));
#11032 = LINE('',#11033,#11034);
#11033 = CARTESIAN_POINT('',(-238.,4.758E+03,1.2E+03));
#11034 = VECTOR('',#11035,1.);
#11035 = DIRECTION('',(0.,0.,1.));
#11036 = ORIENTED_EDGE('',*,*,#11037,.T.);
#11037 = EDGE_CURVE('',#11028,#11038,#11040,.T.);
#11038 = VERTEX_POINT('',#11039);
#11039 = CARTESIAN_POINT('',(-238.,4.798E+03,1.2E+03));
#11040 = LINE('',#11041,#11042);
#11041 = CARTESIAN_POINT('',(-238.,4.758E+03,1.2E+03));
#11042 = VECTOR('',#11043,1.);
#11043 = DIRECTION('',(0.,1.,0.));
#11044 = ORIENTED_EDGE('',*,*,#11045,.T.);
#11045 = EDGE_CURVE('',#11038,#11046,#11048,.T.);
#11046 = VERTEX_POINT('',#11047);
#11047 = CARTESIAN_POINT('',(-238.,4.798E+03,2.7E+03));
#11048 = LINE('',#11049,#11050);
#11049 = CARTESIAN_POINT('',(-238.,4.798E+03,1.2E+03));
#11050 = VECTOR('',#11051,1.);
#11051 = DIRECTION('',(0.,0.,1.));
#11052 = ORIENTED_EDGE('',*,*,#11053,.F.);
#11053 = EDGE_CURVE('',#11030,#11046,#11054,.T.);
#11054 = LINE('',#11055,#11056);
#11055 = CARTESIAN_POINT('',(-238.,4.758E+03,2.7E+03));
#11056 = VECTOR('',#11057,1.);
#11057 = DIRECTION('',(0.,1.,0.));
#11058 = PLANE('',#11059);
#11059 = AXIS2_PLACEMENT_3D('',#11060,#11061,#11062);
#11060 = CARTESIAN_POINT('',(-238.,4.758E+03,1.2E+03));
#11061 = DIRECTION('',(1.,0.,0.));
#11062 = DIRECTION('',(0.,0.,1.));
#11063 = ADVANCED_FACE('',(#11064),#11098,.T.);
#11064 = FACE_BOUND('',#11065,.T.);
#11065 = EDGE_LOOP('',(#11066,#11076,#11084,#11092));
#11066 = ORIENTED_EDGE('',*,*,#11067,.F.);
#11067 = EDGE_CURVE('',#11068,#11070,#11072,.T.);
#11068 = VERTEX_POINT('',#11069);
#11069 = CARTESIAN_POINT('',(2.162E+03,4.758E+03,1.2E+03));
#11070 = VERTEX_POINT('',#11071);
#11071 = CARTESIAN_POINT('',(2.162E+03,4.758E+03,2.7E+03));
#11072 = LINE('',#11073,#11074);
#11073 = CARTESIAN_POINT('',(2.162E+03,4.758E+03,1.2E+03));
#11074 = VECTOR('',#11075,1.);
#11075 = DIRECTION('',(0.,0.,1.));
#11076 = ORIENTED_EDGE('',*,*,#11077,.T.);
#11077 = EDGE_CURVE('',#11068,#11078,#11080,.T.);
#11078 = VERTEX_POINT('',#11079);
#11079 = CARTESIAN_POINT('',(2.162E+03,4.798E+03,1.2E+03));
#11080 = LINE('',#11081,#11082);
#11081 = CARTESIAN_POINT('',(2.162E+03,4.758E+03,1.2E+03));
#11082 = VECTOR('',#11083,1.);
#11083 = DIRECTION('',(0.,1.,0.));
#11084 = ORIENTED_EDGE('',*,*,#11085,.T.);
#11085 = EDGE_CURVE('',#11078,#11086,#11088,.T.);
#11086 = VERTEX_POINT('',#11087);
#11087 = CARTESIAN_POINT('',(2.162E+03,4.798E+03,2.7E+03));
#11088 = LINE('',#11089,#11090);
#11089 = CARTESIAN_POINT('',(2.162E+03,4.798E+03,1.2E+03));
#11090 = VECTOR('',#11091,1.);
#11091 = DIRECTION('',(0.,0.,1.));
#11092 = ORIENTED_EDGE('',*,*,#11093,.F.);
#11093 = EDGE_CURVE('',#11070,#11086,#11094,.T.);
#11094 = LINE('',#11095,#11096);
#11095 = CARTESIAN_POINT('',(2.162E+03,4.758E+03,2.7E+03));
#11096 = VECTOR('',#11097,1.);
#11097 = DIRECTION('',(0.,1.,0.));
#11098 = PLANE('',#11099);
#11099 = AXIS2_PLACEMENT_3D('',#11100,#11101,#11102);
#11100 = CARTESIAN_POINT('',(2.162E+03,4.758E+03,1.2E+03));
#11101 = DIRECTION('',(1.,0.,0.));
#11102 = DIRECTION('',(0.,0.,1.));
#11103 = ADVANCED_FACE('',(#11104),#11120,.F.);
#11104 = FACE_BOUND('',#11105,.F.);
#11105 = EDGE_LOOP('',(#11106,#11112,#11113,#11119));
#11106 = ORIENTED_EDGE('',*,*,#11107,.F.);
#11107 = EDGE_CURVE('',#11028,#11068,#11108,.T.);
#11108 = LINE('',#11109,#11110);
#11109 = CARTESIAN_POINT('',(-238.,4.758E+03,1.2E+03));
#11110 = VECTOR('',#11111,1.);
#11111 = DIRECTION('',(1.,0.,0.));
#11112 = ORIENTED_EDGE('',*,*,#11027,.T.);
#11113 = ORIENTED_EDGE('',*,*,#11114,.T.);
#11114 = EDGE_CURVE('',#11030,#11070,#11115,.T.);
#11115 = LINE('',#11116,#11117);
#11116 = CARTESIAN_POINT('',(-238.,4.758E+03,2.7E+03));
#11117 = VECTOR('',#11118,1.);
#11118 = DIRECTION('',(1.,0.,0.));
#11119 = ORIENTED_EDGE('',*,*,#11067,.F.);
#11120 = PLANE('',#11121);
#11121 = AXIS2_PLACEMENT_3D('',#11122,#11123,#11124);
#11122 = CARTESIAN_POINT('',(-238.,4.758E+03,1.2E+03));
#11123 = DIRECTION('',(0.,1.,0.));
#11124 = DIRECTION('',(0.,0.,1.));
#11125 = ADVANCED_FACE('',(#11126),#11142,.T.);
#11126 = FACE_BOUND('',#11127,.T.);
#11127 = EDGE_LOOP('',(#11128,#11134,#11135,#11141));
#11128 = ORIENTED_EDGE('',*,*,#11129,.F.);
#11129 = EDGE_CURVE('',#11038,#11078,#11130,.T.);
#11130 = LINE('',#11131,#11132);
#11131 = CARTESIAN_POINT('',(-238.,4.798E+03,1.2E+03));
#11132 = VECTOR('',#11133,1.);
#11133 = DIRECTION('',(1.,0.,0.));
#11134 = ORIENTED_EDGE('',*,*,#11045,.T.);
#11135 = ORIENTED_EDGE('',*,*,#11136,.T.);
#11136 = EDGE_CURVE('',#11046,#11086,#11137,.T.);
#11137 = LINE('',#11138,#11139);
#11138 = CARTESIAN_POINT('',(-238.,4.798E+03,2.7E+03));
#11139 = VECTOR('',#11140,1.);
#11140 = DIRECTION('',(1.,0.,0.));
#11141 = ORIENTED_EDGE('',*,*,#11085,.F.);
#11142 = PLANE('',#11143);
#11143 = AXIS2_PLACEMENT_3D('',#11144,#11145,#11146);
#11144 = CARTESIAN_POINT('',(-238.,4.798E+03,1.2E+03));
#11145 = DIRECTION('',(0.,1.,0.));
#11146 = DIRECTION('',(0.,0.,1.));
#11147 = ADVANCED_FACE('',(#11148),#11154,.F.);
#11148 = FACE_BOUND('',#11149,.F.);
#11149 = EDGE_LOOP('',(#11150,#11151,#11152,#11153));
#11150 = ORIENTED_EDGE('',*,*,#11037,.F.);
#11151 = ORIENTED_EDGE('',*,*,#11107,.T.);
#11152 = ORIENTED_EDGE('',*,*,#11077,.T.);
#11153 = ORIENTED_EDGE('',*,*,#11129,.F.);
#11154 = PLANE('',#11155);
#11155 = AXIS2_PLACEMENT_3D('',#11156,#11157,#11158);
#11156 = CARTESIAN_POINT('',(-238.,4.758E+03,1.2E+03));
#11157 = DIRECTION('',(0.,0.,1.));
#11158 = DIRECTION('',(1.,0.,0.));
#11159 = ADVANCED_FACE('',(#11160),#11166,.T.);
#11160 = FACE_BOUND('',#11161,.T.);
#11161 = EDGE_LOOP('',(#11162,#11163,#11164,#11165));
#11162 = ORIENTED_EDGE('',*,*,#11053,.F.);
#11163 = ORIENTED_EDGE('',*,*,#11114,.T.);
#11164 = ORIENTED_EDGE('',*,*,#11093,.T.);
#11165 = ORIENTED_EDGE('',*,*,#11136,.F.);
#11166 = PLANE('',#11167);
#11167 = AXIS2_PLACEMENT_3D('',#11168,#11169,#11170);
#11168 = CARTESIAN_POINT('',(-238.,4.758E+03,2.7E+03));
#11169 = DIRECTION('',(0.,0.,1.));
#11170 = DIRECTION('',(1.,0.,0.));
#11171 = MANIFOLD_SOLID_BREP('',#11172);
#11172 = CLOSED_SHELL('',(#11173,#11206,#11215));
#11173 = ADVANCED_FACE('',(#11174),#11201,.T.);
#11174 = FACE_BOUND('',#11175,.T.);
#11175 = EDGE_LOOP('',(#11176,#11185,#11193,#11200));
#11176 = ORIENTED_EDGE('',*,*,#11177,.F.);
#11177 = EDGE_CURVE('',#11178,#11178,#11180,.T.);
#11178 = VERTEX_POINT('',#11179);
#11179 = CARTESIAN_POINT('',(-1.533E+03,917.,320.));
#11180 = CIRCLE('',#11181,60.);
#11181 = AXIS2_PLACEMENT_3D('',#11182,#11183,#11184);
#11182 = CARTESIAN_POINT('',(-1.593E+03,917.,320.));
#11183 = DIRECTION('',(0.,0.,1.));
#11184 = DIRECTION('',(1.,0.,0.));
#11185 = ORIENTED_EDGE('',*,*,#11186,.F.);
#11186 = EDGE_CURVE('',#11187,#11178,#11189,.T.);
#11187 = VERTEX_POINT('',#11188);
#11188 = CARTESIAN_POINT('',(-1.533E+03,917.,300.));
#11189 = LINE('',#11190,#11191);
#11190 = CARTESIAN_POINT('',(-1.533E+03,917.,300.));
#11191 = VECTOR('',#11192,1.);
#11192 = DIRECTION('',(0.,0.,1.));
#11193 = ORIENTED_EDGE('',*,*,#11194,.T.);
#11194 = EDGE_CURVE('',#11187,#11187,#11195,.T.);
#11195 = CIRCLE('',#11196,60.);
#11196 = AXIS2_PLACEMENT_3D('',#11197,#11198,#11199);
#11197 = CARTESIAN_POINT('',(-1.593E+03,917.,300.));
#11198 = DIRECTION('',(0.,0.,1.));
#11199 = DIRECTION('',(1.,0.,0.));
#11200 = ORIENTED_EDGE('',*,*,#11186,.T.);
#11201 = CYLINDRICAL_SURFACE('',#11202,60.);
#11202 = AXIS2_PLACEMENT_3D('',#11203,#11204,#11205);
#11203 = CARTESIAN_POINT('',(-1.593E+03,917.,300.));
#11204 = DIRECTION('',(0.,0.,1.));
#11205 = DIRECTION('',(1.,0.,0.));
#11206 = ADVANCED_FACE('',(#11207),#11210,.T.);
#11207 = FACE_BOUND('',#11208,.T.);
#11208 = EDGE_LOOP('',(#11209));
#11209 = ORIENTED_EDGE('',*,*,#11177,.T.);
#11210 = PLANE('',#11211);
#11211 = AXIS2_PLACEMENT_3D('',#11212,#11213,#11214);
#11212 = CARTESIAN_POINT('',(-1.593E+03,917.,320.));
#11213 = DIRECTION('',(0.,0.,1.));
#11214 = DIRECTION('',(1.,0.,0.));
#11215 = ADVANCED_FACE('',(#11216),#11219,.F.);
#11216 = FACE_BOUND('',#11217,.T.);
#11217 = EDGE_LOOP('',(#11218));
#11218 = ORIENTED_EDGE('',*,*,#11194,.F.);
#11219 = PLANE('',#11220);
#11220 = AXIS2_PLACEMENT_3D('',#11221,#11222,#11223);
#11221 = CARTESIAN_POINT('',(-1.593E+03,917.,300.));
#11222 = DIRECTION('',(0.,0.,1.));
#11223 = DIRECTION('',(1.,0.,0.));
#11224 = MANIFOLD_SOLID_BREP('',#11225);
#11225 = CLOSED_SHELL('',(#11226,#11259,#11268));
#11226 = ADVANCED_FACE('',(#11227),#11254,.T.);
#11227 = FACE_BOUND('',#11228,.T.);
#11228 = EDGE_LOOP('',(#11229,#11238,#11246,#11253));
#11229 = ORIENTED_EDGE('',*,*,#11230,.F.);
#11230 = EDGE_CURVE('',#11231,#11231,#11233,.T.);
#11231 = VERTEX_POINT('',#11232);
#11232 = CARTESIAN_POINT('',(-1.533E+03,2.017E+03,320.));
#11233 = CIRCLE('',#11234,60.);
#11234 = AXIS2_PLACEMENT_3D('',#11235,#11236,#11237);
#11235 = CARTESIAN_POINT('',(-1.593E+03,2.017E+03,320.));
#11236 = DIRECTION('',(0.,0.,1.));
#11237 = DIRECTION('',(1.,0.,0.));
#11238 = ORIENTED_EDGE('',*,*,#11239,.F.);
#11239 = EDGE_CURVE('',#11240,#11231,#11242,.T.);
#11240 = VERTEX_POINT('',#11241);
#11241 = CARTESIAN_POINT('',(-1.533E+03,2.017E+03,300.));
#11242 = LINE('',#11243,#11244);
#11243 = CARTESIAN_POINT('',(-1.533E+03,2.017E+03,300.));
#11244 = VECTOR('',#11245,1.);
#11245 = DIRECTION('',(0.,0.,1.));
#11246 = ORIENTED_EDGE('',*,*,#11247,.T.);
#11247 = EDGE_CURVE('',#11240,#11240,#11248,.T.);
#11248 = CIRCLE('',#11249,60.);
#11249 = AXIS2_PLACEMENT_3D('',#11250,#11251,#11252);
#11250 = CARTESIAN_POINT('',(-1.593E+03,2.017E+03,300.));
#11251 = DIRECTION('',(0.,0.,1.));
#11252 = DIRECTION('',(1.,0.,0.));
#11253 = ORIENTED_EDGE('',*,*,#11239,.T.);
#11254 = CYLINDRICAL_SURFACE('',#11255,60.);
#11255 = AXIS2_PLACEMENT_3D('',#11256,#11257,#11258);
#11256 = CARTESIAN_POINT('',(-1.593E+03,2.017E+03,300.));
#11257 = DIRECTION('',(0.,0.,1.));
#11258 = DIRECTION('',(1.,0.,0.));
#11259 = ADVANCED_FACE('',(#11260),#11263,.T.);
#11260 = FACE_BOUND('',#11261,.T.);
#11261 = EDGE_LOOP('',(#11262));
#11262 = ORIENTED_EDGE('',*,*,#11230,.T.);
#11263 = PLANE('',#11264);
#11264 = AXIS2_PLACEMENT_3D('',#11265,#11266,#11267);
#11265 = CARTESIAN_POINT('',(-1.593E+03,2.017E+03,320.));
#11266 = DIRECTION('',(0.,0.,1.));
#11267 = DIRECTION('',(1.,0.,0.));
#11268 = ADVANCED_FACE('',(#11269),#11272,.F.);
#11269 = FACE_BOUND('',#11270,.T.);
#11270 = EDGE_LOOP('',(#11271));
#11271 = ORIENTED_EDGE('',*,*,#11247,.F.);
#11272 = PLANE('',#11273);
#11273 = AXIS2_PLACEMENT_3D('',#11274,#11275,#11276);
#11274 = CARTESIAN_POINT('',(-1.593E+03,2.017E+03,300.));
#11275 = DIRECTION('',(0.,0.,1.));
#11276 = DIRECTION('',(1.,0.,0.));
#11277 = MANIFOLD_SOLID_BREP('',#11278);
#11278 = CLOSED_SHELL('',(#11279,#11312,#11321));
#11279 = ADVANCED_FACE('',(#11280),#11307,.T.);
#11280 = FACE_BOUND('',#11281,.T.);
#11281 = EDGE_LOOP('',(#11282,#11291,#11299,#11306));
#11282 = ORIENTED_EDGE('',*,*,#11283,.F.);
#11283 = EDGE_CURVE('',#11284,#11284,#11286,.T.);
#11284 = VERTEX_POINT('',#11285);
#11285 = CARTESIAN_POINT('',(-1.533E+03,3.117E+03,320.));
#11286 = CIRCLE('',#11287,60.);
#11287 = AXIS2_PLACEMENT_3D('',#11288,#11289,#11290);
#11288 = CARTESIAN_POINT('',(-1.593E+03,3.117E+03,320.));
#11289 = DIRECTION('',(0.,0.,1.));
#11290 = DIRECTION('',(1.,0.,0.));
#11291 = ORIENTED_EDGE('',*,*,#11292,.F.);
#11292 = EDGE_CURVE('',#11293,#11284,#11295,.T.);
#11293 = VERTEX_POINT('',#11294);
#11294 = CARTESIAN_POINT('',(-1.533E+03,3.117E+03,300.));
#11295 = LINE('',#11296,#11297);
#11296 = CARTESIAN_POINT('',(-1.533E+03,3.117E+03,300.));
#11297 = VECTOR('',#11298,1.);
#11298 = DIRECTION('',(0.,0.,1.));
#11299 = ORIENTED_EDGE('',*,*,#11300,.T.);
#11300 = EDGE_CURVE('',#11293,#11293,#11301,.T.);
#11301 = CIRCLE('',#11302,60.);
#11302 = AXIS2_PLACEMENT_3D('',#11303,#11304,#11305);
#11303 = CARTESIAN_POINT('',(-1.593E+03,3.117E+03,300.));
#11304 = DIRECTION('',(0.,0.,1.));
#11305 = DIRECTION('',(1.,0.,0.));
#11306 = ORIENTED_EDGE('',*,*,#11292,.T.);
#11307 = CYLINDRICAL_SURFACE('',#11308,60.);
#11308 = AXIS2_PLACEMENT_3D('',#11309,#11310,#11311);
#11309 = CARTESIAN_POINT('',(-1.593E+03,3.117E+03,300.));
#11310 = DIRECTION('',(0.,0.,1.));
#11311 = DIRECTION('',(1.,0.,0.));
#11312 = ADVANCED_FACE('',(#11313),#11316,.T.);
#11313 = FACE_BOUND('',#11314,.T.);
#11314 = EDGE_LOOP('',(#11315));
#11315 = ORIENTED_EDGE('',*,*,#11283,.T.);
#11316 = PLANE('',#11317);
#11317 = AXIS2_PLACEMENT_3D('',#11318,#11319,#11320);
#11318 = CARTESIAN_POINT('',(-1.593E+03,3.117E+03,320.));
#11319 = DIRECTION('',(0.,0.,1.));
#11320 = DIRECTION('',(1.,0.,0.));
#11321 = ADVANCED_FACE('',(#11322),#11325,.F.);
#11322 = FACE_BOUND('',#11323,.T.);
#11323 = EDGE_LOOP('',(#11324));
#11324 = ORIENTED_EDGE('',*,*,#11300,.F.);
#11325 = PLANE('',#11326);
#11326 = AXIS2_PLACEMENT_3D('',#11327,#11328,#11329);
#11327 = CARTESIAN_POINT('',(-1.593E+03,3.117E+03,300.));
#11328 = DIRECTION('',(0.,0.,1.));
#11329 = DIRECTION('',(1.,0.,0.));
#11330 = MANIFOLD_SOLID_BREP('',#11331);
#11331 = CLOSED_SHELL('',(#11332,#11365,#11374));
#11332 = ADVANCED_FACE('',(#11333),#11360,.T.);
#11333 = FACE_BOUND('',#11334,.T.);
#11334 = EDGE_LOOP('',(#11335,#11344,#11352,#11359));
#11335 = ORIENTED_EDGE('',*,*,#11336,.F.);
#11336 = EDGE_CURVE('',#11337,#11337,#11339,.T.);
#11337 = VERTEX_POINT('',#11338);
#11338 = CARTESIAN_POINT('',(3.577E+03,917.,320.));
#11339 = CIRCLE('',#11340,60.);
#11340 = AXIS2_PLACEMENT_3D('',#11341,#11342,#11343);
#11341 = CARTESIAN_POINT('',(3.517E+03,917.,320.));
#11342 = DIRECTION('',(0.,0.,1.));
#11343 = DIRECTION('',(1.,0.,0.));
#11344 = ORIENTED_EDGE('',*,*,#11345,.F.);
#11345 = EDGE_CURVE('',#11346,#11337,#11348,.T.);
#11346 = VERTEX_POINT('',#11347);
#11347 = CARTESIAN_POINT('',(3.577E+03,917.,300.));
#11348 = LINE('',#11349,#11350);
#11349 = CARTESIAN_POINT('',(3.577E+03,917.,300.));
#11350 = VECTOR('',#11351,1.);
#11351 = DIRECTION('',(0.,0.,1.));
#11352 = ORIENTED_EDGE('',*,*,#11353,.T.);
#11353 = EDGE_CURVE('',#11346,#11346,#11354,.T.);
#11354 = CIRCLE('',#11355,60.);
#11355 = AXIS2_PLACEMENT_3D('',#11356,#11357,#11358);
#11356 = CARTESIAN_POINT('',(3.517E+03,917.,300.));
#11357 = DIRECTION('',(0.,0.,1.));
#11358 = DIRECTION('',(1.,0.,0.));
#11359 = ORIENTED_EDGE('',*,*,#11345,.T.);
#11360 = CYLINDRICAL_SURFACE('',#11361,60.);
#11361 = AXIS2_PLACEMENT_3D('',#11362,#11363,#11364);
#11362 = CARTESIAN_POINT('',(3.517E+03,917.,300.));
#11363 = DIRECTION('',(0.,0.,1.));
#11364 = DIRECTION('',(1.,0.,0.));
#11365 = ADVANCED_FACE('',(#11366),#11369,.T.);
#11366 = FACE_BOUND('',#11367,.T.);
#11367 = EDGE_LOOP('',(#11368));
#11368 = ORIENTED_EDGE('',*,*,#11336,.T.);
#11369 = PLANE('',#11370);
#11370 = AXIS2_PLACEMENT_3D('',#11371,#11372,#11373);
#11371 = CARTESIAN_POINT('',(3.517E+03,917.,320.));
#11372 = DIRECTION('',(0.,0.,1.));
#11373 = DIRECTION('',(1.,0.,0.));
#11374 = ADVANCED_FACE('',(#11375),#11378,.F.);
#11375 = FACE_BOUND('',#11376,.T.);
#11376 = EDGE_LOOP('',(#11377));
#11377 = ORIENTED_EDGE('',*,*,#11353,.F.);
#11378 = PLANE('',#11379);
#11379 = AXIS2_PLACEMENT_3D('',#11380,#11381,#11382);
#11380 = CARTESIAN_POINT('',(3.517E+03,917.,300.));
#11381 = DIRECTION('',(0.,0.,1.));
#11382 = DIRECTION('',(1.,0.,0.));
#11383 = MANIFOLD_SOLID_BREP('',#11384);
#11384 = CLOSED_SHELL('',(#11385,#11418,#11427));
#11385 = ADVANCED_FACE('',(#11386),#11413,.T.);
#11386 = FACE_BOUND('',#11387,.T.);
#11387 = EDGE_LOOP('',(#11388,#11397,#11405,#11412));
#11388 = ORIENTED_EDGE('',*,*,#11389,.F.);
#11389 = EDGE_CURVE('',#11390,#11390,#11392,.T.);
#11390 = VERTEX_POINT('',#11391);
#11391 = CARTESIAN_POINT('',(3.577E+03,2.017E+03,320.));
#11392 = CIRCLE('',#11393,60.);
#11393 = AXIS2_PLACEMENT_3D('',#11394,#11395,#11396);
#11394 = CARTESIAN_POINT('',(3.517E+03,2.017E+03,320.));
#11395 = DIRECTION('',(0.,0.,1.));
#11396 = DIRECTION('',(1.,0.,0.));
#11397 = ORIENTED_EDGE('',*,*,#11398,.F.);
#11398 = EDGE_CURVE('',#11399,#11390,#11401,.T.);
#11399 = VERTEX_POINT('',#11400);
#11400 = CARTESIAN_POINT('',(3.577E+03,2.017E+03,300.));
#11401 = LINE('',#11402,#11403);
#11402 = CARTESIAN_POINT('',(3.577E+03,2.017E+03,300.));
#11403 = VECTOR('',#11404,1.);
#11404 = DIRECTION('',(0.,0.,1.));
#11405 = ORIENTED_EDGE('',*,*,#11406,.T.);
#11406 = EDGE_CURVE('',#11399,#11399,#11407,.T.);
#11407 = CIRCLE('',#11408,60.);
#11408 = AXIS2_PLACEMENT_3D('',#11409,#11410,#11411);
#11409 = CARTESIAN_POINT('',(3.517E+03,2.017E+03,300.));
#11410 = DIRECTION('',(0.,0.,1.));
#11411 = DIRECTION('',(1.,0.,0.));
#11412 = ORIENTED_EDGE('',*,*,#11398,.T.);
#11413 = CYLINDRICAL_SURFACE('',#11414,60.);
#11414 = AXIS2_PLACEMENT_3D('',#11415,#11416,#11417);
#11415 = CARTESIAN_POINT('',(3.517E+03,2.017E+03,300.));
#11416 = DIRECTION('',(0.,0.,1.));
#11417 = DIRECTION('',(1.,0.,0.));
#11418 = ADVANCED_FACE('',(#11419),#11422,.T.);
#11419 = FACE_BOUND('',#11420,.T.);
#11420 = EDGE_LOOP('',(#11421));
#11421 = ORIENTED_EDGE('',*,*,#11389,.T.);
#11422 = PLANE('',#11423);
#11423 = AXIS2_PLACEMENT_3D('',#11424,#11425,#11426);
#11424 = CARTESIAN_POINT('',(3.517E+03,2.017E+03,320.));
#11425 = DIRECTION('',(0.,0.,1.));
#11426 = DIRECTION('',(1.,0.,0.));
#11427 = ADVANCED_FACE('',(#11428),#11431,.F.);
#11428 = FACE_BOUND('',#11429,.T.);
#11429 = EDGE_LOOP('',(#11430));
#11430 = ORIENTED_EDGE('',*,*,#11406,.F.);
#11431 = PLANE('',#11432);
#11432 = AXIS2_PLACEMENT_3D('',#11433,#11434,#11435);
#11433 = CARTESIAN_POINT('',(3.517E+03,2.017E+03,300.));
#11434 = DIRECTION('',(0.,0.,1.));
#11435 = DIRECTION('',(1.,0.,0.));
#11436 = MANIFOLD_SOLID_BREP('',#11437);
#11437 = CLOSED_SHELL('',(#11438,#11471,#11480));
#11438 = ADVANCED_FACE('',(#11439),#11466,.T.);
#11439 = FACE_BOUND('',#11440,.T.);
#11440 = EDGE_LOOP('',(#11441,#11450,#11458,#11465));
#11441 = ORIENTED_EDGE('',*,*,#11442,.F.);
#11442 = EDGE_CURVE('',#11443,#11443,#11445,.T.);
#11443 = VERTEX_POINT('',#11444);
#11444 = CARTESIAN_POINT('',(3.577E+03,3.117E+03,320.));
#11445 = CIRCLE('',#11446,60.);
#11446 = AXIS2_PLACEMENT_3D('',#11447,#11448,#11449);
#11447 = CARTESIAN_POINT('',(3.517E+03,3.117E+03,320.));
#11448 = DIRECTION('',(0.,0.,1.));
#11449 = DIRECTION('',(1.,0.,0.));
#11450 = ORIENTED_EDGE('',*,*,#11451,.F.);
#11451 = EDGE_CURVE('',#11452,#11443,#11454,.T.);
#11452 = VERTEX_POINT('',#11453);
#11453 = CARTESIAN_POINT('',(3.577E+03,3.117E+03,300.));
#11454 = LINE('',#11455,#11456);
#11455 = CARTESIAN_POINT('',(3.577E+03,3.117E+03,300.));
#11456 = VECTOR('',#11457,1.);
#11457 = DIRECTION('',(0.,0.,1.));
#11458 = ORIENTED_EDGE('',*,*,#11459,.T.);
#11459 = EDGE_CURVE('',#11452,#11452,#11460,.T.);
#11460 = CIRCLE('',#11461,60.);
#11461 = AXIS2_PLACEMENT_3D('',#11462,#11463,#11464);
#11462 = CARTESIAN_POINT('',(3.517E+03,3.117E+03,300.));
#11463 = DIRECTION('',(0.,0.,1.));
#11464 = DIRECTION('',(1.,0.,0.));
#11465 = ORIENTED_EDGE('',*,*,#11451,.T.);
#11466 = CYLINDRICAL_SURFACE('',#11467,60.);
#11467 = AXIS2_PLACEMENT_3D('',#11468,#11469,#11470);
#11468 = CARTESIAN_POINT('',(3.517E+03,3.117E+03,300.));
#11469 = DIRECTION('',(0.,0.,1.));
#11470 = DIRECTION('',(1.,0.,0.));
#11471 = ADVANCED_FACE('',(#11472),#11475,.T.);
#11472 = FACE_BOUND('',#11473,.T.);
#11473 = EDGE_LOOP('',(#11474));
#11474 = ORIENTED_EDGE('',*,*,#11442,.T.);
#11475 = PLANE('',#11476);
#11476 = AXIS2_PLACEMENT_3D('',#11477,#11478,#11479);
#11477 = CARTESIAN_POINT('',(3.517E+03,3.117E+03,320.));
#11478 = DIRECTION('',(0.,0.,1.));
#11479 = DIRECTION('',(1.,0.,0.));
#11480 = ADVANCED_FACE('',(#11481),#11484,.F.);
#11481 = FACE_BOUND('',#11482,.T.);
#11482 = EDGE_LOOP('',(#11483));
#11483 = ORIENTED_EDGE('',*,*,#11459,.F.);
#11484 = PLANE('',#11485);
#11485 = AXIS2_PLACEMENT_3D('',#11486,#11487,#11488);
#11486 = CARTESIAN_POINT('',(3.517E+03,3.117E+03,300.));
#11487 = DIRECTION('',(0.,0.,1.));
#11488 = DIRECTION('',(1.,0.,0.));
#11489 = MANIFOLD_SOLID_BREP('',#11490);
#11490 = CLOSED_SHELL('',(#11491,#11531,#11571,#11593,#11615,#11627));
#11491 = ADVANCED_FACE('',(#11492),#11526,.F.);
#11492 = FACE_BOUND('',#11493,.F.);
#11493 = EDGE_LOOP('',(#11494,#11504,#11512,#11520));
#11494 = ORIENTED_EDGE('',*,*,#11495,.F.);
#11495 = EDGE_CURVE('',#11496,#11498,#11500,.T.);
#11496 = VERTEX_POINT('',#11497);
#11497 = CARTESIAN_POINT('',(-1.653E+03,4.538E+03,300.));
#11498 = VERTEX_POINT('',#11499);
#11499 = CARTESIAN_POINT('',(-1.653E+03,4.538E+03,320.));
#11500 = LINE('',#11501,#11502);
#11501 = CARTESIAN_POINT('',(-1.653E+03,4.538E+03,300.));
#11502 = VECTOR('',#11503,1.);
#11503 = DIRECTION('',(0.,0.,1.));
#11504 = ORIENTED_EDGE('',*,*,#11505,.T.);
#11505 = EDGE_CURVE('',#11496,#11506,#11508,.T.);
#11506 = VERTEX_POINT('',#11507);
#11507 = CARTESIAN_POINT('',(-1.653E+03,4.658E+03,300.));
#11508 = LINE('',#11509,#11510);
#11509 = CARTESIAN_POINT('',(-1.653E+03,4.538E+03,300.));
#11510 = VECTOR('',#11511,1.);
#11511 = DIRECTION('',(0.,1.,0.));
#11512 = ORIENTED_EDGE('',*,*,#11513,.T.);
#11513 = EDGE_CURVE('',#11506,#11514,#11516,.T.);
#11514 = VERTEX_POINT('',#11515);
#11515 = CARTESIAN_POINT('',(-1.653E+03,4.658E+03,320.));
#11516 = LINE('',#11517,#11518);
#11517 = CARTESIAN_POINT('',(-1.653E+03,4.658E+03,300.));
#11518 = VECTOR('',#11519,1.);
#11519 = DIRECTION('',(0.,0.,1.));
#11520 = ORIENTED_EDGE('',*,*,#11521,.F.);
#11521 = EDGE_CURVE('',#11498,#11514,#11522,.T.);
#11522 = LINE('',#11523,#11524);
#11523 = CARTESIAN_POINT('',(-1.653E+03,4.538E+03,320.));
#11524 = VECTOR('',#11525,1.);
#11525 = DIRECTION('',(0.,1.,0.));
#11526 = PLANE('',#11527);
#11527 = AXIS2_PLACEMENT_3D('',#11528,#11529,#11530);
#11528 = CARTESIAN_POINT('',(-1.653E+03,4.538E+03,300.));
#11529 = DIRECTION('',(1.,0.,0.));
#11530 = DIRECTION('',(0.,0.,1.));
#11531 = ADVANCED_FACE('',(#11532),#11566,.T.);
#11532 = FACE_BOUND('',#11533,.T.);
#11533 = EDGE_LOOP('',(#11534,#11544,#11552,#11560));
#11534 = ORIENTED_EDGE('',*,*,#11535,.F.);
#11535 = EDGE_CURVE('',#11536,#11538,#11540,.T.);
#11536 = VERTEX_POINT('',#11537);
#11537 = CARTESIAN_POINT('',(-1.533E+03,4.538E+03,300.));
#11538 = VERTEX_POINT('',#11539);
#11539 = CARTESIAN_POINT('',(-1.533E+03,4.538E+03,320.));
#11540 = LINE('',#11541,#11542);
#11541 = CARTESIAN_POINT('',(-1.533E+03,4.538E+03,300.));
#11542 = VECTOR('',#11543,1.);
#11543 = DIRECTION('',(0.,0.,1.));
#11544 = ORIENTED_EDGE('',*,*,#11545,.T.);
#11545 = EDGE_CURVE('',#11536,#11546,#11548,.T.);
#11546 = VERTEX_POINT('',#11547);
#11547 = CARTESIAN_POINT('',(-1.533E+03,4.658E+03,300.));
#11548 = LINE('',#11549,#11550);
#11549 = CARTESIAN_POINT('',(-1.533E+03,4.538E+03,300.));
#11550 = VECTOR('',#11551,1.);
#11551 = DIRECTION('',(0.,1.,0.));
#11552 = ORIENTED_EDGE('',*,*,#11553,.T.);
#11553 = EDGE_CURVE('',#11546,#11554,#11556,.T.);
#11554 = VERTEX_POINT('',#11555);
#11555 = CARTESIAN_POINT('',(-1.533E+03,4.658E+03,320.));
#11556 = LINE('',#11557,#11558);
#11557 = CARTESIAN_POINT('',(-1.533E+03,4.658E+03,300.));
#11558 = VECTOR('',#11559,1.);
#11559 = DIRECTION('',(0.,0.,1.));
#11560 = ORIENTED_EDGE('',*,*,#11561,.F.);
#11561 = EDGE_CURVE('',#11538,#11554,#11562,.T.);
#11562 = LINE('',#11563,#11564);
#11563 = CARTESIAN_POINT('',(-1.533E+03,4.538E+03,320.));
#11564 = VECTOR('',#11565,1.);
#11565 = DIRECTION('',(0.,1.,0.));
#11566 = PLANE('',#11567);
#11567 = AXIS2_PLACEMENT_3D('',#11568,#11569,#11570);
#11568 = CARTESIAN_POINT('',(-1.533E+03,4.538E+03,300.));
#11569 = DIRECTION('',(1.,0.,0.));
#11570 = DIRECTION('',(0.,0.,1.));
#11571 = ADVANCED_FACE('',(#11572),#11588,.F.);
#11572 = FACE_BOUND('',#11573,.F.);
#11573 = EDGE_LOOP('',(#11574,#11580,#11581,#11587));
#11574 = ORIENTED_EDGE('',*,*,#11575,.F.);
#11575 = EDGE_CURVE('',#11496,#11536,#11576,.T.);
#11576 = LINE('',#11577,#11578);
#11577 = CARTESIAN_POINT('',(-1.653E+03,4.538E+03,300.));
#11578 = VECTOR('',#11579,1.);
#11579 = DIRECTION('',(1.,0.,0.));
#11580 = ORIENTED_EDGE('',*,*,#11495,.T.);
#11581 = ORIENTED_EDGE('',*,*,#11582,.T.);
#11582 = EDGE_CURVE('',#11498,#11538,#11583,.T.);
#11583 = LINE('',#11584,#11585);
#11584 = CARTESIAN_POINT('',(-1.653E+03,4.538E+03,320.));
#11585 = VECTOR('',#11586,1.);
#11586 = DIRECTION('',(1.,0.,0.));
#11587 = ORIENTED_EDGE('',*,*,#11535,.F.);
#11588 = PLANE('',#11589);
#11589 = AXIS2_PLACEMENT_3D('',#11590,#11591,#11592);
#11590 = CARTESIAN_POINT('',(-1.653E+03,4.538E+03,300.));
#11591 = DIRECTION('',(0.,1.,0.));
#11592 = DIRECTION('',(0.,0.,1.));
#11593 = ADVANCED_FACE('',(#11594),#11610,.T.);
#11594 = FACE_BOUND('',#11595,.T.);
#11595 = EDGE_LOOP('',(#11596,#11602,#11603,#11609));
#11596 = ORIENTED_EDGE('',*,*,#11597,.F.);
#11597 = EDGE_CURVE('',#11506,#11546,#11598,.T.);
#11598 = LINE('',#11599,#11600);
#11599 = CARTESIAN_POINT('',(-1.653E+03,4.658E+03,300.));
#11600 = VECTOR('',#11601,1.);
#11601 = DIRECTION('',(1.,0.,0.));
#11602 = ORIENTED_EDGE('',*,*,#11513,.T.);
#11603 = ORIENTED_EDGE('',*,*,#11604,.T.);
#11604 = EDGE_CURVE('',#11514,#11554,#11605,.T.);
#11605 = LINE('',#11606,#11607);
#11606 = CARTESIAN_POINT('',(-1.653E+03,4.658E+03,320.));
#11607 = VECTOR('',#11608,1.);
#11608 = DIRECTION('',(1.,0.,0.));
#11609 = ORIENTED_EDGE('',*,*,#11553,.F.);
#11610 = PLANE('',#11611);
#11611 = AXIS2_PLACEMENT_3D('',#11612,#11613,#11614);
#11612 = CARTESIAN_POINT('',(-1.653E+03,4.658E+03,300.));
#11613 = DIRECTION('',(0.,1.,0.));
#11614 = DIRECTION('',(0.,0.,1.));
#11615 = ADVANCED_FACE('',(#11616),#11622,.F.);
#11616 = FACE_BOUND('',#11617,.F.);
#11617 = EDGE_LOOP('',(#11618,#11619,#11620,#11621));
#11618 = ORIENTED_EDGE('',*,*,#11505,.F.);
#11619 = ORIENTED_EDGE('',*,*,#11575,.T.);
#11620 = ORIENTED_EDGE('',*,*,#11545,.T.);
#11621 = ORIENTED_EDGE('',*,*,#11597,.F.);
#11622 = PLANE('',#11623);
#11623 = AXIS2_PLACEMENT_3D('',#11624,#11625,#11626);
#11624 = CARTESIAN_POINT('',(-1.653E+03,4.538E+03,300.));
#11625 = DIRECTION('',(0.,0.,1.));
#11626 = DIRECTION('',(1.,0.,0.));
#11627 = ADVANCED_FACE('',(#11628),#11634,.T.);
#11628 = FACE_BOUND('',#11629,.T.);
#11629 = EDGE_LOOP('',(#11630,#11631,#11632,#11633));
#11630 = ORIENTED_EDGE('',*,*,#11521,.F.);
#11631 = ORIENTED_EDGE('',*,*,#11582,.T.);
#11632 = ORIENTED_EDGE('',*,*,#11561,.T.);
#11633 = ORIENTED_EDGE('',*,*,#11604,.F.);
#11634 = PLANE('',#11635);
#11635 = AXIS2_PLACEMENT_3D('',#11636,#11637,#11638);
#11636 = CARTESIAN_POINT('',(-1.653E+03,4.538E+03,320.));
#11637 = DIRECTION('',(0.,0.,1.));
#11638 = DIRECTION('',(1.,0.,0.));
#11639 = MANIFOLD_SOLID_BREP('',#11640);
#11640 = CLOSED_SHELL('',(#11641,#11667));
#11641 = ADVANCED_FACE('',(#11642),#11662,.T.);
#11642 = FACE_BOUND('',#11643,.T.);
#11643 = EDGE_LOOP('',(#11644,#11653,#11661));
#11644 = ORIENTED_EDGE('',*,*,#11645,.F.);
#11645 = EDGE_CURVE('',#11646,#11646,#11648,.T.);
#11646 = VERTEX_POINT('',#11647);
#11647 = CARTESIAN_POINT('',(3.377E+03,-83.,2.48E+03));
#11648 = CIRCLE('',#11649,90.);
#11649 = AXIS2_PLACEMENT_3D('',#11650,#11651,#11652);
#11650 = CARTESIAN_POINT('',(3.467E+03,-83.,2.48E+03));
#11651 = DIRECTION('',(0.,0.,-1.));
#11652 = DIRECTION('',(-1.,0.,0.));
#11653 = ORIENTED_EDGE('',*,*,#11654,.F.);
#11654 = EDGE_CURVE('',#11655,#11646,#11657,.T.);
#11655 = VERTEX_POINT('',#11656);
#11656 = CARTESIAN_POINT('',(3.467E+03,-83.,2.6E+03));
#11657 = LINE('',#11658,#11659);
#11658 = CARTESIAN_POINT('',(3.467E+03,-83.,2.6E+03));
#11659 = VECTOR('',#11660,1.);
#11660 = DIRECTION('',(-0.6,-1.5E-16,-0.8));
#11661 = ORIENTED_EDGE('',*,*,#11654,.T.);
#11662 = CONICAL_SURFACE('',#11663,0.,0.643501108793);
#11663 = AXIS2_PLACEMENT_3D('',#11664,#11665,#11666);
#11664 = CARTESIAN_POINT('',(3.467E+03,-83.,2.6E+03));
#11665 = DIRECTION('',(0.,0.,-1.));
#11666 = DIRECTION('',(-1.,0.,0.));
#11667 = ADVANCED_FACE('',(#11668),#11671,.T.);
#11668 = FACE_BOUND('',#11669,.T.);
#11669 = EDGE_LOOP('',(#11670));
#11670 = ORIENTED_EDGE('',*,*,#11645,.T.);
#11671 = PLANE('',#11672);
#11672 = AXIS2_PLACEMENT_3D('',#11673,#11674,#11675);
#11673 = CARTESIAN_POINT('',(3.467E+03,-83.,2.48E+03));
#11674 = DIRECTION('',(0.,0.,-1.));
#11675 = DIRECTION('',(-1.,0.,0.));
#11676 = MANIFOLD_SOLID_BREP('',#11677);
#11677 = CLOSED_SHELL('',(#11678,#11711,#11720));
#11678 = ADVANCED_FACE('',(#11679),#11706,.T.);
#11679 = FACE_BOUND('',#11680,.T.);
#11680 = EDGE_LOOP('',(#11681,#11690,#11698,#11705));
#11681 = ORIENTED_EDGE('',*,*,#11682,.F.);
#11682 = EDGE_CURVE('',#11683,#11683,#11685,.T.);
#11683 = VERTEX_POINT('',#11684);
#11684 = CARTESIAN_POINT('',(-1.083E+03,17.,320.));
#11685 = CIRCLE('',#11686,60.);
#11686 = AXIS2_PLACEMENT_3D('',#11687,#11688,#11689);
#11687 = CARTESIAN_POINT('',(-1.143E+03,17.,320.));
#11688 = DIRECTION('',(0.,0.,1.));
#11689 = DIRECTION('',(1.,0.,0.));
#11690 = ORIENTED_EDGE('',*,*,#11691,.F.);
#11691 = EDGE_CURVE('',#11692,#11683,#11694,.T.);
#11692 = VERTEX_POINT('',#11693);
#11693 = CARTESIAN_POINT('',(-1.083E+03,17.,300.));
#11694 = LINE('',#11695,#11696);
#11695 = CARTESIAN_POINT('',(-1.083E+03,17.,300.));
#11696 = VECTOR('',#11697,1.);
#11697 = DIRECTION('',(0.,0.,1.));
#11698 = ORIENTED_EDGE('',*,*,#11699,.T.);
#11699 = EDGE_CURVE('',#11692,#11692,#11700,.T.);
#11700 = CIRCLE('',#11701,60.);
#11701 = AXIS2_PLACEMENT_3D('',#11702,#11703,#11704);
#11702 = CARTESIAN_POINT('',(-1.143E+03,17.,300.));
#11703 = DIRECTION('',(0.,0.,1.));
#11704 = DIRECTION('',(1.,0.,0.));
#11705 = ORIENTED_EDGE('',*,*,#11691,.T.);
#11706 = CYLINDRICAL_SURFACE('',#11707,60.);
#11707 = AXIS2_PLACEMENT_3D('',#11708,#11709,#11710);
#11708 = CARTESIAN_POINT('',(-1.143E+03,17.,300.));
#11709 = DIRECTION('',(0.,0.,1.));
#11710 = DIRECTION('',(1.,0.,0.));
#11711 = ADVANCED_FACE('',(#11712),#11715,.T.);
#11712 = FACE_BOUND('',#11713,.T.);
#11713 = EDGE_LOOP('',(#11714));
#11714 = ORIENTED_EDGE('',*,*,#11682,.T.);
#11715 = PLANE('',#11716);
#11716 = AXIS2_PLACEMENT_3D('',#11717,#11718,#11719);
#11717 = CARTESIAN_POINT('',(-1.143E+03,17.,320.));
#11718 = DIRECTION('',(0.,0.,1.));
#11719 = DIRECTION('',(1.,0.,0.));
#11720 = ADVANCED_FACE('',(#11721),#11724,.F.);
#11721 = FACE_BOUND('',#11722,.T.);
#11722 = EDGE_LOOP('',(#11723));
#11723 = ORIENTED_EDGE('',*,*,#11699,.F.);
#11724 = PLANE('',#11725);
#11725 = AXIS2_PLACEMENT_3D('',#11726,#11727,#11728);
#11726 = CARTESIAN_POINT('',(-1.143E+03,17.,300.));
#11727 = DIRECTION('',(0.,0.,1.));
#11728 = DIRECTION('',(1.,0.,0.));
#11729 = MANIFOLD_SOLID_BREP('',#11730);
#11730 = CLOSED_SHELL('',(#11731,#11764,#11773));
#11731 = ADVANCED_FACE('',(#11732),#11759,.T.);
#11732 = FACE_BOUND('',#11733,.T.);
#11733 = EDGE_LOOP('',(#11734,#11743,#11751,#11758));
#11734 = ORIENTED_EDGE('',*,*,#11735,.F.);
#11735 = EDGE_CURVE('',#11736,#11736,#11738,.T.);
#11736 = VERTEX_POINT('',#11737);
#11737 = CARTESIAN_POINT('',(-1.74E+03,-2.798E+03,770.));
#11738 = CIRCLE('',#11739,60.);
#11739 = AXIS2_PLACEMENT_3D('',#11740,#11741,#11742);
#11740 = CARTESIAN_POINT('',(-1.8E+03,-2.798E+03,770.));
#11741 = DIRECTION('',(0.,0.,1.));
#11742 = DIRECTION('',(1.,0.,0.));
#11743 = ORIENTED_EDGE('',*,*,#11744,.F.);
#11744 = EDGE_CURVE('',#11745,#11736,#11747,.T.);
#11745 = VERTEX_POINT('',#11746);
#11746 = CARTESIAN_POINT('',(-1.74E+03,-2.798E+03,750.));
#11747 = LINE('',#11748,#11749);
#11748 = CARTESIAN_POINT('',(-1.74E+03,-2.798E+03,750.));
#11749 = VECTOR('',#11750,1.);
#11750 = DIRECTION('',(0.,0.,1.));
#11751 = ORIENTED_EDGE('',*,*,#11752,.T.);
#11752 = EDGE_CURVE('',#11745,#11745,#11753,.T.);
#11753 = CIRCLE('',#11754,60.);
#11754 = AXIS2_PLACEMENT_3D('',#11755,#11756,#11757);
#11755 = CARTESIAN_POINT('',(-1.8E+03,-2.798E+03,750.));
#11756 = DIRECTION('',(0.,0.,1.));
#11757 = DIRECTION('',(1.,0.,0.));
#11758 = ORIENTED_EDGE('',*,*,#11744,.T.);
#11759 = CYLINDRICAL_SURFACE('',#11760,60.);
#11760 = AXIS2_PLACEMENT_3D('',#11761,#11762,#11763);
#11761 = CARTESIAN_POINT('',(-1.8E+03,-2.798E+03,750.));
#11762 = DIRECTION('',(0.,0.,1.));
#11763 = DIRECTION('',(1.,0.,0.));
#11764 = ADVANCED_FACE('',(#11765),#11768,.T.);
#11765 = FACE_BOUND('',#11766,.T.);
#11766 = EDGE_LOOP('',(#11767));
#11767 = ORIENTED_EDGE('',*,*,#11735,.T.);
#11768 = PLANE('',#11769);
#11769 = AXIS2_PLACEMENT_3D('',#11770,#11771,#11772);
#11770 = CARTESIAN_POINT('',(-1.8E+03,-2.798E+03,770.));
#11771 = DIRECTION('',(0.,0.,1.));
#11772 = DIRECTION('',(1.,0.,0.));
#11773 = ADVANCED_FACE('',(#11774),#11777,.F.);
#11774 = FACE_BOUND('',#11775,.T.);
#11775 = EDGE_LOOP('',(#11776));
#11776 = ORIENTED_EDGE('',*,*,#11752,.F.);
#11777 = PLANE('',#11778);
#11778 = AXIS2_PLACEMENT_3D('',#11779,#11780,#11781);
#11779 = CARTESIAN_POINT('',(-1.8E+03,-2.798E+03,750.));
#11780 = DIRECTION('',(0.,0.,1.));
#11781 = DIRECTION('',(1.,0.,0.));
#11782 = MANIFOLD_SOLID_BREP('',#11783);
#11783 = CLOSED_SHELL('',(#11784,#11817,#11826));
#11784 = ADVANCED_FACE('',(#11785),#11812,.T.);
#11785 = FACE_BOUND('',#11786,.T.);
#11786 = EDGE_LOOP('',(#11787,#11796,#11804,#11811));
#11787 = ORIENTED_EDGE('',*,*,#11788,.F.);
#11788 = EDGE_CURVE('',#11789,#11789,#11791,.T.);
#11789 = VERTEX_POINT('',#11790);
#11790 = CARTESIAN_POINT('',(-1.74E+03,-2.417E+03,770.));
#11791 = CIRCLE('',#11792,60.);
#11792 = AXIS2_PLACEMENT_3D('',#11793,#11794,#11795);
#11793 = CARTESIAN_POINT('',(-1.8E+03,-2.417E+03,770.));
#11794 = DIRECTION('',(0.,0.,1.));
#11795 = DIRECTION('',(1.,0.,0.));
#11796 = ORIENTED_EDGE('',*,*,#11797,.F.);
#11797 = EDGE_CURVE('',#11798,#11789,#11800,.T.);
#11798 = VERTEX_POINT('',#11799);
#11799 = CARTESIAN_POINT('',(-1.74E+03,-2.417E+03,750.));
#11800 = LINE('',#11801,#11802);
#11801 = CARTESIAN_POINT('',(-1.74E+03,-2.417E+03,750.));
#11802 = VECTOR('',#11803,1.);
#11803 = DIRECTION('',(0.,0.,1.));
#11804 = ORIENTED_EDGE('',*,*,#11805,.T.);
#11805 = EDGE_CURVE('',#11798,#11798,#11806,.T.);
#11806 = CIRCLE('',#11807,60.);
#11807 = AXIS2_PLACEMENT_3D('',#11808,#11809,#11810);
#11808 = CARTESIAN_POINT('',(-1.8E+03,-2.417E+03,750.));
#11809 = DIRECTION('',(0.,0.,1.));
#11810 = DIRECTION('',(1.,0.,0.));
#11811 = ORIENTED_EDGE('',*,*,#11797,.T.);
#11812 = CYLINDRICAL_SURFACE('',#11813,60.);
#11813 = AXIS2_PLACEMENT_3D('',#11814,#11815,#11816);
#11814 = CARTESIAN_POINT('',(-1.8E+03,-2.417E+03,750.));
#11815 = DIRECTION('',(0.,0.,1.));
#11816 = DIRECTION('',(1.,0.,0.));
#11817 = ADVANCED_FACE('',(#11818),#11821,.T.);
#11818 = FACE_BOUND('',#11819,.T.);
#11819 = EDGE_LOOP('',(#11820));
#11820 = ORIENTED_EDGE('',*,*,#11788,.T.);
#11821 = PLANE('',#11822);
#11822 = AXIS2_PLACEMENT_3D('',#11823,#11824,#11825);
#11823 = CARTESIAN_POINT('',(-1.8E+03,-2.417E+03,770.));
#11824 = DIRECTION('',(0.,0.,1.));
#11825 = DIRECTION('',(1.,0.,0.));
#11826 = ADVANCED_FACE('',(#11827),#11830,.F.);
#11827 = FACE_BOUND('',#11828,.T.);
#11828 = EDGE_LOOP('',(#11829));
#11829 = ORIENTED_EDGE('',*,*,#11805,.F.);
#11830 = PLANE('',#11831);
#11831 = AXIS2_PLACEMENT_3D('',#11832,#11833,#11834);
#11832 = CARTESIAN_POINT('',(-1.8E+03,-2.417E+03,750.));
#11833 = DIRECTION('',(0.,0.,1.));
#11834 = DIRECTION('',(1.,0.,0.));
#11835 = MANIFOLD_SOLID_BREP('',#11836);
#11836 = CLOSED_SHELL('',(#11837,#11870,#11879));
#11837 = ADVANCED_FACE('',(#11838),#11865,.T.);
#11838 = FACE_BOUND('',#11839,.T.);
#11839 = EDGE_LOOP('',(#11840,#11849,#11857,#11864));
#11840 = ORIENTED_EDGE('',*,*,#11841,.F.);
#11841 = EDGE_CURVE('',#11842,#11842,#11844,.T.);
#11842 = VERTEX_POINT('',#11843);
#11843 = CARTESIAN_POINT('',(-1.74E+03,-2.036E+03,770.));
#11844 = CIRCLE('',#11845,60.);
#11845 = AXIS2_PLACEMENT_3D('',#11846,#11847,#11848);
#11846 = CARTESIAN_POINT('',(-1.8E+03,-2.036E+03,770.));
#11847 = DIRECTION('',(0.,0.,1.));
#11848 = DIRECTION('',(1.,0.,0.));
#11849 = ORIENTED_EDGE('',*,*,#11850,.F.);
#11850 = EDGE_CURVE('',#11851,#11842,#11853,.T.);
#11851 = VERTEX_POINT('',#11852);
#11852 = CARTESIAN_POINT('',(-1.74E+03,-2.036E+03,750.));
#11853 = LINE('',#11854,#11855);
#11854 = CARTESIAN_POINT('',(-1.74E+03,-2.036E+03,750.));
#11855 = VECTOR('',#11856,1.);
#11856 = DIRECTION('',(0.,0.,1.));
#11857 = ORIENTED_EDGE('',*,*,#11858,.T.);
#11858 = EDGE_CURVE('',#11851,#11851,#11859,.T.);
#11859 = CIRCLE('',#11860,60.);
#11860 = AXIS2_PLACEMENT_3D('',#11861,#11862,#11863);
#11861 = CARTESIAN_POINT('',(-1.8E+03,-2.036E+03,750.));
#11862 = DIRECTION('',(0.,0.,1.));
#11863 = DIRECTION('',(1.,0.,0.));
#11864 = ORIENTED_EDGE('',*,*,#11850,.T.);
#11865 = CYLINDRICAL_SURFACE('',#11866,60.);
#11866 = AXIS2_PLACEMENT_3D('',#11867,#11868,#11869);
#11867 = CARTESIAN_POINT('',(-1.8E+03,-2.036E+03,750.));
#11868 = DIRECTION('',(0.,0.,1.));
#11869 = DIRECTION('',(1.,0.,0.));
#11870 = ADVANCED_FACE('',(#11871),#11874,.T.);
#11871 = FACE_BOUND('',#11872,.T.);
#11872 = EDGE_LOOP('',(#11873));
#11873 = ORIENTED_EDGE('',*,*,#11841,.T.);
#11874 = PLANE('',#11875);
#11875 = AXIS2_PLACEMENT_3D('',#11876,#11877,#11878);
#11876 = CARTESIAN_POINT('',(-1.8E+03,-2.036E+03,770.));
#11877 = DIRECTION('',(0.,0.,1.));
#11878 = DIRECTION('',(1.,0.,0.));
#11879 = ADVANCED_FACE('',(#11880),#11883,.F.);
#11880 = FACE_BOUND('',#11881,.T.);
#11881 = EDGE_LOOP('',(#11882));
#11882 = ORIENTED_EDGE('',*,*,#11858,.F.);
#11883 = PLANE('',#11884);
#11884 = AXIS2_PLACEMENT_3D('',#11885,#11886,#11887);
#11885 = CARTESIAN_POINT('',(-1.8E+03,-2.036E+03,750.));
#11886 = DIRECTION('',(0.,0.,1.));
#11887 = DIRECTION('',(1.,0.,0.));
#11888 = MANIFOLD_SOLID_BREP('',#11889);
#11889 = CLOSED_SHELL('',(#11890,#11923,#11932));
#11890 = ADVANCED_FACE('',(#11891),#11918,.T.);
#11891 = FACE_BOUND('',#11892,.T.);
#11892 = EDGE_LOOP('',(#11893,#11902,#11910,#11917));
#11893 = ORIENTED_EDGE('',*,*,#11894,.F.);
#11894 = EDGE_CURVE('',#11895,#11895,#11897,.T.);
#11895 = VERTEX_POINT('',#11896);
#11896 = CARTESIAN_POINT('',(-1.74E+03,-1.655E+03,770.));
#11897 = CIRCLE('',#11898,60.);
#11898 = AXIS2_PLACEMENT_3D('',#11899,#11900,#11901);
#11899 = CARTESIAN_POINT('',(-1.8E+03,-1.655E+03,770.));
#11900 = DIRECTION('',(0.,0.,1.));
#11901 = DIRECTION('',(1.,0.,0.));
#11902 = ORIENTED_EDGE('',*,*,#11903,.F.);
#11903 = EDGE_CURVE('',#11904,#11895,#11906,.T.);
#11904 = VERTEX_POINT('',#11905);
#11905 = CARTESIAN_POINT('',(-1.74E+03,-1.655E+03,750.));
#11906 = LINE('',#11907,#11908);
#11907 = CARTESIAN_POINT('',(-1.74E+03,-1.655E+03,750.));
#11908 = VECTOR('',#11909,1.);
#11909 = DIRECTION('',(0.,0.,1.));
#11910 = ORIENTED_EDGE('',*,*,#11911,.T.);
#11911 = EDGE_CURVE('',#11904,#11904,#11912,.T.);
#11912 = CIRCLE('',#11913,60.);
#11913 = AXIS2_PLACEMENT_3D('',#11914,#11915,#11916);
#11914 = CARTESIAN_POINT('',(-1.8E+03,-1.655E+03,750.));
#11915 = DIRECTION('',(0.,0.,1.));
#11916 = DIRECTION('',(1.,0.,0.));
#11917 = ORIENTED_EDGE('',*,*,#11903,.T.);
#11918 = CYLINDRICAL_SURFACE('',#11919,60.);
#11919 = AXIS2_PLACEMENT_3D('',#11920,#11921,#11922);
#11920 = CARTESIAN_POINT('',(-1.8E+03,-1.655E+03,750.));
#11921 = DIRECTION('',(0.,0.,1.));
#11922 = DIRECTION('',(1.,0.,0.));
#11923 = ADVANCED_FACE('',(#11924),#11927,.T.);
#11924 = FACE_BOUND('',#11925,.T.);
#11925 = EDGE_LOOP('',(#11926));
#11926 = ORIENTED_EDGE('',*,*,#11894,.T.);
#11927 = PLANE('',#11928);
#11928 = AXIS2_PLACEMENT_3D('',#11929,#11930,#11931);
#11929 = CARTESIAN_POINT('',(-1.8E+03,-1.655E+03,770.));
#11930 = DIRECTION('',(0.,0.,1.));
#11931 = DIRECTION('',(1.,0.,0.));
#11932 = ADVANCED_FACE('',(#11933),#11936,.F.);
#11933 = FACE_BOUND('',#11934,.T.);
#11934 = EDGE_LOOP('',(#11935));
#11935 = ORIENTED_EDGE('',*,*,#11911,.F.);
#11936 = PLANE('',#11937);
#11937 = AXIS2_PLACEMENT_3D('',#11938,#11939,#11940);
#11938 = CARTESIAN_POINT('',(-1.8E+03,-1.655E+03,750.));
#11939 = DIRECTION('',(0.,0.,1.));
#11940 = DIRECTION('',(1.,0.,0.));
#11941 = MANIFOLD_SOLID_BREP('',#11942);
#11942 = CLOSED_SHELL('',(#11943,#11976,#11985));
#11943 = ADVANCED_FACE('',(#11944),#11971,.T.);
#11944 = FACE_BOUND('',#11945,.T.);
#11945 = EDGE_LOOP('',(#11946,#11955,#11963,#11970));
#11946 = ORIENTED_EDGE('',*,*,#11947,.F.);
#11947 = EDGE_CURVE('',#11948,#11948,#11950,.T.);
#11948 = VERTEX_POINT('',#11949);
#11949 = CARTESIAN_POINT('',(-1.74E+03,-1.274E+03,770.));
#11950 = CIRCLE('',#11951,60.);
#11951 = AXIS2_PLACEMENT_3D('',#11952,#11953,#11954);
#11952 = CARTESIAN_POINT('',(-1.8E+03,-1.274E+03,770.));
#11953 = DIRECTION('',(0.,0.,1.));
#11954 = DIRECTION('',(1.,0.,0.));
#11955 = ORIENTED_EDGE('',*,*,#11956,.F.);
#11956 = EDGE_CURVE('',#11957,#11948,#11959,.T.);
#11957 = VERTEX_POINT('',#11958);
#11958 = CARTESIAN_POINT('',(-1.74E+03,-1.274E+03,750.));
#11959 = LINE('',#11960,#11961);
#11960 = CARTESIAN_POINT('',(-1.74E+03,-1.274E+03,750.));
#11961 = VECTOR('',#11962,1.);
#11962 = DIRECTION('',(0.,0.,1.));
#11963 = ORIENTED_EDGE('',*,*,#11964,.T.);
#11964 = EDGE_CURVE('',#11957,#11957,#11965,.T.);
#11965 = CIRCLE('',#11966,60.);
#11966 = AXIS2_PLACEMENT_3D('',#11967,#11968,#11969);
#11967 = CARTESIAN_POINT('',(-1.8E+03,-1.274E+03,750.));
#11968 = DIRECTION('',(0.,0.,1.));
#11969 = DIRECTION('',(1.,0.,0.));
#11970 = ORIENTED_EDGE('',*,*,#11956,.T.);
#11971 = CYLINDRICAL_SURFACE('',#11972,60.);
#11972 = AXIS2_PLACEMENT_3D('',#11973,#11974,#11975);
#11973 = CARTESIAN_POINT('',(-1.8E+03,-1.274E+03,750.));
#11974 = DIRECTION('',(0.,0.,1.));
#11975 = DIRECTION('',(1.,0.,0.));
#11976 = ADVANCED_FACE('',(#11977),#11980,.T.);
#11977 = FACE_BOUND('',#11978,.T.);
#11978 = EDGE_LOOP('',(#11979));
#11979 = ORIENTED_EDGE('',*,*,#11947,.T.);
#11980 = PLANE('',#11981);
#11981 = AXIS2_PLACEMENT_3D('',#11982,#11983,#11984);
#11982 = CARTESIAN_POINT('',(-1.8E+03,-1.274E+03,770.));
#11983 = DIRECTION('',(0.,0.,1.));
#11984 = DIRECTION('',(1.,0.,0.));
#11985 = ADVANCED_FACE('',(#11986),#11989,.F.);
#11986 = FACE_BOUND('',#11987,.T.);
#11987 = EDGE_LOOP('',(#11988));
#11988 = ORIENTED_EDGE('',*,*,#11964,.F.);
#11989 = PLANE('',#11990);
#11990 = AXIS2_PLACEMENT_3D('',#11991,#11992,#11993);
#11991 = CARTESIAN_POINT('',(-1.8E+03,-1.274E+03,750.));
#11992 = DIRECTION('',(0.,0.,1.));
#11993 = DIRECTION('',(1.,0.,0.));
#11994 = MANIFOLD_SOLID_BREP('',#11995);
#11995 = CLOSED_SHELL('',(#11996,#12029,#12038));
#11996 = ADVANCED_FACE('',(#11997),#12024,.T.);
#11997 = FACE_BOUND('',#11998,.T.);
#11998 = EDGE_LOOP('',(#11999,#12008,#12016,#12023));
#11999 = ORIENTED_EDGE('',*,*,#12000,.F.);
#12000 = EDGE_CURVE('',#12001,#12001,#12003,.T.);
#12001 = VERTEX_POINT('',#12002);
#12002 = CARTESIAN_POINT('',(160.,-2.798E+03,770.));
#12003 = CIRCLE('',#12004,60.);
#12004 = AXIS2_PLACEMENT_3D('',#12005,#12006,#12007);
#12005 = CARTESIAN_POINT('',(100.,-2.798E+03,770.));
#12006 = DIRECTION('',(0.,0.,1.));
#12007 = DIRECTION('',(1.,0.,0.));
#12008 = ORIENTED_EDGE('',*,*,#12009,.F.);
#12009 = EDGE_CURVE('',#12010,#12001,#12012,.T.);
#12010 = VERTEX_POINT('',#12011);
#12011 = CARTESIAN_POINT('',(160.,-2.798E+03,750.));
#12012 = LINE('',#12013,#12014);
#12013 = CARTESIAN_POINT('',(160.,-2.798E+03,750.));
#12014 = VECTOR('',#12015,1.);
#12015 = DIRECTION('',(0.,0.,1.));
#12016 = ORIENTED_EDGE('',*,*,#12017,.T.);
#12017 = EDGE_CURVE('',#12010,#12010,#12018,.T.);
#12018 = CIRCLE('',#12019,60.);
#12019 = AXIS2_PLACEMENT_3D('',#12020,#12021,#12022);
#12020 = CARTESIAN_POINT('',(100.,-2.798E+03,750.));
#12021 = DIRECTION('',(0.,0.,1.));
#12022 = DIRECTION('',(1.,0.,0.));
#12023 = ORIENTED_EDGE('',*,*,#12009,.T.);
#12024 = CYLINDRICAL_SURFACE('',#12025,60.);
#12025 = AXIS2_PLACEMENT_3D('',#12026,#12027,#12028);
#12026 = CARTESIAN_POINT('',(100.,-2.798E+03,750.));
#12027 = DIRECTION('',(0.,0.,1.));
#12028 = DIRECTION('',(1.,0.,0.));
#12029 = ADVANCED_FACE('',(#12030),#12033,.T.);
#12030 = FACE_BOUND('',#12031,.T.);
#12031 = EDGE_LOOP('',(#12032));
#12032 = ORIENTED_EDGE('',*,*,#12000,.T.);
#12033 = PLANE('',#12034);
#12034 = AXIS2_PLACEMENT_3D('',#12035,#12036,#12037);
#12035 = CARTESIAN_POINT('',(100.,-2.798E+03,770.));
#12036 = DIRECTION('',(0.,0.,1.));
#12037 = DIRECTION('',(1.,0.,0.));
#12038 = ADVANCED_FACE('',(#12039),#12042,.F.);
#12039 = FACE_BOUND('',#12040,.T.);
#12040 = EDGE_LOOP('',(#12041));
#12041 = ORIENTED_EDGE('',*,*,#12017,.F.);
#12042 = PLANE('',#12043);
#12043 = AXIS2_PLACEMENT_3D('',#12044,#12045,#12046);
#12044 = CARTESIAN_POINT('',(100.,-2.798E+03,750.));
#12045 = DIRECTION('',(0.,0.,1.));
#12046 = DIRECTION('',(1.,0.,0.));
#12047 = MANIFOLD_SOLID_BREP('',#12048);
#12048 = CLOSED_SHELL('',(#12049,#12082,#12091));
#12049 = ADVANCED_FACE('',(#12050),#12077,.T.);
#12050 = FACE_BOUND('',#12051,.T.);
#12051 = EDGE_LOOP('',(#12052,#12061,#12069,#12076));
#12052 = ORIENTED_EDGE('',*,*,#12053,.F.);
#12053 = EDGE_CURVE('',#12054,#12054,#12056,.T.);
#12054 = VERTEX_POINT('',#12055);
#12055 = CARTESIAN_POINT('',(160.,-2.417E+03,770.));
#12056 = CIRCLE('',#12057,60.);
#12057 = AXIS2_PLACEMENT_3D('',#12058,#12059,#12060);
#12058 = CARTESIAN_POINT('',(100.,-2.417E+03,770.));
#12059 = DIRECTION('',(0.,0.,1.));
#12060 = DIRECTION('',(1.,0.,0.));
#12061 = ORIENTED_EDGE('',*,*,#12062,.F.);
#12062 = EDGE_CURVE('',#12063,#12054,#12065,.T.);
#12063 = VERTEX_POINT('',#12064);
#12064 = CARTESIAN_POINT('',(160.,-2.417E+03,750.));
#12065 = LINE('',#12066,#12067);
#12066 = CARTESIAN_POINT('',(160.,-2.417E+03,750.));
#12067 = VECTOR('',#12068,1.);
#12068 = DIRECTION('',(0.,0.,1.));
#12069 = ORIENTED_EDGE('',*,*,#12070,.T.);
#12070 = EDGE_CURVE('',#12063,#12063,#12071,.T.);
#12071 = CIRCLE('',#12072,60.);
#12072 = AXIS2_PLACEMENT_3D('',#12073,#12074,#12075);
#12073 = CARTESIAN_POINT('',(100.,-2.417E+03,750.));
#12074 = DIRECTION('',(0.,0.,1.));
#12075 = DIRECTION('',(1.,0.,0.));
#12076 = ORIENTED_EDGE('',*,*,#12062,.T.);
#12077 = CYLINDRICAL_SURFACE('',#12078,60.);
#12078 = AXIS2_PLACEMENT_3D('',#12079,#12080,#12081);
#12079 = CARTESIAN_POINT('',(100.,-2.417E+03,750.));
#12080 = DIRECTION('',(0.,0.,1.));
#12081 = DIRECTION('',(1.,0.,0.));
#12082 = ADVANCED_FACE('',(#12083),#12086,.T.);
#12083 = FACE_BOUND('',#12084,.T.);
#12084 = EDGE_LOOP('',(#12085));
#12085 = ORIENTED_EDGE('',*,*,#12053,.T.);
#12086 = PLANE('',#12087);
#12087 = AXIS2_PLACEMENT_3D('',#12088,#12089,#12090);
#12088 = CARTESIAN_POINT('',(100.,-2.417E+03,770.));
#12089 = DIRECTION('',(0.,0.,1.));
#12090 = DIRECTION('',(1.,0.,0.));
#12091 = ADVANCED_FACE('',(#12092),#12095,.F.);
#12092 = FACE_BOUND('',#12093,.T.);
#12093 = EDGE_LOOP('',(#12094));
#12094 = ORIENTED_EDGE('',*,*,#12070,.F.);
#12095 = PLANE('',#12096);
#12096 = AXIS2_PLACEMENT_3D('',#12097,#12098,#12099);
#12097 = CARTESIAN_POINT('',(100.,-2.417E+03,750.));
#12098 = DIRECTION('',(0.,0.,1.));
#12099 = DIRECTION('',(1.,0.,0.));
#12100 = MANIFOLD_SOLID_BREP('',#12101);
#12101 = CLOSED_SHELL('',(#12102,#12135,#12144));
#12102 = ADVANCED_FACE('',(#12103),#12130,.T.);
#12103 = FACE_BOUND('',#12104,.T.);
#12104 = EDGE_LOOP('',(#12105,#12114,#12122,#12129));
#12105 = ORIENTED_EDGE('',*,*,#12106,.F.);
#12106 = EDGE_CURVE('',#12107,#12107,#12109,.T.);
#12107 = VERTEX_POINT('',#12108);
#12108 = CARTESIAN_POINT('',(160.,-2.036E+03,770.));
#12109 = CIRCLE('',#12110,60.);
#12110 = AXIS2_PLACEMENT_3D('',#12111,#12112,#12113);
#12111 = CARTESIAN_POINT('',(100.,-2.036E+03,770.));
#12112 = DIRECTION('',(0.,0.,1.));
#12113 = DIRECTION('',(1.,0.,0.));
#12114 = ORIENTED_EDGE('',*,*,#12115,.F.);
#12115 = EDGE_CURVE('',#12116,#12107,#12118,.T.);
#12116 = VERTEX_POINT('',#12117);
#12117 = CARTESIAN_POINT('',(160.,-2.036E+03,750.));
#12118 = LINE('',#12119,#12120);
#12119 = CARTESIAN_POINT('',(160.,-2.036E+03,750.));
#12120 = VECTOR('',#12121,1.);
#12121 = DIRECTION('',(0.,0.,1.));
#12122 = ORIENTED_EDGE('',*,*,#12123,.T.);
#12123 = EDGE_CURVE('',#12116,#12116,#12124,.T.);
#12124 = CIRCLE('',#12125,60.);
#12125 = AXIS2_PLACEMENT_3D('',#12126,#12127,#12128);
#12126 = CARTESIAN_POINT('',(100.,-2.036E+03,750.));
#12127 = DIRECTION('',(0.,0.,1.));
#12128 = DIRECTION('',(1.,0.,0.));
#12129 = ORIENTED_EDGE('',*,*,#12115,.T.);
#12130 = CYLINDRICAL_SURFACE('',#12131,60.);
#12131 = AXIS2_PLACEMENT_3D('',#12132,#12133,#12134);
#12132 = CARTESIAN_POINT('',(100.,-2.036E+03,750.));
#12133 = DIRECTION('',(0.,0.,1.));
#12134 = DIRECTION('',(1.,0.,0.));
#12135 = ADVANCED_FACE('',(#12136),#12139,.T.);
#12136 = FACE_BOUND('',#12137,.T.);
#12137 = EDGE_LOOP('',(#12138));
#12138 = ORIENTED_EDGE('',*,*,#12106,.T.);
#12139 = PLANE('',#12140);
#12140 = AXIS2_PLACEMENT_3D('',#12141,#12142,#12143);
#12141 = CARTESIAN_POINT('',(100.,-2.036E+03,770.));
#12142 = DIRECTION('',(0.,0.,1.));
#12143 = DIRECTION('',(1.,0.,0.));
#12144 = ADVANCED_FACE('',(#12145),#12148,.F.);
#12145 = FACE_BOUND('',#12146,.T.);
#12146 = EDGE_LOOP('',(#12147));
#12147 = ORIENTED_EDGE('',*,*,#12123,.F.);
#12148 = PLANE('',#12149);
#12149 = AXIS2_PLACEMENT_3D('',#12150,#12151,#12152);
#12150 = CARTESIAN_POINT('',(100.,-2.036E+03,750.));
#12151 = DIRECTION('',(0.,0.,1.));
#12152 = DIRECTION('',(1.,0.,0.));
#12153 = MANIFOLD_SOLID_BREP('',#12154);
#12154 = CLOSED_SHELL('',(#12155,#12188,#12197));
#12155 = ADVANCED_FACE('',(#12156),#12183,.T.);
#12156 = FACE_BOUND('',#12157,.T.);
#12157 = EDGE_LOOP('',(#12158,#12167,#12175,#12182));
#12158 = ORIENTED_EDGE('',*,*,#12159,.F.);
#12159 = EDGE_CURVE('',#12160,#12160,#12162,.T.);
#12160 = VERTEX_POINT('',#12161);
#12161 = CARTESIAN_POINT('',(160.,-1.655E+03,770.));
#12162 = CIRCLE('',#12163,60.);
#12163 = AXIS2_PLACEMENT_3D('',#12164,#12165,#12166);
#12164 = CARTESIAN_POINT('',(100.,-1.655E+03,770.));
#12165 = DIRECTION('',(0.,0.,1.));
#12166 = DIRECTION('',(1.,0.,0.));
#12167 = ORIENTED_EDGE('',*,*,#12168,.F.);
#12168 = EDGE_CURVE('',#12169,#12160,#12171,.T.);
#12169 = VERTEX_POINT('',#12170);
#12170 = CARTESIAN_POINT('',(160.,-1.655E+03,750.));
#12171 = LINE('',#12172,#12173);
#12172 = CARTESIAN_POINT('',(160.,-1.655E+03,750.));
#12173 = VECTOR('',#12174,1.);
#12174 = DIRECTION('',(0.,0.,1.));
#12175 = ORIENTED_EDGE('',*,*,#12176,.T.);
#12176 = EDGE_CURVE('',#12169,#12169,#12177,.T.);
#12177 = CIRCLE('',#12178,60.);
#12178 = AXIS2_PLACEMENT_3D('',#12179,#12180,#12181);
#12179 = CARTESIAN_POINT('',(100.,-1.655E+03,750.));
#12180 = DIRECTION('',(0.,0.,1.));
#12181 = DIRECTION('',(1.,0.,0.));
#12182 = ORIENTED_EDGE('',*,*,#12168,.T.);
#12183 = CYLINDRICAL_SURFACE('',#12184,60.);
#12184 = AXIS2_PLACEMENT_3D('',#12185,#12186,#12187);
#12185 = CARTESIAN_POINT('',(100.,-1.655E+03,750.));
#12186 = DIRECTION('',(0.,0.,1.));
#12187 = DIRECTION('',(1.,0.,0.));
#12188 = ADVANCED_FACE('',(#12189),#12192,.T.);
#12189 = FACE_BOUND('',#12190,.T.);
#12190 = EDGE_LOOP('',(#12191));
#12191 = ORIENTED_EDGE('',*,*,#12159,.T.);
#12192 = PLANE('',#12193);
#12193 = AXIS2_PLACEMENT_3D('',#12194,#12195,#12196);
#12194 = CARTESIAN_POINT('',(100.,-1.655E+03,770.));
#12195 = DIRECTION('',(0.,0.,1.));
#12196 = DIRECTION('',(1.,0.,0.));
#12197 = ADVANCED_FACE('',(#12198),#12201,.F.);
#12198 = FACE_BOUND('',#12199,.T.);
#12199 = EDGE_LOOP('',(#12200));
#12200 = ORIENTED_EDGE('',*,*,#12176,.F.);
#12201 = PLANE('',#12202);
#12202 = AXIS2_PLACEMENT_3D('',#12203,#12204,#12205);
#12203 = CARTESIAN_POINT('',(100.,-1.655E+03,750.));
#12204 = DIRECTION('',(0.,0.,1.));
#12205 = DIRECTION('',(1.,0.,0.));
#12206 = MANIFOLD_SOLID_BREP('',#12207);
#12207 = CLOSED_SHELL('',(#12208,#12241,#12250));
#12208 = ADVANCED_FACE('',(#12209),#12236,.T.);
#12209 = FACE_BOUND('',#12210,.T.);
#12210 = EDGE_LOOP('',(#12211,#12220,#12228,#12235));
#12211 = ORIENTED_EDGE('',*,*,#12212,.F.);
#12212 = EDGE_CURVE('',#12213,#12213,#12215,.T.);
#12213 = VERTEX_POINT('',#12214);
#12214 = CARTESIAN_POINT('',(160.,-1.274E+03,770.));
#12215 = CIRCLE('',#12216,60.);
#12216 = AXIS2_PLACEMENT_3D('',#12217,#12218,#12219);
#12217 = CARTESIAN_POINT('',(100.,-1.274E+03,770.));
#12218 = DIRECTION('',(0.,0.,1.));
#12219 = DIRECTION('',(1.,0.,0.));
#12220 = ORIENTED_EDGE('',*,*,#12221,.F.);
#12221 = EDGE_CURVE('',#12222,#12213,#12224,.T.);
#12222 = VERTEX_POINT('',#12223);
#12223 = CARTESIAN_POINT('',(160.,-1.274E+03,750.));
#12224 = LINE('',#12225,#12226);
#12225 = CARTESIAN_POINT('',(160.,-1.274E+03,750.));
#12226 = VECTOR('',#12227,1.);
#12227 = DIRECTION('',(0.,0.,1.));
#12228 = ORIENTED_EDGE('',*,*,#12229,.T.);
#12229 = EDGE_CURVE('',#12222,#12222,#12230,.T.);
#12230 = CIRCLE('',#12231,60.);
#12231 = AXIS2_PLACEMENT_3D('',#12232,#12233,#12234);
#12232 = CARTESIAN_POINT('',(100.,-1.274E+03,750.));
#12233 = DIRECTION('',(0.,0.,1.));
#12234 = DIRECTION('',(1.,0.,0.));
#12235 = ORIENTED_EDGE('',*,*,#12221,.T.);
#12236 = CYLINDRICAL_SURFACE('',#12237,60.);
#12237 = AXIS2_PLACEMENT_3D('',#12238,#12239,#12240);
#12238 = CARTESIAN_POINT('',(100.,-1.274E+03,750.));
#12239 = DIRECTION('',(0.,0.,1.));
#12240 = DIRECTION('',(1.,0.,0.));
#12241 = ADVANCED_FACE('',(#12242),#12245,.T.);
#12242 = FACE_BOUND('',#12243,.T.);
#12243 = EDGE_LOOP('',(#12244));
#12244 = ORIENTED_EDGE('',*,*,#12212,.T.);
#12245 = PLANE('',#12246);
#12246 = AXIS2_PLACEMENT_3D('',#12247,#12248,#12249);
#12247 = CARTESIAN_POINT('',(100.,-1.274E+03,770.));
#12248 = DIRECTION('',(0.,0.,1.));
#12249 = DIRECTION('',(1.,0.,0.));
#12250 = ADVANCED_FACE('',(#12251),#12254,.F.);
#12251 = FACE_BOUND('',#12252,.T.);
#12252 = EDGE_LOOP('',(#12253));
#12253 = ORIENTED_EDGE('',*,*,#12229,.F.);
#12254 = PLANE('',#12255);
#12255 = AXIS2_PLACEMENT_3D('',#12256,#12257,#12258);
#12256 = CARTESIAN_POINT('',(100.,-1.274E+03,750.));
#12257 = DIRECTION('',(0.,0.,1.));
#12258 = DIRECTION('',(1.,0.,0.));
#12259 = MANIFOLD_SOLID_BREP('',#12260);
#12260 = CLOSED_SHELL('',(#12261,#12294,#12303));
#12261 = ADVANCED_FACE('',(#12262),#12289,.T.);
#12262 = FACE_BOUND('',#12263,.T.);
#12263 = EDGE_LOOP('',(#12264,#12273,#12281,#12288));
#12264 = ORIENTED_EDGE('',*,*,#12265,.F.);
#12265 = EDGE_CURVE('',#12266,#12266,#12268,.T.);
#12266 = VERTEX_POINT('',#12267);
#12267 = CARTESIAN_POINT('',(1.96E+03,-2.798E+03,770.));
#12268 = CIRCLE('',#12269,60.);
#12269 = AXIS2_PLACEMENT_3D('',#12270,#12271,#12272);
#12270 = CARTESIAN_POINT('',(1.9E+03,-2.798E+03,770.));
#12271 = DIRECTION('',(0.,0.,1.));
#12272 = DIRECTION('',(1.,0.,0.));
#12273 = ORIENTED_EDGE('',*,*,#12274,.F.);
#12274 = EDGE_CURVE('',#12275,#12266,#12277,.T.);
#12275 = VERTEX_POINT('',#12276);
#12276 = CARTESIAN_POINT('',(1.96E+03,-2.798E+03,750.));
#12277 = LINE('',#12278,#12279);
#12278 = CARTESIAN_POINT('',(1.96E+03,-2.798E+03,750.));
#12279 = VECTOR('',#12280,1.);
#12280 = DIRECTION('',(0.,0.,1.));
#12281 = ORIENTED_EDGE('',*,*,#12282,.T.);
#12282 = EDGE_CURVE('',#12275,#12275,#12283,.T.);
#12283 = CIRCLE('',#12284,60.);
#12284 = AXIS2_PLACEMENT_3D('',#12285,#12286,#12287);
#12285 = CARTESIAN_POINT('',(1.9E+03,-2.798E+03,750.));
#12286 = DIRECTION('',(0.,0.,1.));
#12287 = DIRECTION('',(1.,0.,0.));
#12288 = ORIENTED_EDGE('',*,*,#12274,.T.);
#12289 = CYLINDRICAL_SURFACE('',#12290,60.);
#12290 = AXIS2_PLACEMENT_3D('',#12291,#12292,#12293);
#12291 = CARTESIAN_POINT('',(1.9E+03,-2.798E+03,750.));
#12292 = DIRECTION('',(0.,0.,1.));
#12293 = DIRECTION('',(1.,0.,0.));
#12294 = ADVANCED_FACE('',(#12295),#12298,.T.);
#12295 = FACE_BOUND('',#12296,.T.);
#12296 = EDGE_LOOP('',(#12297));
#12297 = ORIENTED_EDGE('',*,*,#12265,.T.);
#12298 = PLANE('',#12299);
#12299 = AXIS2_PLACEMENT_3D('',#12300,#12301,#12302);
#12300 = CARTESIAN_POINT('',(1.9E+03,-2.798E+03,770.));
#12301 = DIRECTION('',(0.,0.,1.));
#12302 = DIRECTION('',(1.,0.,0.));
#12303 = ADVANCED_FACE('',(#12304),#12307,.F.);
#12304 = FACE_BOUND('',#12305,.T.);
#12305 = EDGE_LOOP('',(#12306));
#12306 = ORIENTED_EDGE('',*,*,#12282,.F.);
#12307 = PLANE('',#12308);
#12308 = AXIS2_PLACEMENT_3D('',#12309,#12310,#12311);
#12309 = CARTESIAN_POINT('',(1.9E+03,-2.798E+03,750.));
#12310 = DIRECTION('',(0.,0.,1.));
#12311 = DIRECTION('',(1.,0.,0.));
#12312 = MANIFOLD_SOLID_BREP('',#12313);
#12313 = CLOSED_SHELL('',(#12314,#12347,#12356));
#12314 = ADVANCED_FACE('',(#12315),#12342,.T.);
#12315 = FACE_BOUND('',#12316,.T.);
#12316 = EDGE_LOOP('',(#12317,#12326,#12334,#12341));
#12317 = ORIENTED_EDGE('',*,*,#12318,.F.);
#12318 = EDGE_CURVE('',#12319,#12319,#12321,.T.);
#12319 = VERTEX_POINT('',#12320);
#12320 = CARTESIAN_POINT('',(1.96E+03,-2.417E+03,770.));
#12321 = CIRCLE('',#12322,60.);
#12322 = AXIS2_PLACEMENT_3D('',#12323,#12324,#12325);
#12323 = CARTESIAN_POINT('',(1.9E+03,-2.417E+03,770.));
#12324 = DIRECTION('',(0.,0.,1.));
#12325 = DIRECTION('',(1.,0.,0.));
#12326 = ORIENTED_EDGE('',*,*,#12327,.F.);
#12327 = EDGE_CURVE('',#12328,#12319,#12330,.T.);
#12328 = VERTEX_POINT('',#12329);
#12329 = CARTESIAN_POINT('',(1.96E+03,-2.417E+03,750.));
#12330 = LINE('',#12331,#12332);
#12331 = CARTESIAN_POINT('',(1.96E+03,-2.417E+03,750.));
#12332 = VECTOR('',#12333,1.);
#12333 = DIRECTION('',(0.,0.,1.));
#12334 = ORIENTED_EDGE('',*,*,#12335,.T.);
#12335 = EDGE_CURVE('',#12328,#12328,#12336,.T.);
#12336 = CIRCLE('',#12337,60.);
#12337 = AXIS2_PLACEMENT_3D('',#12338,#12339,#12340);
#12338 = CARTESIAN_POINT('',(1.9E+03,-2.417E+03,750.));
#12339 = DIRECTION('',(0.,0.,1.));
#12340 = DIRECTION('',(1.,0.,0.));
#12341 = ORIENTED_EDGE('',*,*,#12327,.T.);
#12342 = CYLINDRICAL_SURFACE('',#12343,60.);
#12343 = AXIS2_PLACEMENT_3D('',#12344,#12345,#12346);
#12344 = CARTESIAN_POINT('',(1.9E+03,-2.417E+03,750.));
#12345 = DIRECTION('',(0.,0.,1.));
#12346 = DIRECTION('',(1.,0.,0.));
#12347 = ADVANCED_FACE('',(#12348),#12351,.T.);
#12348 = FACE_BOUND('',#12349,.T.);
#12349 = EDGE_LOOP('',(#12350));
#12350 = ORIENTED_EDGE('',*,*,#12318,.T.);
#12351 = PLANE('',#12352);
#12352 = AXIS2_PLACEMENT_3D('',#12353,#12354,#12355);
#12353 = CARTESIAN_POINT('',(1.9E+03,-2.417E+03,770.));
#12354 = DIRECTION('',(0.,0.,1.));
#12355 = DIRECTION('',(1.,0.,0.));
#12356 = ADVANCED_FACE('',(#12357),#12360,.F.);
#12357 = FACE_BOUND('',#12358,.T.);
#12358 = EDGE_LOOP('',(#12359));
#12359 = ORIENTED_EDGE('',*,*,#12335,.F.);
#12360 = PLANE('',#12361);
#12361 = AXIS2_PLACEMENT_3D('',#12362,#12363,#12364);
#12362 = CARTESIAN_POINT('',(1.9E+03,-2.417E+03,750.));
#12363 = DIRECTION('',(0.,0.,1.));
#12364 = DIRECTION('',(1.,0.,0.));
#12365 = MANIFOLD_SOLID_BREP('',#12366);
#12366 = CLOSED_SHELL('',(#12367,#12400,#12409));
#12367 = ADVANCED_FACE('',(#12368),#12395,.T.);
#12368 = FACE_BOUND('',#12369,.T.);
#12369 = EDGE_LOOP('',(#12370,#12379,#12387,#12394));
#12370 = ORIENTED_EDGE('',*,*,#12371,.F.);
#12371 = EDGE_CURVE('',#12372,#12372,#12374,.T.);
#12372 = VERTEX_POINT('',#12373);
#12373 = CARTESIAN_POINT('',(1.96E+03,-2.036E+03,770.));
#12374 = CIRCLE('',#12375,60.);
#12375 = AXIS2_PLACEMENT_3D('',#12376,#12377,#12378);
#12376 = CARTESIAN_POINT('',(1.9E+03,-2.036E+03,770.));
#12377 = DIRECTION('',(0.,0.,1.));
#12378 = DIRECTION('',(1.,0.,0.));
#12379 = ORIENTED_EDGE('',*,*,#12380,.F.);
#12380 = EDGE_CURVE('',#12381,#12372,#12383,.T.);
#12381 = VERTEX_POINT('',#12382);
#12382 = CARTESIAN_POINT('',(1.96E+03,-2.036E+03,750.));
#12383 = LINE('',#12384,#12385);
#12384 = CARTESIAN_POINT('',(1.96E+03,-2.036E+03,750.));
#12385 = VECTOR('',#12386,1.);
#12386 = DIRECTION('',(0.,0.,1.));
#12387 = ORIENTED_EDGE('',*,*,#12388,.T.);
#12388 = EDGE_CURVE('',#12381,#12381,#12389,.T.);
#12389 = CIRCLE('',#12390,60.);
#12390 = AXIS2_PLACEMENT_3D('',#12391,#12392,#12393);
#12391 = CARTESIAN_POINT('',(1.9E+03,-2.036E+03,750.));
#12392 = DIRECTION('',(0.,0.,1.));
#12393 = DIRECTION('',(1.,0.,0.));
#12394 = ORIENTED_EDGE('',*,*,#12380,.T.);
#12395 = CYLINDRICAL_SURFACE('',#12396,60.);
#12396 = AXIS2_PLACEMENT_3D('',#12397,#12398,#12399);
#12397 = CARTESIAN_POINT('',(1.9E+03,-2.036E+03,750.));
#12398 = DIRECTION('',(0.,0.,1.));
#12399 = DIRECTION('',(1.,0.,0.));
#12400 = ADVANCED_FACE('',(#12401),#12404,.T.);
#12401 = FACE_BOUND('',#12402,.T.);
#12402 = EDGE_LOOP('',(#12403));
#12403 = ORIENTED_EDGE('',*,*,#12371,.T.);
#12404 = PLANE('',#12405);
#12405 = AXIS2_PLACEMENT_3D('',#12406,#12407,#12408);
#12406 = CARTESIAN_POINT('',(1.9E+03,-2.036E+03,770.));
#12407 = DIRECTION('',(0.,0.,1.));
#12408 = DIRECTION('',(1.,0.,0.));
#12409 = ADVANCED_FACE('',(#12410),#12413,.F.);
#12410 = FACE_BOUND('',#12411,.T.);
#12411 = EDGE_LOOP('',(#12412));
#12412 = ORIENTED_EDGE('',*,*,#12388,.F.);
#12413 = PLANE('',#12414);
#12414 = AXIS2_PLACEMENT_3D('',#12415,#12416,#12417);
#12415 = CARTESIAN_POINT('',(1.9E+03,-2.036E+03,750.));
#12416 = DIRECTION('',(0.,0.,1.));
#12417 = DIRECTION('',(1.,0.,0.));
#12418 = MANIFOLD_SOLID_BREP('',#12419);
#12419 = CLOSED_SHELL('',(#12420,#12453,#12462));
#12420 = ADVANCED_FACE('',(#12421),#12448,.T.);
#12421 = FACE_BOUND('',#12422,.T.);
#12422 = EDGE_LOOP('',(#12423,#12432,#12440,#12447));
#12423 = ORIENTED_EDGE('',*,*,#12424,.F.);
#12424 = EDGE_CURVE('',#12425,#12425,#12427,.T.);
#12425 = VERTEX_POINT('',#12426);
#12426 = CARTESIAN_POINT('',(1.96E+03,-1.655E+03,770.));
#12427 = CIRCLE('',#12428,60.);
#12428 = AXIS2_PLACEMENT_3D('',#12429,#12430,#12431);
#12429 = CARTESIAN_POINT('',(1.9E+03,-1.655E+03,770.));
#12430 = DIRECTION('',(0.,0.,1.));
#12431 = DIRECTION('',(1.,0.,0.));
#12432 = ORIENTED_EDGE('',*,*,#12433,.F.);
#12433 = EDGE_CURVE('',#12434,#12425,#12436,.T.);
#12434 = VERTEX_POINT('',#12435);
#12435 = CARTESIAN_POINT('',(1.96E+03,-1.655E+03,750.));
#12436 = LINE('',#12437,#12438);
#12437 = CARTESIAN_POINT('',(1.96E+03,-1.655E+03,750.));
#12438 = VECTOR('',#12439,1.);
#12439 = DIRECTION('',(0.,0.,1.));
#12440 = ORIENTED_EDGE('',*,*,#12441,.T.);
#12441 = EDGE_CURVE('',#12434,#12434,#12442,.T.);
#12442 = CIRCLE('',#12443,60.);
#12443 = AXIS2_PLACEMENT_3D('',#12444,#12445,#12446);
#12444 = CARTESIAN_POINT('',(1.9E+03,-1.655E+03,750.));
#12445 = DIRECTION('',(0.,0.,1.));
#12446 = DIRECTION('',(1.,0.,0.));
#12447 = ORIENTED_EDGE('',*,*,#12433,.T.);
#12448 = CYLINDRICAL_SURFACE('',#12449,60.);
#12449 = AXIS2_PLACEMENT_3D('',#12450,#12451,#12452);
#12450 = CARTESIAN_POINT('',(1.9E+03,-1.655E+03,750.));
#12451 = DIRECTION('',(0.,0.,1.));
#12452 = DIRECTION('',(1.,0.,0.));
#12453 = ADVANCED_FACE('',(#12454),#12457,.T.);
#12454 = FACE_BOUND('',#12455,.T.);
#12455 = EDGE_LOOP('',(#12456));
#12456 = ORIENTED_EDGE('',*,*,#12424,.T.);
#12457 = PLANE('',#12458);
#12458 = AXIS2_PLACEMENT_3D('',#12459,#12460,#12461);
#12459 = CARTESIAN_POINT('',(1.9E+03,-1.655E+03,770.));
#12460 = DIRECTION('',(0.,0.,1.));
#12461 = DIRECTION('',(1.,0.,0.));
#12462 = ADVANCED_FACE('',(#12463),#12466,.F.);
#12463 = FACE_BOUND('',#12464,.T.);
#12464 = EDGE_LOOP('',(#12465));
#12465 = ORIENTED_EDGE('',*,*,#12441,.F.);
#12466 = PLANE('',#12467);
#12467 = AXIS2_PLACEMENT_3D('',#12468,#12469,#12470);
#12468 = CARTESIAN_POINT('',(1.9E+03,-1.655E+03,750.));
#12469 = DIRECTION('',(0.,0.,1.));
#12470 = DIRECTION('',(1.,0.,0.));
#12471 = MANIFOLD_SOLID_BREP('',#12472);
#12472 = CLOSED_SHELL('',(#12473,#12506,#12515));
#12473 = ADVANCED_FACE('',(#12474),#12501,.T.);
#12474 = FACE_BOUND('',#12475,.T.);
#12475 = EDGE_LOOP('',(#12476,#12485,#12493,#12500));
#12476 = ORIENTED_EDGE('',*,*,#12477,.F.);
#12477 = EDGE_CURVE('',#12478,#12478,#12480,.T.);
#12478 = VERTEX_POINT('',#12479);
#12479 = CARTESIAN_POINT('',(1.96E+03,-1.274E+03,770.));
#12480 = CIRCLE('',#12481,60.);
#12481 = AXIS2_PLACEMENT_3D('',#12482,#12483,#12484);
#12482 = CARTESIAN_POINT('',(1.9E+03,-1.274E+03,770.));
#12483 = DIRECTION('',(0.,0.,1.));
#12484 = DIRECTION('',(1.,0.,0.));
#12485 = ORIENTED_EDGE('',*,*,#12486,.F.);
#12486 = EDGE_CURVE('',#12487,#12478,#12489,.T.);
#12487 = VERTEX_POINT('',#12488);
#12488 = CARTESIAN_POINT('',(1.96E+03,-1.274E+03,750.));
#12489 = LINE('',#12490,#12491);
#12490 = CARTESIAN_POINT('',(1.96E+03,-1.274E+03,750.));
#12491 = VECTOR('',#12492,1.);
#12492 = DIRECTION('',(0.,0.,1.));
#12493 = ORIENTED_EDGE('',*,*,#12494,.T.);
#12494 = EDGE_CURVE('',#12487,#12487,#12495,.T.);
#12495 = CIRCLE('',#12496,60.);
#12496 = AXIS2_PLACEMENT_3D('',#12497,#12498,#12499);
#12497 = CARTESIAN_POINT('',(1.9E+03,-1.274E+03,750.));
#12498 = DIRECTION('',(0.,0.,1.));
#12499 = DIRECTION('',(1.,0.,0.));
#12500 = ORIENTED_EDGE('',*,*,#12486,.T.);
#12501 = CYLINDRICAL_SURFACE('',#12502,60.);
#12502 = AXIS2_PLACEMENT_3D('',#12503,#12504,#12505);
#12503 = CARTESIAN_POINT('',(1.9E+03,-1.274E+03,750.));
#12504 = DIRECTION('',(0.,0.,1.));
#12505 = DIRECTION('',(1.,0.,0.));
#12506 = ADVANCED_FACE('',(#12507),#12510,.T.);
#12507 = FACE_BOUND('',#12508,.T.);
#12508 = EDGE_LOOP('',(#12509));
#12509 = ORIENTED_EDGE('',*,*,#12477,.T.);
#12510 = PLANE('',#12511);
#12511 = AXIS2_PLACEMENT_3D('',#12512,#12513,#12514);
#12512 = CARTESIAN_POINT('',(1.9E+03,-1.274E+03,770.));
#12513 = DIRECTION('',(0.,0.,1.));
#12514 = DIRECTION('',(1.,0.,0.));
#12515 = ADVANCED_FACE('',(#12516),#12519,.F.);
#12516 = FACE_BOUND('',#12517,.T.);
#12517 = EDGE_LOOP('',(#12518));
#12518 = ORIENTED_EDGE('',*,*,#12494,.F.);
#12519 = PLANE('',#12520);
#12520 = AXIS2_PLACEMENT_3D('',#12521,#12522,#12523);
#12521 = CARTESIAN_POINT('',(1.9E+03,-1.274E+03,750.));
#12522 = DIRECTION('',(0.,0.,1.));
#12523 = DIRECTION('',(1.,0.,0.));
#12524 = MANIFOLD_SOLID_BREP('',#12525);
#12525 = CLOSED_SHELL('',(#12526,#12559,#12568));
#12526 = ADVANCED_FACE('',(#12527),#12554,.T.);
#12527 = FACE_BOUND('',#12528,.T.);
#12528 = EDGE_LOOP('',(#12529,#12538,#12546,#12553));
#12529 = ORIENTED_EDGE('',*,*,#12530,.F.);
#12530 = EDGE_CURVE('',#12531,#12531,#12533,.T.);
#12531 = VERTEX_POINT('',#12532);
#12532 = CARTESIAN_POINT('',(-2.654E+03,-2.958E+03,320.));
#12533 = CIRCLE('',#12534,60.);
#12534 = AXIS2_PLACEMENT_3D('',#12535,#12536,#12537);
#12535 = CARTESIAN_POINT('',(-2.714E+03,-2.958E+03,320.));
#12536 = DIRECTION('',(0.,0.,1.));
#12537 = DIRECTION('',(1.,0.,0.));
#12538 = ORIENTED_EDGE('',*,*,#12539,.F.);
#12539 = EDGE_CURVE('',#12540,#12531,#12542,.T.);
#12540 = VERTEX_POINT('',#12541);
#12541 = CARTESIAN_POINT('',(-2.654E+03,-2.958E+03,300.));
#12542 = LINE('',#12543,#12544);
#12543 = CARTESIAN_POINT('',(-2.654E+03,-2.958E+03,300.));
#12544 = VECTOR('',#12545,1.);
#12545 = DIRECTION('',(0.,0.,1.));
#12546 = ORIENTED_EDGE('',*,*,#12547,.T.);
#12547 = EDGE_CURVE('',#12540,#12540,#12548,.T.);
#12548 = CIRCLE('',#12549,60.);
#12549 = AXIS2_PLACEMENT_3D('',#12550,#12551,#12552);
#12550 = CARTESIAN_POINT('',(-2.714E+03,-2.958E+03,300.));
#12551 = DIRECTION('',(0.,0.,1.));
#12552 = DIRECTION('',(1.,0.,0.));
#12553 = ORIENTED_EDGE('',*,*,#12539,.T.);
#12554 = CYLINDRICAL_SURFACE('',#12555,60.);
#12555 = AXIS2_PLACEMENT_3D('',#12556,#12557,#12558);
#12556 = CARTESIAN_POINT('',(-2.714E+03,-2.958E+03,300.));
#12557 = DIRECTION('',(0.,0.,1.));
#12558 = DIRECTION('',(1.,0.,0.));
#12559 = ADVANCED_FACE('',(#12560),#12563,.T.);
#12560 = FACE_BOUND('',#12561,.T.);
#12561 = EDGE_LOOP('',(#12562));
#12562 = ORIENTED_EDGE('',*,*,#12530,.T.);
#12563 = PLANE('',#12564);
#12564 = AXIS2_PLACEMENT_3D('',#12565,#12566,#12567);
#12565 = CARTESIAN_POINT('',(-2.714E+03,-2.958E+03,320.));
#12566 = DIRECTION('',(0.,0.,1.));
#12567 = DIRECTION('',(1.,0.,0.));
#12568 = ADVANCED_FACE('',(#12569),#12572,.F.);
#12569 = FACE_BOUND('',#12570,.T.);
#12570 = EDGE_LOOP('',(#12571));
#12571 = ORIENTED_EDGE('',*,*,#12547,.F.);
#12572 = PLANE('',#12573);
#12573 = AXIS2_PLACEMENT_3D('',#12574,#12575,#12576);
#12574 = CARTESIAN_POINT('',(-2.714E+03,-2.958E+03,300.));
#12575 = DIRECTION('',(0.,0.,1.));
#12576 = DIRECTION('',(1.,0.,0.));
#12577 = MANIFOLD_SOLID_BREP('',#12578);
#12578 = CLOSED_SHELL('',(#12579,#12612,#12621));
#12579 = ADVANCED_FACE('',(#12580),#12607,.T.);
#12580 = FACE_BOUND('',#12581,.T.);
#12581 = EDGE_LOOP('',(#12582,#12591,#12599,#12606));
#12582 = ORIENTED_EDGE('',*,*,#12583,.F.);
#12583 = EDGE_CURVE('',#12584,#12584,#12586,.T.);
#12584 = VERTEX_POINT('',#12585);
#12585 = CARTESIAN_POINT('',(-754.,-2.958E+03,320.));
#12586 = CIRCLE('',#12587,60.);
#12587 = AXIS2_PLACEMENT_3D('',#12588,#12589,#12590);
#12588 = CARTESIAN_POINT('',(-814.,-2.958E+03,320.));
#12589 = DIRECTION('',(0.,0.,1.));
#12590 = DIRECTION('',(1.,0.,0.));
#12591 = ORIENTED_EDGE('',*,*,#12592,.F.);
#12592 = EDGE_CURVE('',#12593,#12584,#12595,.T.);
#12593 = VERTEX_POINT('',#12594);
#12594 = CARTESIAN_POINT('',(-754.,-2.958E+03,300.));
#12595 = LINE('',#12596,#12597);
#12596 = CARTESIAN_POINT('',(-754.,-2.958E+03,300.));
#12597 = VECTOR('',#12598,1.);
#12598 = DIRECTION('',(0.,0.,1.));
#12599 = ORIENTED_EDGE('',*,*,#12600,.T.);
#12600 = EDGE_CURVE('',#12593,#12593,#12601,.T.);
#12601 = CIRCLE('',#12602,60.);
#12602 = AXIS2_PLACEMENT_3D('',#12603,#12604,#12605);
#12603 = CARTESIAN_POINT('',(-814.,-2.958E+03,300.));
#12604 = DIRECTION('',(0.,0.,1.));
#12605 = DIRECTION('',(1.,0.,0.));
#12606 = ORIENTED_EDGE('',*,*,#12592,.T.);
#12607 = CYLINDRICAL_SURFACE('',#12608,60.);
#12608 = AXIS2_PLACEMENT_3D('',#12609,#12610,#12611);
#12609 = CARTESIAN_POINT('',(-814.,-2.958E+03,300.));
#12610 = DIRECTION('',(0.,0.,1.));
#12611 = DIRECTION('',(1.,0.,0.));
#12612 = ADVANCED_FACE('',(#12613),#12616,.T.);
#12613 = FACE_BOUND('',#12614,.T.);
#12614 = EDGE_LOOP('',(#12615));
#12615 = ORIENTED_EDGE('',*,*,#12583,.T.);
#12616 = PLANE('',#12617);
#12617 = AXIS2_PLACEMENT_3D('',#12618,#12619,#12620);
#12618 = CARTESIAN_POINT('',(-814.,-2.958E+03,320.));
#12619 = DIRECTION('',(0.,0.,1.));
#12620 = DIRECTION('',(1.,0.,0.));
#12621 = ADVANCED_FACE('',(#12622),#12625,.F.);
#12622 = FACE_BOUND('',#12623,.T.);
#12623 = EDGE_LOOP('',(#12624));
#12624 = ORIENTED_EDGE('',*,*,#12600,.F.);
#12625 = PLANE('',#12626);
#12626 = AXIS2_PLACEMENT_3D('',#12627,#12628,#12629);
#12627 = CARTESIAN_POINT('',(-814.,-2.958E+03,300.));
#12628 = DIRECTION('',(0.,0.,1.));
#12629 = DIRECTION('',(1.,0.,0.));
#12630 = MANIFOLD_SOLID_BREP('',#12631);
#12631 = CLOSED_SHELL('',(#12632,#12665,#12674));
#12632 = ADVANCED_FACE('',(#12633),#12660,.T.);
#12633 = FACE_BOUND('',#12634,.T.);
#12634 = EDGE_LOOP('',(#12635,#12644,#12652,#12659));
#12635 = ORIENTED_EDGE('',*,*,#12636,.F.);
#12636 = EDGE_CURVE('',#12637,#12637,#12639,.T.);
#12637 = VERTEX_POINT('',#12638);
#12638 = CARTESIAN_POINT('',(1.147E+03,-2.958E+03,320.));
#12639 = CIRCLE('',#12640,60.);
#12640 = AXIS2_PLACEMENT_3D('',#12641,#12642,#12643);
#12641 = CARTESIAN_POINT('',(1.087E+03,-2.958E+03,320.));
#12642 = DIRECTION('',(0.,0.,1.));
#12643 = DIRECTION('',(1.,0.,0.));
#12644 = ORIENTED_EDGE('',*,*,#12645,.F.);
#12645 = EDGE_CURVE('',#12646,#12637,#12648,.T.);
#12646 = VERTEX_POINT('',#12647);
#12647 = CARTESIAN_POINT('',(1.147E+03,-2.958E+03,300.));
#12648 = LINE('',#12649,#12650);
#12649 = CARTESIAN_POINT('',(1.147E+03,-2.958E+03,300.));
#12650 = VECTOR('',#12651,1.);
#12651 = DIRECTION('',(0.,0.,1.));
#12652 = ORIENTED_EDGE('',*,*,#12653,.T.);
#12653 = EDGE_CURVE('',#12646,#12646,#12654,.T.);
#12654 = CIRCLE('',#12655,60.);
#12655 = AXIS2_PLACEMENT_3D('',#12656,#12657,#12658);
#12656 = CARTESIAN_POINT('',(1.087E+03,-2.958E+03,300.));
#12657 = DIRECTION('',(0.,0.,1.));
#12658 = DIRECTION('',(1.,0.,0.));
#12659 = ORIENTED_EDGE('',*,*,#12645,.T.);
#12660 = CYLINDRICAL_SURFACE('',#12661,60.);
#12661 = AXIS2_PLACEMENT_3D('',#12662,#12663,#12664);
#12662 = CARTESIAN_POINT('',(1.087E+03,-2.958E+03,300.));
#12663 = DIRECTION('',(0.,0.,1.));
#12664 = DIRECTION('',(1.,0.,0.));
#12665 = ADVANCED_FACE('',(#12666),#12669,.T.);
#12666 = FACE_BOUND('',#12667,.T.);
#12667 = EDGE_LOOP('',(#12668));
#12668 = ORIENTED_EDGE('',*,*,#12636,.T.);
#12669 = PLANE('',#12670);
#12670 = AXIS2_PLACEMENT_3D('',#12671,#12672,#12673);
#12671 = CARTESIAN_POINT('',(1.087E+03,-2.958E+03,320.));
#12672 = DIRECTION('',(0.,0.,1.));
#12673 = DIRECTION('',(1.,0.,0.));
#12674 = ADVANCED_FACE('',(#12675),#12678,.F.);
#12675 = FACE_BOUND('',#12676,.T.);
#12676 = EDGE_LOOP('',(#12677));
#12677 = ORIENTED_EDGE('',*,*,#12653,.F.);
#12678 = PLANE('',#12679);
#12679 = AXIS2_PLACEMENT_3D('',#12680,#12681,#12682);
#12680 = CARTESIAN_POINT('',(1.087E+03,-2.958E+03,300.));
#12681 = DIRECTION('',(0.,0.,1.));
#12682 = DIRECTION('',(1.,0.,0.));
#12683 = MANIFOLD_SOLID_BREP('',#12684);
#12684 = CLOSED_SHELL('',(#12685,#12718,#12727));
#12685 = ADVANCED_FACE('',(#12686),#12713,.T.);
#12686 = FACE_BOUND('',#12687,.T.);
#12687 = EDGE_LOOP('',(#12688,#12697,#12705,#12712));
#12688 = ORIENTED_EDGE('',*,*,#12689,.F.);
#12689 = EDGE_CURVE('',#12690,#12690,#12692,.T.);
#12690 = VERTEX_POINT('',#12691);
#12691 = CARTESIAN_POINT('',(3.047E+03,-2.958E+03,320.));
#12692 = CIRCLE('',#12693,60.);
#12693 = AXIS2_PLACEMENT_3D('',#12694,#12695,#12696);
#12694 = CARTESIAN_POINT('',(2.987E+03,-2.958E+03,320.));
#12695 = DIRECTION('',(0.,0.,1.));
#12696 = DIRECTION('',(1.,0.,0.));
#12697 = ORIENTED_EDGE('',*,*,#12698,.F.);
#12698 = EDGE_CURVE('',#12699,#12690,#12701,.T.);
#12699 = VERTEX_POINT('',#12700);
#12700 = CARTESIAN_POINT('',(3.047E+03,-2.958E+03,300.));
#12701 = LINE('',#12702,#12703);
#12702 = CARTESIAN_POINT('',(3.047E+03,-2.958E+03,300.));
#12703 = VECTOR('',#12704,1.);
#12704 = DIRECTION('',(0.,0.,1.));
#12705 = ORIENTED_EDGE('',*,*,#12706,.T.);
#12706 = EDGE_CURVE('',#12699,#12699,#12707,.T.);
#12707 = CIRCLE('',#12708,60.);
#12708 = AXIS2_PLACEMENT_3D('',#12709,#12710,#12711);
#12709 = CARTESIAN_POINT('',(2.987E+03,-2.958E+03,300.));
#12710 = DIRECTION('',(0.,0.,1.));
#12711 = DIRECTION('',(1.,0.,0.));
#12712 = ORIENTED_EDGE('',*,*,#12698,.T.);
#12713 = CYLINDRICAL_SURFACE('',#12714,60.);
#12714 = AXIS2_PLACEMENT_3D('',#12715,#12716,#12717);
#12715 = CARTESIAN_POINT('',(2.987E+03,-2.958E+03,300.));
#12716 = DIRECTION('',(0.,0.,1.));
#12717 = DIRECTION('',(1.,0.,0.));
#12718 = ADVANCED_FACE('',(#12719),#12722,.T.);
#12719 = FACE_BOUND('',#12720,.T.);
#12720 = EDGE_LOOP('',(#12721));
#12721 = ORIENTED_EDGE('',*,*,#12689,.T.);
#12722 = PLANE('',#12723);
#12723 = AXIS2_PLACEMENT_3D('',#12724,#12725,#12726);
#12724 = CARTESIAN_POINT('',(2.987E+03,-2.958E+03,320.));
#12725 = DIRECTION('',(0.,0.,1.));
#12726 = DIRECTION('',(1.,0.,0.));
#12727 = ADVANCED_FACE('',(#12728),#12731,.F.);
#12728 = FACE_BOUND('',#12729,.T.);
#12729 = EDGE_LOOP('',(#12730));
#12730 = ORIENTED_EDGE('',*,*,#12706,.F.);
#12731 = PLANE('',#12732);
#12732 = AXIS2_PLACEMENT_3D('',#12733,#12734,#12735);
#12733 = CARTESIAN_POINT('',(2.987E+03,-2.958E+03,300.));
#12734 = DIRECTION('',(0.,0.,1.));
#12735 = DIRECTION('',(1.,0.,0.));
#12736 = MANIFOLD_SOLID_BREP('',#12737);
#12737 = CLOSED_SHELL('',(#12738,#12778,#12818,#12840,#12862,#12874));
#12738 = ADVANCED_FACE('',(#12739),#12773,.F.);
#12739 = FACE_BOUND('',#12740,.F.);
#12740 = EDGE_LOOP('',(#12741,#12751,#12759,#12767));
#12741 = ORIENTED_EDGE('',*,*,#12742,.F.);
#12742 = EDGE_CURVE('',#12743,#12745,#12747,.T.);
#12743 = VERTEX_POINT('',#12744);
#12744 = CARTESIAN_POINT('',(-3.634E+03,-6.,300.));
#12745 = VERTEX_POINT('',#12746);
#12746 = CARTESIAN_POINT('',(-3.634E+03,-6.,320.));
#12747 = LINE('',#12748,#12749);
#12748 = CARTESIAN_POINT('',(-3.634E+03,-6.,300.));
#12749 = VECTOR('',#12750,1.);
#12750 = DIRECTION('',(0.,0.,1.));
#12751 = ORIENTED_EDGE('',*,*,#12752,.T.);
#12752 = EDGE_CURVE('',#12743,#12753,#12755,.T.);
#12753 = VERTEX_POINT('',#12754);
#12754 = CARTESIAN_POINT('',(-3.634E+03,114.,300.));
#12755 = LINE('',#12756,#12757);
#12756 = CARTESIAN_POINT('',(-3.634E+03,-6.,300.));
#12757 = VECTOR('',#12758,1.);
#12758 = DIRECTION('',(0.,1.,0.));
#12759 = ORIENTED_EDGE('',*,*,#12760,.T.);
#12760 = EDGE_CURVE('',#12753,#12761,#12763,.T.);
#12761 = VERTEX_POINT('',#12762);
#12762 = CARTESIAN_POINT('',(-3.634E+03,114.,320.));
#12763 = LINE('',#12764,#12765);
#12764 = CARTESIAN_POINT('',(-3.634E+03,114.,300.));
#12765 = VECTOR('',#12766,1.);
#12766 = DIRECTION('',(0.,0.,1.));
#12767 = ORIENTED_EDGE('',*,*,#12768,.F.);
#12768 = EDGE_CURVE('',#12745,#12761,#12769,.T.);
#12769 = LINE('',#12770,#12771);
#12770 = CARTESIAN_POINT('',(-3.634E+03,-6.,320.));
#12771 = VECTOR('',#12772,1.);
#12772 = DIRECTION('',(0.,1.,0.));
#12773 = PLANE('',#12774);
#12774 = AXIS2_PLACEMENT_3D('',#12775,#12776,#12777);
#12775 = CARTESIAN_POINT('',(-3.634E+03,-6.,300.));
#12776 = DIRECTION('',(1.,0.,0.));
#12777 = DIRECTION('',(0.,0.,1.));
#12778 = ADVANCED_FACE('',(#12779),#12813,.T.);
#12779 = FACE_BOUND('',#12780,.T.);
#12780 = EDGE_LOOP('',(#12781,#12791,#12799,#12807));
#12781 = ORIENTED_EDGE('',*,*,#12782,.F.);
#12782 = EDGE_CURVE('',#12783,#12785,#12787,.T.);
#12783 = VERTEX_POINT('',#12784);
#12784 = CARTESIAN_POINT('',(-3.514E+03,-6.,300.));
#12785 = VERTEX_POINT('',#12786);
#12786 = CARTESIAN_POINT('',(-3.514E+03,-6.,320.));
#12787 = LINE('',#12788,#12789);
#12788 = CARTESIAN_POINT('',(-3.514E+03,-6.,300.));
#12789 = VECTOR('',#12790,1.);
#12790 = DIRECTION('',(0.,0.,1.));
#12791 = ORIENTED_EDGE('',*,*,#12792,.T.);
#12792 = EDGE_CURVE('',#12783,#12793,#12795,.T.);
#12793 = VERTEX_POINT('',#12794);
#12794 = CARTESIAN_POINT('',(-3.514E+03,114.,300.));
#12795 = LINE('',#12796,#12797);
#12796 = CARTESIAN_POINT('',(-3.514E+03,-6.,300.));
#12797 = VECTOR('',#12798,1.);
#12798 = DIRECTION('',(0.,1.,0.));
#12799 = ORIENTED_EDGE('',*,*,#12800,.T.);
#12800 = EDGE_CURVE('',#12793,#12801,#12803,.T.);
#12801 = VERTEX_POINT('',#12802);
#12802 = CARTESIAN_POINT('',(-3.514E+03,114.,320.));
#12803 = LINE('',#12804,#12805);
#12804 = CARTESIAN_POINT('',(-3.514E+03,114.,300.));
#12805 = VECTOR('',#12806,1.);
#12806 = DIRECTION('',(0.,0.,1.));
#12807 = ORIENTED_EDGE('',*,*,#12808,.F.);
#12808 = EDGE_CURVE('',#12785,#12801,#12809,.T.);
#12809 = LINE('',#12810,#12811);
#12810 = CARTESIAN_POINT('',(-3.514E+03,-6.,320.));
#12811 = VECTOR('',#12812,1.);
#12812 = DIRECTION('',(0.,1.,0.));
#12813 = PLANE('',#12814);
#12814 = AXIS2_PLACEMENT_3D('',#12815,#12816,#12817);
#12815 = CARTESIAN_POINT('',(-3.514E+03,-6.,300.));
#12816 = DIRECTION('',(1.,0.,0.));
#12817 = DIRECTION('',(0.,0.,1.));
#12818 = ADVANCED_FACE('',(#12819),#12835,.F.);
#12819 = FACE_BOUND('',#12820,.F.);
#12820 = EDGE_LOOP('',(#12821,#12827,#12828,#12834));
#12821 = ORIENTED_EDGE('',*,*,#12822,.F.);
#12822 = EDGE_CURVE('',#12743,#12783,#12823,.T.);
#12823 = LINE('',#12824,#12825);
#12824 = CARTESIAN_POINT('',(-3.634E+03,-6.,300.));
#12825 = VECTOR('',#12826,1.);
#12826 = DIRECTION('',(1.,0.,0.));
#12827 = ORIENTED_EDGE('',*,*,#12742,.T.);
#12828 = ORIENTED_EDGE('',*,*,#12829,.T.);
#12829 = EDGE_CURVE('',#12745,#12785,#12830,.T.);
#12830 = LINE('',#12831,#12832);
#12831 = CARTESIAN_POINT('',(-3.634E+03,-6.,320.));
#12832 = VECTOR('',#12833,1.);
#12833 = DIRECTION('',(1.,0.,0.));
#12834 = ORIENTED_EDGE('',*,*,#12782,.F.);
#12835 = PLANE('',#12836);
#12836 = AXIS2_PLACEMENT_3D('',#12837,#12838,#12839);
#12837 = CARTESIAN_POINT('',(-3.634E+03,-6.,300.));
#12838 = DIRECTION('',(0.,1.,0.));
#12839 = DIRECTION('',(0.,0.,1.));
#12840 = ADVANCED_FACE('',(#12841),#12857,.T.);
#12841 = FACE_BOUND('',#12842,.T.);
#12842 = EDGE_LOOP('',(#12843,#12849,#12850,#12856));
#12843 = ORIENTED_EDGE('',*,*,#12844,.F.);
#12844 = EDGE_CURVE('',#12753,#12793,#12845,.T.);
#12845 = LINE('',#12846,#12847);
#12846 = CARTESIAN_POINT('',(-3.634E+03,114.,300.));
#12847 = VECTOR('',#12848,1.);
#12848 = DIRECTION('',(1.,0.,0.));
#12849 = ORIENTED_EDGE('',*,*,#12760,.T.);
#12850 = ORIENTED_EDGE('',*,*,#12851,.T.);
#12851 = EDGE_CURVE('',#12761,#12801,#12852,.T.);
#12852 = LINE('',#12853,#12854);
#12853 = CARTESIAN_POINT('',(-3.634E+03,114.,320.));
#12854 = VECTOR('',#12855,1.);
#12855 = DIRECTION('',(1.,0.,0.));
#12856 = ORIENTED_EDGE('',*,*,#12800,.F.);
#12857 = PLANE('',#12858);
#12858 = AXIS2_PLACEMENT_3D('',#12859,#12860,#12861);
#12859 = CARTESIAN_POINT('',(-3.634E+03,114.,300.));
#12860 = DIRECTION('',(0.,1.,0.));
#12861 = DIRECTION('',(0.,0.,1.));
#12862 = ADVANCED_FACE('',(#12863),#12869,.F.);
#12863 = FACE_BOUND('',#12864,.F.);
#12864 = EDGE_LOOP('',(#12865,#12866,#12867,#12868));
#12865 = ORIENTED_EDGE('',*,*,#12752,.F.);
#12866 = ORIENTED_EDGE('',*,*,#12822,.T.);
#12867 = ORIENTED_EDGE('',*,*,#12792,.T.);
#12868 = ORIENTED_EDGE('',*,*,#12844,.F.);
#12869 = PLANE('',#12870);
#12870 = AXIS2_PLACEMENT_3D('',#12871,#12872,#12873);
#12871 = CARTESIAN_POINT('',(-3.634E+03,-6.,300.));
#12872 = DIRECTION('',(0.,0.,1.));
#12873 = DIRECTION('',(1.,0.,0.));
#12874 = ADVANCED_FACE('',(#12875),#12881,.T.);
#12875 = FACE_BOUND('',#12876,.T.);
#12876 = EDGE_LOOP('',(#12877,#12878,#12879,#12880));
#12877 = ORIENTED_EDGE('',*,*,#12768,.F.);
#12878 = ORIENTED_EDGE('',*,*,#12829,.T.);
#12879 = ORIENTED_EDGE('',*,*,#12808,.T.);
#12880 = ORIENTED_EDGE('',*,*,#12851,.F.);
#12881 = PLANE('',#12882);
#12882 = AXIS2_PLACEMENT_3D('',#12883,#12884,#12885);
#12883 = CARTESIAN_POINT('',(-3.634E+03,-6.,320.));
#12884 = DIRECTION('',(0.,0.,1.));
#12885 = DIRECTION('',(1.,0.,0.));
#12886 = MANIFOLD_SOLID_BREP('',#12887);
#12887 = CLOSED_SHELL('',(#12888,#12928,#12968,#12990,#13012,#13024));
#12888 = ADVANCED_FACE('',(#12889),#12923,.F.);
#12889 = FACE_BOUND('',#12890,.F.);
#12890 = EDGE_LOOP('',(#12891,#12901,#12909,#12917));
#12891 = ORIENTED_EDGE('',*,*,#12892,.F.);
#12892 = EDGE_CURVE('',#12893,#12895,#12897,.T.);
#12893 = VERTEX_POINT('',#12894);
#12894 = CARTESIAN_POINT('',(3.787E+03,-2.466E+03,300.));
#12895 = VERTEX_POINT('',#12896);
#12896 = CARTESIAN_POINT('',(3.787E+03,-2.466E+03,320.));
#12897 = LINE('',#12898,#12899);
#12898 = CARTESIAN_POINT('',(3.787E+03,-2.466E+03,300.));
#12899 = VECTOR('',#12900,1.);
#12900 = DIRECTION('',(0.,0.,1.));
#12901 = ORIENTED_EDGE('',*,*,#12902,.T.);
#12902 = EDGE_CURVE('',#12893,#12903,#12905,.T.);
#12903 = VERTEX_POINT('',#12904);
#12904 = CARTESIAN_POINT('',(3.787E+03,-2.346E+03,300.));
#12905 = LINE('',#12906,#12907);
#12906 = CARTESIAN_POINT('',(3.787E+03,-2.466E+03,300.));
#12907 = VECTOR('',#12908,1.);
#12908 = DIRECTION('',(0.,1.,0.));
#12909 = ORIENTED_EDGE('',*,*,#12910,.T.);
#12910 = EDGE_CURVE('',#12903,#12911,#12913,.T.);
#12911 = VERTEX_POINT('',#12912);
#12912 = CARTESIAN_POINT('',(3.787E+03,-2.346E+03,320.));
#12913 = LINE('',#12914,#12915);
#12914 = CARTESIAN_POINT('',(3.787E+03,-2.346E+03,300.));
#12915 = VECTOR('',#12916,1.);
#12916 = DIRECTION('',(0.,0.,1.));
#12917 = ORIENTED_EDGE('',*,*,#12918,.F.);
#12918 = EDGE_CURVE('',#12895,#12911,#12919,.T.);
#12919 = LINE('',#12920,#12921);
#12920 = CARTESIAN_POINT('',(3.787E+03,-2.466E+03,320.));
#12921 = VECTOR('',#12922,1.);
#12922 = DIRECTION('',(0.,1.,0.));
#12923 = PLANE('',#12924);
#12924 = AXIS2_PLACEMENT_3D('',#12925,#12926,#12927);
#12925 = CARTESIAN_POINT('',(3.787E+03,-2.466E+03,300.));
#12926 = DIRECTION('',(1.,0.,0.));
#12927 = DIRECTION('',(0.,0.,1.));
#12928 = ADVANCED_FACE('',(#12929),#12963,.T.);
#12929 = FACE_BOUND('',#12930,.T.);
#12930 = EDGE_LOOP('',(#12931,#12941,#12949,#12957));
#12931 = ORIENTED_EDGE('',*,*,#12932,.F.);
#12932 = EDGE_CURVE('',#12933,#12935,#12937,.T.);
#12933 = VERTEX_POINT('',#12934);
#12934 = CARTESIAN_POINT('',(3.907E+03,-2.466E+03,300.));
#12935 = VERTEX_POINT('',#12936);
#12936 = CARTESIAN_POINT('',(3.907E+03,-2.466E+03,320.));
#12937 = LINE('',#12938,#12939);
#12938 = CARTESIAN_POINT('',(3.907E+03,-2.466E+03,300.));
#12939 = VECTOR('',#12940,1.);
#12940 = DIRECTION('',(0.,0.,1.));
#12941 = ORIENTED_EDGE('',*,*,#12942,.T.);
#12942 = EDGE_CURVE('',#12933,#12943,#12945,.T.);
#12943 = VERTEX_POINT('',#12944);
#12944 = CARTESIAN_POINT('',(3.907E+03,-2.346E+03,300.));
#12945 = LINE('',#12946,#12947);
#12946 = CARTESIAN_POINT('',(3.907E+03,-2.466E+03,300.));
#12947 = VECTOR('',#12948,1.);
#12948 = DIRECTION('',(0.,1.,0.));
#12949 = ORIENTED_EDGE('',*,*,#12950,.T.);
#12950 = EDGE_CURVE('',#12943,#12951,#12953,.T.);
#12951 = VERTEX_POINT('',#12952);
#12952 = CARTESIAN_POINT('',(3.907E+03,-2.346E+03,320.));
#12953 = LINE('',#12954,#12955);
#12954 = CARTESIAN_POINT('',(3.907E+03,-2.346E+03,300.));
#12955 = VECTOR('',#12956,1.);
#12956 = DIRECTION('',(0.,0.,1.));
#12957 = ORIENTED_EDGE('',*,*,#12958,.F.);
#12958 = EDGE_CURVE('',#12935,#12951,#12959,.T.);
#12959 = LINE('',#12960,#12961);
#12960 = CARTESIAN_POINT('',(3.907E+03,-2.466E+03,320.));
#12961 = VECTOR('',#12962,1.);
#12962 = DIRECTION('',(0.,1.,0.));
#12963 = PLANE('',#12964);
#12964 = AXIS2_PLACEMENT_3D('',#12965,#12966,#12967);
#12965 = CARTESIAN_POINT('',(3.907E+03,-2.466E+03,300.));
#12966 = DIRECTION('',(1.,0.,0.));
#12967 = DIRECTION('',(0.,0.,1.));
#12968 = ADVANCED_FACE('',(#12969),#12985,.F.);
#12969 = FACE_BOUND('',#12970,.F.);
#12970 = EDGE_LOOP('',(#12971,#12977,#12978,#12984));
#12971 = ORIENTED_EDGE('',*,*,#12972,.F.);
#12972 = EDGE_CURVE('',#12893,#12933,#12973,.T.);
#12973 = LINE('',#12974,#12975);
#12974 = CARTESIAN_POINT('',(3.787E+03,-2.466E+03,300.));
#12975 = VECTOR('',#12976,1.);
#12976 = DIRECTION('',(1.,0.,0.));
#12977 = ORIENTED_EDGE('',*,*,#12892,.T.);
#12978 = ORIENTED_EDGE('',*,*,#12979,.T.);
#12979 = EDGE_CURVE('',#12895,#12935,#12980,.T.);
#12980 = LINE('',#12981,#12982);
#12981 = CARTESIAN_POINT('',(3.787E+03,-2.466E+03,320.));
#12982 = VECTOR('',#12983,1.);
#12983 = DIRECTION('',(1.,0.,0.));
#12984 = ORIENTED_EDGE('',*,*,#12932,.F.);
#12985 = PLANE('',#12986);
#12986 = AXIS2_PLACEMENT_3D('',#12987,#12988,#12989);
#12987 = CARTESIAN_POINT('',(3.787E+03,-2.466E+03,300.));
#12988 = DIRECTION('',(0.,1.,0.));
#12989 = DIRECTION('',(0.,0.,1.));
#12990 = ADVANCED_FACE('',(#12991),#13007,.T.);
#12991 = FACE_BOUND('',#12992,.T.);
#12992 = EDGE_LOOP('',(#12993,#12999,#13000,#13006));
#12993 = ORIENTED_EDGE('',*,*,#12994,.F.);
#12994 = EDGE_CURVE('',#12903,#12943,#12995,.T.);
#12995 = LINE('',#12996,#12997);
#12996 = CARTESIAN_POINT('',(3.787E+03,-2.346E+03,300.));
#12997 = VECTOR('',#12998,1.);
#12998 = DIRECTION('',(1.,0.,0.));
#12999 = ORIENTED_EDGE('',*,*,#12910,.T.);
#13000 = ORIENTED_EDGE('',*,*,#13001,.T.);
#13001 = EDGE_CURVE('',#12911,#12951,#13002,.T.);
#13002 = LINE('',#13003,#13004);
#13003 = CARTESIAN_POINT('',(3.787E+03,-2.346E+03,320.));
#13004 = VECTOR('',#13005,1.);
#13005 = DIRECTION('',(1.,0.,0.));
#13006 = ORIENTED_EDGE('',*,*,#12950,.F.);
#13007 = PLANE('',#13008);
#13008 = AXIS2_PLACEMENT_3D('',#13009,#13010,#13011);
#13009 = CARTESIAN_POINT('',(3.787E+03,-2.346E+03,300.));
#13010 = DIRECTION('',(0.,1.,0.));
#13011 = DIRECTION('',(0.,0.,1.));
#13012 = ADVANCED_FACE('',(#13013),#13019,.F.);
#13013 = FACE_BOUND('',#13014,.F.);
#13014 = EDGE_LOOP('',(#13015,#13016,#13017,#13018));
#13015 = ORIENTED_EDGE('',*,*,#12902,.F.);
#13016 = ORIENTED_EDGE('',*,*,#12972,.T.);
#13017 = ORIENTED_EDGE('',*,*,#12942,.T.);
#13018 = ORIENTED_EDGE('',*,*,#12994,.F.);
#13019 = PLANE('',#13020);
#13020 = AXIS2_PLACEMENT_3D('',#13021,#13022,#13023);
#13021 = CARTESIAN_POINT('',(3.787E+03,-2.466E+03,300.));
#13022 = DIRECTION('',(0.,0.,1.));
#13023 = DIRECTION('',(1.,0.,0.));
#13024 = ADVANCED_FACE('',(#13025),#13031,.T.);
#13025 = FACE_BOUND('',#13026,.T.);
#13026 = EDGE_LOOP('',(#13027,#13028,#13029,#13030));
#13027 = ORIENTED_EDGE('',*,*,#12918,.F.);
#13028 = ORIENTED_EDGE('',*,*,#12979,.T.);
#13029 = ORIENTED_EDGE('',*,*,#12958,.T.);
#13030 = ORIENTED_EDGE('',*,*,#13001,.F.);
#13031 = PLANE('',#13032);
#13032 = AXIS2_PLACEMENT_3D('',#13033,#13034,#13035);
#13033 = CARTESIAN_POINT('',(3.787E+03,-2.466E+03,320.));
#13034 = DIRECTION('',(0.,0.,1.));
#13035 = DIRECTION('',(1.,0.,0.));
#13036 = MANIFOLD_SOLID_BREP('',#13037);
#13037 = CLOSED_SHELL('',(#13038,#13064));
#13038 = ADVANCED_FACE('',(#13039),#13059,.T.);
#13039 = FACE_BOUND('',#13040,.T.);
#13040 = EDGE_LOOP('',(#13041,#13050,#13058));
#13041 = ORIENTED_EDGE('',*,*,#13042,.F.);
#13042 = EDGE_CURVE('',#13043,#13043,#13045,.T.);
#13043 = VERTEX_POINT('',#13044);
#13044 = CARTESIAN_POINT('',(47.,-4.656E+03,2.48E+03));
#13045 = CIRCLE('',#13046,90.);
#13046 = AXIS2_PLACEMENT_3D('',#13047,#13048,#13049);
#13047 = CARTESIAN_POINT('',(137.,-4.656E+03,2.48E+03));
#13048 = DIRECTION('',(0.,0.,-1.));
#13049 = DIRECTION('',(-1.,0.,0.));
#13050 = ORIENTED_EDGE('',*,*,#13051,.F.);
#13051 = EDGE_CURVE('',#13052,#13043,#13054,.T.);
#13052 = VERTEX_POINT('',#13053);
#13053 = CARTESIAN_POINT('',(137.,-4.656E+03,2.6E+03));
#13054 = LINE('',#13055,#13056);
#13055 = CARTESIAN_POINT('',(137.,-4.656E+03,2.6E+03));
#13056 = VECTOR('',#13057,1.);
#13057 = DIRECTION('',(-0.6,-1.5E-16,-0.8));
#13058 = ORIENTED_EDGE('',*,*,#13051,.T.);
#13059 = CONICAL_SURFACE('',#13060,0.,0.643501108793);
#13060 = AXIS2_PLACEMENT_3D('',#13061,#13062,#13063);
#13061 = CARTESIAN_POINT('',(137.,-4.656E+03,2.6E+03));
#13062 = DIRECTION('',(0.,0.,-1.));
#13063 = DIRECTION('',(-1.,0.,0.));
#13064 = ADVANCED_FACE('',(#13065),#13068,.T.);
#13065 = FACE_BOUND('',#13066,.T.);
#13066 = EDGE_LOOP('',(#13067));
#13067 = ORIENTED_EDGE('',*,*,#13042,.T.);
#13068 = PLANE('',#13069);
#13069 = AXIS2_PLACEMENT_3D('',#13070,#13071,#13072);
#13070 = CARTESIAN_POINT('',(137.,-4.656E+03,2.48E+03));
#13071 = DIRECTION('',(0.,0.,-1.));
#13072 = DIRECTION('',(-1.,0.,0.));
#13073 = MANIFOLD_SOLID_BREP('',#13074);
#13074 = CLOSED_SHELL('',(#13075,#13108,#13117));
#13075 = ADVANCED_FACE('',(#13076),#13103,.T.);
#13076 = FACE_BOUND('',#13077,.T.);
#13077 = EDGE_LOOP('',(#13078,#13087,#13095,#13102));
#13078 = ORIENTED_EDGE('',*,*,#13079,.F.);
#13079 = EDGE_CURVE('',#13080,#13080,#13082,.T.);
#13080 = VERTEX_POINT('',#13081);
#13081 = CARTESIAN_POINT('',(-3.514E+03,-346.,320.));
#13082 = CIRCLE('',#13083,60.);
#13083 = AXIS2_PLACEMENT_3D('',#13084,#13085,#13086);
#13084 = CARTESIAN_POINT('',(-3.574E+03,-346.,320.));
#13085 = DIRECTION('',(0.,0.,1.));
#13086 = DIRECTION('',(1.,0.,0.));
#13087 = ORIENTED_EDGE('',*,*,#13088,.F.);
#13088 = EDGE_CURVE('',#13089,#13080,#13091,.T.);
#13089 = VERTEX_POINT('',#13090);
#13090 = CARTESIAN_POINT('',(-3.514E+03,-346.,300.));
#13091 = LINE('',#13092,#13093);
#13092 = CARTESIAN_POINT('',(-3.514E+03,-346.,300.));
#13093 = VECTOR('',#13094,1.);
#13094 = DIRECTION('',(0.,0.,1.));
#13095 = ORIENTED_EDGE('',*,*,#13096,.T.);
#13096 = EDGE_CURVE('',#13089,#13089,#13097,.T.);
#13097 = CIRCLE('',#13098,60.);
#13098 = AXIS2_PLACEMENT_3D('',#13099,#13100,#13101);
#13099 = CARTESIAN_POINT('',(-3.574E+03,-346.,300.));
#13100 = DIRECTION('',(0.,0.,1.));
#13101 = DIRECTION('',(1.,0.,0.));
#13102 = ORIENTED_EDGE('',*,*,#13088,.T.);
#13103 = CYLINDRICAL_SURFACE('',#13104,60.);
#13104 = AXIS2_PLACEMENT_3D('',#13105,#13106,#13107);
#13105 = CARTESIAN_POINT('',(-3.574E+03,-346.,300.));
#13106 = DIRECTION('',(0.,0.,1.));
#13107 = DIRECTION('',(1.,0.,0.));
#13108 = ADVANCED_FACE('',(#13109),#13112,.T.);
#13109 = FACE_BOUND('',#13110,.T.);
#13110 = EDGE_LOOP('',(#13111));
#13111 = ORIENTED_EDGE('',*,*,#13079,.T.);
#13112 = PLANE('',#13113);
#13113 = AXIS2_PLACEMENT_3D('',#13114,#13115,#13116);
#13114 = CARTESIAN_POINT('',(-3.574E+03,-346.,320.));
#13115 = DIRECTION('',(0.,0.,1.));
#13116 = DIRECTION('',(1.,0.,0.));
#13117 = ADVANCED_FACE('',(#13118),#13121,.F.);
#13118 = FACE_BOUND('',#13119,.T.);
#13119 = EDGE_LOOP('',(#13120));
#13120 = ORIENTED_EDGE('',*,*,#13096,.F.);
#13121 = PLANE('',#13122);
#13122 = AXIS2_PLACEMENT_3D('',#13123,#13124,#13125);
#13123 = CARTESIAN_POINT('',(-3.574E+03,-346.,300.));
#13124 = DIRECTION('',(0.,0.,1.));
#13125 = DIRECTION('',(1.,0.,0.));
#13126 = MANIFOLD_SOLID_BREP('',#13127);
#13127 = CLOSED_SHELL('',(#13128,#13161,#13170));
#13128 = ADVANCED_FACE('',(#13129),#13156,.T.);
#13129 = FACE_BOUND('',#13130,.T.);
#13130 = EDGE_LOOP('',(#13131,#13140,#13148,#13155));
#13131 = ORIENTED_EDGE('',*,*,#13132,.F.);
#13132 = EDGE_CURVE('',#13133,#13133,#13135,.T.);
#13133 = VERTEX_POINT('',#13134);
#13134 = CARTESIAN_POINT('',(247.,-2.226E+03,2.94E+03));
#13135 = CIRCLE('',#13136,110.);
#13136 = AXIS2_PLACEMENT_3D('',#13137,#13138,#13139);
#13137 = CARTESIAN_POINT('',(137.,-2.226E+03,2.94E+03));
#13138 = DIRECTION('',(0.,0.,1.));
#13139 = DIRECTION('',(1.,0.,0.));
#13140 = ORIENTED_EDGE('',*,*,#13141,.F.);
#13141 = EDGE_CURVE('',#13142,#13133,#13144,.T.);
#13142 = VERTEX_POINT('',#13143);
#13143 = CARTESIAN_POINT('',(247.,-2.226E+03,2.9E+03));
#13144 = LINE('',#13145,#13146);
#13145 = CARTESIAN_POINT('',(247.,-2.226E+03,2.9E+03));
#13146 = VECTOR('',#13147,1.);
#13147 = DIRECTION('',(0.,0.,1.));
#13148 = ORIENTED_EDGE('',*,*,#13149,.T.);
#13149 = EDGE_CURVE('',#13142,#13142,#13150,.T.);
#13150 = CIRCLE('',#13151,110.);
#13151 = AXIS2_PLACEMENT_3D('',#13152,#13153,#13154);
#13152 = CARTESIAN_POINT('',(137.,-2.226E+03,2.9E+03));
#13153 = DIRECTION('',(0.,0.,1.));
#13154 = DIRECTION('',(1.,0.,0.));
#13155 = ORIENTED_EDGE('',*,*,#13141,.T.);
#13156 = CYLINDRICAL_SURFACE('',#13157,110.);
#13157 = AXIS2_PLACEMENT_3D('',#13158,#13159,#13160);
#13158 = CARTESIAN_POINT('',(137.,-2.226E+03,2.9E+03));
#13159 = DIRECTION('',(0.,0.,1.));
#13160 = DIRECTION('',(1.,0.,0.));
#13161 = ADVANCED_FACE('',(#13162),#13165,.T.);
#13162 = FACE_BOUND('',#13163,.T.);
#13163 = EDGE_LOOP('',(#13164));
#13164 = ORIENTED_EDGE('',*,*,#13132,.T.);
#13165 = PLANE('',#13166);
#13166 = AXIS2_PLACEMENT_3D('',#13167,#13168,#13169);
#13167 = CARTESIAN_POINT('',(137.,-2.226E+03,2.94E+03));
#13168 = DIRECTION('',(0.,0.,1.));
#13169 = DIRECTION('',(1.,0.,0.));
#13170 = ADVANCED_FACE('',(#13171),#13174,.F.);
#13171 = FACE_BOUND('',#13172,.T.);
#13172 = EDGE_LOOP('',(#13173));
#13173 = ORIENTED_EDGE('',*,*,#13149,.F.);
#13174 = PLANE('',#13175);
#13175 = AXIS2_PLACEMENT_3D('',#13176,#13177,#13178);
#13176 = CARTESIAN_POINT('',(137.,-2.226E+03,2.9E+03));
#13177 = DIRECTION('',(0.,0.,1.));
#13178 = DIRECTION('',(1.,0.,0.));
#13179 = ( GEOMETRIC_REPRESENTATION_CONTEXT(3) 
GLOBAL_UNCERTAINTY_ASSIGNED_CONTEXT((#13183)) 
GLOBAL_UNIT_ASSIGNED_CONTEXT((#13180,#13181,#13182)) 
REPRESENTATION_CONTEXT('Context #1',
  '3D Context with UNIT and UNCERTAINTY') );
#13180 = ( LENGTH_UNIT() NAMED_UNIT(*) SI_UNIT(.MILLI.,.METRE.) );
#13181 = ( NAMED_UNIT(*) PLANE_ANGLE_UNIT() SI_UNIT($,.RADIAN.) );
#13182 = ( NAMED_UNIT(*) SI_UNIT($,.STERADIAN.) SOLID_ANGLE_UNIT() );
#13183 = UNCERTAINTY_MEASURE_WITH_UNIT(LENGTH_MEASURE(1.E-07),#13180,
  'distance_accuracy_value','confusion accuracy');
#13184 = PRODUCT_RELATED_PRODUCT_CATEGORY('part',$,(#7));
ENDSEC;
END-ISO-10303-21;
