ISO-10303-21;
HEADER;
FILE_DESCRIPTION(('FreeCAD Model'),'2;1');
FILE_NAME('Open CASCADE Shape Model','2026-09-10T14:31:19',('FreeCAD'),(
    'FreeCAD'),'Open CASCADE STEP processor 7.8','FreeCAD','Unknown');
FILE_SCHEMA(('AUTOMOTIVE_DESIGN { 1 0 10303 214 1 1 1 1 }'));
ENDSEC;
DATA;
#1 = APPLICATION_PROTOCOL_DEFINITION('international standard',
  'automotive_design',2000,#2);
#2 = APPLICATION_CONTEXT(
  'core data for automotive mechanical design processes');
#3 = SHAPE_DEFINITION_REPRESENTATION(#4,#10);
#4 = PRODUCT_DEFINITION_SHAPE('','',#5);
#5 = PRODUCT_DEFINITION('design','',#6,#9);
#6 = PRODUCT_DEFINITION_FORMATION('','',#7);
#7 = PRODUCT('Open CASCADE STEP translator 7.8 6',
  'Open CASCADE STEP translator 7.8 6','',(#8));
#8 = PRODUCT_CONTEXT('',#2,'mechanical');
#9 = PRODUCT_DEFINITION_CONTEXT('part definition',#2,'design');
#10 = SHAPE_REPRESENTATION('',(#11,#15,#165,#315,#933,#1551,#2169,#2787,
    #3077,#3130,#3183,#3333,#3483,#3633,#3783,#3933,#4083,#4233,#4383,
    #4533,#4683,#4833,#4983,#5133,#5283,#5433,#5583,#5733,#5883,#6033,
    #6183,#6333,#6483,#6633,#6686,#6836,#6889,#7039,#7092,#7242,#7392,
    #7445,#7595,#7745,#8363,#8981,#9034,#9184,#9334,#9484,#9492,#9500,
    #9508,#9516,#9524,#9532,#9540,#9548,#9556),#9585);
#11 = AXIS2_PLACEMENT_3D('',#12,#13,#14);
#12 = CARTESIAN_POINT('',(0.,0.,0.));
#13 = DIRECTION('',(0.,0.,1.));
#14 = DIRECTION('',(1.,0.,-0.));
#15 = MANIFOLD_SOLID_BREP('',#16);
#16 = CLOSED_SHELL('',(#17,#57,#97,#119,#141,#153));
#17 = ADVANCED_FACE('',(#18),#52,.F.);
#18 = FACE_BOUND('',#19,.F.);
#19 = EDGE_LOOP('',(#20,#30,#38,#46));
#20 = ORIENTED_EDGE('',*,*,#21,.F.);
#21 = EDGE_CURVE('',#22,#24,#26,.T.);
#22 = VERTEX_POINT('',#23);
#23 = CARTESIAN_POINT('',(-3.49E+03,760.,327.908));
#24 = VERTEX_POINT('',#25);
#25 = CARTESIAN_POINT('',(-3.49E+03,760.,637.908));
#26 = LINE('',#27,#28);
#27 = CARTESIAN_POINT('',(-3.49E+03,760.,327.908));
#28 = VECTOR('',#29,1.);
#29 = DIRECTION('',(0.,0.,1.));
#30 = ORIENTED_EDGE('',*,*,#31,.T.);
#31 = EDGE_CURVE('',#22,#32,#34,.T.);
#32 = VERTEX_POINT('',#33);
#33 = CARTESIAN_POINT('',(-3.49E+03,2.56E+03,327.908));
#34 = LINE('',#35,#36);
#35 = CARTESIAN_POINT('',(-3.49E+03,760.,327.908));
#36 = VECTOR('',#37,1.);
#37 = DIRECTION('',(0.,1.,0.));
#38 = ORIENTED_EDGE('',*,*,#39,.T.);
#39 = EDGE_CURVE('',#32,#40,#42,.T.);
#40 = VERTEX_POINT('',#41);
#41 = CARTESIAN_POINT('',(-3.49E+03,2.56E+03,637.908));
#42 = LINE('',#43,#44);
#43 = CARTESIAN_POINT('',(-3.49E+03,2.56E+03,327.908));
#44 = VECTOR('',#45,1.);
#45 = DIRECTION('',(0.,0.,1.));
#46 = ORIENTED_EDGE('',*,*,#47,.F.);
#47 = EDGE_CURVE('',#24,#40,#48,.T.);
#48 = LINE('',#49,#50);
#49 = CARTESIAN_POINT('',(-3.49E+03,760.,637.908));
#50 = VECTOR('',#51,1.);
#51 = DIRECTION('',(0.,1.,0.));
#52 = PLANE('',#53);
#53 = AXIS2_PLACEMENT_3D('',#54,#55,#56);
#54 = CARTESIAN_POINT('',(-3.49E+03,760.,327.908));
#55 = DIRECTION('',(1.,0.,0.));
#56 = DIRECTION('',(0.,0.,1.));
#57 = ADVANCED_FACE('',(#58),#92,.T.);
#58 = FACE_BOUND('',#59,.T.);
#59 = EDGE_LOOP('',(#60,#70,#78,#86));
#60 = ORIENTED_EDGE('',*,*,#61,.F.);
#61 = EDGE_CURVE('',#62,#64,#66,.T.);
#62 = VERTEX_POINT('',#63);
#63 = CARTESIAN_POINT('',(-2.92E+03,760.,327.908));
#64 = VERTEX_POINT('',#65);
#65 = CARTESIAN_POINT('',(-2.92E+03,760.,637.908));
#66 = LINE('',#67,#68);
#67 = CARTESIAN_POINT('',(-2.92E+03,760.,327.908));
#68 = VECTOR('',#69,1.);
#69 = DIRECTION('',(0.,0.,1.));
#70 = ORIENTED_EDGE('',*,*,#71,.T.);
#71 = EDGE_CURVE('',#62,#72,#74,.T.);
#72 = VERTEX_POINT('',#73);
#73 = CARTESIAN_POINT('',(-2.92E+03,2.56E+03,327.908));
#74 = LINE('',#75,#76);
#75 = CARTESIAN_POINT('',(-2.92E+03,760.,327.908));
#76 = VECTOR('',#77,1.);
#77 = DIRECTION('',(0.,1.,0.));
#78 = ORIENTED_EDGE('',*,*,#79,.T.);
#79 = EDGE_CURVE('',#72,#80,#82,.T.);
#80 = VERTEX_POINT('',#81);
#81 = CARTESIAN_POINT('',(-2.92E+03,2.56E+03,637.908));
#82 = LINE('',#83,#84);
#83 = CARTESIAN_POINT('',(-2.92E+03,2.56E+03,327.908));
#84 = VECTOR('',#85,1.);
#85 = DIRECTION('',(0.,0.,1.));
#86 = ORIENTED_EDGE('',*,*,#87,.F.);
#87 = EDGE_CURVE('',#64,#80,#88,.T.);
#88 = LINE('',#89,#90);
#89 = CARTESIAN_POINT('',(-2.92E+03,760.,637.908));
#90 = VECTOR('',#91,1.);
#91 = DIRECTION('',(0.,1.,0.));
#92 = PLANE('',#93);
#93 = AXIS2_PLACEMENT_3D('',#94,#95,#96);
#94 = CARTESIAN_POINT('',(-2.92E+03,760.,327.908));
#95 = DIRECTION('',(1.,0.,0.));
#96 = DIRECTION('',(0.,0.,1.));
#97 = ADVANCED_FACE('',(#98),#114,.F.);
#98 = FACE_BOUND('',#99,.F.);
#99 = EDGE_LOOP('',(#100,#106,#107,#113));
#100 = ORIENTED_EDGE('',*,*,#101,.F.);
#101 = EDGE_CURVE('',#22,#62,#102,.T.);
#102 = LINE('',#103,#104);
#103 = CARTESIAN_POINT('',(-3.49E+03,760.,327.908));
#104 = VECTOR('',#105,1.);
#105 = DIRECTION('',(1.,0.,0.));
#106 = ORIENTED_EDGE('',*,*,#21,.T.);
#107 = ORIENTED_EDGE('',*,*,#108,.T.);
#108 = EDGE_CURVE('',#24,#64,#109,.T.);
#109 = LINE('',#110,#111);
#110 = CARTESIAN_POINT('',(-3.49E+03,760.,637.908));
#111 = VECTOR('',#112,1.);
#112 = DIRECTION('',(1.,0.,0.));
#113 = ORIENTED_EDGE('',*,*,#61,.F.);
#114 = PLANE('',#115);
#115 = AXIS2_PLACEMENT_3D('',#116,#117,#118);
#116 = CARTESIAN_POINT('',(-3.49E+03,760.,327.908));
#117 = DIRECTION('',(0.,1.,0.));
#118 = DIRECTION('',(0.,0.,1.));
#119 = ADVANCED_FACE('',(#120),#136,.T.);
#120 = FACE_BOUND('',#121,.T.);
#121 = EDGE_LOOP('',(#122,#128,#129,#135));
#122 = ORIENTED_EDGE('',*,*,#123,.F.);
#123 = EDGE_CURVE('',#32,#72,#124,.T.);
#124 = LINE('',#125,#126);
#125 = CARTESIAN_POINT('',(-3.49E+03,2.56E+03,327.908));
#126 = VECTOR('',#127,1.);
#127 = DIRECTION('',(1.,0.,0.));
#128 = ORIENTED_EDGE('',*,*,#39,.T.);
#129 = ORIENTED_EDGE('',*,*,#130,.T.);
#130 = EDGE_CURVE('',#40,#80,#131,.T.);
#131 = LINE('',#132,#133);
#132 = CARTESIAN_POINT('',(-3.49E+03,2.56E+03,637.908));
#133 = VECTOR('',#134,1.);
#134 = DIRECTION('',(1.,0.,0.));
#135 = ORIENTED_EDGE('',*,*,#79,.F.);
#136 = PLANE('',#137);
#137 = AXIS2_PLACEMENT_3D('',#138,#139,#140);
#138 = CARTESIAN_POINT('',(-3.49E+03,2.56E+03,327.908));
#139 = DIRECTION('',(0.,1.,0.));
#140 = DIRECTION('',(0.,0.,1.));
#141 = ADVANCED_FACE('',(#142),#148,.F.);
#142 = FACE_BOUND('',#143,.F.);
#143 = EDGE_LOOP('',(#144,#145,#146,#147));
#144 = ORIENTED_EDGE('',*,*,#31,.F.);
#145 = ORIENTED_EDGE('',*,*,#101,.T.);
#146 = ORIENTED_EDGE('',*,*,#71,.T.);
#147 = ORIENTED_EDGE('',*,*,#123,.F.);
#148 = PLANE('',#149);
#149 = AXIS2_PLACEMENT_3D('',#150,#151,#152);
#150 = CARTESIAN_POINT('',(-3.49E+03,760.,327.908));
#151 = DIRECTION('',(0.,0.,1.));
#152 = DIRECTION('',(1.,0.,0.));
#153 = ADVANCED_FACE('',(#154),#160,.T.);
#154 = FACE_BOUND('',#155,.T.);
#155 = EDGE_LOOP('',(#156,#157,#158,#159));
#156 = ORIENTED_EDGE('',*,*,#47,.F.);
#157 = ORIENTED_EDGE('',*,*,#108,.T.);
#158 = ORIENTED_EDGE('',*,*,#87,.T.);
#159 = ORIENTED_EDGE('',*,*,#130,.F.);
#160 = PLANE('',#161);
#161 = AXIS2_PLACEMENT_3D('',#162,#163,#164);
#162 = CARTESIAN_POINT('',(-3.49E+03,760.,637.908));
#163 = DIRECTION('',(0.,0.,1.));
#164 = DIRECTION('',(1.,0.,0.));
#165 = MANIFOLD_SOLID_BREP('',#166);
#166 = CLOSED_SHELL('',(#167,#207,#247,#269,#291,#303));
#167 = ADVANCED_FACE('',(#168),#202,.F.);
#168 = FACE_BOUND('',#169,.F.);
#169 = EDGE_LOOP('',(#170,#180,#188,#196));
#170 = ORIENTED_EDGE('',*,*,#171,.F.);
#171 = EDGE_CURVE('',#172,#174,#176,.T.);
#172 = VERTEX_POINT('',#173);
#173 = CARTESIAN_POINT('',(-3.455E+03,800.,277.908));
#174 = VERTEX_POINT('',#175);
#175 = CARTESIAN_POINT('',(-3.455E+03,800.,367.908));
#176 = LINE('',#177,#178);
#177 = CARTESIAN_POINT('',(-3.455E+03,800.,277.908));
#178 = VECTOR('',#179,1.);
#179 = DIRECTION('',(0.,0.,1.));
#180 = ORIENTED_EDGE('',*,*,#181,.T.);
#181 = EDGE_CURVE('',#172,#182,#184,.T.);
#182 = VERTEX_POINT('',#183);
#183 = CARTESIAN_POINT('',(-3.455E+03,2.52E+03,277.908));
#184 = LINE('',#185,#186);
#185 = CARTESIAN_POINT('',(-3.455E+03,800.,277.908));
#186 = VECTOR('',#187,1.);
#187 = DIRECTION('',(0.,1.,0.));
#188 = ORIENTED_EDGE('',*,*,#189,.T.);
#189 = EDGE_CURVE('',#182,#190,#192,.T.);
#190 = VERTEX_POINT('',#191);
#191 = CARTESIAN_POINT('',(-3.455E+03,2.52E+03,367.908));
#192 = LINE('',#193,#194);
#193 = CARTESIAN_POINT('',(-3.455E+03,2.52E+03,277.908));
#194 = VECTOR('',#195,1.);
#195 = DIRECTION('',(0.,0.,1.));
#196 = ORIENTED_EDGE('',*,*,#197,.F.);
#197 = EDGE_CURVE('',#174,#190,#198,.T.);
#198 = LINE('',#199,#200);
#199 = CARTESIAN_POINT('',(-3.455E+03,800.,367.908));
#200 = VECTOR('',#201,1.);
#201 = DIRECTION('',(0.,1.,0.));
#202 = PLANE('',#203);
#203 = AXIS2_PLACEMENT_3D('',#204,#205,#206);
#204 = CARTESIAN_POINT('',(-3.455E+03,800.,277.908));
#205 = DIRECTION('',(1.,0.,0.));
#206 = DIRECTION('',(0.,0.,1.));
#207 = ADVANCED_FACE('',(#208),#242,.T.);
#208 = FACE_BOUND('',#209,.T.);
#209 = EDGE_LOOP('',(#210,#220,#228,#236));
#210 = ORIENTED_EDGE('',*,*,#211,.F.);
#211 = EDGE_CURVE('',#212,#214,#216,.T.);
#212 = VERTEX_POINT('',#213);
#213 = CARTESIAN_POINT('',(-2.955E+03,800.,277.908));
#214 = VERTEX_POINT('',#215);
#215 = CARTESIAN_POINT('',(-2.955E+03,800.,367.908));
#216 = LINE('',#217,#218);
#217 = CARTESIAN_POINT('',(-2.955E+03,800.,277.908));
#218 = VECTOR('',#219,1.);
#219 = DIRECTION('',(0.,0.,1.));
#220 = ORIENTED_EDGE('',*,*,#221,.T.);
#221 = EDGE_CURVE('',#212,#222,#224,.T.);
#222 = VERTEX_POINT('',#223);
#223 = CARTESIAN_POINT('',(-2.955E+03,2.52E+03,277.908));
#224 = LINE('',#225,#226);
#225 = CARTESIAN_POINT('',(-2.955E+03,800.,277.908));
#226 = VECTOR('',#227,1.);
#227 = DIRECTION('',(0.,1.,0.));
#228 = ORIENTED_EDGE('',*,*,#229,.T.);
#229 = EDGE_CURVE('',#222,#230,#232,.T.);
#230 = VERTEX_POINT('',#231);
#231 = CARTESIAN_POINT('',(-2.955E+03,2.52E+03,367.908));
#232 = LINE('',#233,#234);
#233 = CARTESIAN_POINT('',(-2.955E+03,2.52E+03,277.908));
#234 = VECTOR('',#235,1.);
#235 = DIRECTION('',(0.,0.,1.));
#236 = ORIENTED_EDGE('',*,*,#237,.F.);
#237 = EDGE_CURVE('',#214,#230,#238,.T.);
#238 = LINE('',#239,#240);
#239 = CARTESIAN_POINT('',(-2.955E+03,800.,367.908));
#240 = VECTOR('',#241,1.);
#241 = DIRECTION('',(0.,1.,0.));
#242 = PLANE('',#243);
#243 = AXIS2_PLACEMENT_3D('',#244,#245,#246);
#244 = CARTESIAN_POINT('',(-2.955E+03,800.,277.908));
#245 = DIRECTION('',(1.,0.,0.));
#246 = DIRECTION('',(0.,0.,1.));
#247 = ADVANCED_FACE('',(#248),#264,.F.);
#248 = FACE_BOUND('',#249,.F.);
#249 = EDGE_LOOP('',(#250,#256,#257,#263));
#250 = ORIENTED_EDGE('',*,*,#251,.F.);
#251 = EDGE_CURVE('',#172,#212,#252,.T.);
#252 = LINE('',#253,#254);
#253 = CARTESIAN_POINT('',(-3.455E+03,800.,277.908));
#254 = VECTOR('',#255,1.);
#255 = DIRECTION('',(1.,0.,0.));
#256 = ORIENTED_EDGE('',*,*,#171,.T.);
#257 = ORIENTED_EDGE('',*,*,#258,.T.);
#258 = EDGE_CURVE('',#174,#214,#259,.T.);
#259 = LINE('',#260,#261);
#260 = CARTESIAN_POINT('',(-3.455E+03,800.,367.908));
#261 = VECTOR('',#262,1.);
#262 = DIRECTION('',(1.,0.,0.));
#263 = ORIENTED_EDGE('',*,*,#211,.F.);
#264 = PLANE('',#265);
#265 = AXIS2_PLACEMENT_3D('',#266,#267,#268);
#266 = CARTESIAN_POINT('',(-3.455E+03,800.,277.908));
#267 = DIRECTION('',(0.,1.,0.));
#268 = DIRECTION('',(0.,0.,1.));
#269 = ADVANCED_FACE('',(#270),#286,.T.);
#270 = FACE_BOUND('',#271,.T.);
#271 = EDGE_LOOP('',(#272,#278,#279,#285));
#272 = ORIENTED_EDGE('',*,*,#273,.F.);
#273 = EDGE_CURVE('',#182,#222,#274,.T.);
#274 = LINE('',#275,#276);
#275 = CARTESIAN_POINT('',(-3.455E+03,2.52E+03,277.908));
#276 = VECTOR('',#277,1.);
#277 = DIRECTION('',(1.,0.,0.));
#278 = ORIENTED_EDGE('',*,*,#189,.T.);
#279 = ORIENTED_EDGE('',*,*,#280,.T.);
#280 = EDGE_CURVE('',#190,#230,#281,.T.);
#281 = LINE('',#282,#283);
#282 = CARTESIAN_POINT('',(-3.455E+03,2.52E+03,367.908));
#283 = VECTOR('',#284,1.);
#284 = DIRECTION('',(1.,0.,0.));
#285 = ORIENTED_EDGE('',*,*,#229,.F.);
#286 = PLANE('',#287);
#287 = AXIS2_PLACEMENT_3D('',#288,#289,#290);
#288 = CARTESIAN_POINT('',(-3.455E+03,2.52E+03,277.908));
#289 = DIRECTION('',(0.,1.,0.));
#290 = DIRECTION('',(0.,0.,1.));
#291 = ADVANCED_FACE('',(#292),#298,.F.);
#292 = FACE_BOUND('',#293,.F.);
#293 = EDGE_LOOP('',(#294,#295,#296,#297));
#294 = ORIENTED_EDGE('',*,*,#181,.F.);
#295 = ORIENTED_EDGE('',*,*,#251,.T.);
#296 = ORIENTED_EDGE('',*,*,#221,.T.);
#297 = ORIENTED_EDGE('',*,*,#273,.F.);
#298 = PLANE('',#299);
#299 = AXIS2_PLACEMENT_3D('',#300,#301,#302);
#300 = CARTESIAN_POINT('',(-3.455E+03,800.,277.908));
#301 = DIRECTION('',(0.,0.,1.));
#302 = DIRECTION('',(1.,0.,0.));
#303 = ADVANCED_FACE('',(#304),#310,.T.);
#304 = FACE_BOUND('',#305,.T.);
#305 = EDGE_LOOP('',(#306,#307,#308,#309));
#306 = ORIENTED_EDGE('',*,*,#197,.F.);
#307 = ORIENTED_EDGE('',*,*,#258,.T.);
#308 = ORIENTED_EDGE('',*,*,#237,.T.);
#309 = ORIENTED_EDGE('',*,*,#280,.F.);
#310 = PLANE('',#311);
#311 = AXIS2_PLACEMENT_3D('',#312,#313,#314);
#312 = CARTESIAN_POINT('',(-3.455E+03,800.,367.908));
#313 = DIRECTION('',(0.,0.,1.));
#314 = DIRECTION('',(1.,0.,0.));
#315 = MANIFOLD_SOLID_BREP('',#316);
#316 = CLOSED_SHELL('',(#317,#357,#390,#423,#456,#489,#506,#523,#554,
    #585,#602,#633,#650,#681,#699,#717,#750,#768,#799,#817,#848,#877,
    #888,#899,#911,#922));
#317 = ADVANCED_FACE('',(#318),#352,.F.);
#318 = FACE_BOUND('',#319,.F.);
#319 = EDGE_LOOP('',(#320,#330,#338,#346));
#320 = ORIENTED_EDGE('',*,*,#321,.F.);
#321 = EDGE_CURVE('',#322,#324,#326,.T.);
#322 = VERTEX_POINT('',#323);
#323 = CARTESIAN_POINT('',(-3.41E+03,790.,662.908));
#324 = VERTEX_POINT('',#325);
#325 = CARTESIAN_POINT('',(-3.41E+03,790.,712.908));
#326 = LINE('',#327,#328);
#327 = CARTESIAN_POINT('',(-3.41E+03,790.,637.908));
#328 = VECTOR('',#329,1.);
#329 = DIRECTION('',(0.,0.,1.));
#330 = ORIENTED_EDGE('',*,*,#331,.T.);
#331 = EDGE_CURVE('',#322,#332,#334,.T.);
#332 = VERTEX_POINT('',#333);
#333 = CARTESIAN_POINT('',(-3.41E+03,1.62E+03,662.908));
#334 = LINE('',#335,#336);
#335 = CARTESIAN_POINT('',(-3.41E+03,765.,662.908));
#336 = VECTOR('',#337,1.);
#337 = DIRECTION('',(0.,1.,0.));
#338 = ORIENTED_EDGE('',*,*,#339,.T.);
#339 = EDGE_CURVE('',#332,#340,#342,.T.);
#340 = VERTEX_POINT('',#341);
#341 = CARTESIAN_POINT('',(-3.41E+03,1.62E+03,712.908));
#342 = LINE('',#343,#344);
#343 = CARTESIAN_POINT('',(-3.41E+03,1.62E+03,637.908));
#344 = VECTOR('',#345,1.);
#345 = DIRECTION('',(0.,0.,1.));
#346 = ORIENTED_EDGE('',*,*,#347,.F.);
#347 = EDGE_CURVE('',#324,#340,#348,.T.);
#348 = LINE('',#349,#350);
#349 = CARTESIAN_POINT('',(-3.41E+03,765.,712.908));
#350 = VECTOR('',#351,1.);
#351 = DIRECTION('',(0.,1.,0.));
#352 = PLANE('',#353);
#353 = AXIS2_PLACEMENT_3D('',#354,#355,#356);
#354 = CARTESIAN_POINT('',(-3.41E+03,765.,637.908));
#355 = DIRECTION('',(1.,0.,0.));
#356 = DIRECTION('',(0.,0.,1.));
#357 = ADVANCED_FACE('',(#358),#385,.T.);
#358 = FACE_BOUND('',#359,.T.);
#359 = EDGE_LOOP('',(#360,#361,#370,#378));
#360 = ORIENTED_EDGE('',*,*,#321,.F.);
#361 = ORIENTED_EDGE('',*,*,#362,.T.);
#362 = EDGE_CURVE('',#322,#363,#365,.T.);
#363 = VERTEX_POINT('',#364);
#364 = CARTESIAN_POINT('',(-3.385E+03,765.,662.908));
#365 = CIRCLE('',#366,25.);
#366 = AXIS2_PLACEMENT_3D('',#367,#368,#369);
#367 = CARTESIAN_POINT('',(-3.385E+03,790.,662.908));
#368 = DIRECTION('',(0.,0.,1.));
#369 = DIRECTION('',(-1.,0.,0.));
#370 = ORIENTED_EDGE('',*,*,#371,.T.);
#371 = EDGE_CURVE('',#363,#372,#374,.T.);
#372 = VERTEX_POINT('',#373);
#373 = CARTESIAN_POINT('',(-3.385E+03,765.,712.908));
#374 = LINE('',#375,#376);
#375 = CARTESIAN_POINT('',(-3.385E+03,765.,637.908));
#376 = VECTOR('',#377,1.);
#377 = DIRECTION('',(0.,0.,1.));
#378 = ORIENTED_EDGE('',*,*,#379,.F.);
#379 = EDGE_CURVE('',#324,#372,#380,.T.);
#380 = CIRCLE('',#381,25.);
#381 = AXIS2_PLACEMENT_3D('',#382,#383,#384);
#382 = CARTESIAN_POINT('',(-3.385E+03,790.,712.908));
#383 = DIRECTION('',(0.,0.,1.));
#384 = DIRECTION('',(-1.,0.,0.));
#385 = CYLINDRICAL_SURFACE('',#386,25.);
#386 = AXIS2_PLACEMENT_3D('',#387,#388,#389);
#387 = CARTESIAN_POINT('',(-3.385E+03,790.,637.908));
#388 = DIRECTION('',(0.,0.,1.));
#389 = DIRECTION('',(-1.,0.,0.));
#390 = ADVANCED_FACE('',(#391),#418,.T.);
#391 = FACE_BOUND('',#392,.F.);
#392 = EDGE_LOOP('',(#393,#402,#410,#417));
#393 = ORIENTED_EDGE('',*,*,#394,.F.);
#394 = EDGE_CURVE('',#395,#322,#397,.T.);
#395 = VERTEX_POINT('',#396);
#396 = CARTESIAN_POINT('',(-3.385E+03,790.,637.908));
#397 = CIRCLE('',#398,25.);
#398 = AXIS2_PLACEMENT_3D('',#399,#400,#401);
#399 = CARTESIAN_POINT('',(-3.385E+03,790.,662.908));
#400 = DIRECTION('',(0.,1.,-0.));
#401 = DIRECTION('',(-1.,0.,0.));
#402 = ORIENTED_EDGE('',*,*,#403,.T.);
#403 = EDGE_CURVE('',#395,#404,#406,.T.);
#404 = VERTEX_POINT('',#405);
#405 = CARTESIAN_POINT('',(-3.385E+03,1.62E+03,637.908));
#406 = LINE('',#407,#408);
#407 = CARTESIAN_POINT('',(-3.385E+03,765.,637.908));
#408 = VECTOR('',#409,1.);
#409 = DIRECTION('',(0.,1.,0.));
#410 = ORIENTED_EDGE('',*,*,#411,.T.);
#411 = EDGE_CURVE('',#404,#332,#412,.T.);
#412 = CIRCLE('',#413,25.);
#413 = AXIS2_PLACEMENT_3D('',#414,#415,#416);
#414 = CARTESIAN_POINT('',(-3.385E+03,1.62E+03,662.908));
#415 = DIRECTION('',(0.,1.,-0.));
#416 = DIRECTION('',(-1.,0.,0.));
#417 = ORIENTED_EDGE('',*,*,#331,.F.);
#418 = CYLINDRICAL_SURFACE('',#419,25.);
#419 = AXIS2_PLACEMENT_3D('',#420,#421,#422);
#420 = CARTESIAN_POINT('',(-3.385E+03,765.,662.908));
#421 = DIRECTION('',(0.,1.,0.));
#422 = DIRECTION('',(-1.,0.,0.));
#423 = ADVANCED_FACE('',(#424),#451,.T.);
#424 = FACE_BOUND('',#425,.T.);
#425 = EDGE_LOOP('',(#426,#435,#443,#450));
#426 = ORIENTED_EDGE('',*,*,#427,.F.);
#427 = EDGE_CURVE('',#428,#324,#430,.T.);
#428 = VERTEX_POINT('',#429);
#429 = CARTESIAN_POINT('',(-3.385E+03,790.,737.908));
#430 = CIRCLE('',#431,25.);
#431 = AXIS2_PLACEMENT_3D('',#432,#433,#434);
#432 = CARTESIAN_POINT('',(-3.385E+03,790.,712.908));
#433 = DIRECTION('',(0.,-1.,0.));
#434 = DIRECTION('',(-1.,0.,0.));
#435 = ORIENTED_EDGE('',*,*,#436,.T.);
#436 = EDGE_CURVE('',#428,#437,#439,.T.);
#437 = VERTEX_POINT('',#438);
#438 = CARTESIAN_POINT('',(-3.385E+03,1.62E+03,737.908));
#439 = LINE('',#440,#441);
#440 = CARTESIAN_POINT('',(-3.385E+03,765.,737.908));
#441 = VECTOR('',#442,1.);
#442 = DIRECTION('',(0.,1.,0.));
#443 = ORIENTED_EDGE('',*,*,#444,.F.);
#444 = EDGE_CURVE('',#340,#437,#445,.T.);
#445 = CIRCLE('',#446,25.);
#446 = AXIS2_PLACEMENT_3D('',#447,#448,#449);
#447 = CARTESIAN_POINT('',(-3.385E+03,1.62E+03,712.908));
#448 = DIRECTION('',(0.,1.,-0.));
#449 = DIRECTION('',(-1.,0.,0.));
#450 = ORIENTED_EDGE('',*,*,#347,.F.);
#451 = CYLINDRICAL_SURFACE('',#452,25.);
#452 = AXIS2_PLACEMENT_3D('',#453,#454,#455);
#453 = CARTESIAN_POINT('',(-3.385E+03,765.,712.908));
#454 = DIRECTION('',(0.,1.,0.));
#455 = DIRECTION('',(-1.,0.,0.));
#456 = ADVANCED_FACE('',(#457),#484,.T.);
#457 = FACE_BOUND('',#458,.F.);
#458 = EDGE_LOOP('',(#459,#460,#469,#477));
#459 = ORIENTED_EDGE('',*,*,#339,.F.);
#460 = ORIENTED_EDGE('',*,*,#461,.T.);
#461 = EDGE_CURVE('',#332,#462,#464,.T.);
#462 = VERTEX_POINT('',#463);
#463 = CARTESIAN_POINT('',(-3.385E+03,1.645E+03,662.908));
#464 = CIRCLE('',#465,25.);
#465 = AXIS2_PLACEMENT_3D('',#466,#467,#468);
#466 = CARTESIAN_POINT('',(-3.385E+03,1.62E+03,662.908));
#467 = DIRECTION('',(0.,0.,-1.));
#468 = DIRECTION('',(-1.,0.,0.));
#469 = ORIENTED_EDGE('',*,*,#470,.T.);
#470 = EDGE_CURVE('',#462,#471,#473,.T.);
#471 = VERTEX_POINT('',#472);
#472 = CARTESIAN_POINT('',(-3.385E+03,1.645E+03,712.908));
#473 = LINE('',#474,#475);
#474 = CARTESIAN_POINT('',(-3.385E+03,1.645E+03,637.908));
#475 = VECTOR('',#476,1.);
#476 = DIRECTION('',(0.,0.,1.));
#477 = ORIENTED_EDGE('',*,*,#478,.T.);
#478 = EDGE_CURVE('',#471,#340,#479,.T.);
#479 = CIRCLE('',#480,25.);
#480 = AXIS2_PLACEMENT_3D('',#481,#482,#483);
#481 = CARTESIAN_POINT('',(-3.385E+03,1.62E+03,712.908));
#482 = DIRECTION('',(0.,0.,1.));
#483 = DIRECTION('',(-1.,0.,0.));
#484 = CYLINDRICAL_SURFACE('',#485,25.);
#485 = AXIS2_PLACEMENT_3D('',#486,#487,#488);
#486 = CARTESIAN_POINT('',(-3.385E+03,1.62E+03,637.908));
#487 = DIRECTION('',(0.,0.,1.));
#488 = DIRECTION('',(-1.,0.,0.));
#489 = ADVANCED_FACE('',(#490),#501,.T.);
#490 = FACE_BOUND('',#491,.T.);
#491 = EDGE_LOOP('',(#492,#493,#500));
#492 = ORIENTED_EDGE('',*,*,#394,.F.);
#493 = ORIENTED_EDGE('',*,*,#494,.T.);
#494 = EDGE_CURVE('',#395,#363,#495,.T.);
#495 = CIRCLE('',#496,25.);
#496 = AXIS2_PLACEMENT_3D('',#497,#498,#499);
#497 = CARTESIAN_POINT('',(-3.385E+03,790.,662.908));
#498 = DIRECTION('',(-1.,6.E-17,0.));
#499 = DIRECTION('',(-6.E-17,-1.,0.));
#500 = ORIENTED_EDGE('',*,*,#362,.F.);
#501 = SPHERICAL_SURFACE('',#502,25.);
#502 = AXIS2_PLACEMENT_3D('',#503,#504,#505);
#503 = CARTESIAN_POINT('',(-3.385E+03,790.,662.908));
#504 = DIRECTION('',(0.,0.,1.));
#505 = DIRECTION('',(-1.,0.,0.));
#506 = ADVANCED_FACE('',(#507),#518,.T.);
#507 = FACE_BOUND('',#508,.F.);
#508 = EDGE_LOOP('',(#509,#510,#517));
#509 = ORIENTED_EDGE('',*,*,#427,.F.);
#510 = ORIENTED_EDGE('',*,*,#511,.T.);
#511 = EDGE_CURVE('',#428,#372,#512,.T.);
#512 = CIRCLE('',#513,25.);
#513 = AXIS2_PLACEMENT_3D('',#514,#515,#516);
#514 = CARTESIAN_POINT('',(-3.385E+03,790.,712.908));
#515 = DIRECTION('',(1.,-6.E-17,0.));
#516 = DIRECTION('',(-6.E-17,-1.,0.));
#517 = ORIENTED_EDGE('',*,*,#379,.F.);
#518 = SPHERICAL_SURFACE('',#519,25.);
#519 = AXIS2_PLACEMENT_3D('',#520,#521,#522);
#520 = CARTESIAN_POINT('',(-3.385E+03,790.,712.908));
#521 = DIRECTION('',(-0.,-0.,-1.));
#522 = DIRECTION('',(-1.,0.,0.));
#523 = ADVANCED_FACE('',(#524),#549,.F.);
#524 = FACE_BOUND('',#525,.F.);
#525 = EDGE_LOOP('',(#526,#527,#535,#543));
#526 = ORIENTED_EDGE('',*,*,#371,.T.);
#527 = ORIENTED_EDGE('',*,*,#528,.T.);
#528 = EDGE_CURVE('',#372,#529,#531,.T.);
#529 = VERTEX_POINT('',#530);
#530 = CARTESIAN_POINT('',(-2.945E+03,765.,712.908));
#531 = LINE('',#532,#533);
#532 = CARTESIAN_POINT('',(-3.41E+03,765.,712.908));
#533 = VECTOR('',#534,1.);
#534 = DIRECTION('',(1.,0.,0.));
#535 = ORIENTED_EDGE('',*,*,#536,.F.);
#536 = EDGE_CURVE('',#537,#529,#539,.T.);
#537 = VERTEX_POINT('',#538);
#538 = CARTESIAN_POINT('',(-2.945E+03,765.,662.908));
#539 = LINE('',#540,#541);
#540 = CARTESIAN_POINT('',(-2.945E+03,765.,637.908));
#541 = VECTOR('',#542,1.);
#542 = DIRECTION('',(0.,0.,1.));
#543 = ORIENTED_EDGE('',*,*,#544,.F.);
#544 = EDGE_CURVE('',#363,#537,#545,.T.);
#545 = LINE('',#546,#547);
#546 = CARTESIAN_POINT('',(-3.41E+03,765.,662.908));
#547 = VECTOR('',#548,1.);
#548 = DIRECTION('',(1.,0.,0.));
#549 = PLANE('',#550);
#550 = AXIS2_PLACEMENT_3D('',#551,#552,#553);
#551 = CARTESIAN_POINT('',(-3.41E+03,765.,637.908));
#552 = DIRECTION('',(0.,1.,0.));
#553 = DIRECTION('',(0.,0.,1.));
#554 = ADVANCED_FACE('',(#555),#580,.F.);
#555 = FACE_BOUND('',#556,.F.);
#556 = EDGE_LOOP('',(#557,#558,#566,#574));
#557 = ORIENTED_EDGE('',*,*,#403,.F.);
#558 = ORIENTED_EDGE('',*,*,#559,.T.);
#559 = EDGE_CURVE('',#395,#560,#562,.T.);
#560 = VERTEX_POINT('',#561);
#561 = CARTESIAN_POINT('',(-2.945E+03,790.,637.908));
#562 = LINE('',#563,#564);
#563 = CARTESIAN_POINT('',(-3.41E+03,790.,637.908));
#564 = VECTOR('',#565,1.);
#565 = DIRECTION('',(1.,0.,0.));
#566 = ORIENTED_EDGE('',*,*,#567,.T.);
#567 = EDGE_CURVE('',#560,#568,#570,.T.);
#568 = VERTEX_POINT('',#569);
#569 = CARTESIAN_POINT('',(-2.945E+03,1.62E+03,637.908));
#570 = LINE('',#571,#572);
#571 = CARTESIAN_POINT('',(-2.945E+03,765.,637.908));
#572 = VECTOR('',#573,1.);
#573 = DIRECTION('',(0.,1.,0.));
#574 = ORIENTED_EDGE('',*,*,#575,.F.);
#575 = EDGE_CURVE('',#404,#568,#576,.T.);
#576 = LINE('',#577,#578);
#577 = CARTESIAN_POINT('',(-3.41E+03,1.62E+03,637.908));
#578 = VECTOR('',#579,1.);
#579 = DIRECTION('',(1.,0.,0.));
#580 = PLANE('',#581);
#581 = AXIS2_PLACEMENT_3D('',#582,#583,#584);
#582 = CARTESIAN_POINT('',(-3.41E+03,765.,637.908));
#583 = DIRECTION('',(0.,0.,1.));
#584 = DIRECTION('',(1.,0.,0.));
#585 = ADVANCED_FACE('',(#586),#597,.T.);
#586 = FACE_BOUND('',#587,.F.);
#587 = EDGE_LOOP('',(#588,#589,#596));
#588 = ORIENTED_EDGE('',*,*,#411,.F.);
#589 = ORIENTED_EDGE('',*,*,#590,.T.);
#590 = EDGE_CURVE('',#404,#462,#591,.T.);
#591 = CIRCLE('',#592,25.);
#592 = AXIS2_PLACEMENT_3D('',#593,#594,#595);
#593 = CARTESIAN_POINT('',(-3.385E+03,1.62E+03,662.908));
#594 = DIRECTION('',(1.,6.E-17,-0.));
#595 = DIRECTION('',(-6.E-17,1.,0.));
#596 = ORIENTED_EDGE('',*,*,#461,.F.);
#597 = SPHERICAL_SURFACE('',#598,25.);
#598 = AXIS2_PLACEMENT_3D('',#599,#600,#601);
#599 = CARTESIAN_POINT('',(-3.385E+03,1.62E+03,662.908));
#600 = DIRECTION('',(0.,0.,1.));
#601 = DIRECTION('',(-1.,0.,0.));
#602 = ADVANCED_FACE('',(#603),#628,.T.);
#603 = FACE_BOUND('',#604,.T.);
#604 = EDGE_LOOP('',(#605,#606,#614,#622));
#605 = ORIENTED_EDGE('',*,*,#436,.F.);
#606 = ORIENTED_EDGE('',*,*,#607,.T.);
#607 = EDGE_CURVE('',#428,#608,#610,.T.);
#608 = VERTEX_POINT('',#609);
#609 = CARTESIAN_POINT('',(-2.945E+03,790.,737.908));
#610 = LINE('',#611,#612);
#611 = CARTESIAN_POINT('',(-3.41E+03,790.,737.908));
#612 = VECTOR('',#613,1.);
#613 = DIRECTION('',(1.,0.,0.));
#614 = ORIENTED_EDGE('',*,*,#615,.T.);
#615 = EDGE_CURVE('',#608,#616,#618,.T.);
#616 = VERTEX_POINT('',#617);
#617 = CARTESIAN_POINT('',(-2.945E+03,1.62E+03,737.908));
#618 = LINE('',#619,#620);
#619 = CARTESIAN_POINT('',(-2.945E+03,765.,737.908));
#620 = VECTOR('',#621,1.);
#621 = DIRECTION('',(0.,1.,0.));
#622 = ORIENTED_EDGE('',*,*,#623,.F.);
#623 = EDGE_CURVE('',#437,#616,#624,.T.);
#624 = LINE('',#625,#626);
#625 = CARTESIAN_POINT('',(-3.41E+03,1.62E+03,737.908));
#626 = VECTOR('',#627,1.);
#627 = DIRECTION('',(1.,0.,0.));
#628 = PLANE('',#629);
#629 = AXIS2_PLACEMENT_3D('',#630,#631,#632);
#630 = CARTESIAN_POINT('',(-3.41E+03,765.,737.908));
#631 = DIRECTION('',(0.,0.,1.));
#632 = DIRECTION('',(1.,0.,0.));
#633 = ADVANCED_FACE('',(#634),#645,.T.);
#634 = FACE_BOUND('',#635,.F.);
#635 = EDGE_LOOP('',(#636,#637,#644));
#636 = ORIENTED_EDGE('',*,*,#478,.F.);
#637 = ORIENTED_EDGE('',*,*,#638,.T.);
#638 = EDGE_CURVE('',#471,#437,#639,.T.);
#639 = CIRCLE('',#640,25.);
#640 = AXIS2_PLACEMENT_3D('',#641,#642,#643);
#641 = CARTESIAN_POINT('',(-3.385E+03,1.62E+03,712.908));
#642 = DIRECTION('',(1.,0.,6.E-17));
#643 = DIRECTION('',(-6.E-17,0.,1.));
#644 = ORIENTED_EDGE('',*,*,#444,.F.);
#645 = SPHERICAL_SURFACE('',#646,25.);
#646 = AXIS2_PLACEMENT_3D('',#647,#648,#649);
#647 = CARTESIAN_POINT('',(-3.385E+03,1.62E+03,712.908));
#648 = DIRECTION('',(-0.,-1.,-0.));
#649 = DIRECTION('',(-1.,0.,0.));
#650 = ADVANCED_FACE('',(#651),#676,.T.);
#651 = FACE_BOUND('',#652,.T.);
#652 = EDGE_LOOP('',(#653,#654,#662,#670));
#653 = ORIENTED_EDGE('',*,*,#470,.T.);
#654 = ORIENTED_EDGE('',*,*,#655,.T.);
#655 = EDGE_CURVE('',#471,#656,#658,.T.);
#656 = VERTEX_POINT('',#657);
#657 = CARTESIAN_POINT('',(-2.945E+03,1.645E+03,712.908));
#658 = LINE('',#659,#660);
#659 = CARTESIAN_POINT('',(-3.41E+03,1.645E+03,712.908));
#660 = VECTOR('',#661,1.);
#661 = DIRECTION('',(1.,0.,0.));
#662 = ORIENTED_EDGE('',*,*,#663,.F.);
#663 = EDGE_CURVE('',#664,#656,#666,.T.);
#664 = VERTEX_POINT('',#665);
#665 = CARTESIAN_POINT('',(-2.945E+03,1.645E+03,662.908));
#666 = LINE('',#667,#668);
#667 = CARTESIAN_POINT('',(-2.945E+03,1.645E+03,637.908));
#668 = VECTOR('',#669,1.);
#669 = DIRECTION('',(0.,0.,1.));
#670 = ORIENTED_EDGE('',*,*,#671,.F.);
#671 = EDGE_CURVE('',#462,#664,#672,.T.);
#672 = LINE('',#673,#674);
#673 = CARTESIAN_POINT('',(-3.41E+03,1.645E+03,662.908));
#674 = VECTOR('',#675,1.);
#675 = DIRECTION('',(1.,0.,0.));
#676 = PLANE('',#677);
#677 = AXIS2_PLACEMENT_3D('',#678,#679,#680);
#678 = CARTESIAN_POINT('',(-3.41E+03,1.645E+03,637.908));
#679 = DIRECTION('',(0.,1.,0.));
#680 = DIRECTION('',(0.,0.,1.));
#681 = ADVANCED_FACE('',(#682),#694,.T.);
#682 = FACE_BOUND('',#683,.T.);
#683 = EDGE_LOOP('',(#684,#685,#686,#693));
#684 = ORIENTED_EDGE('',*,*,#494,.F.);
#685 = ORIENTED_EDGE('',*,*,#559,.T.);
#686 = ORIENTED_EDGE('',*,*,#687,.T.);
#687 = EDGE_CURVE('',#560,#537,#688,.T.);
#688 = CIRCLE('',#689,25.);
#689 = AXIS2_PLACEMENT_3D('',#690,#691,#692);
#690 = CARTESIAN_POINT('',(-2.945E+03,790.,662.908));
#691 = DIRECTION('',(-1.,-6.E-17,0.));
#692 = DIRECTION('',(6.E-17,-1.,0.));
#693 = ORIENTED_EDGE('',*,*,#544,.F.);
#694 = CYLINDRICAL_SURFACE('',#695,25.);
#695 = AXIS2_PLACEMENT_3D('',#696,#697,#698);
#696 = CARTESIAN_POINT('',(-3.41E+03,790.,662.908));
#697 = DIRECTION('',(1.,0.,0.));
#698 = DIRECTION('',(0.,-1.,0.));
#699 = ADVANCED_FACE('',(#700),#712,.T.);
#700 = FACE_BOUND('',#701,.F.);
#701 = EDGE_LOOP('',(#702,#703,#704,#711));
#702 = ORIENTED_EDGE('',*,*,#511,.F.);
#703 = ORIENTED_EDGE('',*,*,#607,.T.);
#704 = ORIENTED_EDGE('',*,*,#705,.T.);
#705 = EDGE_CURVE('',#608,#529,#706,.T.);
#706 = CIRCLE('',#707,25.);
#707 = AXIS2_PLACEMENT_3D('',#708,#709,#710);
#708 = CARTESIAN_POINT('',(-2.945E+03,790.,712.908));
#709 = DIRECTION('',(1.,6.E-17,0.));
#710 = DIRECTION('',(6.E-17,-1.,0.));
#711 = ORIENTED_EDGE('',*,*,#528,.F.);
#712 = CYLINDRICAL_SURFACE('',#713,25.);
#713 = AXIS2_PLACEMENT_3D('',#714,#715,#716);
#714 = CARTESIAN_POINT('',(-3.41E+03,790.,712.908));
#715 = DIRECTION('',(1.,0.,0.));
#716 = DIRECTION('',(0.,-1.,0.));
#717 = ADVANCED_FACE('',(#718),#745,.T.);
#718 = FACE_BOUND('',#719,.F.);
#719 = EDGE_LOOP('',(#720,#730,#737,#738));
#720 = ORIENTED_EDGE('',*,*,#721,.F.);
#721 = EDGE_CURVE('',#722,#724,#726,.T.);
#722 = VERTEX_POINT('',#723);
#723 = CARTESIAN_POINT('',(-2.92E+03,790.,662.908));
#724 = VERTEX_POINT('',#725);
#725 = CARTESIAN_POINT('',(-2.92E+03,790.,712.908));
#726 = LINE('',#727,#728);
#727 = CARTESIAN_POINT('',(-2.92E+03,790.,637.908));
#728 = VECTOR('',#729,1.);
#729 = DIRECTION('',(0.,0.,1.));
#730 = ORIENTED_EDGE('',*,*,#731,.T.);
#731 = EDGE_CURVE('',#722,#537,#732,.T.);
#732 = CIRCLE('',#733,25.);
#733 = AXIS2_PLACEMENT_3D('',#734,#735,#736);
#734 = CARTESIAN_POINT('',(-2.945E+03,790.,662.908));
#735 = DIRECTION('',(0.,0.,-1.));
#736 = DIRECTION('',(1.,0.,0.));
#737 = ORIENTED_EDGE('',*,*,#536,.T.);
#738 = ORIENTED_EDGE('',*,*,#739,.F.);
#739 = EDGE_CURVE('',#724,#529,#740,.T.);
#740 = CIRCLE('',#741,25.);
#741 = AXIS2_PLACEMENT_3D('',#742,#743,#744);
#742 = CARTESIAN_POINT('',(-2.945E+03,790.,712.908));
#743 = DIRECTION('',(0.,0.,-1.));
#744 = DIRECTION('',(1.,0.,0.));
#745 = CYLINDRICAL_SURFACE('',#746,25.);
#746 = AXIS2_PLACEMENT_3D('',#747,#748,#749);
#747 = CARTESIAN_POINT('',(-2.945E+03,790.,637.908));
#748 = DIRECTION('',(0.,0.,1.));
#749 = DIRECTION('',(1.,0.,0.));
#750 = ADVANCED_FACE('',(#751),#763,.T.);
#751 = FACE_BOUND('',#752,.F.);
#752 = EDGE_LOOP('',(#753,#754,#755,#762));
#753 = ORIENTED_EDGE('',*,*,#590,.F.);
#754 = ORIENTED_EDGE('',*,*,#575,.T.);
#755 = ORIENTED_EDGE('',*,*,#756,.T.);
#756 = EDGE_CURVE('',#568,#664,#757,.T.);
#757 = CIRCLE('',#758,25.);
#758 = AXIS2_PLACEMENT_3D('',#759,#760,#761);
#759 = CARTESIAN_POINT('',(-2.945E+03,1.62E+03,662.908));
#760 = DIRECTION('',(1.,-6.E-17,0.));
#761 = DIRECTION('',(6.E-17,1.,0.));
#762 = ORIENTED_EDGE('',*,*,#671,.F.);
#763 = CYLINDRICAL_SURFACE('',#764,25.);
#764 = AXIS2_PLACEMENT_3D('',#765,#766,#767);
#765 = CARTESIAN_POINT('',(-3.41E+03,1.62E+03,662.908));
#766 = DIRECTION('',(1.,0.,0.));
#767 = DIRECTION('',(0.,1.,0.));
#768 = ADVANCED_FACE('',(#769),#794,.T.);
#769 = FACE_BOUND('',#770,.T.);
#770 = EDGE_LOOP('',(#771,#778,#779,#788));
#771 = ORIENTED_EDGE('',*,*,#772,.F.);
#772 = EDGE_CURVE('',#560,#722,#773,.T.);
#773 = CIRCLE('',#774,25.);
#774 = AXIS2_PLACEMENT_3D('',#775,#776,#777);
#775 = CARTESIAN_POINT('',(-2.945E+03,790.,662.908));
#776 = DIRECTION('',(0.,-1.,0.));
#777 = DIRECTION('',(1.,0.,0.));
#778 = ORIENTED_EDGE('',*,*,#567,.T.);
#779 = ORIENTED_EDGE('',*,*,#780,.T.);
#780 = EDGE_CURVE('',#568,#781,#783,.T.);
#781 = VERTEX_POINT('',#782);
#782 = CARTESIAN_POINT('',(-2.92E+03,1.62E+03,662.908));
#783 = CIRCLE('',#784,25.);
#784 = AXIS2_PLACEMENT_3D('',#785,#786,#787);
#785 = CARTESIAN_POINT('',(-2.945E+03,1.62E+03,662.908));
#786 = DIRECTION('',(0.,-1.,0.));
#787 = DIRECTION('',(1.,0.,0.));
#788 = ORIENTED_EDGE('',*,*,#789,.F.);
#789 = EDGE_CURVE('',#722,#781,#790,.T.);
#790 = LINE('',#791,#792);
#791 = CARTESIAN_POINT('',(-2.92E+03,765.,662.908));
#792 = VECTOR('',#793,1.);
#793 = DIRECTION('',(0.,1.,0.));
#794 = CYLINDRICAL_SURFACE('',#795,25.);
#795 = AXIS2_PLACEMENT_3D('',#796,#797,#798);
#796 = CARTESIAN_POINT('',(-2.945E+03,765.,662.908));
#797 = DIRECTION('',(0.,1.,0.));
#798 = DIRECTION('',(1.,0.,0.));
#799 = ADVANCED_FACE('',(#800),#812,.T.);
#800 = FACE_BOUND('',#801,.T.);
#801 = EDGE_LOOP('',(#802,#803,#804,#811));
#802 = ORIENTED_EDGE('',*,*,#638,.T.);
#803 = ORIENTED_EDGE('',*,*,#623,.T.);
#804 = ORIENTED_EDGE('',*,*,#805,.F.);
#805 = EDGE_CURVE('',#656,#616,#806,.T.);
#806 = CIRCLE('',#807,25.);
#807 = AXIS2_PLACEMENT_3D('',#808,#809,#810);
#808 = CARTESIAN_POINT('',(-2.945E+03,1.62E+03,712.908));
#809 = DIRECTION('',(1.,0.,-6.E-17));
#810 = DIRECTION('',(6.E-17,0.,1.));
#811 = ORIENTED_EDGE('',*,*,#655,.F.);
#812 = CYLINDRICAL_SURFACE('',#813,25.);
#813 = AXIS2_PLACEMENT_3D('',#814,#815,#816);
#814 = CARTESIAN_POINT('',(-3.41E+03,1.62E+03,712.908));
#815 = DIRECTION('',(1.,0.,0.));
#816 = DIRECTION('',(0.,1.,0.));
#817 = ADVANCED_FACE('',(#818),#843,.T.);
#818 = FACE_BOUND('',#819,.F.);
#819 = EDGE_LOOP('',(#820,#827,#828,#837));
#820 = ORIENTED_EDGE('',*,*,#821,.F.);
#821 = EDGE_CURVE('',#608,#724,#822,.T.);
#822 = CIRCLE('',#823,25.);
#823 = AXIS2_PLACEMENT_3D('',#824,#825,#826);
#824 = CARTESIAN_POINT('',(-2.945E+03,790.,712.908));
#825 = DIRECTION('',(-0.,1.,0.));
#826 = DIRECTION('',(1.,0.,0.));
#827 = ORIENTED_EDGE('',*,*,#615,.T.);
#828 = ORIENTED_EDGE('',*,*,#829,.F.);
#829 = EDGE_CURVE('',#830,#616,#832,.T.);
#830 = VERTEX_POINT('',#831);
#831 = CARTESIAN_POINT('',(-2.92E+03,1.62E+03,712.908));
#832 = CIRCLE('',#833,25.);
#833 = AXIS2_PLACEMENT_3D('',#834,#835,#836);
#834 = CARTESIAN_POINT('',(-2.945E+03,1.62E+03,712.908));
#835 = DIRECTION('',(0.,-1.,0.));
#836 = DIRECTION('',(1.,0.,0.));
#837 = ORIENTED_EDGE('',*,*,#838,.F.);
#838 = EDGE_CURVE('',#724,#830,#839,.T.);
#839 = LINE('',#840,#841);
#840 = CARTESIAN_POINT('',(-2.92E+03,765.,712.908));
#841 = VECTOR('',#842,1.);
#842 = DIRECTION('',(0.,1.,0.));
#843 = CYLINDRICAL_SURFACE('',#844,25.);
#844 = AXIS2_PLACEMENT_3D('',#845,#846,#847);
#845 = CARTESIAN_POINT('',(-2.945E+03,765.,712.908));
#846 = DIRECTION('',(0.,1.,0.));
#847 = DIRECTION('',(1.,0.,0.));
#848 = ADVANCED_FACE('',(#849),#872,.T.);
#849 = FACE_BOUND('',#850,.T.);
#850 = EDGE_LOOP('',(#851,#857,#864,#865));
#851 = ORIENTED_EDGE('',*,*,#852,.F.);
#852 = EDGE_CURVE('',#781,#830,#853,.T.);
#853 = LINE('',#854,#855);
#854 = CARTESIAN_POINT('',(-2.92E+03,1.62E+03,637.908));
#855 = VECTOR('',#856,1.);
#856 = DIRECTION('',(0.,0.,1.));
#857 = ORIENTED_EDGE('',*,*,#858,.T.);
#858 = EDGE_CURVE('',#781,#664,#859,.T.);
#859 = CIRCLE('',#860,25.);
#860 = AXIS2_PLACEMENT_3D('',#861,#862,#863);
#861 = CARTESIAN_POINT('',(-2.945E+03,1.62E+03,662.908));
#862 = DIRECTION('',(0.,0.,1.));
#863 = DIRECTION('',(1.,0.,0.));
#864 = ORIENTED_EDGE('',*,*,#663,.T.);
#865 = ORIENTED_EDGE('',*,*,#866,.T.);
#866 = EDGE_CURVE('',#656,#830,#867,.T.);
#867 = CIRCLE('',#868,25.);
#868 = AXIS2_PLACEMENT_3D('',#869,#870,#871);
#869 = CARTESIAN_POINT('',(-2.945E+03,1.62E+03,712.908));
#870 = DIRECTION('',(0.,0.,-1.));
#871 = DIRECTION('',(1.,0.,0.));
#872 = CYLINDRICAL_SURFACE('',#873,25.);
#873 = AXIS2_PLACEMENT_3D('',#874,#875,#876);
#874 = CARTESIAN_POINT('',(-2.945E+03,1.62E+03,637.908));
#875 = DIRECTION('',(0.,0.,1.));
#876 = DIRECTION('',(1.,0.,0.));
#877 = ADVANCED_FACE('',(#878),#883,.T.);
#878 = FACE_BOUND('',#879,.F.);
#879 = EDGE_LOOP('',(#880,#881,#882));
#880 = ORIENTED_EDGE('',*,*,#772,.F.);
#881 = ORIENTED_EDGE('',*,*,#687,.T.);
#882 = ORIENTED_EDGE('',*,*,#731,.F.);
#883 = SPHERICAL_SURFACE('',#884,25.);
#884 = AXIS2_PLACEMENT_3D('',#885,#886,#887);
#885 = CARTESIAN_POINT('',(-2.945E+03,790.,662.908));
#886 = DIRECTION('',(0.,0.,1.));
#887 = DIRECTION('',(1.,0.,0.));
#888 = ADVANCED_FACE('',(#889),#894,.T.);
#889 = FACE_BOUND('',#890,.T.);
#890 = EDGE_LOOP('',(#891,#892,#893));
#891 = ORIENTED_EDGE('',*,*,#821,.F.);
#892 = ORIENTED_EDGE('',*,*,#705,.T.);
#893 = ORIENTED_EDGE('',*,*,#739,.F.);
#894 = SPHERICAL_SURFACE('',#895,25.);
#895 = AXIS2_PLACEMENT_3D('',#896,#897,#898);
#896 = CARTESIAN_POINT('',(-2.945E+03,790.,712.908));
#897 = DIRECTION('',(-0.,-0.,-1.));
#898 = DIRECTION('',(1.,0.,0.));
#899 = ADVANCED_FACE('',(#900),#906,.T.);
#900 = FACE_BOUND('',#901,.T.);
#901 = EDGE_LOOP('',(#902,#903,#904,#905));
#902 = ORIENTED_EDGE('',*,*,#721,.F.);
#903 = ORIENTED_EDGE('',*,*,#789,.T.);
#904 = ORIENTED_EDGE('',*,*,#852,.T.);
#905 = ORIENTED_EDGE('',*,*,#838,.F.);
#906 = PLANE('',#907);
#907 = AXIS2_PLACEMENT_3D('',#908,#909,#910);
#908 = CARTESIAN_POINT('',(-2.92E+03,765.,637.908));
#909 = DIRECTION('',(1.,0.,0.));
#910 = DIRECTION('',(0.,0.,1.));
#911 = ADVANCED_FACE('',(#912),#917,.T.);
#912 = FACE_BOUND('',#913,.T.);
#913 = EDGE_LOOP('',(#914,#915,#916));
#914 = ORIENTED_EDGE('',*,*,#780,.F.);
#915 = ORIENTED_EDGE('',*,*,#756,.T.);
#916 = ORIENTED_EDGE('',*,*,#858,.F.);
#917 = SPHERICAL_SURFACE('',#918,25.);
#918 = AXIS2_PLACEMENT_3D('',#919,#920,#921);
#919 = CARTESIAN_POINT('',(-2.945E+03,1.62E+03,662.908));
#920 = DIRECTION('',(0.,0.,1.));
#921 = DIRECTION('',(1.,0.,0.));
#922 = ADVANCED_FACE('',(#923),#928,.T.);
#923 = FACE_BOUND('',#924,.T.);
#924 = EDGE_LOOP('',(#925,#926,#927));
#925 = ORIENTED_EDGE('',*,*,#866,.F.);
#926 = ORIENTED_EDGE('',*,*,#805,.T.);
#927 = ORIENTED_EDGE('',*,*,#829,.F.);
#928 = SPHERICAL_SURFACE('',#929,25.);
#929 = AXIS2_PLACEMENT_3D('',#930,#931,#932);
#930 = CARTESIAN_POINT('',(-2.945E+03,1.62E+03,712.908));
#931 = DIRECTION('',(-0.,-1.,-0.));
#932 = DIRECTION('',(1.,0.,0.));
#933 = MANIFOLD_SOLID_BREP('',#934);
#934 = CLOSED_SHELL('',(#935,#975,#1008,#1041,#1074,#1107,#1124,#1141,
    #1172,#1203,#1220,#1251,#1268,#1299,#1317,#1335,#1368,#1386,#1417,
    #1435,#1466,#1495,#1506,#1517,#1529,#1540));
#935 = ADVANCED_FACE('',(#936),#970,.F.);
#936 = FACE_BOUND('',#937,.F.);
#937 = EDGE_LOOP('',(#938,#948,#956,#964));
#938 = ORIENTED_EDGE('',*,*,#939,.F.);
#939 = EDGE_CURVE('',#940,#942,#944,.T.);
#940 = VERTEX_POINT('',#941);
#941 = CARTESIAN_POINT('',(-3.4715E+03,805.,777.908));
#942 = VERTEX_POINT('',#943);
#943 = CARTESIAN_POINT('',(-3.4715E+03,805.,1.347908E+03));
#944 = LINE('',#945,#946);
#945 = CARTESIAN_POINT('',(-3.4715E+03,805.,737.908));
#946 = VECTOR('',#947,1.);
#947 = DIRECTION('',(0.,0.,1.));
#948 = ORIENTED_EDGE('',*,*,#949,.T.);
#949 = EDGE_CURVE('',#940,#950,#952,.T.);
#950 = VERTEX_POINT('',#951);
#951 = CARTESIAN_POINT('',(-3.4715E+03,1.605E+03,777.908));
#952 = LINE('',#953,#954);
#953 = CARTESIAN_POINT('',(-3.4715E+03,765.,777.908));
#954 = VECTOR('',#955,1.);
#955 = DIRECTION('',(0.,1.,0.));
#956 = ORIENTED_EDGE('',*,*,#957,.T.);
#957 = EDGE_CURVE('',#950,#958,#960,.T.);
#958 = VERTEX_POINT('',#959);
#959 = CARTESIAN_POINT('',(-3.4715E+03,1.605E+03,1.347908E+03));
#960 = LINE('',#961,#962);
#961 = CARTESIAN_POINT('',(-3.4715E+03,1.605E+03,737.908));
#962 = VECTOR('',#963,1.);
#963 = DIRECTION('',(0.,0.,1.));
#964 = ORIENTED_EDGE('',*,*,#965,.F.);
#965 = EDGE_CURVE('',#942,#958,#966,.T.);
#966 = LINE('',#967,#968);
#967 = CARTESIAN_POINT('',(-3.4715E+03,765.,1.347908E+03));
#968 = VECTOR('',#969,1.);
#969 = DIRECTION('',(0.,1.,0.));
#970 = PLANE('',#971);
#971 = AXIS2_PLACEMENT_3D('',#972,#973,#974);
#972 = CARTESIAN_POINT('',(-3.4715E+03,765.,737.908));
#973 = DIRECTION('',(1.,0.,0.));
#974 = DIRECTION('',(0.,0.,1.));
#975 = ADVANCED_FACE('',(#976),#1003,.T.);
#976 = FACE_BOUND('',#977,.T.);
#977 = EDGE_LOOP('',(#978,#979,#988,#996));
#978 = ORIENTED_EDGE('',*,*,#939,.F.);
#979 = ORIENTED_EDGE('',*,*,#980,.T.);
#980 = EDGE_CURVE('',#940,#981,#983,.T.);
#981 = VERTEX_POINT('',#982);
#982 = CARTESIAN_POINT('',(-3.4315E+03,765.,777.908));
#983 = CIRCLE('',#984,40.);
#984 = AXIS2_PLACEMENT_3D('',#985,#986,#987);
#985 = CARTESIAN_POINT('',(-3.4315E+03,805.,777.908));
#986 = DIRECTION('',(0.,0.,1.));
#987 = DIRECTION('',(-1.,0.,0.));
#988 = ORIENTED_EDGE('',*,*,#989,.T.);
#989 = EDGE_CURVE('',#981,#990,#992,.T.);
#990 = VERTEX_POINT('',#991);
#991 = CARTESIAN_POINT('',(-3.4315E+03,765.,1.347908E+03));
#992 = LINE('',#993,#994);
#993 = CARTESIAN_POINT('',(-3.4315E+03,765.,737.908));
#994 = VECTOR('',#995,1.);
#995 = DIRECTION('',(0.,0.,1.));
#996 = ORIENTED_EDGE('',*,*,#997,.F.);
#997 = EDGE_CURVE('',#942,#990,#998,.T.);
#998 = CIRCLE('',#999,40.);
#999 = AXIS2_PLACEMENT_3D('',#1000,#1001,#1002);
#1000 = CARTESIAN_POINT('',(-3.4315E+03,805.,1.347908E+03));
#1001 = DIRECTION('',(0.,0.,1.));
#1002 = DIRECTION('',(-1.,0.,0.));
#1003 = CYLINDRICAL_SURFACE('',#1004,40.);
#1004 = AXIS2_PLACEMENT_3D('',#1005,#1006,#1007);
#1005 = CARTESIAN_POINT('',(-3.4315E+03,805.,737.908));
#1006 = DIRECTION('',(0.,0.,1.));
#1007 = DIRECTION('',(-1.,0.,0.));
#1008 = ADVANCED_FACE('',(#1009),#1036,.T.);
#1009 = FACE_BOUND('',#1010,.F.);
#1010 = EDGE_LOOP('',(#1011,#1020,#1028,#1035));
#1011 = ORIENTED_EDGE('',*,*,#1012,.F.);
#1012 = EDGE_CURVE('',#1013,#940,#1015,.T.);
#1013 = VERTEX_POINT('',#1014);
#1014 = CARTESIAN_POINT('',(-3.4315E+03,805.,737.908));
#1015 = CIRCLE('',#1016,40.);
#1016 = AXIS2_PLACEMENT_3D('',#1017,#1018,#1019);
#1017 = CARTESIAN_POINT('',(-3.4315E+03,805.,777.908));
#1018 = DIRECTION('',(0.,1.,-0.));
#1019 = DIRECTION('',(-1.,0.,0.));
#1020 = ORIENTED_EDGE('',*,*,#1021,.T.);
#1021 = EDGE_CURVE('',#1013,#1022,#1024,.T.);
#1022 = VERTEX_POINT('',#1023);
#1023 = CARTESIAN_POINT('',(-3.4315E+03,1.605E+03,737.908));
#1024 = LINE('',#1025,#1026);
#1025 = CARTESIAN_POINT('',(-3.4315E+03,765.,737.908));
#1026 = VECTOR('',#1027,1.);
#1027 = DIRECTION('',(0.,1.,0.));
#1028 = ORIENTED_EDGE('',*,*,#1029,.T.);
#1029 = EDGE_CURVE('',#1022,#950,#1030,.T.);
#1030 = CIRCLE('',#1031,40.);
#1031 = AXIS2_PLACEMENT_3D('',#1032,#1033,#1034);
#1032 = CARTESIAN_POINT('',(-3.4315E+03,1.605E+03,777.908));
#1033 = DIRECTION('',(0.,1.,-0.));
#1034 = DIRECTION('',(-1.,0.,0.));
#1035 = ORIENTED_EDGE('',*,*,#949,.F.);
#1036 = CYLINDRICAL_SURFACE('',#1037,40.);
#1037 = AXIS2_PLACEMENT_3D('',#1038,#1039,#1040);
#1038 = CARTESIAN_POINT('',(-3.4315E+03,765.,777.908));
#1039 = DIRECTION('',(0.,1.,0.));
#1040 = DIRECTION('',(-1.,0.,0.));
#1041 = ADVANCED_FACE('',(#1042),#1069,.T.);
#1042 = FACE_BOUND('',#1043,.T.);
#1043 = EDGE_LOOP('',(#1044,#1053,#1061,#1068));
#1044 = ORIENTED_EDGE('',*,*,#1045,.F.);
#1045 = EDGE_CURVE('',#1046,#942,#1048,.T.);
#1046 = VERTEX_POINT('',#1047);
#1047 = CARTESIAN_POINT('',(-3.4315E+03,805.,1.387908E+03));
#1048 = CIRCLE('',#1049,40.);
#1049 = AXIS2_PLACEMENT_3D('',#1050,#1051,#1052);
#1050 = CARTESIAN_POINT('',(-3.4315E+03,805.,1.347908E+03));
#1051 = DIRECTION('',(0.,-1.,0.));
#1052 = DIRECTION('',(-1.,0.,0.));
#1053 = ORIENTED_EDGE('',*,*,#1054,.T.);
#1054 = EDGE_CURVE('',#1046,#1055,#1057,.T.);
#1055 = VERTEX_POINT('',#1056);
#1056 = CARTESIAN_POINT('',(-3.4315E+03,1.605E+03,1.387908E+03));
#1057 = LINE('',#1058,#1059);
#1058 = CARTESIAN_POINT('',(-3.4315E+03,765.,1.387908E+03));
#1059 = VECTOR('',#1060,1.);
#1060 = DIRECTION('',(0.,1.,0.));
#1061 = ORIENTED_EDGE('',*,*,#1062,.F.);
#1062 = EDGE_CURVE('',#958,#1055,#1063,.T.);
#1063 = CIRCLE('',#1064,40.);
#1064 = AXIS2_PLACEMENT_3D('',#1065,#1066,#1067);
#1065 = CARTESIAN_POINT('',(-3.4315E+03,1.605E+03,1.347908E+03));
#1066 = DIRECTION('',(0.,1.,-0.));
#1067 = DIRECTION('',(-1.,0.,0.));
#1068 = ORIENTED_EDGE('',*,*,#965,.F.);
#1069 = CYLINDRICAL_SURFACE('',#1070,40.);
#1070 = AXIS2_PLACEMENT_3D('',#1071,#1072,#1073);
#1071 = CARTESIAN_POINT('',(-3.4315E+03,765.,1.347908E+03));
#1072 = DIRECTION('',(0.,1.,0.));
#1073 = DIRECTION('',(-1.,0.,0.));
#1074 = ADVANCED_FACE('',(#1075),#1102,.T.);
#1075 = FACE_BOUND('',#1076,.F.);
#1076 = EDGE_LOOP('',(#1077,#1078,#1087,#1095));
#1077 = ORIENTED_EDGE('',*,*,#957,.F.);
#1078 = ORIENTED_EDGE('',*,*,#1079,.T.);
#1079 = EDGE_CURVE('',#950,#1080,#1082,.T.);
#1080 = VERTEX_POINT('',#1081);
#1081 = CARTESIAN_POINT('',(-3.4315E+03,1.645E+03,777.908));
#1082 = CIRCLE('',#1083,40.);
#1083 = AXIS2_PLACEMENT_3D('',#1084,#1085,#1086);
#1084 = CARTESIAN_POINT('',(-3.4315E+03,1.605E+03,777.908));
#1085 = DIRECTION('',(0.,0.,-1.));
#1086 = DIRECTION('',(-1.,0.,0.));
#1087 = ORIENTED_EDGE('',*,*,#1088,.T.);
#1088 = EDGE_CURVE('',#1080,#1089,#1091,.T.);
#1089 = VERTEX_POINT('',#1090);
#1090 = CARTESIAN_POINT('',(-3.4315E+03,1.645E+03,1.347908E+03));
#1091 = LINE('',#1092,#1093);
#1092 = CARTESIAN_POINT('',(-3.4315E+03,1.645E+03,737.908));
#1093 = VECTOR('',#1094,1.);
#1094 = DIRECTION('',(0.,0.,1.));
#1095 = ORIENTED_EDGE('',*,*,#1096,.T.);
#1096 = EDGE_CURVE('',#1089,#958,#1097,.T.);
#1097 = CIRCLE('',#1098,40.);
#1098 = AXIS2_PLACEMENT_3D('',#1099,#1100,#1101);
#1099 = CARTESIAN_POINT('',(-3.4315E+03,1.605E+03,1.347908E+03));
#1100 = DIRECTION('',(0.,0.,1.));
#1101 = DIRECTION('',(-1.,0.,0.));
#1102 = CYLINDRICAL_SURFACE('',#1103,40.);
#1103 = AXIS2_PLACEMENT_3D('',#1104,#1105,#1106);
#1104 = CARTESIAN_POINT('',(-3.4315E+03,1.605E+03,737.908));
#1105 = DIRECTION('',(0.,0.,1.));
#1106 = DIRECTION('',(-1.,0.,0.));
#1107 = ADVANCED_FACE('',(#1108),#1119,.T.);
#1108 = FACE_BOUND('',#1109,.T.);
#1109 = EDGE_LOOP('',(#1110,#1111,#1118));
#1110 = ORIENTED_EDGE('',*,*,#1012,.F.);
#1111 = ORIENTED_EDGE('',*,*,#1112,.T.);
#1112 = EDGE_CURVE('',#1013,#981,#1113,.T.);
#1113 = CIRCLE('',#1114,40.);
#1114 = AXIS2_PLACEMENT_3D('',#1115,#1116,#1117);
#1115 = CARTESIAN_POINT('',(-3.4315E+03,805.,777.908));
#1116 = DIRECTION('',(-1.,6.E-17,0.));
#1117 = DIRECTION('',(-6.E-17,-1.,0.));
#1118 = ORIENTED_EDGE('',*,*,#980,.F.);
#1119 = SPHERICAL_SURFACE('',#1120,40.);
#1120 = AXIS2_PLACEMENT_3D('',#1121,#1122,#1123);
#1121 = CARTESIAN_POINT('',(-3.4315E+03,805.,777.908));
#1122 = DIRECTION('',(0.,0.,1.));
#1123 = DIRECTION('',(-1.,0.,0.));
#1124 = ADVANCED_FACE('',(#1125),#1136,.T.);
#1125 = FACE_BOUND('',#1126,.F.);
#1126 = EDGE_LOOP('',(#1127,#1128,#1135));
#1127 = ORIENTED_EDGE('',*,*,#1045,.F.);
#1128 = ORIENTED_EDGE('',*,*,#1129,.T.);
#1129 = EDGE_CURVE('',#1046,#990,#1130,.T.);
#1130 = CIRCLE('',#1131,40.);
#1131 = AXIS2_PLACEMENT_3D('',#1132,#1133,#1134);
#1132 = CARTESIAN_POINT('',(-3.4315E+03,805.,1.347908E+03));
#1133 = DIRECTION('',(1.,-6.E-17,0.));
#1134 = DIRECTION('',(-6.E-17,-1.,0.));
#1135 = ORIENTED_EDGE('',*,*,#997,.F.);
#1136 = SPHERICAL_SURFACE('',#1137,40.);
#1137 = AXIS2_PLACEMENT_3D('',#1138,#1139,#1140);
#1138 = CARTESIAN_POINT('',(-3.4315E+03,805.,1.347908E+03));
#1139 = DIRECTION('',(-0.,-0.,-1.));
#1140 = DIRECTION('',(-1.,0.,0.));
#1141 = ADVANCED_FACE('',(#1142),#1167,.F.);
#1142 = FACE_BOUND('',#1143,.F.);
#1143 = EDGE_LOOP('',(#1144,#1145,#1153,#1161));
#1144 = ORIENTED_EDGE('',*,*,#989,.T.);
#1145 = ORIENTED_EDGE('',*,*,#1146,.T.);
#1146 = EDGE_CURVE('',#990,#1147,#1149,.T.);
#1147 = VERTEX_POINT('',#1148);
#1148 = CARTESIAN_POINT('',(-3.4065E+03,765.,1.347908E+03));
#1149 = LINE('',#1150,#1151);
#1150 = CARTESIAN_POINT('',(-3.4715E+03,765.,1.347908E+03));
#1151 = VECTOR('',#1152,1.);
#1152 = DIRECTION('',(1.,0.,0.));
#1153 = ORIENTED_EDGE('',*,*,#1154,.F.);
#1154 = EDGE_CURVE('',#1155,#1147,#1157,.T.);
#1155 = VERTEX_POINT('',#1156);
#1156 = CARTESIAN_POINT('',(-3.4065E+03,765.,777.908));
#1157 = LINE('',#1158,#1159);
#1158 = CARTESIAN_POINT('',(-3.4065E+03,765.,737.908));
#1159 = VECTOR('',#1160,1.);
#1160 = DIRECTION('',(0.,0.,1.));
#1161 = ORIENTED_EDGE('',*,*,#1162,.F.);
#1162 = EDGE_CURVE('',#981,#1155,#1163,.T.);
#1163 = LINE('',#1164,#1165);
#1164 = CARTESIAN_POINT('',(-3.4715E+03,765.,777.908));
#1165 = VECTOR('',#1166,1.);
#1166 = DIRECTION('',(1.,0.,0.));
#1167 = PLANE('',#1168);
#1168 = AXIS2_PLACEMENT_3D('',#1169,#1170,#1171);
#1169 = CARTESIAN_POINT('',(-3.4715E+03,765.,737.908));
#1170 = DIRECTION('',(0.,1.,0.));
#1171 = DIRECTION('',(0.,0.,1.));
#1172 = ADVANCED_FACE('',(#1173),#1198,.F.);
#1173 = FACE_BOUND('',#1174,.F.);
#1174 = EDGE_LOOP('',(#1175,#1176,#1184,#1192));
#1175 = ORIENTED_EDGE('',*,*,#1021,.F.);
#1176 = ORIENTED_EDGE('',*,*,#1177,.T.);
#1177 = EDGE_CURVE('',#1013,#1178,#1180,.T.);
#1178 = VERTEX_POINT('',#1179);
#1179 = CARTESIAN_POINT('',(-3.4065E+03,805.,737.908));
#1180 = LINE('',#1181,#1182);
#1181 = CARTESIAN_POINT('',(-3.4715E+03,805.,737.908));
#1182 = VECTOR('',#1183,1.);
#1183 = DIRECTION('',(1.,0.,0.));
#1184 = ORIENTED_EDGE('',*,*,#1185,.T.);
#1185 = EDGE_CURVE('',#1178,#1186,#1188,.T.);
#1186 = VERTEX_POINT('',#1187);
#1187 = CARTESIAN_POINT('',(-3.4065E+03,1.605E+03,737.908));
#1188 = LINE('',#1189,#1190);
#1189 = CARTESIAN_POINT('',(-3.4065E+03,765.,737.908));
#1190 = VECTOR('',#1191,1.);
#1191 = DIRECTION('',(0.,1.,0.));
#1192 = ORIENTED_EDGE('',*,*,#1193,.F.);
#1193 = EDGE_CURVE('',#1022,#1186,#1194,.T.);
#1194 = LINE('',#1195,#1196);
#1195 = CARTESIAN_POINT('',(-3.4715E+03,1.605E+03,737.908));
#1196 = VECTOR('',#1197,1.);
#1197 = DIRECTION('',(1.,0.,0.));
#1198 = PLANE('',#1199);
#1199 = AXIS2_PLACEMENT_3D('',#1200,#1201,#1202);
#1200 = CARTESIAN_POINT('',(-3.4715E+03,765.,737.908));
#1201 = DIRECTION('',(0.,0.,1.));
#1202 = DIRECTION('',(1.,0.,0.));
#1203 = ADVANCED_FACE('',(#1204),#1215,.T.);
#1204 = FACE_BOUND('',#1205,.F.);
#1205 = EDGE_LOOP('',(#1206,#1207,#1214));
#1206 = ORIENTED_EDGE('',*,*,#1029,.F.);
#1207 = ORIENTED_EDGE('',*,*,#1208,.T.);
#1208 = EDGE_CURVE('',#1022,#1080,#1209,.T.);
#1209 = CIRCLE('',#1210,40.);
#1210 = AXIS2_PLACEMENT_3D('',#1211,#1212,#1213);
#1211 = CARTESIAN_POINT('',(-3.4315E+03,1.605E+03,777.908));
#1212 = DIRECTION('',(1.,6.E-17,-0.));
#1213 = DIRECTION('',(-6.E-17,1.,0.));
#1214 = ORIENTED_EDGE('',*,*,#1079,.F.);
#1215 = SPHERICAL_SURFACE('',#1216,40.);
#1216 = AXIS2_PLACEMENT_3D('',#1217,#1218,#1219);
#1217 = CARTESIAN_POINT('',(-3.4315E+03,1.605E+03,777.908));
#1218 = DIRECTION('',(0.,0.,1.));
#1219 = DIRECTION('',(-1.,0.,0.));
#1220 = ADVANCED_FACE('',(#1221),#1246,.T.);
#1221 = FACE_BOUND('',#1222,.T.);
#1222 = EDGE_LOOP('',(#1223,#1224,#1232,#1240));
#1223 = ORIENTED_EDGE('',*,*,#1054,.F.);
#1224 = ORIENTED_EDGE('',*,*,#1225,.T.);
#1225 = EDGE_CURVE('',#1046,#1226,#1228,.T.);
#1226 = VERTEX_POINT('',#1227);
#1227 = CARTESIAN_POINT('',(-3.4065E+03,805.,1.387908E+03));
#1228 = LINE('',#1229,#1230);
#1229 = CARTESIAN_POINT('',(-3.4715E+03,805.,1.387908E+03));
#1230 = VECTOR('',#1231,1.);
#1231 = DIRECTION('',(1.,0.,0.));
#1232 = ORIENTED_EDGE('',*,*,#1233,.T.);
#1233 = EDGE_CURVE('',#1226,#1234,#1236,.T.);
#1234 = VERTEX_POINT('',#1235);
#1235 = CARTESIAN_POINT('',(-3.4065E+03,1.605E+03,1.387908E+03));
#1236 = LINE('',#1237,#1238);
#1237 = CARTESIAN_POINT('',(-3.4065E+03,765.,1.387908E+03));
#1238 = VECTOR('',#1239,1.);
#1239 = DIRECTION('',(0.,1.,0.));
#1240 = ORIENTED_EDGE('',*,*,#1241,.F.);
#1241 = EDGE_CURVE('',#1055,#1234,#1242,.T.);
#1242 = LINE('',#1243,#1244);
#1243 = CARTESIAN_POINT('',(-3.4715E+03,1.605E+03,1.387908E+03));
#1244 = VECTOR('',#1245,1.);
#1245 = DIRECTION('',(1.,0.,0.));
#1246 = PLANE('',#1247);
#1247 = AXIS2_PLACEMENT_3D('',#1248,#1249,#1250);
#1248 = CARTESIAN_POINT('',(-3.4715E+03,765.,1.387908E+03));
#1249 = DIRECTION('',(0.,0.,1.));
#1250 = DIRECTION('',(1.,0.,0.));
#1251 = ADVANCED_FACE('',(#1252),#1263,.T.);
#1252 = FACE_BOUND('',#1253,.F.);
#1253 = EDGE_LOOP('',(#1254,#1255,#1262));
#1254 = ORIENTED_EDGE('',*,*,#1096,.F.);
#1255 = ORIENTED_EDGE('',*,*,#1256,.T.);
#1256 = EDGE_CURVE('',#1089,#1055,#1257,.T.);
#1257 = CIRCLE('',#1258,40.);
#1258 = AXIS2_PLACEMENT_3D('',#1259,#1260,#1261);
#1259 = CARTESIAN_POINT('',(-3.4315E+03,1.605E+03,1.347908E+03));
#1260 = DIRECTION('',(1.,0.,6.E-17));
#1261 = DIRECTION('',(-6.E-17,0.,1.));
#1262 = ORIENTED_EDGE('',*,*,#1062,.F.);
#1263 = SPHERICAL_SURFACE('',#1264,40.);
#1264 = AXIS2_PLACEMENT_3D('',#1265,#1266,#1267);
#1265 = CARTESIAN_POINT('',(-3.4315E+03,1.605E+03,1.347908E+03));
#1266 = DIRECTION('',(-0.,-1.,-0.));
#1267 = DIRECTION('',(-1.,0.,0.));
#1268 = ADVANCED_FACE('',(#1269),#1294,.T.);
#1269 = FACE_BOUND('',#1270,.T.);
#1270 = EDGE_LOOP('',(#1271,#1272,#1280,#1288));
#1271 = ORIENTED_EDGE('',*,*,#1088,.T.);
#1272 = ORIENTED_EDGE('',*,*,#1273,.T.);
#1273 = EDGE_CURVE('',#1089,#1274,#1276,.T.);
#1274 = VERTEX_POINT('',#1275);
#1275 = CARTESIAN_POINT('',(-3.4065E+03,1.645E+03,1.347908E+03));
#1276 = LINE('',#1277,#1278);
#1277 = CARTESIAN_POINT('',(-3.4715E+03,1.645E+03,1.347908E+03));
#1278 = VECTOR('',#1279,1.);
#1279 = DIRECTION('',(1.,0.,0.));
#1280 = ORIENTED_EDGE('',*,*,#1281,.F.);
#1281 = EDGE_CURVE('',#1282,#1274,#1284,.T.);
#1282 = VERTEX_POINT('',#1283);
#1283 = CARTESIAN_POINT('',(-3.4065E+03,1.645E+03,777.908));
#1284 = LINE('',#1285,#1286);
#1285 = CARTESIAN_POINT('',(-3.4065E+03,1.645E+03,737.908));
#1286 = VECTOR('',#1287,1.);
#1287 = DIRECTION('',(0.,0.,1.));
#1288 = ORIENTED_EDGE('',*,*,#1289,.F.);
#1289 = EDGE_CURVE('',#1080,#1282,#1290,.T.);
#1290 = LINE('',#1291,#1292);
#1291 = CARTESIAN_POINT('',(-3.4715E+03,1.645E+03,777.908));
#1292 = VECTOR('',#1293,1.);
#1293 = DIRECTION('',(1.,0.,0.));
#1294 = PLANE('',#1295);
#1295 = AXIS2_PLACEMENT_3D('',#1296,#1297,#1298);
#1296 = CARTESIAN_POINT('',(-3.4715E+03,1.645E+03,737.908));
#1297 = DIRECTION('',(0.,1.,0.));
#1298 = DIRECTION('',(0.,0.,1.));
#1299 = ADVANCED_FACE('',(#1300),#1312,.T.);
#1300 = FACE_BOUND('',#1301,.T.);
#1301 = EDGE_LOOP('',(#1302,#1303,#1304,#1311));
#1302 = ORIENTED_EDGE('',*,*,#1112,.F.);
#1303 = ORIENTED_EDGE('',*,*,#1177,.T.);
#1304 = ORIENTED_EDGE('',*,*,#1305,.T.);
#1305 = EDGE_CURVE('',#1178,#1155,#1306,.T.);
#1306 = CIRCLE('',#1307,40.);
#1307 = AXIS2_PLACEMENT_3D('',#1308,#1309,#1310);
#1308 = CARTESIAN_POINT('',(-3.4065E+03,805.,777.908));
#1309 = DIRECTION('',(-1.,-6.E-17,0.));
#1310 = DIRECTION('',(6.E-17,-1.,0.));
#1311 = ORIENTED_EDGE('',*,*,#1162,.F.);
#1312 = CYLINDRICAL_SURFACE('',#1313,40.);
#1313 = AXIS2_PLACEMENT_3D('',#1314,#1315,#1316);
#1314 = CARTESIAN_POINT('',(-3.4715E+03,805.,777.908));
#1315 = DIRECTION('',(1.,0.,0.));
#1316 = DIRECTION('',(0.,-1.,0.));
#1317 = ADVANCED_FACE('',(#1318),#1330,.T.);
#1318 = FACE_BOUND('',#1319,.F.);
#1319 = EDGE_LOOP('',(#1320,#1321,#1322,#1329));
#1320 = ORIENTED_EDGE('',*,*,#1129,.F.);
#1321 = ORIENTED_EDGE('',*,*,#1225,.T.);
#1322 = ORIENTED_EDGE('',*,*,#1323,.T.);
#1323 = EDGE_CURVE('',#1226,#1147,#1324,.T.);
#1324 = CIRCLE('',#1325,40.);
#1325 = AXIS2_PLACEMENT_3D('',#1326,#1327,#1328);
#1326 = CARTESIAN_POINT('',(-3.4065E+03,805.,1.347908E+03));
#1327 = DIRECTION('',(1.,6.E-17,0.));
#1328 = DIRECTION('',(6.E-17,-1.,0.));
#1329 = ORIENTED_EDGE('',*,*,#1146,.F.);
#1330 = CYLINDRICAL_SURFACE('',#1331,40.);
#1331 = AXIS2_PLACEMENT_3D('',#1332,#1333,#1334);
#1332 = CARTESIAN_POINT('',(-3.4715E+03,805.,1.347908E+03));
#1333 = DIRECTION('',(1.,0.,0.));
#1334 = DIRECTION('',(0.,-1.,0.));
#1335 = ADVANCED_FACE('',(#1336),#1363,.T.);
#1336 = FACE_BOUND('',#1337,.F.);
#1337 = EDGE_LOOP('',(#1338,#1348,#1355,#1356));
#1338 = ORIENTED_EDGE('',*,*,#1339,.F.);
#1339 = EDGE_CURVE('',#1340,#1342,#1344,.T.);
#1340 = VERTEX_POINT('',#1341);
#1341 = CARTESIAN_POINT('',(-3.3665E+03,805.,777.908));
#1342 = VERTEX_POINT('',#1343);
#1343 = CARTESIAN_POINT('',(-3.3665E+03,805.,1.347908E+03));
#1344 = LINE('',#1345,#1346);
#1345 = CARTESIAN_POINT('',(-3.3665E+03,805.,737.908));
#1346 = VECTOR('',#1347,1.);
#1347 = DIRECTION('',(0.,0.,1.));
#1348 = ORIENTED_EDGE('',*,*,#1349,.T.);
#1349 = EDGE_CURVE('',#1340,#1155,#1350,.T.);
#1350 = CIRCLE('',#1351,40.);
#1351 = AXIS2_PLACEMENT_3D('',#1352,#1353,#1354);
#1352 = CARTESIAN_POINT('',(-3.4065E+03,805.,777.908));
#1353 = DIRECTION('',(0.,0.,-1.));
#1354 = DIRECTION('',(1.,0.,0.));
#1355 = ORIENTED_EDGE('',*,*,#1154,.T.);
#1356 = ORIENTED_EDGE('',*,*,#1357,.F.);
#1357 = EDGE_CURVE('',#1342,#1147,#1358,.T.);
#1358 = CIRCLE('',#1359,40.);
#1359 = AXIS2_PLACEMENT_3D('',#1360,#1361,#1362);
#1360 = CARTESIAN_POINT('',(-3.4065E+03,805.,1.347908E+03));
#1361 = DIRECTION('',(0.,0.,-1.));
#1362 = DIRECTION('',(1.,0.,0.));
#1363 = CYLINDRICAL_SURFACE('',#1364,40.);
#1364 = AXIS2_PLACEMENT_3D('',#1365,#1366,#1367);
#1365 = CARTESIAN_POINT('',(-3.4065E+03,805.,737.908));
#1366 = DIRECTION('',(0.,0.,1.));
#1367 = DIRECTION('',(1.,0.,0.));
#1368 = ADVANCED_FACE('',(#1369),#1381,.T.);
#1369 = FACE_BOUND('',#1370,.F.);
#1370 = EDGE_LOOP('',(#1371,#1372,#1373,#1380));
#1371 = ORIENTED_EDGE('',*,*,#1208,.F.);
#1372 = ORIENTED_EDGE('',*,*,#1193,.T.);
#1373 = ORIENTED_EDGE('',*,*,#1374,.T.);
#1374 = EDGE_CURVE('',#1186,#1282,#1375,.T.);
#1375 = CIRCLE('',#1376,40.);
#1376 = AXIS2_PLACEMENT_3D('',#1377,#1378,#1379);
#1377 = CARTESIAN_POINT('',(-3.4065E+03,1.605E+03,777.908));
#1378 = DIRECTION('',(1.,-6.E-17,0.));
#1379 = DIRECTION('',(6.E-17,1.,0.));
#1380 = ORIENTED_EDGE('',*,*,#1289,.F.);
#1381 = CYLINDRICAL_SURFACE('',#1382,40.);
#1382 = AXIS2_PLACEMENT_3D('',#1383,#1384,#1385);
#1383 = CARTESIAN_POINT('',(-3.4715E+03,1.605E+03,777.908));
#1384 = DIRECTION('',(1.,0.,0.));
#1385 = DIRECTION('',(0.,1.,0.));
#1386 = ADVANCED_FACE('',(#1387),#1412,.T.);
#1387 = FACE_BOUND('',#1388,.T.);
#1388 = EDGE_LOOP('',(#1389,#1396,#1397,#1406));
#1389 = ORIENTED_EDGE('',*,*,#1390,.F.);
#1390 = EDGE_CURVE('',#1178,#1340,#1391,.T.);
#1391 = CIRCLE('',#1392,40.);
#1392 = AXIS2_PLACEMENT_3D('',#1393,#1394,#1395);
#1393 = CARTESIAN_POINT('',(-3.4065E+03,805.,777.908));
#1394 = DIRECTION('',(0.,-1.,0.));
#1395 = DIRECTION('',(1.,0.,0.));
#1396 = ORIENTED_EDGE('',*,*,#1185,.T.);
#1397 = ORIENTED_EDGE('',*,*,#1398,.T.);
#1398 = EDGE_CURVE('',#1186,#1399,#1401,.T.);
#1399 = VERTEX_POINT('',#1400);
#1400 = CARTESIAN_POINT('',(-3.3665E+03,1.605E+03,777.908));
#1401 = CIRCLE('',#1402,40.);
#1402 = AXIS2_PLACEMENT_3D('',#1403,#1404,#1405);
#1403 = CARTESIAN_POINT('',(-3.4065E+03,1.605E+03,777.908));
#1404 = DIRECTION('',(0.,-1.,0.));
#1405 = DIRECTION('',(1.,0.,0.));
#1406 = ORIENTED_EDGE('',*,*,#1407,.F.);
#1407 = EDGE_CURVE('',#1340,#1399,#1408,.T.);
#1408 = LINE('',#1409,#1410);
#1409 = CARTESIAN_POINT('',(-3.3665E+03,765.,777.908));
#1410 = VECTOR('',#1411,1.);
#1411 = DIRECTION('',(0.,1.,0.));
#1412 = CYLINDRICAL_SURFACE('',#1413,40.);
#1413 = AXIS2_PLACEMENT_3D('',#1414,#1415,#1416);
#1414 = CARTESIAN_POINT('',(-3.4065E+03,765.,777.908));
#1415 = DIRECTION('',(0.,1.,0.));
#1416 = DIRECTION('',(1.,0.,0.));
#1417 = ADVANCED_FACE('',(#1418),#1430,.T.);
#1418 = FACE_BOUND('',#1419,.T.);
#1419 = EDGE_LOOP('',(#1420,#1421,#1422,#1429));
#1420 = ORIENTED_EDGE('',*,*,#1256,.T.);
#1421 = ORIENTED_EDGE('',*,*,#1241,.T.);
#1422 = ORIENTED_EDGE('',*,*,#1423,.F.);
#1423 = EDGE_CURVE('',#1274,#1234,#1424,.T.);
#1424 = CIRCLE('',#1425,40.);
#1425 = AXIS2_PLACEMENT_3D('',#1426,#1427,#1428);
#1426 = CARTESIAN_POINT('',(-3.4065E+03,1.605E+03,1.347908E+03));
#1427 = DIRECTION('',(1.,0.,-6.E-17));
#1428 = DIRECTION('',(6.E-17,0.,1.));
#1429 = ORIENTED_EDGE('',*,*,#1273,.F.);
#1430 = CYLINDRICAL_SURFACE('',#1431,40.);
#1431 = AXIS2_PLACEMENT_3D('',#1432,#1433,#1434);
#1432 = CARTESIAN_POINT('',(-3.4715E+03,1.605E+03,1.347908E+03));
#1433 = DIRECTION('',(1.,0.,0.));
#1434 = DIRECTION('',(0.,1.,0.));
#1435 = ADVANCED_FACE('',(#1436),#1461,.T.);
#1436 = FACE_BOUND('',#1437,.F.);
#1437 = EDGE_LOOP('',(#1438,#1445,#1446,#1455));
#1438 = ORIENTED_EDGE('',*,*,#1439,.F.);
#1439 = EDGE_CURVE('',#1226,#1342,#1440,.T.);
#1440 = CIRCLE('',#1441,40.);
#1441 = AXIS2_PLACEMENT_3D('',#1442,#1443,#1444);
#1442 = CARTESIAN_POINT('',(-3.4065E+03,805.,1.347908E+03));
#1443 = DIRECTION('',(-0.,1.,0.));
#1444 = DIRECTION('',(1.,0.,0.));
#1445 = ORIENTED_EDGE('',*,*,#1233,.T.);
#1446 = ORIENTED_EDGE('',*,*,#1447,.F.);
#1447 = EDGE_CURVE('',#1448,#1234,#1450,.T.);
#1448 = VERTEX_POINT('',#1449);
#1449 = CARTESIAN_POINT('',(-3.3665E+03,1.605E+03,1.347908E+03));
#1450 = CIRCLE('',#1451,40.);
#1451 = AXIS2_PLACEMENT_3D('',#1452,#1453,#1454);
#1452 = CARTESIAN_POINT('',(-3.4065E+03,1.605E+03,1.347908E+03));
#1453 = DIRECTION('',(0.,-1.,0.));
#1454 = DIRECTION('',(1.,0.,0.));
#1455 = ORIENTED_EDGE('',*,*,#1456,.F.);
#1456 = EDGE_CURVE('',#1342,#1448,#1457,.T.);
#1457 = LINE('',#1458,#1459);
#1458 = CARTESIAN_POINT('',(-3.3665E+03,765.,1.347908E+03));
#1459 = VECTOR('',#1460,1.);
#1460 = DIRECTION('',(0.,1.,0.));
#1461 = CYLINDRICAL_SURFACE('',#1462,40.);
#1462 = AXIS2_PLACEMENT_3D('',#1463,#1464,#1465);
#1463 = CARTESIAN_POINT('',(-3.4065E+03,765.,1.347908E+03));
#1464 = DIRECTION('',(0.,1.,0.));
#1465 = DIRECTION('',(1.,0.,0.));
#1466 = ADVANCED_FACE('',(#1467),#1490,.T.);
#1467 = FACE_BOUND('',#1468,.T.);
#1468 = EDGE_LOOP('',(#1469,#1475,#1482,#1483));
#1469 = ORIENTED_EDGE('',*,*,#1470,.F.);
#1470 = EDGE_CURVE('',#1399,#1448,#1471,.T.);
#1471 = LINE('',#1472,#1473);
#1472 = CARTESIAN_POINT('',(-3.3665E+03,1.605E+03,737.908));
#1473 = VECTOR('',#1474,1.);
#1474 = DIRECTION('',(0.,0.,1.));
#1475 = ORIENTED_EDGE('',*,*,#1476,.T.);
#1476 = EDGE_CURVE('',#1399,#1282,#1477,.T.);
#1477 = CIRCLE('',#1478,40.);
#1478 = AXIS2_PLACEMENT_3D('',#1479,#1480,#1481);
#1479 = CARTESIAN_POINT('',(-3.4065E+03,1.605E+03,777.908));
#1480 = DIRECTION('',(0.,0.,1.));
#1481 = DIRECTION('',(1.,0.,0.));
#1482 = ORIENTED_EDGE('',*,*,#1281,.T.);
#1483 = ORIENTED_EDGE('',*,*,#1484,.T.);
#1484 = EDGE_CURVE('',#1274,#1448,#1485,.T.);
#1485 = CIRCLE('',#1486,40.);
#1486 = AXIS2_PLACEMENT_3D('',#1487,#1488,#1489);
#1487 = CARTESIAN_POINT('',(-3.4065E+03,1.605E+03,1.347908E+03));
#1488 = DIRECTION('',(0.,0.,-1.));
#1489 = DIRECTION('',(1.,0.,0.));
#1490 = CYLINDRICAL_SURFACE('',#1491,40.);
#1491 = AXIS2_PLACEMENT_3D('',#1492,#1493,#1494);
#1492 = CARTESIAN_POINT('',(-3.4065E+03,1.605E+03,737.908));
#1493 = DIRECTION('',(0.,0.,1.));
#1494 = DIRECTION('',(1.,0.,0.));
#1495 = ADVANCED_FACE('',(#1496),#1501,.T.);
#1496 = FACE_BOUND('',#1497,.F.);
#1497 = EDGE_LOOP('',(#1498,#1499,#1500));
#1498 = ORIENTED_EDGE('',*,*,#1390,.F.);
#1499 = ORIENTED_EDGE('',*,*,#1305,.T.);
#1500 = ORIENTED_EDGE('',*,*,#1349,.F.);
#1501 = SPHERICAL_SURFACE('',#1502,40.);
#1502 = AXIS2_PLACEMENT_3D('',#1503,#1504,#1505);
#1503 = CARTESIAN_POINT('',(-3.4065E+03,805.,777.908));
#1504 = DIRECTION('',(0.,0.,1.));
#1505 = DIRECTION('',(1.,0.,0.));
#1506 = ADVANCED_FACE('',(#1507),#1512,.T.);
#1507 = FACE_BOUND('',#1508,.T.);
#1508 = EDGE_LOOP('',(#1509,#1510,#1511));
#1509 = ORIENTED_EDGE('',*,*,#1439,.F.);
#1510 = ORIENTED_EDGE('',*,*,#1323,.T.);
#1511 = ORIENTED_EDGE('',*,*,#1357,.F.);
#1512 = SPHERICAL_SURFACE('',#1513,40.);
#1513 = AXIS2_PLACEMENT_3D('',#1514,#1515,#1516);
#1514 = CARTESIAN_POINT('',(-3.4065E+03,805.,1.347908E+03));
#1515 = DIRECTION('',(-0.,-0.,-1.));
#1516 = DIRECTION('',(1.,0.,0.));
#1517 = ADVANCED_FACE('',(#1518),#1524,.T.);
#1518 = FACE_BOUND('',#1519,.T.);
#1519 = EDGE_LOOP('',(#1520,#1521,#1522,#1523));
#1520 = ORIENTED_EDGE('',*,*,#1339,.F.);
#1521 = ORIENTED_EDGE('',*,*,#1407,.T.);
#1522 = ORIENTED_EDGE('',*,*,#1470,.T.);
#1523 = ORIENTED_EDGE('',*,*,#1456,.F.);
#1524 = PLANE('',#1525);
#1525 = AXIS2_PLACEMENT_3D('',#1526,#1527,#1528);
#1526 = CARTESIAN_POINT('',(-3.3665E+03,765.,737.908));
#1527 = DIRECTION('',(1.,0.,0.));
#1528 = DIRECTION('',(0.,0.,1.));
#1529 = ADVANCED_FACE('',(#1530),#1535,.T.);
#1530 = FACE_BOUND('',#1531,.T.);
#1531 = EDGE_LOOP('',(#1532,#1533,#1534));
#1532 = ORIENTED_EDGE('',*,*,#1398,.F.);
#1533 = ORIENTED_EDGE('',*,*,#1374,.T.);
#1534 = ORIENTED_EDGE('',*,*,#1476,.F.);
#1535 = SPHERICAL_SURFACE('',#1536,40.);
#1536 = AXIS2_PLACEMENT_3D('',#1537,#1538,#1539);
#1537 = CARTESIAN_POINT('',(-3.4065E+03,1.605E+03,777.908));
#1538 = DIRECTION('',(0.,0.,1.));
#1539 = DIRECTION('',(1.,0.,0.));
#1540 = ADVANCED_FACE('',(#1541),#1546,.T.);
#1541 = FACE_BOUND('',#1542,.T.);
#1542 = EDGE_LOOP('',(#1543,#1544,#1545));
#1543 = ORIENTED_EDGE('',*,*,#1484,.F.);
#1544 = ORIENTED_EDGE('',*,*,#1423,.T.);
#1545 = ORIENTED_EDGE('',*,*,#1447,.F.);
#1546 = SPHERICAL_SURFACE('',#1547,40.);
#1547 = AXIS2_PLACEMENT_3D('',#1548,#1549,#1550);
#1548 = CARTESIAN_POINT('',(-3.4065E+03,1.605E+03,1.347908E+03));
#1549 = DIRECTION('',(-0.,-1.,-0.));
#1550 = DIRECTION('',(1.,0.,0.));
#1551 = MANIFOLD_SOLID_BREP('',#1552);
#1552 = CLOSED_SHELL('',(#1553,#1593,#1626,#1659,#1692,#1725,#1742,#1759
    ,#1790,#1821,#1838,#1869,#1886,#1917,#1935,#1953,#1986,#2004,#2035,
    #2053,#2084,#2113,#2124,#2135,#2147,#2158));
#1553 = ADVANCED_FACE('',(#1554),#1588,.F.);
#1554 = FACE_BOUND('',#1555,.F.);
#1555 = EDGE_LOOP('',(#1556,#1566,#1574,#1582));
#1556 = ORIENTED_EDGE('',*,*,#1557,.F.);
#1557 = EDGE_CURVE('',#1558,#1560,#1562,.T.);
#1558 = VERTEX_POINT('',#1559);
#1559 = CARTESIAN_POINT('',(-3.41E+03,1.7E+03,662.908));
#1560 = VERTEX_POINT('',#1561);
#1561 = CARTESIAN_POINT('',(-3.41E+03,1.7E+03,712.908));
#1562 = LINE('',#1563,#1564);
#1563 = CARTESIAN_POINT('',(-3.41E+03,1.7E+03,637.908));
#1564 = VECTOR('',#1565,1.);
#1565 = DIRECTION('',(0.,0.,1.));
#1566 = ORIENTED_EDGE('',*,*,#1567,.T.);
#1567 = EDGE_CURVE('',#1558,#1568,#1570,.T.);
#1568 = VERTEX_POINT('',#1569);
#1569 = CARTESIAN_POINT('',(-3.41E+03,2.53E+03,662.908));
#1570 = LINE('',#1571,#1572);
#1571 = CARTESIAN_POINT('',(-3.41E+03,1.675E+03,662.908));
#1572 = VECTOR('',#1573,1.);
#1573 = DIRECTION('',(0.,1.,0.));
#1574 = ORIENTED_EDGE('',*,*,#1575,.T.);
#1575 = EDGE_CURVE('',#1568,#1576,#1578,.T.);
#1576 = VERTEX_POINT('',#1577);
#1577 = CARTESIAN_POINT('',(-3.41E+03,2.53E+03,712.908));
#1578 = LINE('',#1579,#1580);
#1579 = CARTESIAN_POINT('',(-3.41E+03,2.53E+03,637.908));
#1580 = VECTOR('',#1581,1.);
#1581 = DIRECTION('',(0.,0.,1.));
#1582 = ORIENTED_EDGE('',*,*,#1583,.F.);
#1583 = EDGE_CURVE('',#1560,#1576,#1584,.T.);
#1584 = LINE('',#1585,#1586);
#1585 = CARTESIAN_POINT('',(-3.41E+03,1.675E+03,712.908));
#1586 = VECTOR('',#1587,1.);
#1587 = DIRECTION('',(0.,1.,0.));
#1588 = PLANE('',#1589);
#1589 = AXIS2_PLACEMENT_3D('',#1590,#1591,#1592);
#1590 = CARTESIAN_POINT('',(-3.41E+03,1.675E+03,637.908));
#1591 = DIRECTION('',(1.,0.,0.));
#1592 = DIRECTION('',(0.,0.,1.));
#1593 = ADVANCED_FACE('',(#1594),#1621,.T.);
#1594 = FACE_BOUND('',#1595,.T.);
#1595 = EDGE_LOOP('',(#1596,#1597,#1606,#1614));
#1596 = ORIENTED_EDGE('',*,*,#1557,.F.);
#1597 = ORIENTED_EDGE('',*,*,#1598,.T.);
#1598 = EDGE_CURVE('',#1558,#1599,#1601,.T.);
#1599 = VERTEX_POINT('',#1600);
#1600 = CARTESIAN_POINT('',(-3.385E+03,1.675E+03,662.908));
#1601 = CIRCLE('',#1602,25.);
#1602 = AXIS2_PLACEMENT_3D('',#1603,#1604,#1605);
#1603 = CARTESIAN_POINT('',(-3.385E+03,1.7E+03,662.908));
#1604 = DIRECTION('',(0.,0.,1.));
#1605 = DIRECTION('',(-1.,0.,0.));
#1606 = ORIENTED_EDGE('',*,*,#1607,.T.);
#1607 = EDGE_CURVE('',#1599,#1608,#1610,.T.);
#1608 = VERTEX_POINT('',#1609);
#1609 = CARTESIAN_POINT('',(-3.385E+03,1.675E+03,712.908));
#1610 = LINE('',#1611,#1612);
#1611 = CARTESIAN_POINT('',(-3.385E+03,1.675E+03,637.908));
#1612 = VECTOR('',#1613,1.);
#1613 = DIRECTION('',(0.,0.,1.));
#1614 = ORIENTED_EDGE('',*,*,#1615,.F.);
#1615 = EDGE_CURVE('',#1560,#1608,#1616,.T.);
#1616 = CIRCLE('',#1617,25.);
#1617 = AXIS2_PLACEMENT_3D('',#1618,#1619,#1620);
#1618 = CARTESIAN_POINT('',(-3.385E+03,1.7E+03,712.908));
#1619 = DIRECTION('',(0.,0.,1.));
#1620 = DIRECTION('',(-1.,0.,0.));
#1621 = CYLINDRICAL_SURFACE('',#1622,25.);
#1622 = AXIS2_PLACEMENT_3D('',#1623,#1624,#1625);
#1623 = CARTESIAN_POINT('',(-3.385E+03,1.7E+03,637.908));
#1624 = DIRECTION('',(0.,0.,1.));
#1625 = DIRECTION('',(-1.,0.,0.));
#1626 = ADVANCED_FACE('',(#1627),#1654,.T.);
#1627 = FACE_BOUND('',#1628,.F.);
#1628 = EDGE_LOOP('',(#1629,#1638,#1646,#1653));
#1629 = ORIENTED_EDGE('',*,*,#1630,.F.);
#1630 = EDGE_CURVE('',#1631,#1558,#1633,.T.);
#1631 = VERTEX_POINT('',#1632);
#1632 = CARTESIAN_POINT('',(-3.385E+03,1.7E+03,637.908));
#1633 = CIRCLE('',#1634,25.);
#1634 = AXIS2_PLACEMENT_3D('',#1635,#1636,#1637);
#1635 = CARTESIAN_POINT('',(-3.385E+03,1.7E+03,662.908));
#1636 = DIRECTION('',(0.,1.,-0.));
#1637 = DIRECTION('',(-1.,0.,0.));
#1638 = ORIENTED_EDGE('',*,*,#1639,.T.);
#1639 = EDGE_CURVE('',#1631,#1640,#1642,.T.);
#1640 = VERTEX_POINT('',#1641);
#1641 = CARTESIAN_POINT('',(-3.385E+03,2.53E+03,637.908));
#1642 = LINE('',#1643,#1644);
#1643 = CARTESIAN_POINT('',(-3.385E+03,1.675E+03,637.908));
#1644 = VECTOR('',#1645,1.);
#1645 = DIRECTION('',(0.,1.,0.));
#1646 = ORIENTED_EDGE('',*,*,#1647,.T.);
#1647 = EDGE_CURVE('',#1640,#1568,#1648,.T.);
#1648 = CIRCLE('',#1649,25.);
#1649 = AXIS2_PLACEMENT_3D('',#1650,#1651,#1652);
#1650 = CARTESIAN_POINT('',(-3.385E+03,2.53E+03,662.908));
#1651 = DIRECTION('',(0.,1.,-0.));
#1652 = DIRECTION('',(-1.,0.,0.));
#1653 = ORIENTED_EDGE('',*,*,#1567,.F.);
#1654 = CYLINDRICAL_SURFACE('',#1655,25.);
#1655 = AXIS2_PLACEMENT_3D('',#1656,#1657,#1658);
#1656 = CARTESIAN_POINT('',(-3.385E+03,1.675E+03,662.908));
#1657 = DIRECTION('',(0.,1.,0.));
#1658 = DIRECTION('',(-1.,0.,0.));
#1659 = ADVANCED_FACE('',(#1660),#1687,.T.);
#1660 = FACE_BOUND('',#1661,.T.);
#1661 = EDGE_LOOP('',(#1662,#1671,#1679,#1686));
#1662 = ORIENTED_EDGE('',*,*,#1663,.F.);
#1663 = EDGE_CURVE('',#1664,#1560,#1666,.T.);
#1664 = VERTEX_POINT('',#1665);
#1665 = CARTESIAN_POINT('',(-3.385E+03,1.7E+03,737.908));
#1666 = CIRCLE('',#1667,25.);
#1667 = AXIS2_PLACEMENT_3D('',#1668,#1669,#1670);
#1668 = CARTESIAN_POINT('',(-3.385E+03,1.7E+03,712.908));
#1669 = DIRECTION('',(0.,-1.,0.));
#1670 = DIRECTION('',(-1.,0.,0.));
#1671 = ORIENTED_EDGE('',*,*,#1672,.T.);
#1672 = EDGE_CURVE('',#1664,#1673,#1675,.T.);
#1673 = VERTEX_POINT('',#1674);
#1674 = CARTESIAN_POINT('',(-3.385E+03,2.53E+03,737.908));
#1675 = LINE('',#1676,#1677);
#1676 = CARTESIAN_POINT('',(-3.385E+03,1.675E+03,737.908));
#1677 = VECTOR('',#1678,1.);
#1678 = DIRECTION('',(0.,1.,0.));
#1679 = ORIENTED_EDGE('',*,*,#1680,.F.);
#1680 = EDGE_CURVE('',#1576,#1673,#1681,.T.);
#1681 = CIRCLE('',#1682,25.);
#1682 = AXIS2_PLACEMENT_3D('',#1683,#1684,#1685);
#1683 = CARTESIAN_POINT('',(-3.385E+03,2.53E+03,712.908));
#1684 = DIRECTION('',(0.,1.,-0.));
#1685 = DIRECTION('',(-1.,0.,0.));
#1686 = ORIENTED_EDGE('',*,*,#1583,.F.);
#1687 = CYLINDRICAL_SURFACE('',#1688,25.);
#1688 = AXIS2_PLACEMENT_3D('',#1689,#1690,#1691);
#1689 = CARTESIAN_POINT('',(-3.385E+03,1.675E+03,712.908));
#1690 = DIRECTION('',(0.,1.,0.));
#1691 = DIRECTION('',(-1.,0.,0.));
#1692 = ADVANCED_FACE('',(#1693),#1720,.T.);
#1693 = FACE_BOUND('',#1694,.F.);
#1694 = EDGE_LOOP('',(#1695,#1696,#1705,#1713));
#1695 = ORIENTED_EDGE('',*,*,#1575,.F.);
#1696 = ORIENTED_EDGE('',*,*,#1697,.T.);
#1697 = EDGE_CURVE('',#1568,#1698,#1700,.T.);
#1698 = VERTEX_POINT('',#1699);
#1699 = CARTESIAN_POINT('',(-3.385E+03,2.555E+03,662.908));
#1700 = CIRCLE('',#1701,25.);
#1701 = AXIS2_PLACEMENT_3D('',#1702,#1703,#1704);
#1702 = CARTESIAN_POINT('',(-3.385E+03,2.53E+03,662.908));
#1703 = DIRECTION('',(0.,0.,-1.));
#1704 = DIRECTION('',(-1.,0.,0.));
#1705 = ORIENTED_EDGE('',*,*,#1706,.T.);
#1706 = EDGE_CURVE('',#1698,#1707,#1709,.T.);
#1707 = VERTEX_POINT('',#1708);
#1708 = CARTESIAN_POINT('',(-3.385E+03,2.555E+03,712.908));
#1709 = LINE('',#1710,#1711);
#1710 = CARTESIAN_POINT('',(-3.385E+03,2.555E+03,637.908));
#1711 = VECTOR('',#1712,1.);
#1712 = DIRECTION('',(0.,0.,1.));
#1713 = ORIENTED_EDGE('',*,*,#1714,.T.);
#1714 = EDGE_CURVE('',#1707,#1576,#1715,.T.);
#1715 = CIRCLE('',#1716,25.);
#1716 = AXIS2_PLACEMENT_3D('',#1717,#1718,#1719);
#1717 = CARTESIAN_POINT('',(-3.385E+03,2.53E+03,712.908));
#1718 = DIRECTION('',(0.,0.,1.));
#1719 = DIRECTION('',(-1.,0.,0.));
#1720 = CYLINDRICAL_SURFACE('',#1721,25.);
#1721 = AXIS2_PLACEMENT_3D('',#1722,#1723,#1724);
#1722 = CARTESIAN_POINT('',(-3.385E+03,2.53E+03,637.908));
#1723 = DIRECTION('',(0.,0.,1.));
#1724 = DIRECTION('',(-1.,0.,0.));
#1725 = ADVANCED_FACE('',(#1726),#1737,.T.);
#1726 = FACE_BOUND('',#1727,.T.);
#1727 = EDGE_LOOP('',(#1728,#1729,#1736));
#1728 = ORIENTED_EDGE('',*,*,#1630,.F.);
#1729 = ORIENTED_EDGE('',*,*,#1730,.T.);
#1730 = EDGE_CURVE('',#1631,#1599,#1731,.T.);
#1731 = CIRCLE('',#1732,25.);
#1732 = AXIS2_PLACEMENT_3D('',#1733,#1734,#1735);
#1733 = CARTESIAN_POINT('',(-3.385E+03,1.7E+03,662.908));
#1734 = DIRECTION('',(-1.,6.E-17,0.));
#1735 = DIRECTION('',(-6.E-17,-1.,0.));
#1736 = ORIENTED_EDGE('',*,*,#1598,.F.);
#1737 = SPHERICAL_SURFACE('',#1738,25.);
#1738 = AXIS2_PLACEMENT_3D('',#1739,#1740,#1741);
#1739 = CARTESIAN_POINT('',(-3.385E+03,1.7E+03,662.908));
#1740 = DIRECTION('',(0.,0.,1.));
#1741 = DIRECTION('',(-1.,0.,0.));
#1742 = ADVANCED_FACE('',(#1743),#1754,.T.);
#1743 = FACE_BOUND('',#1744,.F.);
#1744 = EDGE_LOOP('',(#1745,#1746,#1753));
#1745 = ORIENTED_EDGE('',*,*,#1663,.F.);
#1746 = ORIENTED_EDGE('',*,*,#1747,.T.);
#1747 = EDGE_CURVE('',#1664,#1608,#1748,.T.);
#1748 = CIRCLE('',#1749,25.);
#1749 = AXIS2_PLACEMENT_3D('',#1750,#1751,#1752);
#1750 = CARTESIAN_POINT('',(-3.385E+03,1.7E+03,712.908));
#1751 = DIRECTION('',(1.,-6.E-17,0.));
#1752 = DIRECTION('',(-6.E-17,-1.,0.));
#1753 = ORIENTED_EDGE('',*,*,#1615,.F.);
#1754 = SPHERICAL_SURFACE('',#1755,25.);
#1755 = AXIS2_PLACEMENT_3D('',#1756,#1757,#1758);
#1756 = CARTESIAN_POINT('',(-3.385E+03,1.7E+03,712.908));
#1757 = DIRECTION('',(-0.,-0.,-1.));
#1758 = DIRECTION('',(-1.,0.,0.));
#1759 = ADVANCED_FACE('',(#1760),#1785,.F.);
#1760 = FACE_BOUND('',#1761,.F.);
#1761 = EDGE_LOOP('',(#1762,#1763,#1771,#1779));
#1762 = ORIENTED_EDGE('',*,*,#1607,.T.);
#1763 = ORIENTED_EDGE('',*,*,#1764,.T.);
#1764 = EDGE_CURVE('',#1608,#1765,#1767,.T.);
#1765 = VERTEX_POINT('',#1766);
#1766 = CARTESIAN_POINT('',(-2.945E+03,1.675E+03,712.908));
#1767 = LINE('',#1768,#1769);
#1768 = CARTESIAN_POINT('',(-3.41E+03,1.675E+03,712.908));
#1769 = VECTOR('',#1770,1.);
#1770 = DIRECTION('',(1.,0.,0.));
#1771 = ORIENTED_EDGE('',*,*,#1772,.F.);
#1772 = EDGE_CURVE('',#1773,#1765,#1775,.T.);
#1773 = VERTEX_POINT('',#1774);
#1774 = CARTESIAN_POINT('',(-2.945E+03,1.675E+03,662.908));
#1775 = LINE('',#1776,#1777);
#1776 = CARTESIAN_POINT('',(-2.945E+03,1.675E+03,637.908));
#1777 = VECTOR('',#1778,1.);
#1778 = DIRECTION('',(0.,0.,1.));
#1779 = ORIENTED_EDGE('',*,*,#1780,.F.);
#1780 = EDGE_CURVE('',#1599,#1773,#1781,.T.);
#1781 = LINE('',#1782,#1783);
#1782 = CARTESIAN_POINT('',(-3.41E+03,1.675E+03,662.908));
#1783 = VECTOR('',#1784,1.);
#1784 = DIRECTION('',(1.,0.,0.));
#1785 = PLANE('',#1786);
#1786 = AXIS2_PLACEMENT_3D('',#1787,#1788,#1789);
#1787 = CARTESIAN_POINT('',(-3.41E+03,1.675E+03,637.908));
#1788 = DIRECTION('',(0.,1.,0.));
#1789 = DIRECTION('',(0.,0.,1.));
#1790 = ADVANCED_FACE('',(#1791),#1816,.F.);
#1791 = FACE_BOUND('',#1792,.F.);
#1792 = EDGE_LOOP('',(#1793,#1794,#1802,#1810));
#1793 = ORIENTED_EDGE('',*,*,#1639,.F.);
#1794 = ORIENTED_EDGE('',*,*,#1795,.T.);
#1795 = EDGE_CURVE('',#1631,#1796,#1798,.T.);
#1796 = VERTEX_POINT('',#1797);
#1797 = CARTESIAN_POINT('',(-2.945E+03,1.7E+03,637.908));
#1798 = LINE('',#1799,#1800);
#1799 = CARTESIAN_POINT('',(-3.41E+03,1.7E+03,637.908));
#1800 = VECTOR('',#1801,1.);
#1801 = DIRECTION('',(1.,0.,0.));
#1802 = ORIENTED_EDGE('',*,*,#1803,.T.);
#1803 = EDGE_CURVE('',#1796,#1804,#1806,.T.);
#1804 = VERTEX_POINT('',#1805);
#1805 = CARTESIAN_POINT('',(-2.945E+03,2.53E+03,637.908));
#1806 = LINE('',#1807,#1808);
#1807 = CARTESIAN_POINT('',(-2.945E+03,1.675E+03,637.908));
#1808 = VECTOR('',#1809,1.);
#1809 = DIRECTION('',(0.,1.,0.));
#1810 = ORIENTED_EDGE('',*,*,#1811,.F.);
#1811 = EDGE_CURVE('',#1640,#1804,#1812,.T.);
#1812 = LINE('',#1813,#1814);
#1813 = CARTESIAN_POINT('',(-3.41E+03,2.53E+03,637.908));
#1814 = VECTOR('',#1815,1.);
#1815 = DIRECTION('',(1.,0.,0.));
#1816 = PLANE('',#1817);
#1817 = AXIS2_PLACEMENT_3D('',#1818,#1819,#1820);
#1818 = CARTESIAN_POINT('',(-3.41E+03,1.675E+03,637.908));
#1819 = DIRECTION('',(0.,0.,1.));
#1820 = DIRECTION('',(1.,0.,0.));
#1821 = ADVANCED_FACE('',(#1822),#1833,.T.);
#1822 = FACE_BOUND('',#1823,.F.);
#1823 = EDGE_LOOP('',(#1824,#1825,#1832));
#1824 = ORIENTED_EDGE('',*,*,#1647,.F.);
#1825 = ORIENTED_EDGE('',*,*,#1826,.T.);
#1826 = EDGE_CURVE('',#1640,#1698,#1827,.T.);
#1827 = CIRCLE('',#1828,25.);
#1828 = AXIS2_PLACEMENT_3D('',#1829,#1830,#1831);
#1829 = CARTESIAN_POINT('',(-3.385E+03,2.53E+03,662.908));
#1830 = DIRECTION('',(1.,6.E-17,-0.));
#1831 = DIRECTION('',(-6.E-17,1.,0.));
#1832 = ORIENTED_EDGE('',*,*,#1697,.F.);
#1833 = SPHERICAL_SURFACE('',#1834,25.);
#1834 = AXIS2_PLACEMENT_3D('',#1835,#1836,#1837);
#1835 = CARTESIAN_POINT('',(-3.385E+03,2.53E+03,662.908));
#1836 = DIRECTION('',(0.,0.,1.));
#1837 = DIRECTION('',(-1.,0.,0.));
#1838 = ADVANCED_FACE('',(#1839),#1864,.T.);
#1839 = FACE_BOUND('',#1840,.T.);
#1840 = EDGE_LOOP('',(#1841,#1842,#1850,#1858));
#1841 = ORIENTED_EDGE('',*,*,#1672,.F.);
#1842 = ORIENTED_EDGE('',*,*,#1843,.T.);
#1843 = EDGE_CURVE('',#1664,#1844,#1846,.T.);
#1844 = VERTEX_POINT('',#1845);
#1845 = CARTESIAN_POINT('',(-2.945E+03,1.7E+03,737.908));
#1846 = LINE('',#1847,#1848);
#1847 = CARTESIAN_POINT('',(-3.41E+03,1.7E+03,737.908));
#1848 = VECTOR('',#1849,1.);
#1849 = DIRECTION('',(1.,0.,0.));
#1850 = ORIENTED_EDGE('',*,*,#1851,.T.);
#1851 = EDGE_CURVE('',#1844,#1852,#1854,.T.);
#1852 = VERTEX_POINT('',#1853);
#1853 = CARTESIAN_POINT('',(-2.945E+03,2.53E+03,737.908));
#1854 = LINE('',#1855,#1856);
#1855 = CARTESIAN_POINT('',(-2.945E+03,1.675E+03,737.908));
#1856 = VECTOR('',#1857,1.);
#1857 = DIRECTION('',(0.,1.,0.));
#1858 = ORIENTED_EDGE('',*,*,#1859,.F.);
#1859 = EDGE_CURVE('',#1673,#1852,#1860,.T.);
#1860 = LINE('',#1861,#1862);
#1861 = CARTESIAN_POINT('',(-3.41E+03,2.53E+03,737.908));
#1862 = VECTOR('',#1863,1.);
#1863 = DIRECTION('',(1.,0.,0.));
#1864 = PLANE('',#1865);
#1865 = AXIS2_PLACEMENT_3D('',#1866,#1867,#1868);
#1866 = CARTESIAN_POINT('',(-3.41E+03,1.675E+03,737.908));
#1867 = DIRECTION('',(0.,0.,1.));
#1868 = DIRECTION('',(1.,0.,0.));
#1869 = ADVANCED_FACE('',(#1870),#1881,.T.);
#1870 = FACE_BOUND('',#1871,.F.);
#1871 = EDGE_LOOP('',(#1872,#1873,#1880));
#1872 = ORIENTED_EDGE('',*,*,#1714,.F.);
#1873 = ORIENTED_EDGE('',*,*,#1874,.T.);
#1874 = EDGE_CURVE('',#1707,#1673,#1875,.T.);
#1875 = CIRCLE('',#1876,25.);
#1876 = AXIS2_PLACEMENT_3D('',#1877,#1878,#1879);
#1877 = CARTESIAN_POINT('',(-3.385E+03,2.53E+03,712.908));
#1878 = DIRECTION('',(1.,0.,6.E-17));
#1879 = DIRECTION('',(-6.E-17,0.,1.));
#1880 = ORIENTED_EDGE('',*,*,#1680,.F.);
#1881 = SPHERICAL_SURFACE('',#1882,25.);
#1882 = AXIS2_PLACEMENT_3D('',#1883,#1884,#1885);
#1883 = CARTESIAN_POINT('',(-3.385E+03,2.53E+03,712.908));
#1884 = DIRECTION('',(-0.,-1.,-0.));
#1885 = DIRECTION('',(-1.,0.,0.));
#1886 = ADVANCED_FACE('',(#1887),#1912,.T.);
#1887 = FACE_BOUND('',#1888,.T.);
#1888 = EDGE_LOOP('',(#1889,#1890,#1898,#1906));
#1889 = ORIENTED_EDGE('',*,*,#1706,.T.);
#1890 = ORIENTED_EDGE('',*,*,#1891,.T.);
#1891 = EDGE_CURVE('',#1707,#1892,#1894,.T.);
#1892 = VERTEX_POINT('',#1893);
#1893 = CARTESIAN_POINT('',(-2.945E+03,2.555E+03,712.908));
#1894 = LINE('',#1895,#1896);
#1895 = CARTESIAN_POINT('',(-3.41E+03,2.555E+03,712.908));
#1896 = VECTOR('',#1897,1.);
#1897 = DIRECTION('',(1.,0.,0.));
#1898 = ORIENTED_EDGE('',*,*,#1899,.F.);
#1899 = EDGE_CURVE('',#1900,#1892,#1902,.T.);
#1900 = VERTEX_POINT('',#1901);
#1901 = CARTESIAN_POINT('',(-2.945E+03,2.555E+03,662.908));
#1902 = LINE('',#1903,#1904);
#1903 = CARTESIAN_POINT('',(-2.945E+03,2.555E+03,637.908));
#1904 = VECTOR('',#1905,1.);
#1905 = DIRECTION('',(0.,0.,1.));
#1906 = ORIENTED_EDGE('',*,*,#1907,.F.);
#1907 = EDGE_CURVE('',#1698,#1900,#1908,.T.);
#1908 = LINE('',#1909,#1910);
#1909 = CARTESIAN_POINT('',(-3.41E+03,2.555E+03,662.908));
#1910 = VECTOR('',#1911,1.);
#1911 = DIRECTION('',(1.,0.,0.));
#1912 = PLANE('',#1913);
#1913 = AXIS2_PLACEMENT_3D('',#1914,#1915,#1916);
#1914 = CARTESIAN_POINT('',(-3.41E+03,2.555E+03,637.908));
#1915 = DIRECTION('',(0.,1.,0.));
#1916 = DIRECTION('',(0.,0.,1.));
#1917 = ADVANCED_FACE('',(#1918),#1930,.T.);
#1918 = FACE_BOUND('',#1919,.T.);
#1919 = EDGE_LOOP('',(#1920,#1921,#1922,#1929));
#1920 = ORIENTED_EDGE('',*,*,#1730,.F.);
#1921 = ORIENTED_EDGE('',*,*,#1795,.T.);
#1922 = ORIENTED_EDGE('',*,*,#1923,.T.);
#1923 = EDGE_CURVE('',#1796,#1773,#1924,.T.);
#1924 = CIRCLE('',#1925,25.);
#1925 = AXIS2_PLACEMENT_3D('',#1926,#1927,#1928);
#1926 = CARTESIAN_POINT('',(-2.945E+03,1.7E+03,662.908));
#1927 = DIRECTION('',(-1.,-6.E-17,0.));
#1928 = DIRECTION('',(6.E-17,-1.,0.));
#1929 = ORIENTED_EDGE('',*,*,#1780,.F.);
#1930 = CYLINDRICAL_SURFACE('',#1931,25.);
#1931 = AXIS2_PLACEMENT_3D('',#1932,#1933,#1934);
#1932 = CARTESIAN_POINT('',(-3.41E+03,1.7E+03,662.908));
#1933 = DIRECTION('',(1.,0.,0.));
#1934 = DIRECTION('',(0.,-1.,0.));
#1935 = ADVANCED_FACE('',(#1936),#1948,.T.);
#1936 = FACE_BOUND('',#1937,.F.);
#1937 = EDGE_LOOP('',(#1938,#1939,#1940,#1947));
#1938 = ORIENTED_EDGE('',*,*,#1747,.F.);
#1939 = ORIENTED_EDGE('',*,*,#1843,.T.);
#1940 = ORIENTED_EDGE('',*,*,#1941,.T.);
#1941 = EDGE_CURVE('',#1844,#1765,#1942,.T.);
#1942 = CIRCLE('',#1943,25.);
#1943 = AXIS2_PLACEMENT_3D('',#1944,#1945,#1946);
#1944 = CARTESIAN_POINT('',(-2.945E+03,1.7E+03,712.908));
#1945 = DIRECTION('',(1.,6.E-17,0.));
#1946 = DIRECTION('',(6.E-17,-1.,0.));
#1947 = ORIENTED_EDGE('',*,*,#1764,.F.);
#1948 = CYLINDRICAL_SURFACE('',#1949,25.);
#1949 = AXIS2_PLACEMENT_3D('',#1950,#1951,#1952);
#1950 = CARTESIAN_POINT('',(-3.41E+03,1.7E+03,712.908));
#1951 = DIRECTION('',(1.,0.,0.));
#1952 = DIRECTION('',(0.,-1.,0.));
#1953 = ADVANCED_FACE('',(#1954),#1981,.T.);
#1954 = FACE_BOUND('',#1955,.F.);
#1955 = EDGE_LOOP('',(#1956,#1966,#1973,#1974));
#1956 = ORIENTED_EDGE('',*,*,#1957,.F.);
#1957 = EDGE_CURVE('',#1958,#1960,#1962,.T.);
#1958 = VERTEX_POINT('',#1959);
#1959 = CARTESIAN_POINT('',(-2.92E+03,1.7E+03,662.908));
#1960 = VERTEX_POINT('',#1961);
#1961 = CARTESIAN_POINT('',(-2.92E+03,1.7E+03,712.908));
#1962 = LINE('',#1963,#1964);
#1963 = CARTESIAN_POINT('',(-2.92E+03,1.7E+03,637.908));
#1964 = VECTOR('',#1965,1.);
#1965 = DIRECTION('',(0.,0.,1.));
#1966 = ORIENTED_EDGE('',*,*,#1967,.T.);
#1967 = EDGE_CURVE('',#1958,#1773,#1968,.T.);
#1968 = CIRCLE('',#1969,25.);
#1969 = AXIS2_PLACEMENT_3D('',#1970,#1971,#1972);
#1970 = CARTESIAN_POINT('',(-2.945E+03,1.7E+03,662.908));
#1971 = DIRECTION('',(0.,0.,-1.));
#1972 = DIRECTION('',(1.,0.,0.));
#1973 = ORIENTED_EDGE('',*,*,#1772,.T.);
#1974 = ORIENTED_EDGE('',*,*,#1975,.F.);
#1975 = EDGE_CURVE('',#1960,#1765,#1976,.T.);
#1976 = CIRCLE('',#1977,25.);
#1977 = AXIS2_PLACEMENT_3D('',#1978,#1979,#1980);
#1978 = CARTESIAN_POINT('',(-2.945E+03,1.7E+03,712.908));
#1979 = DIRECTION('',(0.,0.,-1.));
#1980 = DIRECTION('',(1.,0.,0.));
#1981 = CYLINDRICAL_SURFACE('',#1982,25.);
#1982 = AXIS2_PLACEMENT_3D('',#1983,#1984,#1985);
#1983 = CARTESIAN_POINT('',(-2.945E+03,1.7E+03,637.908));
#1984 = DIRECTION('',(0.,0.,1.));
#1985 = DIRECTION('',(1.,0.,0.));
#1986 = ADVANCED_FACE('',(#1987),#1999,.T.);
#1987 = FACE_BOUND('',#1988,.F.);
#1988 = EDGE_LOOP('',(#1989,#1990,#1991,#1998));
#1989 = ORIENTED_EDGE('',*,*,#1826,.F.);
#1990 = ORIENTED_EDGE('',*,*,#1811,.T.);
#1991 = ORIENTED_EDGE('',*,*,#1992,.T.);
#1992 = EDGE_CURVE('',#1804,#1900,#1993,.T.);
#1993 = CIRCLE('',#1994,25.);
#1994 = AXIS2_PLACEMENT_3D('',#1995,#1996,#1997);
#1995 = CARTESIAN_POINT('',(-2.945E+03,2.53E+03,662.908));
#1996 = DIRECTION('',(1.,-6.E-17,0.));
#1997 = DIRECTION('',(6.E-17,1.,0.));
#1998 = ORIENTED_EDGE('',*,*,#1907,.F.);
#1999 = CYLINDRICAL_SURFACE('',#2000,25.);
#2000 = AXIS2_PLACEMENT_3D('',#2001,#2002,#2003);
#2001 = CARTESIAN_POINT('',(-3.41E+03,2.53E+03,662.908));
#2002 = DIRECTION('',(1.,0.,0.));
#2003 = DIRECTION('',(0.,1.,0.));
#2004 = ADVANCED_FACE('',(#2005),#2030,.T.);
#2005 = FACE_BOUND('',#2006,.T.);
#2006 = EDGE_LOOP('',(#2007,#2014,#2015,#2024));
#2007 = ORIENTED_EDGE('',*,*,#2008,.F.);
#2008 = EDGE_CURVE('',#1796,#1958,#2009,.T.);
#2009 = CIRCLE('',#2010,25.);
#2010 = AXIS2_PLACEMENT_3D('',#2011,#2012,#2013);
#2011 = CARTESIAN_POINT('',(-2.945E+03,1.7E+03,662.908));
#2012 = DIRECTION('',(0.,-1.,0.));
#2013 = DIRECTION('',(1.,0.,0.));
#2014 = ORIENTED_EDGE('',*,*,#1803,.T.);
#2015 = ORIENTED_EDGE('',*,*,#2016,.T.);
#2016 = EDGE_CURVE('',#1804,#2017,#2019,.T.);
#2017 = VERTEX_POINT('',#2018);
#2018 = CARTESIAN_POINT('',(-2.92E+03,2.53E+03,662.908));
#2019 = CIRCLE('',#2020,25.);
#2020 = AXIS2_PLACEMENT_3D('',#2021,#2022,#2023);
#2021 = CARTESIAN_POINT('',(-2.945E+03,2.53E+03,662.908));
#2022 = DIRECTION('',(0.,-1.,0.));
#2023 = DIRECTION('',(1.,0.,0.));
#2024 = ORIENTED_EDGE('',*,*,#2025,.F.);
#2025 = EDGE_CURVE('',#1958,#2017,#2026,.T.);
#2026 = LINE('',#2027,#2028);
#2027 = CARTESIAN_POINT('',(-2.92E+03,1.675E+03,662.908));
#2028 = VECTOR('',#2029,1.);
#2029 = DIRECTION('',(0.,1.,0.));
#2030 = CYLINDRICAL_SURFACE('',#2031,25.);
#2031 = AXIS2_PLACEMENT_3D('',#2032,#2033,#2034);
#2032 = CARTESIAN_POINT('',(-2.945E+03,1.675E+03,662.908));
#2033 = DIRECTION('',(0.,1.,0.));
#2034 = DIRECTION('',(1.,0.,0.));
#2035 = ADVANCED_FACE('',(#2036),#2048,.T.);
#2036 = FACE_BOUND('',#2037,.T.);
#2037 = EDGE_LOOP('',(#2038,#2039,#2040,#2047));
#2038 = ORIENTED_EDGE('',*,*,#1874,.T.);
#2039 = ORIENTED_EDGE('',*,*,#1859,.T.);
#2040 = ORIENTED_EDGE('',*,*,#2041,.F.);
#2041 = EDGE_CURVE('',#1892,#1852,#2042,.T.);
#2042 = CIRCLE('',#2043,25.);
#2043 = AXIS2_PLACEMENT_3D('',#2044,#2045,#2046);
#2044 = CARTESIAN_POINT('',(-2.945E+03,2.53E+03,712.908));
#2045 = DIRECTION('',(1.,0.,-6.E-17));
#2046 = DIRECTION('',(6.E-17,0.,1.));
#2047 = ORIENTED_EDGE('',*,*,#1891,.F.);
#2048 = CYLINDRICAL_SURFACE('',#2049,25.);
#2049 = AXIS2_PLACEMENT_3D('',#2050,#2051,#2052);
#2050 = CARTESIAN_POINT('',(-3.41E+03,2.53E+03,712.908));
#2051 = DIRECTION('',(1.,0.,0.));
#2052 = DIRECTION('',(0.,1.,0.));
#2053 = ADVANCED_FACE('',(#2054),#2079,.T.);
#2054 = FACE_BOUND('',#2055,.F.);
#2055 = EDGE_LOOP('',(#2056,#2063,#2064,#2073));
#2056 = ORIENTED_EDGE('',*,*,#2057,.F.);
#2057 = EDGE_CURVE('',#1844,#1960,#2058,.T.);
#2058 = CIRCLE('',#2059,25.);
#2059 = AXIS2_PLACEMENT_3D('',#2060,#2061,#2062);
#2060 = CARTESIAN_POINT('',(-2.945E+03,1.7E+03,712.908));
#2061 = DIRECTION('',(-0.,1.,0.));
#2062 = DIRECTION('',(1.,0.,0.));
#2063 = ORIENTED_EDGE('',*,*,#1851,.T.);
#2064 = ORIENTED_EDGE('',*,*,#2065,.F.);
#2065 = EDGE_CURVE('',#2066,#1852,#2068,.T.);
#2066 = VERTEX_POINT('',#2067);
#2067 = CARTESIAN_POINT('',(-2.92E+03,2.53E+03,712.908));
#2068 = CIRCLE('',#2069,25.);
#2069 = AXIS2_PLACEMENT_3D('',#2070,#2071,#2072);
#2070 = CARTESIAN_POINT('',(-2.945E+03,2.53E+03,712.908));
#2071 = DIRECTION('',(0.,-1.,0.));
#2072 = DIRECTION('',(1.,0.,0.));
#2073 = ORIENTED_EDGE('',*,*,#2074,.F.);
#2074 = EDGE_CURVE('',#1960,#2066,#2075,.T.);
#2075 = LINE('',#2076,#2077);
#2076 = CARTESIAN_POINT('',(-2.92E+03,1.675E+03,712.908));
#2077 = VECTOR('',#2078,1.);
#2078 = DIRECTION('',(0.,1.,0.));
#2079 = CYLINDRICAL_SURFACE('',#2080,25.);
#2080 = AXIS2_PLACEMENT_3D('',#2081,#2082,#2083);
#2081 = CARTESIAN_POINT('',(-2.945E+03,1.675E+03,712.908));
#2082 = DIRECTION('',(0.,1.,0.));
#2083 = DIRECTION('',(1.,0.,0.));
#2084 = ADVANCED_FACE('',(#2085),#2108,.T.);
#2085 = FACE_BOUND('',#2086,.T.);
#2086 = EDGE_LOOP('',(#2087,#2093,#2100,#2101));
#2087 = ORIENTED_EDGE('',*,*,#2088,.F.);
#2088 = EDGE_CURVE('',#2017,#2066,#2089,.T.);
#2089 = LINE('',#2090,#2091);
#2090 = CARTESIAN_POINT('',(-2.92E+03,2.53E+03,637.908));
#2091 = VECTOR('',#2092,1.);
#2092 = DIRECTION('',(0.,0.,1.));
#2093 = ORIENTED_EDGE('',*,*,#2094,.T.);
#2094 = EDGE_CURVE('',#2017,#1900,#2095,.T.);
#2095 = CIRCLE('',#2096,25.);
#2096 = AXIS2_PLACEMENT_3D('',#2097,#2098,#2099);
#2097 = CARTESIAN_POINT('',(-2.945E+03,2.53E+03,662.908));
#2098 = DIRECTION('',(0.,0.,1.));
#2099 = DIRECTION('',(1.,0.,0.));
#2100 = ORIENTED_EDGE('',*,*,#1899,.T.);
#2101 = ORIENTED_EDGE('',*,*,#2102,.T.);
#2102 = EDGE_CURVE('',#1892,#2066,#2103,.T.);
#2103 = CIRCLE('',#2104,25.);
#2104 = AXIS2_PLACEMENT_3D('',#2105,#2106,#2107);
#2105 = CARTESIAN_POINT('',(-2.945E+03,2.53E+03,712.908));
#2106 = DIRECTION('',(0.,0.,-1.));
#2107 = DIRECTION('',(1.,0.,0.));
#2108 = CYLINDRICAL_SURFACE('',#2109,25.);
#2109 = AXIS2_PLACEMENT_3D('',#2110,#2111,#2112);
#2110 = CARTESIAN_POINT('',(-2.945E+03,2.53E+03,637.908));
#2111 = DIRECTION('',(0.,0.,1.));
#2112 = DIRECTION('',(1.,0.,0.));
#2113 = ADVANCED_FACE('',(#2114),#2119,.T.);
#2114 = FACE_BOUND('',#2115,.F.);
#2115 = EDGE_LOOP('',(#2116,#2117,#2118));
#2116 = ORIENTED_EDGE('',*,*,#2008,.F.);
#2117 = ORIENTED_EDGE('',*,*,#1923,.T.);
#2118 = ORIENTED_EDGE('',*,*,#1967,.F.);
#2119 = SPHERICAL_SURFACE('',#2120,25.);
#2120 = AXIS2_PLACEMENT_3D('',#2121,#2122,#2123);
#2121 = CARTESIAN_POINT('',(-2.945E+03,1.7E+03,662.908));
#2122 = DIRECTION('',(0.,0.,1.));
#2123 = DIRECTION('',(1.,0.,0.));
#2124 = ADVANCED_FACE('',(#2125),#2130,.T.);
#2125 = FACE_BOUND('',#2126,.T.);
#2126 = EDGE_LOOP('',(#2127,#2128,#2129));
#2127 = ORIENTED_EDGE('',*,*,#2057,.F.);
#2128 = ORIENTED_EDGE('',*,*,#1941,.T.);
#2129 = ORIENTED_EDGE('',*,*,#1975,.F.);
#2130 = SPHERICAL_SURFACE('',#2131,25.);
#2131 = AXIS2_PLACEMENT_3D('',#2132,#2133,#2134);
#2132 = CARTESIAN_POINT('',(-2.945E+03,1.7E+03,712.908));
#2133 = DIRECTION('',(-0.,-0.,-1.));
#2134 = DIRECTION('',(1.,0.,0.));
#2135 = ADVANCED_FACE('',(#2136),#2142,.T.);
#2136 = FACE_BOUND('',#2137,.T.);
#2137 = EDGE_LOOP('',(#2138,#2139,#2140,#2141));
#2138 = ORIENTED_EDGE('',*,*,#1957,.F.);
#2139 = ORIENTED_EDGE('',*,*,#2025,.T.);
#2140 = ORIENTED_EDGE('',*,*,#2088,.T.);
#2141 = ORIENTED_EDGE('',*,*,#2074,.F.);
#2142 = PLANE('',#2143);
#2143 = AXIS2_PLACEMENT_3D('',#2144,#2145,#2146);
#2144 = CARTESIAN_POINT('',(-2.92E+03,1.675E+03,637.908));
#2145 = DIRECTION('',(1.,0.,0.));
#2146 = DIRECTION('',(0.,0.,1.));
#2147 = ADVANCED_FACE('',(#2148),#2153,.T.);
#2148 = FACE_BOUND('',#2149,.T.);
#2149 = EDGE_LOOP('',(#2150,#2151,#2152));
#2150 = ORIENTED_EDGE('',*,*,#2016,.F.);
#2151 = ORIENTED_EDGE('',*,*,#1992,.T.);
#2152 = ORIENTED_EDGE('',*,*,#2094,.F.);
#2153 = SPHERICAL_SURFACE('',#2154,25.);
#2154 = AXIS2_PLACEMENT_3D('',#2155,#2156,#2157);
#2155 = CARTESIAN_POINT('',(-2.945E+03,2.53E+03,662.908));
#2156 = DIRECTION('',(0.,0.,1.));
#2157 = DIRECTION('',(1.,0.,0.));
#2158 = ADVANCED_FACE('',(#2159),#2164,.T.);
#2159 = FACE_BOUND('',#2160,.T.);
#2160 = EDGE_LOOP('',(#2161,#2162,#2163));
#2161 = ORIENTED_EDGE('',*,*,#2102,.F.);
#2162 = ORIENTED_EDGE('',*,*,#2041,.T.);
#2163 = ORIENTED_EDGE('',*,*,#2065,.F.);
#2164 = SPHERICAL_SURFACE('',#2165,25.);
#2165 = AXIS2_PLACEMENT_3D('',#2166,#2167,#2168);
#2166 = CARTESIAN_POINT('',(-2.945E+03,2.53E+03,712.908));
#2167 = DIRECTION('',(-0.,-1.,-0.));
#2168 = DIRECTION('',(1.,0.,0.));
#2169 = MANIFOLD_SOLID_BREP('',#2170);
#2170 = CLOSED_SHELL('',(#2171,#2211,#2244,#2277,#2310,#2343,#2360,#2377
    ,#2408,#2439,#2456,#2487,#2504,#2535,#2553,#2571,#2604,#2622,#2653,
    #2671,#2702,#2731,#2742,#2753,#2765,#2776));
#2171 = ADVANCED_FACE('',(#2172),#2206,.F.);
#2172 = FACE_BOUND('',#2173,.F.);
#2173 = EDGE_LOOP('',(#2174,#2184,#2192,#2200));
#2174 = ORIENTED_EDGE('',*,*,#2175,.F.);
#2175 = EDGE_CURVE('',#2176,#2178,#2180,.T.);
#2176 = VERTEX_POINT('',#2177);
#2177 = CARTESIAN_POINT('',(-3.4715E+03,1.715E+03,777.908));
#2178 = VERTEX_POINT('',#2179);
#2179 = CARTESIAN_POINT('',(-3.4715E+03,1.715E+03,1.347908E+03));
#2180 = LINE('',#2181,#2182);
#2181 = CARTESIAN_POINT('',(-3.4715E+03,1.715E+03,737.908));
#2182 = VECTOR('',#2183,1.);
#2183 = DIRECTION('',(0.,0.,1.));
#2184 = ORIENTED_EDGE('',*,*,#2185,.T.);
#2185 = EDGE_CURVE('',#2176,#2186,#2188,.T.);
#2186 = VERTEX_POINT('',#2187);
#2187 = CARTESIAN_POINT('',(-3.4715E+03,2.515E+03,777.908));
#2188 = LINE('',#2189,#2190);
#2189 = CARTESIAN_POINT('',(-3.4715E+03,1.675E+03,777.908));
#2190 = VECTOR('',#2191,1.);
#2191 = DIRECTION('',(0.,1.,0.));
#2192 = ORIENTED_EDGE('',*,*,#2193,.T.);
#2193 = EDGE_CURVE('',#2186,#2194,#2196,.T.);
#2194 = VERTEX_POINT('',#2195);
#2195 = CARTESIAN_POINT('',(-3.4715E+03,2.515E+03,1.347908E+03));
#2196 = LINE('',#2197,#2198);
#2197 = CARTESIAN_POINT('',(-3.4715E+03,2.515E+03,737.908));
#2198 = VECTOR('',#2199,1.);
#2199 = DIRECTION('',(0.,0.,1.));
#2200 = ORIENTED_EDGE('',*,*,#2201,.F.);
#2201 = EDGE_CURVE('',#2178,#2194,#2202,.T.);
#2202 = LINE('',#2203,#2204);
#2203 = CARTESIAN_POINT('',(-3.4715E+03,1.675E+03,1.347908E+03));
#2204 = VECTOR('',#2205,1.);
#2205 = DIRECTION('',(0.,1.,0.));
#2206 = PLANE('',#2207);
#2207 = AXIS2_PLACEMENT_3D('',#2208,#2209,#2210);
#2208 = CARTESIAN_POINT('',(-3.4715E+03,1.675E+03,737.908));
#2209 = DIRECTION('',(1.,0.,0.));
#2210 = DIRECTION('',(0.,0.,1.));
#2211 = ADVANCED_FACE('',(#2212),#2239,.T.);
#2212 = FACE_BOUND('',#2213,.T.);
#2213 = EDGE_LOOP('',(#2214,#2215,#2224,#2232));
#2214 = ORIENTED_EDGE('',*,*,#2175,.F.);
#2215 = ORIENTED_EDGE('',*,*,#2216,.T.);
#2216 = EDGE_CURVE('',#2176,#2217,#2219,.T.);
#2217 = VERTEX_POINT('',#2218);
#2218 = CARTESIAN_POINT('',(-3.4315E+03,1.675E+03,777.908));
#2219 = CIRCLE('',#2220,40.);
#2220 = AXIS2_PLACEMENT_3D('',#2221,#2222,#2223);
#2221 = CARTESIAN_POINT('',(-3.4315E+03,1.715E+03,777.908));
#2222 = DIRECTION('',(0.,0.,1.));
#2223 = DIRECTION('',(-1.,0.,0.));
#2224 = ORIENTED_EDGE('',*,*,#2225,.T.);
#2225 = EDGE_CURVE('',#2217,#2226,#2228,.T.);
#2226 = VERTEX_POINT('',#2227);
#2227 = CARTESIAN_POINT('',(-3.4315E+03,1.675E+03,1.347908E+03));
#2228 = LINE('',#2229,#2230);
#2229 = CARTESIAN_POINT('',(-3.4315E+03,1.675E+03,737.908));
#2230 = VECTOR('',#2231,1.);
#2231 = DIRECTION('',(0.,0.,1.));
#2232 = ORIENTED_EDGE('',*,*,#2233,.F.);
#2233 = EDGE_CURVE('',#2178,#2226,#2234,.T.);
#2234 = CIRCLE('',#2235,40.);
#2235 = AXIS2_PLACEMENT_3D('',#2236,#2237,#2238);
#2236 = CARTESIAN_POINT('',(-3.4315E+03,1.715E+03,1.347908E+03));
#2237 = DIRECTION('',(0.,0.,1.));
#2238 = DIRECTION('',(-1.,0.,0.));
#2239 = CYLINDRICAL_SURFACE('',#2240,40.);
#2240 = AXIS2_PLACEMENT_3D('',#2241,#2242,#2243);
#2241 = CARTESIAN_POINT('',(-3.4315E+03,1.715E+03,737.908));
#2242 = DIRECTION('',(0.,0.,1.));
#2243 = DIRECTION('',(-1.,0.,0.));
#2244 = ADVANCED_FACE('',(#2245),#2272,.T.);
#2245 = FACE_BOUND('',#2246,.F.);
#2246 = EDGE_LOOP('',(#2247,#2256,#2264,#2271));
#2247 = ORIENTED_EDGE('',*,*,#2248,.F.);
#2248 = EDGE_CURVE('',#2249,#2176,#2251,.T.);
#2249 = VERTEX_POINT('',#2250);
#2250 = CARTESIAN_POINT('',(-3.4315E+03,1.715E+03,737.908));
#2251 = CIRCLE('',#2252,40.);
#2252 = AXIS2_PLACEMENT_3D('',#2253,#2254,#2255);
#2253 = CARTESIAN_POINT('',(-3.4315E+03,1.715E+03,777.908));
#2254 = DIRECTION('',(0.,1.,-0.));
#2255 = DIRECTION('',(-1.,0.,0.));
#2256 = ORIENTED_EDGE('',*,*,#2257,.T.);
#2257 = EDGE_CURVE('',#2249,#2258,#2260,.T.);
#2258 = VERTEX_POINT('',#2259);
#2259 = CARTESIAN_POINT('',(-3.4315E+03,2.515E+03,737.908));
#2260 = LINE('',#2261,#2262);
#2261 = CARTESIAN_POINT('',(-3.4315E+03,1.675E+03,737.908));
#2262 = VECTOR('',#2263,1.);
#2263 = DIRECTION('',(0.,1.,0.));
#2264 = ORIENTED_EDGE('',*,*,#2265,.T.);
#2265 = EDGE_CURVE('',#2258,#2186,#2266,.T.);
#2266 = CIRCLE('',#2267,40.);
#2267 = AXIS2_PLACEMENT_3D('',#2268,#2269,#2270);
#2268 = CARTESIAN_POINT('',(-3.4315E+03,2.515E+03,777.908));
#2269 = DIRECTION('',(0.,1.,-0.));
#2270 = DIRECTION('',(-1.,0.,0.));
#2271 = ORIENTED_EDGE('',*,*,#2185,.F.);
#2272 = CYLINDRICAL_SURFACE('',#2273,40.);
#2273 = AXIS2_PLACEMENT_3D('',#2274,#2275,#2276);
#2274 = CARTESIAN_POINT('',(-3.4315E+03,1.675E+03,777.908));
#2275 = DIRECTION('',(0.,1.,0.));
#2276 = DIRECTION('',(-1.,0.,0.));
#2277 = ADVANCED_FACE('',(#2278),#2305,.T.);
#2278 = FACE_BOUND('',#2279,.T.);
#2279 = EDGE_LOOP('',(#2280,#2289,#2297,#2304));
#2280 = ORIENTED_EDGE('',*,*,#2281,.F.);
#2281 = EDGE_CURVE('',#2282,#2178,#2284,.T.);
#2282 = VERTEX_POINT('',#2283);
#2283 = CARTESIAN_POINT('',(-3.4315E+03,1.715E+03,1.387908E+03));
#2284 = CIRCLE('',#2285,40.);
#2285 = AXIS2_PLACEMENT_3D('',#2286,#2287,#2288);
#2286 = CARTESIAN_POINT('',(-3.4315E+03,1.715E+03,1.347908E+03));
#2287 = DIRECTION('',(0.,-1.,0.));
#2288 = DIRECTION('',(-1.,0.,0.));
#2289 = ORIENTED_EDGE('',*,*,#2290,.T.);
#2290 = EDGE_CURVE('',#2282,#2291,#2293,.T.);
#2291 = VERTEX_POINT('',#2292);
#2292 = CARTESIAN_POINT('',(-3.4315E+03,2.515E+03,1.387908E+03));
#2293 = LINE('',#2294,#2295);
#2294 = CARTESIAN_POINT('',(-3.4315E+03,1.675E+03,1.387908E+03));
#2295 = VECTOR('',#2296,1.);
#2296 = DIRECTION('',(0.,1.,0.));
#2297 = ORIENTED_EDGE('',*,*,#2298,.F.);
#2298 = EDGE_CURVE('',#2194,#2291,#2299,.T.);
#2299 = CIRCLE('',#2300,40.);
#2300 = AXIS2_PLACEMENT_3D('',#2301,#2302,#2303);
#2301 = CARTESIAN_POINT('',(-3.4315E+03,2.515E+03,1.347908E+03));
#2302 = DIRECTION('',(0.,1.,-0.));
#2303 = DIRECTION('',(-1.,0.,0.));
#2304 = ORIENTED_EDGE('',*,*,#2201,.F.);
#2305 = CYLINDRICAL_SURFACE('',#2306,40.);
#2306 = AXIS2_PLACEMENT_3D('',#2307,#2308,#2309);
#2307 = CARTESIAN_POINT('',(-3.4315E+03,1.675E+03,1.347908E+03));
#2308 = DIRECTION('',(0.,1.,0.));
#2309 = DIRECTION('',(-1.,0.,0.));
#2310 = ADVANCED_FACE('',(#2311),#2338,.T.);
#2311 = FACE_BOUND('',#2312,.F.);
#2312 = EDGE_LOOP('',(#2313,#2314,#2323,#2331));
#2313 = ORIENTED_EDGE('',*,*,#2193,.F.);
#2314 = ORIENTED_EDGE('',*,*,#2315,.T.);
#2315 = EDGE_CURVE('',#2186,#2316,#2318,.T.);
#2316 = VERTEX_POINT('',#2317);
#2317 = CARTESIAN_POINT('',(-3.4315E+03,2.555E+03,777.908));
#2318 = CIRCLE('',#2319,40.);
#2319 = AXIS2_PLACEMENT_3D('',#2320,#2321,#2322);
#2320 = CARTESIAN_POINT('',(-3.4315E+03,2.515E+03,777.908));
#2321 = DIRECTION('',(0.,0.,-1.));
#2322 = DIRECTION('',(-1.,0.,0.));
#2323 = ORIENTED_EDGE('',*,*,#2324,.T.);
#2324 = EDGE_CURVE('',#2316,#2325,#2327,.T.);
#2325 = VERTEX_POINT('',#2326);
#2326 = CARTESIAN_POINT('',(-3.4315E+03,2.555E+03,1.347908E+03));
#2327 = LINE('',#2328,#2329);
#2328 = CARTESIAN_POINT('',(-3.4315E+03,2.555E+03,737.908));
#2329 = VECTOR('',#2330,1.);
#2330 = DIRECTION('',(0.,0.,1.));
#2331 = ORIENTED_EDGE('',*,*,#2332,.T.);
#2332 = EDGE_CURVE('',#2325,#2194,#2333,.T.);
#2333 = CIRCLE('',#2334,40.);
#2334 = AXIS2_PLACEMENT_3D('',#2335,#2336,#2337);
#2335 = CARTESIAN_POINT('',(-3.4315E+03,2.515E+03,1.347908E+03));
#2336 = DIRECTION('',(0.,0.,1.));
#2337 = DIRECTION('',(-1.,0.,0.));
#2338 = CYLINDRICAL_SURFACE('',#2339,40.);
#2339 = AXIS2_PLACEMENT_3D('',#2340,#2341,#2342);
#2340 = CARTESIAN_POINT('',(-3.4315E+03,2.515E+03,737.908));
#2341 = DIRECTION('',(0.,0.,1.));
#2342 = DIRECTION('',(-1.,0.,0.));
#2343 = ADVANCED_FACE('',(#2344),#2355,.T.);
#2344 = FACE_BOUND('',#2345,.T.);
#2345 = EDGE_LOOP('',(#2346,#2347,#2354));
#2346 = ORIENTED_EDGE('',*,*,#2248,.F.);
#2347 = ORIENTED_EDGE('',*,*,#2348,.T.);
#2348 = EDGE_CURVE('',#2249,#2217,#2349,.T.);
#2349 = CIRCLE('',#2350,40.);
#2350 = AXIS2_PLACEMENT_3D('',#2351,#2352,#2353);
#2351 = CARTESIAN_POINT('',(-3.4315E+03,1.715E+03,777.908));
#2352 = DIRECTION('',(-1.,6.E-17,0.));
#2353 = DIRECTION('',(-6.E-17,-1.,0.));
#2354 = ORIENTED_EDGE('',*,*,#2216,.F.);
#2355 = SPHERICAL_SURFACE('',#2356,40.);
#2356 = AXIS2_PLACEMENT_3D('',#2357,#2358,#2359);
#2357 = CARTESIAN_POINT('',(-3.4315E+03,1.715E+03,777.908));
#2358 = DIRECTION('',(0.,0.,1.));
#2359 = DIRECTION('',(-1.,0.,0.));
#2360 = ADVANCED_FACE('',(#2361),#2372,.T.);
#2361 = FACE_BOUND('',#2362,.F.);
#2362 = EDGE_LOOP('',(#2363,#2364,#2371));
#2363 = ORIENTED_EDGE('',*,*,#2281,.F.);
#2364 = ORIENTED_EDGE('',*,*,#2365,.T.);
#2365 = EDGE_CURVE('',#2282,#2226,#2366,.T.);
#2366 = CIRCLE('',#2367,40.);
#2367 = AXIS2_PLACEMENT_3D('',#2368,#2369,#2370);
#2368 = CARTESIAN_POINT('',(-3.4315E+03,1.715E+03,1.347908E+03));
#2369 = DIRECTION('',(1.,-6.E-17,0.));
#2370 = DIRECTION('',(-6.E-17,-1.,0.));
#2371 = ORIENTED_EDGE('',*,*,#2233,.F.);
#2372 = SPHERICAL_SURFACE('',#2373,40.);
#2373 = AXIS2_PLACEMENT_3D('',#2374,#2375,#2376);
#2374 = CARTESIAN_POINT('',(-3.4315E+03,1.715E+03,1.347908E+03));
#2375 = DIRECTION('',(-0.,-0.,-1.));
#2376 = DIRECTION('',(-1.,0.,0.));
#2377 = ADVANCED_FACE('',(#2378),#2403,.F.);
#2378 = FACE_BOUND('',#2379,.F.);
#2379 = EDGE_LOOP('',(#2380,#2381,#2389,#2397));
#2380 = ORIENTED_EDGE('',*,*,#2225,.T.);
#2381 = ORIENTED_EDGE('',*,*,#2382,.T.);
#2382 = EDGE_CURVE('',#2226,#2383,#2385,.T.);
#2383 = VERTEX_POINT('',#2384);
#2384 = CARTESIAN_POINT('',(-3.4065E+03,1.675E+03,1.347908E+03));
#2385 = LINE('',#2386,#2387);
#2386 = CARTESIAN_POINT('',(-3.4715E+03,1.675E+03,1.347908E+03));
#2387 = VECTOR('',#2388,1.);
#2388 = DIRECTION('',(1.,0.,0.));
#2389 = ORIENTED_EDGE('',*,*,#2390,.F.);
#2390 = EDGE_CURVE('',#2391,#2383,#2393,.T.);
#2391 = VERTEX_POINT('',#2392);
#2392 = CARTESIAN_POINT('',(-3.4065E+03,1.675E+03,777.908));
#2393 = LINE('',#2394,#2395);
#2394 = CARTESIAN_POINT('',(-3.4065E+03,1.675E+03,737.908));
#2395 = VECTOR('',#2396,1.);
#2396 = DIRECTION('',(0.,0.,1.));
#2397 = ORIENTED_EDGE('',*,*,#2398,.F.);
#2398 = EDGE_CURVE('',#2217,#2391,#2399,.T.);
#2399 = LINE('',#2400,#2401);
#2400 = CARTESIAN_POINT('',(-3.4715E+03,1.675E+03,777.908));
#2401 = VECTOR('',#2402,1.);
#2402 = DIRECTION('',(1.,0.,0.));
#2403 = PLANE('',#2404);
#2404 = AXIS2_PLACEMENT_3D('',#2405,#2406,#2407);
#2405 = CARTESIAN_POINT('',(-3.4715E+03,1.675E+03,737.908));
#2406 = DIRECTION('',(0.,1.,0.));
#2407 = DIRECTION('',(0.,0.,1.));
#2408 = ADVANCED_FACE('',(#2409),#2434,.F.);
#2409 = FACE_BOUND('',#2410,.F.);
#2410 = EDGE_LOOP('',(#2411,#2412,#2420,#2428));
#2411 = ORIENTED_EDGE('',*,*,#2257,.F.);
#2412 = ORIENTED_EDGE('',*,*,#2413,.T.);
#2413 = EDGE_CURVE('',#2249,#2414,#2416,.T.);
#2414 = VERTEX_POINT('',#2415);
#2415 = CARTESIAN_POINT('',(-3.4065E+03,1.715E+03,737.908));
#2416 = LINE('',#2417,#2418);
#2417 = CARTESIAN_POINT('',(-3.4715E+03,1.715E+03,737.908));
#2418 = VECTOR('',#2419,1.);
#2419 = DIRECTION('',(1.,0.,0.));
#2420 = ORIENTED_EDGE('',*,*,#2421,.T.);
#2421 = EDGE_CURVE('',#2414,#2422,#2424,.T.);
#2422 = VERTEX_POINT('',#2423);
#2423 = CARTESIAN_POINT('',(-3.4065E+03,2.515E+03,737.908));
#2424 = LINE('',#2425,#2426);
#2425 = CARTESIAN_POINT('',(-3.4065E+03,1.675E+03,737.908));
#2426 = VECTOR('',#2427,1.);
#2427 = DIRECTION('',(0.,1.,0.));
#2428 = ORIENTED_EDGE('',*,*,#2429,.F.);
#2429 = EDGE_CURVE('',#2258,#2422,#2430,.T.);
#2430 = LINE('',#2431,#2432);
#2431 = CARTESIAN_POINT('',(-3.4715E+03,2.515E+03,737.908));
#2432 = VECTOR('',#2433,1.);
#2433 = DIRECTION('',(1.,0.,0.));
#2434 = PLANE('',#2435);
#2435 = AXIS2_PLACEMENT_3D('',#2436,#2437,#2438);
#2436 = CARTESIAN_POINT('',(-3.4715E+03,1.675E+03,737.908));
#2437 = DIRECTION('',(0.,0.,1.));
#2438 = DIRECTION('',(1.,0.,0.));
#2439 = ADVANCED_FACE('',(#2440),#2451,.T.);
#2440 = FACE_BOUND('',#2441,.F.);
#2441 = EDGE_LOOP('',(#2442,#2443,#2450));
#2442 = ORIENTED_EDGE('',*,*,#2265,.F.);
#2443 = ORIENTED_EDGE('',*,*,#2444,.T.);
#2444 = EDGE_CURVE('',#2258,#2316,#2445,.T.);
#2445 = CIRCLE('',#2446,40.);
#2446 = AXIS2_PLACEMENT_3D('',#2447,#2448,#2449);
#2447 = CARTESIAN_POINT('',(-3.4315E+03,2.515E+03,777.908));
#2448 = DIRECTION('',(1.,6.E-17,-0.));
#2449 = DIRECTION('',(-6.E-17,1.,0.));
#2450 = ORIENTED_EDGE('',*,*,#2315,.F.);
#2451 = SPHERICAL_SURFACE('',#2452,40.);
#2452 = AXIS2_PLACEMENT_3D('',#2453,#2454,#2455);
#2453 = CARTESIAN_POINT('',(-3.4315E+03,2.515E+03,777.908));
#2454 = DIRECTION('',(0.,0.,1.));
#2455 = DIRECTION('',(-1.,0.,0.));
#2456 = ADVANCED_FACE('',(#2457),#2482,.T.);
#2457 = FACE_BOUND('',#2458,.T.);
#2458 = EDGE_LOOP('',(#2459,#2460,#2468,#2476));
#2459 = ORIENTED_EDGE('',*,*,#2290,.F.);
#2460 = ORIENTED_EDGE('',*,*,#2461,.T.);
#2461 = EDGE_CURVE('',#2282,#2462,#2464,.T.);
#2462 = VERTEX_POINT('',#2463);
#2463 = CARTESIAN_POINT('',(-3.4065E+03,1.715E+03,1.387908E+03));
#2464 = LINE('',#2465,#2466);
#2465 = CARTESIAN_POINT('',(-3.4715E+03,1.715E+03,1.387908E+03));
#2466 = VECTOR('',#2467,1.);
#2467 = DIRECTION('',(1.,0.,0.));
#2468 = ORIENTED_EDGE('',*,*,#2469,.T.);
#2469 = EDGE_CURVE('',#2462,#2470,#2472,.T.);
#2470 = VERTEX_POINT('',#2471);
#2471 = CARTESIAN_POINT('',(-3.4065E+03,2.515E+03,1.387908E+03));
#2472 = LINE('',#2473,#2474);
#2473 = CARTESIAN_POINT('',(-3.4065E+03,1.675E+03,1.387908E+03));
#2474 = VECTOR('',#2475,1.);
#2475 = DIRECTION('',(0.,1.,0.));
#2476 = ORIENTED_EDGE('',*,*,#2477,.F.);
#2477 = EDGE_CURVE('',#2291,#2470,#2478,.T.);
#2478 = LINE('',#2479,#2480);
#2479 = CARTESIAN_POINT('',(-3.4715E+03,2.515E+03,1.387908E+03));
#2480 = VECTOR('',#2481,1.);
#2481 = DIRECTION('',(1.,0.,0.));
#2482 = PLANE('',#2483);
#2483 = AXIS2_PLACEMENT_3D('',#2484,#2485,#2486);
#2484 = CARTESIAN_POINT('',(-3.4715E+03,1.675E+03,1.387908E+03));
#2485 = DIRECTION('',(0.,0.,1.));
#2486 = DIRECTION('',(1.,0.,0.));
#2487 = ADVANCED_FACE('',(#2488),#2499,.T.);
#2488 = FACE_BOUND('',#2489,.F.);
#2489 = EDGE_LOOP('',(#2490,#2491,#2498));
#2490 = ORIENTED_EDGE('',*,*,#2332,.F.);
#2491 = ORIENTED_EDGE('',*,*,#2492,.T.);
#2492 = EDGE_CURVE('',#2325,#2291,#2493,.T.);
#2493 = CIRCLE('',#2494,40.);
#2494 = AXIS2_PLACEMENT_3D('',#2495,#2496,#2497);
#2495 = CARTESIAN_POINT('',(-3.4315E+03,2.515E+03,1.347908E+03));
#2496 = DIRECTION('',(1.,0.,6.E-17));
#2497 = DIRECTION('',(-6.E-17,0.,1.));
#2498 = ORIENTED_EDGE('',*,*,#2298,.F.);
#2499 = SPHERICAL_SURFACE('',#2500,40.);
#2500 = AXIS2_PLACEMENT_3D('',#2501,#2502,#2503);
#2501 = CARTESIAN_POINT('',(-3.4315E+03,2.515E+03,1.347908E+03));
#2502 = DIRECTION('',(-0.,-1.,-0.));
#2503 = DIRECTION('',(-1.,0.,0.));
#2504 = ADVANCED_FACE('',(#2505),#2530,.T.);
#2505 = FACE_BOUND('',#2506,.T.);
#2506 = EDGE_LOOP('',(#2507,#2508,#2516,#2524));
#2507 = ORIENTED_EDGE('',*,*,#2324,.T.);
#2508 = ORIENTED_EDGE('',*,*,#2509,.T.);
#2509 = EDGE_CURVE('',#2325,#2510,#2512,.T.);
#2510 = VERTEX_POINT('',#2511);
#2511 = CARTESIAN_POINT('',(-3.4065E+03,2.555E+03,1.347908E+03));
#2512 = LINE('',#2513,#2514);
#2513 = CARTESIAN_POINT('',(-3.4715E+03,2.555E+03,1.347908E+03));
#2514 = VECTOR('',#2515,1.);
#2515 = DIRECTION('',(1.,0.,0.));
#2516 = ORIENTED_EDGE('',*,*,#2517,.F.);
#2517 = EDGE_CURVE('',#2518,#2510,#2520,.T.);
#2518 = VERTEX_POINT('',#2519);
#2519 = CARTESIAN_POINT('',(-3.4065E+03,2.555E+03,777.908));
#2520 = LINE('',#2521,#2522);
#2521 = CARTESIAN_POINT('',(-3.4065E+03,2.555E+03,737.908));
#2522 = VECTOR('',#2523,1.);
#2523 = DIRECTION('',(0.,0.,1.));
#2524 = ORIENTED_EDGE('',*,*,#2525,.F.);
#2525 = EDGE_CURVE('',#2316,#2518,#2526,.T.);
#2526 = LINE('',#2527,#2528);
#2527 = CARTESIAN_POINT('',(-3.4715E+03,2.555E+03,777.908));
#2528 = VECTOR('',#2529,1.);
#2529 = DIRECTION('',(1.,0.,0.));
#2530 = PLANE('',#2531);
#2531 = AXIS2_PLACEMENT_3D('',#2532,#2533,#2534);
#2532 = CARTESIAN_POINT('',(-3.4715E+03,2.555E+03,737.908));
#2533 = DIRECTION('',(0.,1.,0.));
#2534 = DIRECTION('',(0.,0.,1.));
#2535 = ADVANCED_FACE('',(#2536),#2548,.T.);
#2536 = FACE_BOUND('',#2537,.T.);
#2537 = EDGE_LOOP('',(#2538,#2539,#2540,#2547));
#2538 = ORIENTED_EDGE('',*,*,#2348,.F.);
#2539 = ORIENTED_EDGE('',*,*,#2413,.T.);
#2540 = ORIENTED_EDGE('',*,*,#2541,.T.);
#2541 = EDGE_CURVE('',#2414,#2391,#2542,.T.);
#2542 = CIRCLE('',#2543,40.);
#2543 = AXIS2_PLACEMENT_3D('',#2544,#2545,#2546);
#2544 = CARTESIAN_POINT('',(-3.4065E+03,1.715E+03,777.908));
#2545 = DIRECTION('',(-1.,-6.E-17,0.));
#2546 = DIRECTION('',(6.E-17,-1.,0.));
#2547 = ORIENTED_EDGE('',*,*,#2398,.F.);
#2548 = CYLINDRICAL_SURFACE('',#2549,40.);
#2549 = AXIS2_PLACEMENT_3D('',#2550,#2551,#2552);
#2550 = CARTESIAN_POINT('',(-3.4715E+03,1.715E+03,777.908));
#2551 = DIRECTION('',(1.,0.,0.));
#2552 = DIRECTION('',(0.,-1.,0.));
#2553 = ADVANCED_FACE('',(#2554),#2566,.T.);
#2554 = FACE_BOUND('',#2555,.F.);
#2555 = EDGE_LOOP('',(#2556,#2557,#2558,#2565));
#2556 = ORIENTED_EDGE('',*,*,#2365,.F.);
#2557 = ORIENTED_EDGE('',*,*,#2461,.T.);
#2558 = ORIENTED_EDGE('',*,*,#2559,.T.);
#2559 = EDGE_CURVE('',#2462,#2383,#2560,.T.);
#2560 = CIRCLE('',#2561,40.);
#2561 = AXIS2_PLACEMENT_3D('',#2562,#2563,#2564);
#2562 = CARTESIAN_POINT('',(-3.4065E+03,1.715E+03,1.347908E+03));
#2563 = DIRECTION('',(1.,6.E-17,0.));
#2564 = DIRECTION('',(6.E-17,-1.,0.));
#2565 = ORIENTED_EDGE('',*,*,#2382,.F.);
#2566 = CYLINDRICAL_SURFACE('',#2567,40.);
#2567 = AXIS2_PLACEMENT_3D('',#2568,#2569,#2570);
#2568 = CARTESIAN_POINT('',(-3.4715E+03,1.715E+03,1.347908E+03));
#2569 = DIRECTION('',(1.,0.,0.));
#2570 = DIRECTION('',(0.,-1.,0.));
#2571 = ADVANCED_FACE('',(#2572),#2599,.T.);
#2572 = FACE_BOUND('',#2573,.F.);
#2573 = EDGE_LOOP('',(#2574,#2584,#2591,#2592));
#2574 = ORIENTED_EDGE('',*,*,#2575,.F.);
#2575 = EDGE_CURVE('',#2576,#2578,#2580,.T.);
#2576 = VERTEX_POINT('',#2577);
#2577 = CARTESIAN_POINT('',(-3.3665E+03,1.715E+03,777.908));
#2578 = VERTEX_POINT('',#2579);
#2579 = CARTESIAN_POINT('',(-3.3665E+03,1.715E+03,1.347908E+03));
#2580 = LINE('',#2581,#2582);
#2581 = CARTESIAN_POINT('',(-3.3665E+03,1.715E+03,737.908));
#2582 = VECTOR('',#2583,1.);
#2583 = DIRECTION('',(0.,0.,1.));
#2584 = ORIENTED_EDGE('',*,*,#2585,.T.);
#2585 = EDGE_CURVE('',#2576,#2391,#2586,.T.);
#2586 = CIRCLE('',#2587,40.);
#2587 = AXIS2_PLACEMENT_3D('',#2588,#2589,#2590);
#2588 = CARTESIAN_POINT('',(-3.4065E+03,1.715E+03,777.908));
#2589 = DIRECTION('',(0.,0.,-1.));
#2590 = DIRECTION('',(1.,0.,0.));
#2591 = ORIENTED_EDGE('',*,*,#2390,.T.);
#2592 = ORIENTED_EDGE('',*,*,#2593,.F.);
#2593 = EDGE_CURVE('',#2578,#2383,#2594,.T.);
#2594 = CIRCLE('',#2595,40.);
#2595 = AXIS2_PLACEMENT_3D('',#2596,#2597,#2598);
#2596 = CARTESIAN_POINT('',(-3.4065E+03,1.715E+03,1.347908E+03));
#2597 = DIRECTION('',(0.,0.,-1.));
#2598 = DIRECTION('',(1.,0.,0.));
#2599 = CYLINDRICAL_SURFACE('',#2600,40.);
#2600 = AXIS2_PLACEMENT_3D('',#2601,#2602,#2603);
#2601 = CARTESIAN_POINT('',(-3.4065E+03,1.715E+03,737.908));
#2602 = DIRECTION('',(0.,0.,1.));
#2603 = DIRECTION('',(1.,0.,0.));
#2604 = ADVANCED_FACE('',(#2605),#2617,.T.);
#2605 = FACE_BOUND('',#2606,.F.);
#2606 = EDGE_LOOP('',(#2607,#2608,#2609,#2616));
#2607 = ORIENTED_EDGE('',*,*,#2444,.F.);
#2608 = ORIENTED_EDGE('',*,*,#2429,.T.);
#2609 = ORIENTED_EDGE('',*,*,#2610,.T.);
#2610 = EDGE_CURVE('',#2422,#2518,#2611,.T.);
#2611 = CIRCLE('',#2612,40.);
#2612 = AXIS2_PLACEMENT_3D('',#2613,#2614,#2615);
#2613 = CARTESIAN_POINT('',(-3.4065E+03,2.515E+03,777.908));
#2614 = DIRECTION('',(1.,-6.E-17,0.));
#2615 = DIRECTION('',(6.E-17,1.,0.));
#2616 = ORIENTED_EDGE('',*,*,#2525,.F.);
#2617 = CYLINDRICAL_SURFACE('',#2618,40.);
#2618 = AXIS2_PLACEMENT_3D('',#2619,#2620,#2621);
#2619 = CARTESIAN_POINT('',(-3.4715E+03,2.515E+03,777.908));
#2620 = DIRECTION('',(1.,0.,0.));
#2621 = DIRECTION('',(0.,1.,0.));
#2622 = ADVANCED_FACE('',(#2623),#2648,.T.);
#2623 = FACE_BOUND('',#2624,.T.);
#2624 = EDGE_LOOP('',(#2625,#2632,#2633,#2642));
#2625 = ORIENTED_EDGE('',*,*,#2626,.F.);
#2626 = EDGE_CURVE('',#2414,#2576,#2627,.T.);
#2627 = CIRCLE('',#2628,40.);
#2628 = AXIS2_PLACEMENT_3D('',#2629,#2630,#2631);
#2629 = CARTESIAN_POINT('',(-3.4065E+03,1.715E+03,777.908));
#2630 = DIRECTION('',(0.,-1.,0.));
#2631 = DIRECTION('',(1.,0.,0.));
#2632 = ORIENTED_EDGE('',*,*,#2421,.T.);
#2633 = ORIENTED_EDGE('',*,*,#2634,.T.);
#2634 = EDGE_CURVE('',#2422,#2635,#2637,.T.);
#2635 = VERTEX_POINT('',#2636);
#2636 = CARTESIAN_POINT('',(-3.3665E+03,2.515E+03,777.908));
#2637 = CIRCLE('',#2638,40.);
#2638 = AXIS2_PLACEMENT_3D('',#2639,#2640,#2641);
#2639 = CARTESIAN_POINT('',(-3.4065E+03,2.515E+03,777.908));
#2640 = DIRECTION('',(0.,-1.,0.));
#2641 = DIRECTION('',(1.,0.,0.));
#2642 = ORIENTED_EDGE('',*,*,#2643,.F.);
#2643 = EDGE_CURVE('',#2576,#2635,#2644,.T.);
#2644 = LINE('',#2645,#2646);
#2645 = CARTESIAN_POINT('',(-3.3665E+03,1.675E+03,777.908));
#2646 = VECTOR('',#2647,1.);
#2647 = DIRECTION('',(0.,1.,0.));
#2648 = CYLINDRICAL_SURFACE('',#2649,40.);
#2649 = AXIS2_PLACEMENT_3D('',#2650,#2651,#2652);
#2650 = CARTESIAN_POINT('',(-3.4065E+03,1.675E+03,777.908));
#2651 = DIRECTION('',(0.,1.,0.));
#2652 = DIRECTION('',(1.,0.,0.));
#2653 = ADVANCED_FACE('',(#2654),#2666,.T.);
#2654 = FACE_BOUND('',#2655,.T.);
#2655 = EDGE_LOOP('',(#2656,#2657,#2658,#2665));
#2656 = ORIENTED_EDGE('',*,*,#2492,.T.);
#2657 = ORIENTED_EDGE('',*,*,#2477,.T.);
#2658 = ORIENTED_EDGE('',*,*,#2659,.F.);
#2659 = EDGE_CURVE('',#2510,#2470,#2660,.T.);
#2660 = CIRCLE('',#2661,40.);
#2661 = AXIS2_PLACEMENT_3D('',#2662,#2663,#2664);
#2662 = CARTESIAN_POINT('',(-3.4065E+03,2.515E+03,1.347908E+03));
#2663 = DIRECTION('',(1.,0.,-6.E-17));
#2664 = DIRECTION('',(6.E-17,0.,1.));
#2665 = ORIENTED_EDGE('',*,*,#2509,.F.);
#2666 = CYLINDRICAL_SURFACE('',#2667,40.);
#2667 = AXIS2_PLACEMENT_3D('',#2668,#2669,#2670);
#2668 = CARTESIAN_POINT('',(-3.4715E+03,2.515E+03,1.347908E+03));
#2669 = DIRECTION('',(1.,0.,0.));
#2670 = DIRECTION('',(0.,1.,0.));
#2671 = ADVANCED_FACE('',(#2672),#2697,.T.);
#2672 = FACE_BOUND('',#2673,.F.);
#2673 = EDGE_LOOP('',(#2674,#2681,#2682,#2691));
#2674 = ORIENTED_EDGE('',*,*,#2675,.F.);
#2675 = EDGE_CURVE('',#2462,#2578,#2676,.T.);
#2676 = CIRCLE('',#2677,40.);
#2677 = AXIS2_PLACEMENT_3D('',#2678,#2679,#2680);
#2678 = CARTESIAN_POINT('',(-3.4065E+03,1.715E+03,1.347908E+03));
#2679 = DIRECTION('',(-0.,1.,0.));
#2680 = DIRECTION('',(1.,0.,0.));
#2681 = ORIENTED_EDGE('',*,*,#2469,.T.);
#2682 = ORIENTED_EDGE('',*,*,#2683,.F.);
#2683 = EDGE_CURVE('',#2684,#2470,#2686,.T.);
#2684 = VERTEX_POINT('',#2685);
#2685 = CARTESIAN_POINT('',(-3.3665E+03,2.515E+03,1.347908E+03));
#2686 = CIRCLE('',#2687,40.);
#2687 = AXIS2_PLACEMENT_3D('',#2688,#2689,#2690);
#2688 = CARTESIAN_POINT('',(-3.4065E+03,2.515E+03,1.347908E+03));
#2689 = DIRECTION('',(0.,-1.,0.));
#2690 = DIRECTION('',(1.,0.,0.));
#2691 = ORIENTED_EDGE('',*,*,#2692,.F.);
#2692 = EDGE_CURVE('',#2578,#2684,#2693,.T.);
#2693 = LINE('',#2694,#2695);
#2694 = CARTESIAN_POINT('',(-3.3665E+03,1.675E+03,1.347908E+03));
#2695 = VECTOR('',#2696,1.);
#2696 = DIRECTION('',(0.,1.,0.));
#2697 = CYLINDRICAL_SURFACE('',#2698,40.);
#2698 = AXIS2_PLACEMENT_3D('',#2699,#2700,#2701);
#2699 = CARTESIAN_POINT('',(-3.4065E+03,1.675E+03,1.347908E+03));
#2700 = DIRECTION('',(0.,1.,0.));
#2701 = DIRECTION('',(1.,0.,0.));
#2702 = ADVANCED_FACE('',(#2703),#2726,.T.);
#2703 = FACE_BOUND('',#2704,.T.);
#2704 = EDGE_LOOP('',(#2705,#2711,#2718,#2719));
#2705 = ORIENTED_EDGE('',*,*,#2706,.F.);
#2706 = EDGE_CURVE('',#2635,#2684,#2707,.T.);
#2707 = LINE('',#2708,#2709);
#2708 = CARTESIAN_POINT('',(-3.3665E+03,2.515E+03,737.908));
#2709 = VECTOR('',#2710,1.);
#2710 = DIRECTION('',(0.,0.,1.));
#2711 = ORIENTED_EDGE('',*,*,#2712,.T.);
#2712 = EDGE_CURVE('',#2635,#2518,#2713,.T.);
#2713 = CIRCLE('',#2714,40.);
#2714 = AXIS2_PLACEMENT_3D('',#2715,#2716,#2717);
#2715 = CARTESIAN_POINT('',(-3.4065E+03,2.515E+03,777.908));
#2716 = DIRECTION('',(0.,0.,1.));
#2717 = DIRECTION('',(1.,0.,0.));
#2718 = ORIENTED_EDGE('',*,*,#2517,.T.);
#2719 = ORIENTED_EDGE('',*,*,#2720,.T.);
#2720 = EDGE_CURVE('',#2510,#2684,#2721,.T.);
#2721 = CIRCLE('',#2722,40.);
#2722 = AXIS2_PLACEMENT_3D('',#2723,#2724,#2725);
#2723 = CARTESIAN_POINT('',(-3.4065E+03,2.515E+03,1.347908E+03));
#2724 = DIRECTION('',(0.,0.,-1.));
#2725 = DIRECTION('',(1.,0.,0.));
#2726 = CYLINDRICAL_SURFACE('',#2727,40.);
#2727 = AXIS2_PLACEMENT_3D('',#2728,#2729,#2730);
#2728 = CARTESIAN_POINT('',(-3.4065E+03,2.515E+03,737.908));
#2729 = DIRECTION('',(0.,0.,1.));
#2730 = DIRECTION('',(1.,0.,0.));
#2731 = ADVANCED_FACE('',(#2732),#2737,.T.);
#2732 = FACE_BOUND('',#2733,.F.);
#2733 = EDGE_LOOP('',(#2734,#2735,#2736));
#2734 = ORIENTED_EDGE('',*,*,#2626,.F.);
#2735 = ORIENTED_EDGE('',*,*,#2541,.T.);
#2736 = ORIENTED_EDGE('',*,*,#2585,.F.);
#2737 = SPHERICAL_SURFACE('',#2738,40.);
#2738 = AXIS2_PLACEMENT_3D('',#2739,#2740,#2741);
#2739 = CARTESIAN_POINT('',(-3.4065E+03,1.715E+03,777.908));
#2740 = DIRECTION('',(0.,0.,1.));
#2741 = DIRECTION('',(1.,0.,0.));
#2742 = ADVANCED_FACE('',(#2743),#2748,.T.);
#2743 = FACE_BOUND('',#2744,.T.);
#2744 = EDGE_LOOP('',(#2745,#2746,#2747));
#2745 = ORIENTED_EDGE('',*,*,#2675,.F.);
#2746 = ORIENTED_EDGE('',*,*,#2559,.T.);
#2747 = ORIENTED_EDGE('',*,*,#2593,.F.);
#2748 = SPHERICAL_SURFACE('',#2749,40.);
#2749 = AXIS2_PLACEMENT_3D('',#2750,#2751,#2752);
#2750 = CARTESIAN_POINT('',(-3.4065E+03,1.715E+03,1.347908E+03));
#2751 = DIRECTION('',(-0.,-0.,-1.));
#2752 = DIRECTION('',(1.,0.,0.));
#2753 = ADVANCED_FACE('',(#2754),#2760,.T.);
#2754 = FACE_BOUND('',#2755,.T.);
#2755 = EDGE_LOOP('',(#2756,#2757,#2758,#2759));
#2756 = ORIENTED_EDGE('',*,*,#2575,.F.);
#2757 = ORIENTED_EDGE('',*,*,#2643,.T.);
#2758 = ORIENTED_EDGE('',*,*,#2706,.T.);
#2759 = ORIENTED_EDGE('',*,*,#2692,.F.);
#2760 = PLANE('',#2761);
#2761 = AXIS2_PLACEMENT_3D('',#2762,#2763,#2764);
#2762 = CARTESIAN_POINT('',(-3.3665E+03,1.675E+03,737.908));
#2763 = DIRECTION('',(1.,0.,0.));
#2764 = DIRECTION('',(0.,0.,1.));
#2765 = ADVANCED_FACE('',(#2766),#2771,.T.);
#2766 = FACE_BOUND('',#2767,.T.);
#2767 = EDGE_LOOP('',(#2768,#2769,#2770));
#2768 = ORIENTED_EDGE('',*,*,#2634,.F.);
#2769 = ORIENTED_EDGE('',*,*,#2610,.T.);
#2770 = ORIENTED_EDGE('',*,*,#2712,.F.);
#2771 = SPHERICAL_SURFACE('',#2772,40.);
#2772 = AXIS2_PLACEMENT_3D('',#2773,#2774,#2775);
#2773 = CARTESIAN_POINT('',(-3.4065E+03,2.515E+03,777.908));
#2774 = DIRECTION('',(0.,0.,1.));
#2775 = DIRECTION('',(1.,0.,0.));
#2776 = ADVANCED_FACE('',(#2777),#2782,.T.);
#2777 = FACE_BOUND('',#2778,.T.);
#2778 = EDGE_LOOP('',(#2779,#2780,#2781));
#2779 = ORIENTED_EDGE('',*,*,#2720,.F.);
#2780 = ORIENTED_EDGE('',*,*,#2659,.T.);
#2781 = ORIENTED_EDGE('',*,*,#2683,.F.);
#2782 = SPHERICAL_SURFACE('',#2783,40.);
#2783 = AXIS2_PLACEMENT_3D('',#2784,#2785,#2786);
#2784 = CARTESIAN_POINT('',(-3.4065E+03,2.515E+03,1.347908E+03));
#2785 = DIRECTION('',(-0.,-1.,-0.));
#2786 = DIRECTION('',(1.,0.,0.));
#2787 = MANIFOLD_SOLID_BREP('',#2788);
#2788 = CLOSED_SHELL('',(#2789,#2829,#2896,#2921,#2946,#2997,#3014,#3031
    ,#3048,#3065));
#2789 = ADVANCED_FACE('',(#2790),#2824,.F.);
#2790 = FACE_BOUND('',#2791,.F.);
#2791 = EDGE_LOOP('',(#2792,#2802,#2810,#2818));
#2792 = ORIENTED_EDGE('',*,*,#2793,.F.);
#2793 = EDGE_CURVE('',#2794,#2796,#2798,.T.);
#2794 = VERTEX_POINT('',#2795);
#2795 = CARTESIAN_POINT('',(-3.01E+03,1.44E+03,1.017908E+03));
#2796 = VERTEX_POINT('',#2797);
#2797 = CARTESIAN_POINT('',(-3.01E+03,2.44E+03,1.017908E+03));
#2798 = LINE('',#2799,#2800);
#2799 = CARTESIAN_POINT('',(-3.01E+03,1.39E+03,1.017908E+03));
#2800 = VECTOR('',#2801,1.);
#2801 = DIRECTION('',(0.,1.,0.));
#2802 = ORIENTED_EDGE('',*,*,#2803,.F.);
#2803 = EDGE_CURVE('',#2804,#2794,#2806,.T.);
#2804 = VERTEX_POINT('',#2805);
#2805 = CARTESIAN_POINT('',(-3.01E+03,1.44E+03,992.908));
#2806 = LINE('',#2807,#2808);
#2807 = CARTESIAN_POINT('',(-3.01E+03,1.44E+03,992.908));
#2808 = VECTOR('',#2809,1.);
#2809 = DIRECTION('',(0.,0.,1.));
#2810 = ORIENTED_EDGE('',*,*,#2811,.T.);
#2811 = EDGE_CURVE('',#2804,#2812,#2814,.T.);
#2812 = VERTEX_POINT('',#2813);
#2813 = CARTESIAN_POINT('',(-3.01E+03,2.44E+03,992.908));
#2814 = LINE('',#2815,#2816);
#2815 = CARTESIAN_POINT('',(-3.01E+03,1.39E+03,992.908));
#2816 = VECTOR('',#2817,1.);
#2817 = DIRECTION('',(0.,1.,0.));
#2818 = ORIENTED_EDGE('',*,*,#2819,.T.);
#2819 = EDGE_CURVE('',#2812,#2796,#2820,.T.);
#2820 = LINE('',#2821,#2822);
#2821 = CARTESIAN_POINT('',(-3.01E+03,2.44E+03,992.908));
#2822 = VECTOR('',#2823,1.);
#2823 = DIRECTION('',(0.,0.,1.));
#2824 = PLANE('',#2825);
#2825 = AXIS2_PLACEMENT_3D('',#2826,#2827,#2828);
#2826 = CARTESIAN_POINT('',(-3.01E+03,1.39E+03,992.908));
#2827 = DIRECTION('',(1.,0.,0.));
#2828 = DIRECTION('',(0.,0.,1.));
#2829 = ADVANCED_FACE('',(#2830),#2891,.T.);
#2830 = FACE_BOUND('',#2831,.T.);
#2831 = EDGE_LOOP('',(#2832,#2833,#2842,#2850,#2859,#2867,#2876,#2884));
#2832 = ORIENTED_EDGE('',*,*,#2793,.F.);
#2833 = ORIENTED_EDGE('',*,*,#2834,.T.);
#2834 = EDGE_CURVE('',#2794,#2835,#2837,.T.);
#2835 = VERTEX_POINT('',#2836);
#2836 = CARTESIAN_POINT('',(-2.96E+03,1.39E+03,1.017908E+03));
#2837 = CIRCLE('',#2838,50.);
#2838 = AXIS2_PLACEMENT_3D('',#2839,#2840,#2841);
#2839 = CARTESIAN_POINT('',(-2.96E+03,1.44E+03,1.017908E+03));
#2840 = DIRECTION('',(-0.,0.,1.));
#2841 = DIRECTION('',(0.,-1.,0.));
#2842 = ORIENTED_EDGE('',*,*,#2843,.T.);
#2843 = EDGE_CURVE('',#2835,#2844,#2846,.T.);
#2844 = VERTEX_POINT('',#2845);
#2845 = CARTESIAN_POINT('',(-2.49E+03,1.39E+03,1.017908E+03));
#2846 = LINE('',#2847,#2848);
#2847 = CARTESIAN_POINT('',(-3.01E+03,1.39E+03,1.017908E+03));
#2848 = VECTOR('',#2849,1.);
#2849 = DIRECTION('',(1.,0.,0.));
#2850 = ORIENTED_EDGE('',*,*,#2851,.F.);
#2851 = EDGE_CURVE('',#2852,#2844,#2854,.T.);
#2852 = VERTEX_POINT('',#2853);
#2853 = CARTESIAN_POINT('',(-2.44E+03,1.44E+03,1.017908E+03));
#2854 = CIRCLE('',#2855,50.);
#2855 = AXIS2_PLACEMENT_3D('',#2856,#2857,#2858);
#2856 = CARTESIAN_POINT('',(-2.49E+03,1.44E+03,1.017908E+03));
#2857 = DIRECTION('',(-0.,-0.,-1.));
#2858 = DIRECTION('',(0.,-1.,0.));
#2859 = ORIENTED_EDGE('',*,*,#2860,.T.);
#2860 = EDGE_CURVE('',#2852,#2861,#2863,.T.);
#2861 = VERTEX_POINT('',#2862);
#2862 = CARTESIAN_POINT('',(-2.44E+03,2.44E+03,1.017908E+03));
#2863 = LINE('',#2864,#2865);
#2864 = CARTESIAN_POINT('',(-2.44E+03,1.39E+03,1.017908E+03));
#2865 = VECTOR('',#2866,1.);
#2866 = DIRECTION('',(0.,1.,0.));
#2867 = ORIENTED_EDGE('',*,*,#2868,.T.);
#2868 = EDGE_CURVE('',#2861,#2869,#2871,.T.);
#2869 = VERTEX_POINT('',#2870);
#2870 = CARTESIAN_POINT('',(-2.49E+03,2.49E+03,1.017908E+03));
#2871 = CIRCLE('',#2872,50.);
#2872 = AXIS2_PLACEMENT_3D('',#2873,#2874,#2875);
#2873 = CARTESIAN_POINT('',(-2.49E+03,2.44E+03,1.017908E+03));
#2874 = DIRECTION('',(-0.,0.,1.));
#2875 = DIRECTION('',(0.,-1.,0.));
#2876 = ORIENTED_EDGE('',*,*,#2877,.F.);
#2877 = EDGE_CURVE('',#2878,#2869,#2880,.T.);
#2878 = VERTEX_POINT('',#2879);
#2879 = CARTESIAN_POINT('',(-2.96E+03,2.49E+03,1.017908E+03));
#2880 = LINE('',#2881,#2882);
#2881 = CARTESIAN_POINT('',(-3.01E+03,2.49E+03,1.017908E+03));
#2882 = VECTOR('',#2883,1.);
#2883 = DIRECTION('',(1.,0.,0.));
#2884 = ORIENTED_EDGE('',*,*,#2885,.F.);
#2885 = EDGE_CURVE('',#2796,#2878,#2886,.T.);
#2886 = CIRCLE('',#2887,50.);
#2887 = AXIS2_PLACEMENT_3D('',#2888,#2889,#2890);
#2888 = CARTESIAN_POINT('',(-2.96E+03,2.44E+03,1.017908E+03));
#2889 = DIRECTION('',(-0.,-0.,-1.));
#2890 = DIRECTION('',(0.,-1.,0.));
#2891 = PLANE('',#2892);
#2892 = AXIS2_PLACEMENT_3D('',#2893,#2894,#2895);
#2893 = CARTESIAN_POINT('',(-3.01E+03,1.39E+03,1.017908E+03));
#2894 = DIRECTION('',(0.,0.,1.));
#2895 = DIRECTION('',(1.,0.,0.));
#2896 = ADVANCED_FACE('',(#2897),#2916,.T.);
#2897 = FACE_BOUND('',#2898,.T.);
#2898 = EDGE_LOOP('',(#2899,#2908,#2914,#2915));
#2899 = ORIENTED_EDGE('',*,*,#2900,.T.);
#2900 = EDGE_CURVE('',#2804,#2901,#2903,.T.);
#2901 = VERTEX_POINT('',#2902);
#2902 = CARTESIAN_POINT('',(-2.96E+03,1.39E+03,992.908));
#2903 = CIRCLE('',#2904,50.);
#2904 = AXIS2_PLACEMENT_3D('',#2905,#2906,#2907);
#2905 = CARTESIAN_POINT('',(-2.96E+03,1.44E+03,992.908));
#2906 = DIRECTION('',(-0.,0.,1.));
#2907 = DIRECTION('',(0.,-1.,0.));
#2908 = ORIENTED_EDGE('',*,*,#2909,.T.);
#2909 = EDGE_CURVE('',#2901,#2835,#2910,.T.);
#2910 = LINE('',#2911,#2912);
#2911 = CARTESIAN_POINT('',(-2.96E+03,1.39E+03,992.908));
#2912 = VECTOR('',#2913,1.);
#2913 = DIRECTION('',(0.,0.,1.));
#2914 = ORIENTED_EDGE('',*,*,#2834,.F.);
#2915 = ORIENTED_EDGE('',*,*,#2803,.F.);
#2916 = CYLINDRICAL_SURFACE('',#2917,50.);
#2917 = AXIS2_PLACEMENT_3D('',#2918,#2919,#2920);
#2918 = CARTESIAN_POINT('',(-2.96E+03,1.44E+03,992.908));
#2919 = DIRECTION('',(0.,0.,1.));
#2920 = DIRECTION('',(-1.,0.,0.));
#2921 = ADVANCED_FACE('',(#2922),#2941,.T.);
#2922 = FACE_BOUND('',#2923,.F.);
#2923 = EDGE_LOOP('',(#2924,#2933,#2939,#2940));
#2924 = ORIENTED_EDGE('',*,*,#2925,.T.);
#2925 = EDGE_CURVE('',#2812,#2926,#2928,.T.);
#2926 = VERTEX_POINT('',#2927);
#2927 = CARTESIAN_POINT('',(-2.96E+03,2.49E+03,992.908));
#2928 = CIRCLE('',#2929,50.);
#2929 = AXIS2_PLACEMENT_3D('',#2930,#2931,#2932);
#2930 = CARTESIAN_POINT('',(-2.96E+03,2.44E+03,992.908));
#2931 = DIRECTION('',(-0.,-0.,-1.));
#2932 = DIRECTION('',(0.,-1.,0.));
#2933 = ORIENTED_EDGE('',*,*,#2934,.T.);
#2934 = EDGE_CURVE('',#2926,#2878,#2935,.T.);
#2935 = LINE('',#2936,#2937);
#2936 = CARTESIAN_POINT('',(-2.96E+03,2.49E+03,992.908));
#2937 = VECTOR('',#2938,1.);
#2938 = DIRECTION('',(0.,0.,1.));
#2939 = ORIENTED_EDGE('',*,*,#2885,.F.);
#2940 = ORIENTED_EDGE('',*,*,#2819,.F.);
#2941 = CYLINDRICAL_SURFACE('',#2942,50.);
#2942 = AXIS2_PLACEMENT_3D('',#2943,#2944,#2945);
#2943 = CARTESIAN_POINT('',(-2.96E+03,2.44E+03,992.908));
#2944 = DIRECTION('',(0.,0.,1.));
#2945 = DIRECTION('',(-1.,0.,0.));
#2946 = ADVANCED_FACE('',(#2947),#2992,.F.);
#2947 = FACE_BOUND('',#2948,.F.);
#2948 = EDGE_LOOP('',(#2949,#2950,#2951,#2959,#2968,#2976,#2985,#2991));
#2949 = ORIENTED_EDGE('',*,*,#2811,.F.);
#2950 = ORIENTED_EDGE('',*,*,#2900,.T.);
#2951 = ORIENTED_EDGE('',*,*,#2952,.T.);
#2952 = EDGE_CURVE('',#2901,#2953,#2955,.T.);
#2953 = VERTEX_POINT('',#2954);
#2954 = CARTESIAN_POINT('',(-2.49E+03,1.39E+03,992.908));
#2955 = LINE('',#2956,#2957);
#2956 = CARTESIAN_POINT('',(-3.01E+03,1.39E+03,992.908));
#2957 = VECTOR('',#2958,1.);
#2958 = DIRECTION('',(1.,0.,0.));
#2959 = ORIENTED_EDGE('',*,*,#2960,.F.);
#2960 = EDGE_CURVE('',#2961,#2953,#2963,.T.);
#2961 = VERTEX_POINT('',#2962);
#2962 = CARTESIAN_POINT('',(-2.44E+03,1.44E+03,992.908));
#2963 = CIRCLE('',#2964,50.);
#2964 = AXIS2_PLACEMENT_3D('',#2965,#2966,#2967);
#2965 = CARTESIAN_POINT('',(-2.49E+03,1.44E+03,992.908));
#2966 = DIRECTION('',(-0.,-0.,-1.));
#2967 = DIRECTION('',(0.,-1.,0.));
#2968 = ORIENTED_EDGE('',*,*,#2969,.T.);
#2969 = EDGE_CURVE('',#2961,#2970,#2972,.T.);
#2970 = VERTEX_POINT('',#2971);
#2971 = CARTESIAN_POINT('',(-2.44E+03,2.44E+03,992.908));
#2972 = LINE('',#2973,#2974);
#2973 = CARTESIAN_POINT('',(-2.44E+03,1.39E+03,992.908));
#2974 = VECTOR('',#2975,1.);
#2975 = DIRECTION('',(0.,1.,0.));
#2976 = ORIENTED_EDGE('',*,*,#2977,.T.);
#2977 = EDGE_CURVE('',#2970,#2978,#2980,.T.);
#2978 = VERTEX_POINT('',#2979);
#2979 = CARTESIAN_POINT('',(-2.49E+03,2.49E+03,992.908));
#2980 = CIRCLE('',#2981,50.);
#2981 = AXIS2_PLACEMENT_3D('',#2982,#2983,#2984);
#2982 = CARTESIAN_POINT('',(-2.49E+03,2.44E+03,992.908));
#2983 = DIRECTION('',(-0.,0.,1.));
#2984 = DIRECTION('',(0.,-1.,0.));
#2985 = ORIENTED_EDGE('',*,*,#2986,.F.);
#2986 = EDGE_CURVE('',#2926,#2978,#2987,.T.);
#2987 = LINE('',#2988,#2989);
#2988 = CARTESIAN_POINT('',(-3.01E+03,2.49E+03,992.908));
#2989 = VECTOR('',#2990,1.);
#2990 = DIRECTION('',(1.,0.,0.));
#2991 = ORIENTED_EDGE('',*,*,#2925,.F.);
#2992 = PLANE('',#2993);
#2993 = AXIS2_PLACEMENT_3D('',#2994,#2995,#2996);
#2994 = CARTESIAN_POINT('',(-3.01E+03,1.39E+03,992.908));
#2995 = DIRECTION('',(0.,0.,1.));
#2996 = DIRECTION('',(1.,0.,0.));
#2997 = ADVANCED_FACE('',(#2998),#3009,.F.);
#2998 = FACE_BOUND('',#2999,.F.);
#2999 = EDGE_LOOP('',(#3000,#3001,#3002,#3003));
#3000 = ORIENTED_EDGE('',*,*,#2952,.F.);
#3001 = ORIENTED_EDGE('',*,*,#2909,.T.);
#3002 = ORIENTED_EDGE('',*,*,#2843,.T.);
#3003 = ORIENTED_EDGE('',*,*,#3004,.F.);
#3004 = EDGE_CURVE('',#2953,#2844,#3005,.T.);
#3005 = LINE('',#3006,#3007);
#3006 = CARTESIAN_POINT('',(-2.49E+03,1.39E+03,992.908));
#3007 = VECTOR('',#3008,1.);
#3008 = DIRECTION('',(0.,0.,1.));
#3009 = PLANE('',#3010);
#3010 = AXIS2_PLACEMENT_3D('',#3011,#3012,#3013);
#3011 = CARTESIAN_POINT('',(-3.01E+03,1.39E+03,992.908));
#3012 = DIRECTION('',(0.,1.,0.));
#3013 = DIRECTION('',(0.,0.,1.));
#3014 = ADVANCED_FACE('',(#3015),#3026,.T.);
#3015 = FACE_BOUND('',#3016,.T.);
#3016 = EDGE_LOOP('',(#3017,#3018,#3019,#3020));
#3017 = ORIENTED_EDGE('',*,*,#2986,.F.);
#3018 = ORIENTED_EDGE('',*,*,#2934,.T.);
#3019 = ORIENTED_EDGE('',*,*,#2877,.T.);
#3020 = ORIENTED_EDGE('',*,*,#3021,.F.);
#3021 = EDGE_CURVE('',#2978,#2869,#3022,.T.);
#3022 = LINE('',#3023,#3024);
#3023 = CARTESIAN_POINT('',(-2.49E+03,2.49E+03,992.908));
#3024 = VECTOR('',#3025,1.);
#3025 = DIRECTION('',(0.,0.,1.));
#3026 = PLANE('',#3027);
#3027 = AXIS2_PLACEMENT_3D('',#3028,#3029,#3030);
#3028 = CARTESIAN_POINT('',(-3.01E+03,2.49E+03,992.908));
#3029 = DIRECTION('',(0.,1.,0.));
#3030 = DIRECTION('',(0.,0.,1.));
#3031 = ADVANCED_FACE('',(#3032),#3043,.T.);
#3032 = FACE_BOUND('',#3033,.F.);
#3033 = EDGE_LOOP('',(#3034,#3035,#3036,#3037));
#3034 = ORIENTED_EDGE('',*,*,#2960,.T.);
#3035 = ORIENTED_EDGE('',*,*,#3004,.T.);
#3036 = ORIENTED_EDGE('',*,*,#2851,.F.);
#3037 = ORIENTED_EDGE('',*,*,#3038,.F.);
#3038 = EDGE_CURVE('',#2961,#2852,#3039,.T.);
#3039 = LINE('',#3040,#3041);
#3040 = CARTESIAN_POINT('',(-2.44E+03,1.44E+03,992.908));
#3041 = VECTOR('',#3042,1.);
#3042 = DIRECTION('',(0.,0.,1.));
#3043 = CYLINDRICAL_SURFACE('',#3044,50.);
#3044 = AXIS2_PLACEMENT_3D('',#3045,#3046,#3047);
#3045 = CARTESIAN_POINT('',(-2.49E+03,1.44E+03,992.908));
#3046 = DIRECTION('',(0.,0.,1.));
#3047 = DIRECTION('',(1.,0.,0.));
#3048 = ADVANCED_FACE('',(#3049),#3060,.T.);
#3049 = FACE_BOUND('',#3050,.T.);
#3050 = EDGE_LOOP('',(#3051,#3052,#3053,#3054));
#3051 = ORIENTED_EDGE('',*,*,#2977,.T.);
#3052 = ORIENTED_EDGE('',*,*,#3021,.T.);
#3053 = ORIENTED_EDGE('',*,*,#2868,.F.);
#3054 = ORIENTED_EDGE('',*,*,#3055,.F.);
#3055 = EDGE_CURVE('',#2970,#2861,#3056,.T.);
#3056 = LINE('',#3057,#3058);
#3057 = CARTESIAN_POINT('',(-2.44E+03,2.44E+03,992.908));
#3058 = VECTOR('',#3059,1.);
#3059 = DIRECTION('',(0.,0.,1.));
#3060 = CYLINDRICAL_SURFACE('',#3061,50.);
#3061 = AXIS2_PLACEMENT_3D('',#3062,#3063,#3064);
#3062 = CARTESIAN_POINT('',(-2.49E+03,2.44E+03,992.908));
#3063 = DIRECTION('',(0.,0.,1.));
#3064 = DIRECTION('',(1.,0.,0.));
#3065 = ADVANCED_FACE('',(#3066),#3072,.T.);
#3066 = FACE_BOUND('',#3067,.T.);
#3067 = EDGE_LOOP('',(#3068,#3069,#3070,#3071));
#3068 = ORIENTED_EDGE('',*,*,#2860,.F.);
#3069 = ORIENTED_EDGE('',*,*,#3038,.F.);
#3070 = ORIENTED_EDGE('',*,*,#2969,.T.);
#3071 = ORIENTED_EDGE('',*,*,#3055,.T.);
#3072 = PLANE('',#3073);
#3073 = AXIS2_PLACEMENT_3D('',#3074,#3075,#3076);
#3074 = CARTESIAN_POINT('',(-2.44E+03,1.39E+03,992.908));
#3075 = DIRECTION('',(1.,0.,0.));
#3076 = DIRECTION('',(0.,0.,1.));
#3077 = MANIFOLD_SOLID_BREP('',#3078);
#3078 = CLOSED_SHELL('',(#3079,#3112,#3121));
#3079 = ADVANCED_FACE('',(#3080),#3107,.T.);
#3080 = FACE_BOUND('',#3081,.F.);
#3081 = EDGE_LOOP('',(#3082,#3092,#3099,#3100));
#3082 = ORIENTED_EDGE('',*,*,#3083,.T.);
#3083 = EDGE_CURVE('',#3084,#3086,#3088,.T.);
#3084 = VERTEX_POINT('',#3085);
#3085 = CARTESIAN_POINT('',(-2.535E+03,1.94E+03,277.908));
#3086 = VERTEX_POINT('',#3087);
#3087 = CARTESIAN_POINT('',(-2.535E+03,1.94E+03,307.908));
#3088 = LINE('',#3089,#3090);
#3089 = CARTESIAN_POINT('',(-2.535E+03,1.94E+03,277.908));
#3090 = VECTOR('',#3091,1.);
#3091 = DIRECTION('',(0.,0.,1.));
#3092 = ORIENTED_EDGE('',*,*,#3093,.T.);
#3093 = EDGE_CURVE('',#3086,#3086,#3094,.T.);
#3094 = CIRCLE('',#3095,190.);
#3095 = AXIS2_PLACEMENT_3D('',#3096,#3097,#3098);
#3096 = CARTESIAN_POINT('',(-2.725E+03,1.94E+03,307.908));
#3097 = DIRECTION('',(0.,0.,1.));
#3098 = DIRECTION('',(1.,0.,0.));
#3099 = ORIENTED_EDGE('',*,*,#3083,.F.);
#3100 = ORIENTED_EDGE('',*,*,#3101,.F.);
#3101 = EDGE_CURVE('',#3084,#3084,#3102,.T.);
#3102 = CIRCLE('',#3103,190.);
#3103 = AXIS2_PLACEMENT_3D('',#3104,#3105,#3106);
#3104 = CARTESIAN_POINT('',(-2.725E+03,1.94E+03,277.908));
#3105 = DIRECTION('',(0.,0.,1.));
#3106 = DIRECTION('',(1.,0.,0.));
#3107 = CYLINDRICAL_SURFACE('',#3108,190.);
#3108 = AXIS2_PLACEMENT_3D('',#3109,#3110,#3111);
#3109 = CARTESIAN_POINT('',(-2.725E+03,1.94E+03,277.908));
#3110 = DIRECTION('',(-0.,-0.,-1.));
#3111 = DIRECTION('',(1.,0.,0.));
#3112 = ADVANCED_FACE('',(#3113),#3116,.F.);
#3113 = FACE_BOUND('',#3114,.T.);
#3114 = EDGE_LOOP('',(#3115));
#3115 = ORIENTED_EDGE('',*,*,#3101,.F.);
#3116 = PLANE('',#3117);
#3117 = AXIS2_PLACEMENT_3D('',#3118,#3119,#3120);
#3118 = CARTESIAN_POINT('',(-2.725E+03,1.94E+03,277.908));
#3119 = DIRECTION('',(0.,0.,1.));
#3120 = DIRECTION('',(1.,0.,0.));
#3121 = ADVANCED_FACE('',(#3122),#3125,.T.);
#3122 = FACE_BOUND('',#3123,.F.);
#3123 = EDGE_LOOP('',(#3124));
#3124 = ORIENTED_EDGE('',*,*,#3093,.F.);
#3125 = PLANE('',#3126);
#3126 = AXIS2_PLACEMENT_3D('',#3127,#3128,#3129);
#3127 = CARTESIAN_POINT('',(-2.725E+03,1.94E+03,307.908));
#3128 = DIRECTION('',(0.,0.,1.));
#3129 = DIRECTION('',(1.,0.,0.));
#3130 = MANIFOLD_SOLID_BREP('',#3131);
#3131 = CLOSED_SHELL('',(#3132,#3165,#3174));
#3132 = ADVANCED_FACE('',(#3133),#3160,.T.);
#3133 = FACE_BOUND('',#3134,.F.);
#3134 = EDGE_LOOP('',(#3135,#3145,#3152,#3153));
#3135 = ORIENTED_EDGE('',*,*,#3136,.T.);
#3136 = EDGE_CURVE('',#3137,#3139,#3141,.T.);
#3137 = VERTEX_POINT('',#3138);
#3138 = CARTESIAN_POINT('',(-2.69E+03,1.94E+03,307.908));
#3139 = VERTEX_POINT('',#3140);
#3140 = CARTESIAN_POINT('',(-2.69E+03,1.94E+03,987.908));
#3141 = LINE('',#3142,#3143);
#3142 = CARTESIAN_POINT('',(-2.69E+03,1.94E+03,307.908));
#3143 = VECTOR('',#3144,1.);
#3144 = DIRECTION('',(0.,0.,1.));
#3145 = ORIENTED_EDGE('',*,*,#3146,.T.);
#3146 = EDGE_CURVE('',#3139,#3139,#3147,.T.);
#3147 = CIRCLE('',#3148,35.);
#3148 = AXIS2_PLACEMENT_3D('',#3149,#3150,#3151);
#3149 = CARTESIAN_POINT('',(-2.725E+03,1.94E+03,987.908));
#3150 = DIRECTION('',(0.,0.,1.));
#3151 = DIRECTION('',(1.,0.,0.));
#3152 = ORIENTED_EDGE('',*,*,#3136,.F.);
#3153 = ORIENTED_EDGE('',*,*,#3154,.F.);
#3154 = EDGE_CURVE('',#3137,#3137,#3155,.T.);
#3155 = CIRCLE('',#3156,35.);
#3156 = AXIS2_PLACEMENT_3D('',#3157,#3158,#3159);
#3157 = CARTESIAN_POINT('',(-2.725E+03,1.94E+03,307.908));
#3158 = DIRECTION('',(0.,0.,1.));
#3159 = DIRECTION('',(1.,0.,0.));
#3160 = CYLINDRICAL_SURFACE('',#3161,35.);
#3161 = AXIS2_PLACEMENT_3D('',#3162,#3163,#3164);
#3162 = CARTESIAN_POINT('',(-2.725E+03,1.94E+03,307.908));
#3163 = DIRECTION('',(-0.,-0.,-1.));
#3164 = DIRECTION('',(1.,0.,0.));
#3165 = ADVANCED_FACE('',(#3166),#3169,.F.);
#3166 = FACE_BOUND('',#3167,.T.);
#3167 = EDGE_LOOP('',(#3168));
#3168 = ORIENTED_EDGE('',*,*,#3154,.F.);
#3169 = PLANE('',#3170);
#3170 = AXIS2_PLACEMENT_3D('',#3171,#3172,#3173);
#3171 = CARTESIAN_POINT('',(-2.725E+03,1.94E+03,307.908));
#3172 = DIRECTION('',(0.,0.,1.));
#3173 = DIRECTION('',(1.,0.,0.));
#3174 = ADVANCED_FACE('',(#3175),#3178,.T.);
#3175 = FACE_BOUND('',#3176,.F.);
#3176 = EDGE_LOOP('',(#3177));
#3177 = ORIENTED_EDGE('',*,*,#3146,.F.);
#3178 = PLANE('',#3179);
#3179 = AXIS2_PLACEMENT_3D('',#3180,#3181,#3182);
#3180 = CARTESIAN_POINT('',(-2.725E+03,1.94E+03,987.908));
#3181 = DIRECTION('',(0.,0.,1.));
#3182 = DIRECTION('',(1.,0.,0.));
#3183 = MANIFOLD_SOLID_BREP('',#3184);
#3184 = CLOSED_SHELL('',(#3185,#3225,#3265,#3287,#3309,#3321));
#3185 = ADVANCED_FACE('',(#3186),#3220,.F.);
#3186 = FACE_BOUND('',#3187,.F.);
#3187 = EDGE_LOOP('',(#3188,#3198,#3206,#3214));
#3188 = ORIENTED_EDGE('',*,*,#3189,.F.);
#3189 = EDGE_CURVE('',#3190,#3192,#3194,.T.);
#3190 = VERTEX_POINT('',#3191);
#3191 = CARTESIAN_POINT('',(-2.85E+03,1.78E+03,984.908));
#3192 = VERTEX_POINT('',#3193);
#3193 = CARTESIAN_POINT('',(-2.85E+03,1.78E+03,992.908));
#3194 = LINE('',#3195,#3196);
#3195 = CARTESIAN_POINT('',(-2.85E+03,1.78E+03,984.908));
#3196 = VECTOR('',#3197,1.);
#3197 = DIRECTION('',(0.,0.,1.));
#3198 = ORIENTED_EDGE('',*,*,#3199,.T.);
#3199 = EDGE_CURVE('',#3190,#3200,#3202,.T.);
#3200 = VERTEX_POINT('',#3201);
#3201 = CARTESIAN_POINT('',(-2.85E+03,2.1E+03,984.908));
#3202 = LINE('',#3203,#3204);
#3203 = CARTESIAN_POINT('',(-2.85E+03,1.78E+03,984.908));
#3204 = VECTOR('',#3205,1.);
#3205 = DIRECTION('',(0.,1.,0.));
#3206 = ORIENTED_EDGE('',*,*,#3207,.T.);
#3207 = EDGE_CURVE('',#3200,#3208,#3210,.T.);
#3208 = VERTEX_POINT('',#3209);
#3209 = CARTESIAN_POINT('',(-2.85E+03,2.1E+03,992.908));
#3210 = LINE('',#3211,#3212);
#3211 = CARTESIAN_POINT('',(-2.85E+03,2.1E+03,984.908));
#3212 = VECTOR('',#3213,1.);
#3213 = DIRECTION('',(0.,0.,1.));
#3214 = ORIENTED_EDGE('',*,*,#3215,.F.);
#3215 = EDGE_CURVE('',#3192,#3208,#3216,.T.);
#3216 = LINE('',#3217,#3218);
#3217 = CARTESIAN_POINT('',(-2.85E+03,1.78E+03,992.908));
#3218 = VECTOR('',#3219,1.);
#3219 = DIRECTION('',(0.,1.,0.));
#3220 = PLANE('',#3221);
#3221 = AXIS2_PLACEMENT_3D('',#3222,#3223,#3224);
#3222 = CARTESIAN_POINT('',(-2.85E+03,1.78E+03,984.908));
#3223 = DIRECTION('',(1.,0.,0.));
#3224 = DIRECTION('',(0.,0.,1.));
#3225 = ADVANCED_FACE('',(#3226),#3260,.T.);
#3226 = FACE_BOUND('',#3227,.T.);
#3227 = EDGE_LOOP('',(#3228,#3238,#3246,#3254));
#3228 = ORIENTED_EDGE('',*,*,#3229,.F.);
#3229 = EDGE_CURVE('',#3230,#3232,#3234,.T.);
#3230 = VERTEX_POINT('',#3231);
#3231 = CARTESIAN_POINT('',(-2.6E+03,1.78E+03,984.908));
#3232 = VERTEX_POINT('',#3233);
#3233 = CARTESIAN_POINT('',(-2.6E+03,1.78E+03,992.908));
#3234 = LINE('',#3235,#3236);
#3235 = CARTESIAN_POINT('',(-2.6E+03,1.78E+03,984.908));
#3236 = VECTOR('',#3237,1.);
#3237 = DIRECTION('',(0.,0.,1.));
#3238 = ORIENTED_EDGE('',*,*,#3239,.T.);
#3239 = EDGE_CURVE('',#3230,#3240,#3242,.T.);
#3240 = VERTEX_POINT('',#3241);
#3241 = CARTESIAN_POINT('',(-2.6E+03,2.1E+03,984.908));
#3242 = LINE('',#3243,#3244);
#3243 = CARTESIAN_POINT('',(-2.6E+03,1.78E+03,984.908));
#3244 = VECTOR('',#3245,1.);
#3245 = DIRECTION('',(0.,1.,0.));
#3246 = ORIENTED_EDGE('',*,*,#3247,.T.);
#3247 = EDGE_CURVE('',#3240,#3248,#3250,.T.);
#3248 = VERTEX_POINT('',#3249);
#3249 = CARTESIAN_POINT('',(-2.6E+03,2.1E+03,992.908));
#3250 = LINE('',#3251,#3252);
#3251 = CARTESIAN_POINT('',(-2.6E+03,2.1E+03,984.908));
#3252 = VECTOR('',#3253,1.);
#3253 = DIRECTION('',(0.,0.,1.));
#3254 = ORIENTED_EDGE('',*,*,#3255,.F.);
#3255 = EDGE_CURVE('',#3232,#3248,#3256,.T.);
#3256 = LINE('',#3257,#3258);
#3257 = CARTESIAN_POINT('',(-2.6E+03,1.78E+03,992.908));
#3258 = VECTOR('',#3259,1.);
#3259 = DIRECTION('',(0.,1.,0.));
#3260 = PLANE('',#3261);
#3261 = AXIS2_PLACEMENT_3D('',#3262,#3263,#3264);
#3262 = CARTESIAN_POINT('',(-2.6E+03,1.78E+03,984.908));
#3263 = DIRECTION('',(1.,0.,0.));
#3264 = DIRECTION('',(0.,0.,1.));
#3265 = ADVANCED_FACE('',(#3266),#3282,.F.);
#3266 = FACE_BOUND('',#3267,.F.);
#3267 = EDGE_LOOP('',(#3268,#3274,#3275,#3281));
#3268 = ORIENTED_EDGE('',*,*,#3269,.F.);
#3269 = EDGE_CURVE('',#3190,#3230,#3270,.T.);
#3270 = LINE('',#3271,#3272);
#3271 = CARTESIAN_POINT('',(-2.85E+03,1.78E+03,984.908));
#3272 = VECTOR('',#3273,1.);
#3273 = DIRECTION('',(1.,0.,0.));
#3274 = ORIENTED_EDGE('',*,*,#3189,.T.);
#3275 = ORIENTED_EDGE('',*,*,#3276,.T.);
#3276 = EDGE_CURVE('',#3192,#3232,#3277,.T.);
#3277 = LINE('',#3278,#3279);
#3278 = CARTESIAN_POINT('',(-2.85E+03,1.78E+03,992.908));
#3279 = VECTOR('',#3280,1.);
#3280 = DIRECTION('',(1.,0.,0.));
#3281 = ORIENTED_EDGE('',*,*,#3229,.F.);
#3282 = PLANE('',#3283);
#3283 = AXIS2_PLACEMENT_3D('',#3284,#3285,#3286);
#3284 = CARTESIAN_POINT('',(-2.85E+03,1.78E+03,984.908));
#3285 = DIRECTION('',(0.,1.,0.));
#3286 = DIRECTION('',(0.,0.,1.));
#3287 = ADVANCED_FACE('',(#3288),#3304,.T.);
#3288 = FACE_BOUND('',#3289,.T.);
#3289 = EDGE_LOOP('',(#3290,#3296,#3297,#3303));
#3290 = ORIENTED_EDGE('',*,*,#3291,.F.);
#3291 = EDGE_CURVE('',#3200,#3240,#3292,.T.);
#3292 = LINE('',#3293,#3294);
#3293 = CARTESIAN_POINT('',(-2.85E+03,2.1E+03,984.908));
#3294 = VECTOR('',#3295,1.);
#3295 = DIRECTION('',(1.,0.,0.));
#3296 = ORIENTED_EDGE('',*,*,#3207,.T.);
#3297 = ORIENTED_EDGE('',*,*,#3298,.T.);
#3298 = EDGE_CURVE('',#3208,#3248,#3299,.T.);
#3299 = LINE('',#3300,#3301);
#3300 = CARTESIAN_POINT('',(-2.85E+03,2.1E+03,992.908));
#3301 = VECTOR('',#3302,1.);
#3302 = DIRECTION('',(1.,0.,0.));
#3303 = ORIENTED_EDGE('',*,*,#3247,.F.);
#3304 = PLANE('',#3305);
#3305 = AXIS2_PLACEMENT_3D('',#3306,#3307,#3308);
#3306 = CARTESIAN_POINT('',(-2.85E+03,2.1E+03,984.908));
#3307 = DIRECTION('',(0.,1.,0.));
#3308 = DIRECTION('',(0.,0.,1.));
#3309 = ADVANCED_FACE('',(#3310),#3316,.F.);
#3310 = FACE_BOUND('',#3311,.F.);
#3311 = EDGE_LOOP('',(#3312,#3313,#3314,#3315));
#3312 = ORIENTED_EDGE('',*,*,#3199,.F.);
#3313 = ORIENTED_EDGE('',*,*,#3269,.T.);
#3314 = ORIENTED_EDGE('',*,*,#3239,.T.);
#3315 = ORIENTED_EDGE('',*,*,#3291,.F.);
#3316 = PLANE('',#3317);
#3317 = AXIS2_PLACEMENT_3D('',#3318,#3319,#3320);
#3318 = CARTESIAN_POINT('',(-2.85E+03,1.78E+03,984.908));
#3319 = DIRECTION('',(0.,0.,1.));
#3320 = DIRECTION('',(1.,0.,0.));
#3321 = ADVANCED_FACE('',(#3322),#3328,.T.);
#3322 = FACE_BOUND('',#3323,.T.);
#3323 = EDGE_LOOP('',(#3324,#3325,#3326,#3327));
#3324 = ORIENTED_EDGE('',*,*,#3215,.F.);
#3325 = ORIENTED_EDGE('',*,*,#3276,.T.);
#3326 = ORIENTED_EDGE('',*,*,#3255,.T.);
#3327 = ORIENTED_EDGE('',*,*,#3298,.F.);
#3328 = PLANE('',#3329);
#3329 = AXIS2_PLACEMENT_3D('',#3330,#3331,#3332);
#3330 = CARTESIAN_POINT('',(-2.85E+03,1.78E+03,992.908));
#3331 = DIRECTION('',(0.,0.,1.));
#3332 = DIRECTION('',(1.,0.,0.));
#3333 = MANIFOLD_SOLID_BREP('',#3334);
#3334 = CLOSED_SHELL('',(#3335,#3375,#3415,#3437,#3459,#3471));
#3335 = ADVANCED_FACE('',(#3336),#3370,.F.);
#3336 = FACE_BOUND('',#3337,.F.);
#3337 = EDGE_LOOP('',(#3338,#3348,#3356,#3364));
#3338 = ORIENTED_EDGE('',*,*,#3339,.F.);
#3339 = EDGE_CURVE('',#3340,#3342,#3344,.T.);
#3340 = VERTEX_POINT('',#3341);
#3341 = CARTESIAN_POINT('',(-3.498E+03,523.,727.908));
#3342 = VERTEX_POINT('',#3343);
#3343 = CARTESIAN_POINT('',(-3.498E+03,523.,2.227908E+03));
#3344 = LINE('',#3345,#3346);
#3345 = CARTESIAN_POINT('',(-3.498E+03,523.,727.908));
#3346 = VECTOR('',#3347,1.);
#3347 = DIRECTION('',(0.,0.,1.));
#3348 = ORIENTED_EDGE('',*,*,#3349,.T.);
#3349 = EDGE_CURVE('',#3340,#3350,#3352,.T.);
#3350 = VERTEX_POINT('',#3351);
#3351 = CARTESIAN_POINT('',(-3.498E+03,779.,727.908));
#3352 = LINE('',#3353,#3354);
#3353 = CARTESIAN_POINT('',(-3.498E+03,523.,727.908));
#3354 = VECTOR('',#3355,1.);
#3355 = DIRECTION('',(0.,1.,0.));
#3356 = ORIENTED_EDGE('',*,*,#3357,.T.);
#3357 = EDGE_CURVE('',#3350,#3358,#3360,.T.);
#3358 = VERTEX_POINT('',#3359);
#3359 = CARTESIAN_POINT('',(-3.498E+03,779.,2.227908E+03));
#3360 = LINE('',#3361,#3362);
#3361 = CARTESIAN_POINT('',(-3.498E+03,779.,727.908));
#3362 = VECTOR('',#3363,1.);
#3363 = DIRECTION('',(0.,0.,1.));
#3364 = ORIENTED_EDGE('',*,*,#3365,.F.);
#3365 = EDGE_CURVE('',#3342,#3358,#3366,.T.);
#3366 = LINE('',#3367,#3368);
#3367 = CARTESIAN_POINT('',(-3.498E+03,523.,2.227908E+03));
#3368 = VECTOR('',#3369,1.);
#3369 = DIRECTION('',(0.,1.,0.));
#3370 = PLANE('',#3371);
#3371 = AXIS2_PLACEMENT_3D('',#3372,#3373,#3374);
#3372 = CARTESIAN_POINT('',(-3.498E+03,523.,727.908));
#3373 = DIRECTION('',(1.,0.,0.));
#3374 = DIRECTION('',(0.,0.,1.));
#3375 = ADVANCED_FACE('',(#3376),#3410,.T.);
#3376 = FACE_BOUND('',#3377,.T.);
#3377 = EDGE_LOOP('',(#3378,#3388,#3396,#3404));
#3378 = ORIENTED_EDGE('',*,*,#3379,.F.);
#3379 = EDGE_CURVE('',#3380,#3382,#3384,.T.);
#3380 = VERTEX_POINT('',#3381);
#3381 = CARTESIAN_POINT('',(-3.48E+03,523.,727.908));
#3382 = VERTEX_POINT('',#3383);
#3383 = CARTESIAN_POINT('',(-3.48E+03,523.,2.227908E+03));
#3384 = LINE('',#3385,#3386);
#3385 = CARTESIAN_POINT('',(-3.48E+03,523.,727.908));
#3386 = VECTOR('',#3387,1.);
#3387 = DIRECTION('',(0.,0.,1.));
#3388 = ORIENTED_EDGE('',*,*,#3389,.T.);
#3389 = EDGE_CURVE('',#3380,#3390,#3392,.T.);
#3390 = VERTEX_POINT('',#3391);
#3391 = CARTESIAN_POINT('',(-3.48E+03,779.,727.908));
#3392 = LINE('',#3393,#3394);
#3393 = CARTESIAN_POINT('',(-3.48E+03,523.,727.908));
#3394 = VECTOR('',#3395,1.);
#3395 = DIRECTION('',(0.,1.,0.));
#3396 = ORIENTED_EDGE('',*,*,#3397,.T.);
#3397 = EDGE_CURVE('',#3390,#3398,#3400,.T.);
#3398 = VERTEX_POINT('',#3399);
#3399 = CARTESIAN_POINT('',(-3.48E+03,779.,2.227908E+03));
#3400 = LINE('',#3401,#3402);
#3401 = CARTESIAN_POINT('',(-3.48E+03,779.,727.908));
#3402 = VECTOR('',#3403,1.);
#3403 = DIRECTION('',(0.,0.,1.));
#3404 = ORIENTED_EDGE('',*,*,#3405,.F.);
#3405 = EDGE_CURVE('',#3382,#3398,#3406,.T.);
#3406 = LINE('',#3407,#3408);
#3407 = CARTESIAN_POINT('',(-3.48E+03,523.,2.227908E+03));
#3408 = VECTOR('',#3409,1.);
#3409 = DIRECTION('',(0.,1.,0.));
#3410 = PLANE('',#3411);
#3411 = AXIS2_PLACEMENT_3D('',#3412,#3413,#3414);
#3412 = CARTESIAN_POINT('',(-3.48E+03,523.,727.908));
#3413 = DIRECTION('',(1.,0.,0.));
#3414 = DIRECTION('',(0.,0.,1.));
#3415 = ADVANCED_FACE('',(#3416),#3432,.F.);
#3416 = FACE_BOUND('',#3417,.F.);
#3417 = EDGE_LOOP('',(#3418,#3424,#3425,#3431));
#3418 = ORIENTED_EDGE('',*,*,#3419,.F.);
#3419 = EDGE_CURVE('',#3340,#3380,#3420,.T.);
#3420 = LINE('',#3421,#3422);
#3421 = CARTESIAN_POINT('',(-3.498E+03,523.,727.908));
#3422 = VECTOR('',#3423,1.);
#3423 = DIRECTION('',(1.,0.,0.));
#3424 = ORIENTED_EDGE('',*,*,#3339,.T.);
#3425 = ORIENTED_EDGE('',*,*,#3426,.T.);
#3426 = EDGE_CURVE('',#3342,#3382,#3427,.T.);
#3427 = LINE('',#3428,#3429);
#3428 = CARTESIAN_POINT('',(-3.498E+03,523.,2.227908E+03));
#3429 = VECTOR('',#3430,1.);
#3430 = DIRECTION('',(1.,0.,0.));
#3431 = ORIENTED_EDGE('',*,*,#3379,.F.);
#3432 = PLANE('',#3433);
#3433 = AXIS2_PLACEMENT_3D('',#3434,#3435,#3436);
#3434 = CARTESIAN_POINT('',(-3.498E+03,523.,727.908));
#3435 = DIRECTION('',(0.,1.,0.));
#3436 = DIRECTION('',(0.,0.,1.));
#3437 = ADVANCED_FACE('',(#3438),#3454,.T.);
#3438 = FACE_BOUND('',#3439,.T.);
#3439 = EDGE_LOOP('',(#3440,#3446,#3447,#3453));
#3440 = ORIENTED_EDGE('',*,*,#3441,.F.);
#3441 = EDGE_CURVE('',#3350,#3390,#3442,.T.);
#3442 = LINE('',#3443,#3444);
#3443 = CARTESIAN_POINT('',(-3.498E+03,779.,727.908));
#3444 = VECTOR('',#3445,1.);
#3445 = DIRECTION('',(1.,0.,0.));
#3446 = ORIENTED_EDGE('',*,*,#3357,.T.);
#3447 = ORIENTED_EDGE('',*,*,#3448,.T.);
#3448 = EDGE_CURVE('',#3358,#3398,#3449,.T.);
#3449 = LINE('',#3450,#3451);
#3450 = CARTESIAN_POINT('',(-3.498E+03,779.,2.227908E+03));
#3451 = VECTOR('',#3452,1.);
#3452 = DIRECTION('',(1.,0.,0.));
#3453 = ORIENTED_EDGE('',*,*,#3397,.F.);
#3454 = PLANE('',#3455);
#3455 = AXIS2_PLACEMENT_3D('',#3456,#3457,#3458);
#3456 = CARTESIAN_POINT('',(-3.498E+03,779.,727.908));
#3457 = DIRECTION('',(0.,1.,0.));
#3458 = DIRECTION('',(0.,0.,1.));
#3459 = ADVANCED_FACE('',(#3460),#3466,.F.);
#3460 = FACE_BOUND('',#3461,.F.);
#3461 = EDGE_LOOP('',(#3462,#3463,#3464,#3465));
#3462 = ORIENTED_EDGE('',*,*,#3349,.F.);
#3463 = ORIENTED_EDGE('',*,*,#3419,.T.);
#3464 = ORIENTED_EDGE('',*,*,#3389,.T.);
#3465 = ORIENTED_EDGE('',*,*,#3441,.F.);
#3466 = PLANE('',#3467);
#3467 = AXIS2_PLACEMENT_3D('',#3468,#3469,#3470);
#3468 = CARTESIAN_POINT('',(-3.498E+03,523.,727.908));
#3469 = DIRECTION('',(0.,0.,1.));
#3470 = DIRECTION('',(1.,0.,0.));
#3471 = ADVANCED_FACE('',(#3472),#3478,.T.);
#3472 = FACE_BOUND('',#3473,.T.);
#3473 = EDGE_LOOP('',(#3474,#3475,#3476,#3477));
#3474 = ORIENTED_EDGE('',*,*,#3365,.F.);
#3475 = ORIENTED_EDGE('',*,*,#3426,.T.);
#3476 = ORIENTED_EDGE('',*,*,#3405,.T.);
#3477 = ORIENTED_EDGE('',*,*,#3448,.F.);
#3478 = PLANE('',#3479);
#3479 = AXIS2_PLACEMENT_3D('',#3480,#3481,#3482);
#3480 = CARTESIAN_POINT('',(-3.498E+03,523.,2.227908E+03));
#3481 = DIRECTION('',(0.,0.,1.));
#3482 = DIRECTION('',(1.,0.,0.));
#3483 = MANIFOLD_SOLID_BREP('',#3484);
#3484 = CLOSED_SHELL('',(#3485,#3525,#3565,#3587,#3609,#3621));
#3485 = ADVANCED_FACE('',(#3486),#3520,.F.);
#3486 = FACE_BOUND('',#3487,.F.);
#3487 = EDGE_LOOP('',(#3488,#3498,#3506,#3514));
#3488 = ORIENTED_EDGE('',*,*,#3489,.F.);
#3489 = EDGE_CURVE('',#3490,#3492,#3494,.T.);
#3490 = VERTEX_POINT('',#3491);
#3491 = CARTESIAN_POINT('',(-3.498E+03,783.,727.908));
#3492 = VERTEX_POINT('',#3493);
#3493 = CARTESIAN_POINT('',(-3.498E+03,783.,2.227908E+03));
#3494 = LINE('',#3495,#3496);
#3495 = CARTESIAN_POINT('',(-3.498E+03,783.,727.908));
#3496 = VECTOR('',#3497,1.);
#3497 = DIRECTION('',(0.,0.,1.));
#3498 = ORIENTED_EDGE('',*,*,#3499,.T.);
#3499 = EDGE_CURVE('',#3490,#3500,#3502,.T.);
#3500 = VERTEX_POINT('',#3501);
#3501 = CARTESIAN_POINT('',(-3.498E+03,1.039E+03,727.908));
#3502 = LINE('',#3503,#3504);
#3503 = CARTESIAN_POINT('',(-3.498E+03,783.,727.908));
#3504 = VECTOR('',#3505,1.);
#3505 = DIRECTION('',(0.,1.,0.));
#3506 = ORIENTED_EDGE('',*,*,#3507,.T.);
#3507 = EDGE_CURVE('',#3500,#3508,#3510,.T.);
#3508 = VERTEX_POINT('',#3509);
#3509 = CARTESIAN_POINT('',(-3.498E+03,1.039E+03,2.227908E+03));
#3510 = LINE('',#3511,#3512);
#3511 = CARTESIAN_POINT('',(-3.498E+03,1.039E+03,727.908));
#3512 = VECTOR('',#3513,1.);
#3513 = DIRECTION('',(0.,0.,1.));
#3514 = ORIENTED_EDGE('',*,*,#3515,.F.);
#3515 = EDGE_CURVE('',#3492,#3508,#3516,.T.);
#3516 = LINE('',#3517,#3518);
#3517 = CARTESIAN_POINT('',(-3.498E+03,783.,2.227908E+03));
#3518 = VECTOR('',#3519,1.);
#3519 = DIRECTION('',(0.,1.,0.));
#3520 = PLANE('',#3521);
#3521 = AXIS2_PLACEMENT_3D('',#3522,#3523,#3524);
#3522 = CARTESIAN_POINT('',(-3.498E+03,783.,727.908));
#3523 = DIRECTION('',(1.,0.,0.));
#3524 = DIRECTION('',(0.,0.,1.));
#3525 = ADVANCED_FACE('',(#3526),#3560,.T.);
#3526 = FACE_BOUND('',#3527,.T.);
#3527 = EDGE_LOOP('',(#3528,#3538,#3546,#3554));
#3528 = ORIENTED_EDGE('',*,*,#3529,.F.);
#3529 = EDGE_CURVE('',#3530,#3532,#3534,.T.);
#3530 = VERTEX_POINT('',#3531);
#3531 = CARTESIAN_POINT('',(-3.48E+03,783.,727.908));
#3532 = VERTEX_POINT('',#3533);
#3533 = CARTESIAN_POINT('',(-3.48E+03,783.,2.227908E+03));
#3534 = LINE('',#3535,#3536);
#3535 = CARTESIAN_POINT('',(-3.48E+03,783.,727.908));
#3536 = VECTOR('',#3537,1.);
#3537 = DIRECTION('',(0.,0.,1.));
#3538 = ORIENTED_EDGE('',*,*,#3539,.T.);
#3539 = EDGE_CURVE('',#3530,#3540,#3542,.T.);
#3540 = VERTEX_POINT('',#3541);
#3541 = CARTESIAN_POINT('',(-3.48E+03,1.039E+03,727.908));
#3542 = LINE('',#3543,#3544);
#3543 = CARTESIAN_POINT('',(-3.48E+03,783.,727.908));
#3544 = VECTOR('',#3545,1.);
#3545 = DIRECTION('',(0.,1.,0.));
#3546 = ORIENTED_EDGE('',*,*,#3547,.T.);
#3547 = EDGE_CURVE('',#3540,#3548,#3550,.T.);
#3548 = VERTEX_POINT('',#3549);
#3549 = CARTESIAN_POINT('',(-3.48E+03,1.039E+03,2.227908E+03));
#3550 = LINE('',#3551,#3552);
#3551 = CARTESIAN_POINT('',(-3.48E+03,1.039E+03,727.908));
#3552 = VECTOR('',#3553,1.);
#3553 = DIRECTION('',(0.,0.,1.));
#3554 = ORIENTED_EDGE('',*,*,#3555,.F.);
#3555 = EDGE_CURVE('',#3532,#3548,#3556,.T.);
#3556 = LINE('',#3557,#3558);
#3557 = CARTESIAN_POINT('',(-3.48E+03,783.,2.227908E+03));
#3558 = VECTOR('',#3559,1.);
#3559 = DIRECTION('',(0.,1.,0.));
#3560 = PLANE('',#3561);
#3561 = AXIS2_PLACEMENT_3D('',#3562,#3563,#3564);
#3562 = CARTESIAN_POINT('',(-3.48E+03,783.,727.908));
#3563 = DIRECTION('',(1.,0.,0.));
#3564 = DIRECTION('',(0.,0.,1.));
#3565 = ADVANCED_FACE('',(#3566),#3582,.F.);
#3566 = FACE_BOUND('',#3567,.F.);
#3567 = EDGE_LOOP('',(#3568,#3574,#3575,#3581));
#3568 = ORIENTED_EDGE('',*,*,#3569,.F.);
#3569 = EDGE_CURVE('',#3490,#3530,#3570,.T.);
#3570 = LINE('',#3571,#3572);
#3571 = CARTESIAN_POINT('',(-3.498E+03,783.,727.908));
#3572 = VECTOR('',#3573,1.);
#3573 = DIRECTION('',(1.,0.,0.));
#3574 = ORIENTED_EDGE('',*,*,#3489,.T.);
#3575 = ORIENTED_EDGE('',*,*,#3576,.T.);
#3576 = EDGE_CURVE('',#3492,#3532,#3577,.T.);
#3577 = LINE('',#3578,#3579);
#3578 = CARTESIAN_POINT('',(-3.498E+03,783.,2.227908E+03));
#3579 = VECTOR('',#3580,1.);
#3580 = DIRECTION('',(1.,0.,0.));
#3581 = ORIENTED_EDGE('',*,*,#3529,.F.);
#3582 = PLANE('',#3583);
#3583 = AXIS2_PLACEMENT_3D('',#3584,#3585,#3586);
#3584 = CARTESIAN_POINT('',(-3.498E+03,783.,727.908));
#3585 = DIRECTION('',(0.,1.,0.));
#3586 = DIRECTION('',(0.,0.,1.));
#3587 = ADVANCED_FACE('',(#3588),#3604,.T.);
#3588 = FACE_BOUND('',#3589,.T.);
#3589 = EDGE_LOOP('',(#3590,#3596,#3597,#3603));
#3590 = ORIENTED_EDGE('',*,*,#3591,.F.);
#3591 = EDGE_CURVE('',#3500,#3540,#3592,.T.);
#3592 = LINE('',#3593,#3594);
#3593 = CARTESIAN_POINT('',(-3.498E+03,1.039E+03,727.908));
#3594 = VECTOR('',#3595,1.);
#3595 = DIRECTION('',(1.,0.,0.));
#3596 = ORIENTED_EDGE('',*,*,#3507,.T.);
#3597 = ORIENTED_EDGE('',*,*,#3598,.T.);
#3598 = EDGE_CURVE('',#3508,#3548,#3599,.T.);
#3599 = LINE('',#3600,#3601);
#3600 = CARTESIAN_POINT('',(-3.498E+03,1.039E+03,2.227908E+03));
#3601 = VECTOR('',#3602,1.);
#3602 = DIRECTION('',(1.,0.,0.));
#3603 = ORIENTED_EDGE('',*,*,#3547,.F.);
#3604 = PLANE('',#3605);
#3605 = AXIS2_PLACEMENT_3D('',#3606,#3607,#3608);
#3606 = CARTESIAN_POINT('',(-3.498E+03,1.039E+03,727.908));
#3607 = DIRECTION('',(0.,1.,0.));
#3608 = DIRECTION('',(0.,0.,1.));
#3609 = ADVANCED_FACE('',(#3610),#3616,.F.);
#3610 = FACE_BOUND('',#3611,.F.);
#3611 = EDGE_LOOP('',(#3612,#3613,#3614,#3615));
#3612 = ORIENTED_EDGE('',*,*,#3499,.F.);
#3613 = ORIENTED_EDGE('',*,*,#3569,.T.);
#3614 = ORIENTED_EDGE('',*,*,#3539,.T.);
#3615 = ORIENTED_EDGE('',*,*,#3591,.F.);
#3616 = PLANE('',#3617);
#3617 = AXIS2_PLACEMENT_3D('',#3618,#3619,#3620);
#3618 = CARTESIAN_POINT('',(-3.498E+03,783.,727.908));
#3619 = DIRECTION('',(0.,0.,1.));
#3620 = DIRECTION('',(1.,0.,0.));
#3621 = ADVANCED_FACE('',(#3622),#3628,.T.);
#3622 = FACE_BOUND('',#3623,.T.);
#3623 = EDGE_LOOP('',(#3624,#3625,#3626,#3627));
#3624 = ORIENTED_EDGE('',*,*,#3515,.F.);
#3625 = ORIENTED_EDGE('',*,*,#3576,.T.);
#3626 = ORIENTED_EDGE('',*,*,#3555,.T.);
#3627 = ORIENTED_EDGE('',*,*,#3598,.F.);
#3628 = PLANE('',#3629);
#3629 = AXIS2_PLACEMENT_3D('',#3630,#3631,#3632);
#3630 = CARTESIAN_POINT('',(-3.498E+03,783.,2.227908E+03));
#3631 = DIRECTION('',(0.,0.,1.));
#3632 = DIRECTION('',(1.,0.,0.));
#3633 = MANIFOLD_SOLID_BREP('',#3634);
#3634 = CLOSED_SHELL('',(#3635,#3675,#3715,#3737,#3759,#3771));
#3635 = ADVANCED_FACE('',(#3636),#3670,.F.);
#3636 = FACE_BOUND('',#3637,.F.);
#3637 = EDGE_LOOP('',(#3638,#3648,#3656,#3664));
#3638 = ORIENTED_EDGE('',*,*,#3639,.F.);
#3639 = EDGE_CURVE('',#3640,#3642,#3644,.T.);
#3640 = VERTEX_POINT('',#3641);
#3641 = CARTESIAN_POINT('',(-3.498E+03,1.043E+03,727.908));
#3642 = VERTEX_POINT('',#3643);
#3643 = CARTESIAN_POINT('',(-3.498E+03,1.043E+03,2.227908E+03));
#3644 = LINE('',#3645,#3646);
#3645 = CARTESIAN_POINT('',(-3.498E+03,1.043E+03,727.908));
#3646 = VECTOR('',#3647,1.);
#3647 = DIRECTION('',(0.,0.,1.));
#3648 = ORIENTED_EDGE('',*,*,#3649,.T.);
#3649 = EDGE_CURVE('',#3640,#3650,#3652,.T.);
#3650 = VERTEX_POINT('',#3651);
#3651 = CARTESIAN_POINT('',(-3.498E+03,1.299E+03,727.908));
#3652 = LINE('',#3653,#3654);
#3653 = CARTESIAN_POINT('',(-3.498E+03,1.043E+03,727.908));
#3654 = VECTOR('',#3655,1.);
#3655 = DIRECTION('',(0.,1.,0.));
#3656 = ORIENTED_EDGE('',*,*,#3657,.T.);
#3657 = EDGE_CURVE('',#3650,#3658,#3660,.T.);
#3658 = VERTEX_POINT('',#3659);
#3659 = CARTESIAN_POINT('',(-3.498E+03,1.299E+03,2.227908E+03));
#3660 = LINE('',#3661,#3662);
#3661 = CARTESIAN_POINT('',(-3.498E+03,1.299E+03,727.908));
#3662 = VECTOR('',#3663,1.);
#3663 = DIRECTION('',(0.,0.,1.));
#3664 = ORIENTED_EDGE('',*,*,#3665,.F.);
#3665 = EDGE_CURVE('',#3642,#3658,#3666,.T.);
#3666 = LINE('',#3667,#3668);
#3667 = CARTESIAN_POINT('',(-3.498E+03,1.043E+03,2.227908E+03));
#3668 = VECTOR('',#3669,1.);
#3669 = DIRECTION('',(0.,1.,0.));
#3670 = PLANE('',#3671);
#3671 = AXIS2_PLACEMENT_3D('',#3672,#3673,#3674);
#3672 = CARTESIAN_POINT('',(-3.498E+03,1.043E+03,727.908));
#3673 = DIRECTION('',(1.,0.,0.));
#3674 = DIRECTION('',(0.,0.,1.));
#3675 = ADVANCED_FACE('',(#3676),#3710,.T.);
#3676 = FACE_BOUND('',#3677,.T.);
#3677 = EDGE_LOOP('',(#3678,#3688,#3696,#3704));
#3678 = ORIENTED_EDGE('',*,*,#3679,.F.);
#3679 = EDGE_CURVE('',#3680,#3682,#3684,.T.);
#3680 = VERTEX_POINT('',#3681);
#3681 = CARTESIAN_POINT('',(-3.48E+03,1.043E+03,727.908));
#3682 = VERTEX_POINT('',#3683);
#3683 = CARTESIAN_POINT('',(-3.48E+03,1.043E+03,2.227908E+03));
#3684 = LINE('',#3685,#3686);
#3685 = CARTESIAN_POINT('',(-3.48E+03,1.043E+03,727.908));
#3686 = VECTOR('',#3687,1.);
#3687 = DIRECTION('',(0.,0.,1.));
#3688 = ORIENTED_EDGE('',*,*,#3689,.T.);
#3689 = EDGE_CURVE('',#3680,#3690,#3692,.T.);
#3690 = VERTEX_POINT('',#3691);
#3691 = CARTESIAN_POINT('',(-3.48E+03,1.299E+03,727.908));
#3692 = LINE('',#3693,#3694);
#3693 = CARTESIAN_POINT('',(-3.48E+03,1.043E+03,727.908));
#3694 = VECTOR('',#3695,1.);
#3695 = DIRECTION('',(0.,1.,0.));
#3696 = ORIENTED_EDGE('',*,*,#3697,.T.);
#3697 = EDGE_CURVE('',#3690,#3698,#3700,.T.);
#3698 = VERTEX_POINT('',#3699);
#3699 = CARTESIAN_POINT('',(-3.48E+03,1.299E+03,2.227908E+03));
#3700 = LINE('',#3701,#3702);
#3701 = CARTESIAN_POINT('',(-3.48E+03,1.299E+03,727.908));
#3702 = VECTOR('',#3703,1.);
#3703 = DIRECTION('',(0.,0.,1.));
#3704 = ORIENTED_EDGE('',*,*,#3705,.F.);
#3705 = EDGE_CURVE('',#3682,#3698,#3706,.T.);
#3706 = LINE('',#3707,#3708);
#3707 = CARTESIAN_POINT('',(-3.48E+03,1.043E+03,2.227908E+03));
#3708 = VECTOR('',#3709,1.);
#3709 = DIRECTION('',(0.,1.,0.));
#3710 = PLANE('',#3711);
#3711 = AXIS2_PLACEMENT_3D('',#3712,#3713,#3714);
#3712 = CARTESIAN_POINT('',(-3.48E+03,1.043E+03,727.908));
#3713 = DIRECTION('',(1.,0.,0.));
#3714 = DIRECTION('',(0.,0.,1.));
#3715 = ADVANCED_FACE('',(#3716),#3732,.F.);
#3716 = FACE_BOUND('',#3717,.F.);
#3717 = EDGE_LOOP('',(#3718,#3724,#3725,#3731));
#3718 = ORIENTED_EDGE('',*,*,#3719,.F.);
#3719 = EDGE_CURVE('',#3640,#3680,#3720,.T.);
#3720 = LINE('',#3721,#3722);
#3721 = CARTESIAN_POINT('',(-3.498E+03,1.043E+03,727.908));
#3722 = VECTOR('',#3723,1.);
#3723 = DIRECTION('',(1.,0.,0.));
#3724 = ORIENTED_EDGE('',*,*,#3639,.T.);
#3725 = ORIENTED_EDGE('',*,*,#3726,.T.);
#3726 = EDGE_CURVE('',#3642,#3682,#3727,.T.);
#3727 = LINE('',#3728,#3729);
#3728 = CARTESIAN_POINT('',(-3.498E+03,1.043E+03,2.227908E+03));
#3729 = VECTOR('',#3730,1.);
#3730 = DIRECTION('',(1.,0.,0.));
#3731 = ORIENTED_EDGE('',*,*,#3679,.F.);
#3732 = PLANE('',#3733);
#3733 = AXIS2_PLACEMENT_3D('',#3734,#3735,#3736);
#3734 = CARTESIAN_POINT('',(-3.498E+03,1.043E+03,727.908));
#3735 = DIRECTION('',(0.,1.,0.));
#3736 = DIRECTION('',(0.,0.,1.));
#3737 = ADVANCED_FACE('',(#3738),#3754,.T.);
#3738 = FACE_BOUND('',#3739,.T.);
#3739 = EDGE_LOOP('',(#3740,#3746,#3747,#3753));
#3740 = ORIENTED_EDGE('',*,*,#3741,.F.);
#3741 = EDGE_CURVE('',#3650,#3690,#3742,.T.);
#3742 = LINE('',#3743,#3744);
#3743 = CARTESIAN_POINT('',(-3.498E+03,1.299E+03,727.908));
#3744 = VECTOR('',#3745,1.);
#3745 = DIRECTION('',(1.,0.,0.));
#3746 = ORIENTED_EDGE('',*,*,#3657,.T.);
#3747 = ORIENTED_EDGE('',*,*,#3748,.T.);
#3748 = EDGE_CURVE('',#3658,#3698,#3749,.T.);
#3749 = LINE('',#3750,#3751);
#3750 = CARTESIAN_POINT('',(-3.498E+03,1.299E+03,2.227908E+03));
#3751 = VECTOR('',#3752,1.);
#3752 = DIRECTION('',(1.,0.,0.));
#3753 = ORIENTED_EDGE('',*,*,#3697,.F.);
#3754 = PLANE('',#3755);
#3755 = AXIS2_PLACEMENT_3D('',#3756,#3757,#3758);
#3756 = CARTESIAN_POINT('',(-3.498E+03,1.299E+03,727.908));
#3757 = DIRECTION('',(0.,1.,0.));
#3758 = DIRECTION('',(0.,0.,1.));
#3759 = ADVANCED_FACE('',(#3760),#3766,.F.);
#3760 = FACE_BOUND('',#3761,.F.);
#3761 = EDGE_LOOP('',(#3762,#3763,#3764,#3765));
#3762 = ORIENTED_EDGE('',*,*,#3649,.F.);
#3763 = ORIENTED_EDGE('',*,*,#3719,.T.);
#3764 = ORIENTED_EDGE('',*,*,#3689,.T.);
#3765 = ORIENTED_EDGE('',*,*,#3741,.F.);
#3766 = PLANE('',#3767);
#3767 = AXIS2_PLACEMENT_3D('',#3768,#3769,#3770);
#3768 = CARTESIAN_POINT('',(-3.498E+03,1.043E+03,727.908));
#3769 = DIRECTION('',(0.,0.,1.));
#3770 = DIRECTION('',(1.,0.,0.));
#3771 = ADVANCED_FACE('',(#3772),#3778,.T.);
#3772 = FACE_BOUND('',#3773,.T.);
#3773 = EDGE_LOOP('',(#3774,#3775,#3776,#3777));
#3774 = ORIENTED_EDGE('',*,*,#3665,.F.);
#3775 = ORIENTED_EDGE('',*,*,#3726,.T.);
#3776 = ORIENTED_EDGE('',*,*,#3705,.T.);
#3777 = ORIENTED_EDGE('',*,*,#3748,.F.);
#3778 = PLANE('',#3779);
#3779 = AXIS2_PLACEMENT_3D('',#3780,#3781,#3782);
#3780 = CARTESIAN_POINT('',(-3.498E+03,1.043E+03,2.227908E+03));
#3781 = DIRECTION('',(0.,0.,1.));
#3782 = DIRECTION('',(1.,0.,0.));
#3783 = MANIFOLD_SOLID_BREP('',#3784);
#3784 = CLOSED_SHELL('',(#3785,#3825,#3865,#3887,#3909,#3921));
#3785 = ADVANCED_FACE('',(#3786),#3820,.F.);
#3786 = FACE_BOUND('',#3787,.F.);
#3787 = EDGE_LOOP('',(#3788,#3798,#3806,#3814));
#3788 = ORIENTED_EDGE('',*,*,#3789,.F.);
#3789 = EDGE_CURVE('',#3790,#3792,#3794,.T.);
#3790 = VERTEX_POINT('',#3791);
#3791 = CARTESIAN_POINT('',(-3.498E+03,1.303E+03,727.908));
#3792 = VERTEX_POINT('',#3793);
#3793 = CARTESIAN_POINT('',(-3.498E+03,1.303E+03,2.227908E+03));
#3794 = LINE('',#3795,#3796);
#3795 = CARTESIAN_POINT('',(-3.498E+03,1.303E+03,727.908));
#3796 = VECTOR('',#3797,1.);
#3797 = DIRECTION('',(0.,0.,1.));
#3798 = ORIENTED_EDGE('',*,*,#3799,.T.);
#3799 = EDGE_CURVE('',#3790,#3800,#3802,.T.);
#3800 = VERTEX_POINT('',#3801);
#3801 = CARTESIAN_POINT('',(-3.498E+03,1.559E+03,727.908));
#3802 = LINE('',#3803,#3804);
#3803 = CARTESIAN_POINT('',(-3.498E+03,1.303E+03,727.908));
#3804 = VECTOR('',#3805,1.);
#3805 = DIRECTION('',(0.,1.,0.));
#3806 = ORIENTED_EDGE('',*,*,#3807,.T.);
#3807 = EDGE_CURVE('',#3800,#3808,#3810,.T.);
#3808 = VERTEX_POINT('',#3809);
#3809 = CARTESIAN_POINT('',(-3.498E+03,1.559E+03,2.227908E+03));
#3810 = LINE('',#3811,#3812);
#3811 = CARTESIAN_POINT('',(-3.498E+03,1.559E+03,727.908));
#3812 = VECTOR('',#3813,1.);
#3813 = DIRECTION('',(0.,0.,1.));
#3814 = ORIENTED_EDGE('',*,*,#3815,.F.);
#3815 = EDGE_CURVE('',#3792,#3808,#3816,.T.);
#3816 = LINE('',#3817,#3818);
#3817 = CARTESIAN_POINT('',(-3.498E+03,1.303E+03,2.227908E+03));
#3818 = VECTOR('',#3819,1.);
#3819 = DIRECTION('',(0.,1.,0.));
#3820 = PLANE('',#3821);
#3821 = AXIS2_PLACEMENT_3D('',#3822,#3823,#3824);
#3822 = CARTESIAN_POINT('',(-3.498E+03,1.303E+03,727.908));
#3823 = DIRECTION('',(1.,0.,0.));
#3824 = DIRECTION('',(0.,0.,1.));
#3825 = ADVANCED_FACE('',(#3826),#3860,.T.);
#3826 = FACE_BOUND('',#3827,.T.);
#3827 = EDGE_LOOP('',(#3828,#3838,#3846,#3854));
#3828 = ORIENTED_EDGE('',*,*,#3829,.F.);
#3829 = EDGE_CURVE('',#3830,#3832,#3834,.T.);
#3830 = VERTEX_POINT('',#3831);
#3831 = CARTESIAN_POINT('',(-3.48E+03,1.303E+03,727.908));
#3832 = VERTEX_POINT('',#3833);
#3833 = CARTESIAN_POINT('',(-3.48E+03,1.303E+03,2.227908E+03));
#3834 = LINE('',#3835,#3836);
#3835 = CARTESIAN_POINT('',(-3.48E+03,1.303E+03,727.908));
#3836 = VECTOR('',#3837,1.);
#3837 = DIRECTION('',(0.,0.,1.));
#3838 = ORIENTED_EDGE('',*,*,#3839,.T.);
#3839 = EDGE_CURVE('',#3830,#3840,#3842,.T.);
#3840 = VERTEX_POINT('',#3841);
#3841 = CARTESIAN_POINT('',(-3.48E+03,1.559E+03,727.908));
#3842 = LINE('',#3843,#3844);
#3843 = CARTESIAN_POINT('',(-3.48E+03,1.303E+03,727.908));
#3844 = VECTOR('',#3845,1.);
#3845 = DIRECTION('',(0.,1.,0.));
#3846 = ORIENTED_EDGE('',*,*,#3847,.T.);
#3847 = EDGE_CURVE('',#3840,#3848,#3850,.T.);
#3848 = VERTEX_POINT('',#3849);
#3849 = CARTESIAN_POINT('',(-3.48E+03,1.559E+03,2.227908E+03));
#3850 = LINE('',#3851,#3852);
#3851 = CARTESIAN_POINT('',(-3.48E+03,1.559E+03,727.908));
#3852 = VECTOR('',#3853,1.);
#3853 = DIRECTION('',(0.,0.,1.));
#3854 = ORIENTED_EDGE('',*,*,#3855,.F.);
#3855 = EDGE_CURVE('',#3832,#3848,#3856,.T.);
#3856 = LINE('',#3857,#3858);
#3857 = CARTESIAN_POINT('',(-3.48E+03,1.303E+03,2.227908E+03));
#3858 = VECTOR('',#3859,1.);
#3859 = DIRECTION('',(0.,1.,0.));
#3860 = PLANE('',#3861);
#3861 = AXIS2_PLACEMENT_3D('',#3862,#3863,#3864);
#3862 = CARTESIAN_POINT('',(-3.48E+03,1.303E+03,727.908));
#3863 = DIRECTION('',(1.,0.,0.));
#3864 = DIRECTION('',(0.,0.,1.));
#3865 = ADVANCED_FACE('',(#3866),#3882,.F.);
#3866 = FACE_BOUND('',#3867,.F.);
#3867 = EDGE_LOOP('',(#3868,#3874,#3875,#3881));
#3868 = ORIENTED_EDGE('',*,*,#3869,.F.);
#3869 = EDGE_CURVE('',#3790,#3830,#3870,.T.);
#3870 = LINE('',#3871,#3872);
#3871 = CARTESIAN_POINT('',(-3.498E+03,1.303E+03,727.908));
#3872 = VECTOR('',#3873,1.);
#3873 = DIRECTION('',(1.,0.,0.));
#3874 = ORIENTED_EDGE('',*,*,#3789,.T.);
#3875 = ORIENTED_EDGE('',*,*,#3876,.T.);
#3876 = EDGE_CURVE('',#3792,#3832,#3877,.T.);
#3877 = LINE('',#3878,#3879);
#3878 = CARTESIAN_POINT('',(-3.498E+03,1.303E+03,2.227908E+03));
#3879 = VECTOR('',#3880,1.);
#3880 = DIRECTION('',(1.,0.,0.));
#3881 = ORIENTED_EDGE('',*,*,#3829,.F.);
#3882 = PLANE('',#3883);
#3883 = AXIS2_PLACEMENT_3D('',#3884,#3885,#3886);
#3884 = CARTESIAN_POINT('',(-3.498E+03,1.303E+03,727.908));
#3885 = DIRECTION('',(0.,1.,0.));
#3886 = DIRECTION('',(0.,0.,1.));
#3887 = ADVANCED_FACE('',(#3888),#3904,.T.);
#3888 = FACE_BOUND('',#3889,.T.);
#3889 = EDGE_LOOP('',(#3890,#3896,#3897,#3903));
#3890 = ORIENTED_EDGE('',*,*,#3891,.F.);
#3891 = EDGE_CURVE('',#3800,#3840,#3892,.T.);
#3892 = LINE('',#3893,#3894);
#3893 = CARTESIAN_POINT('',(-3.498E+03,1.559E+03,727.908));
#3894 = VECTOR('',#3895,1.);
#3895 = DIRECTION('',(1.,0.,0.));
#3896 = ORIENTED_EDGE('',*,*,#3807,.T.);
#3897 = ORIENTED_EDGE('',*,*,#3898,.T.);
#3898 = EDGE_CURVE('',#3808,#3848,#3899,.T.);
#3899 = LINE('',#3900,#3901);
#3900 = CARTESIAN_POINT('',(-3.498E+03,1.559E+03,2.227908E+03));
#3901 = VECTOR('',#3902,1.);
#3902 = DIRECTION('',(1.,0.,0.));
#3903 = ORIENTED_EDGE('',*,*,#3847,.F.);
#3904 = PLANE('',#3905);
#3905 = AXIS2_PLACEMENT_3D('',#3906,#3907,#3908);
#3906 = CARTESIAN_POINT('',(-3.498E+03,1.559E+03,727.908));
#3907 = DIRECTION('',(0.,1.,0.));
#3908 = DIRECTION('',(0.,0.,1.));
#3909 = ADVANCED_FACE('',(#3910),#3916,.F.);
#3910 = FACE_BOUND('',#3911,.F.);
#3911 = EDGE_LOOP('',(#3912,#3913,#3914,#3915));
#3912 = ORIENTED_EDGE('',*,*,#3799,.F.);
#3913 = ORIENTED_EDGE('',*,*,#3869,.T.);
#3914 = ORIENTED_EDGE('',*,*,#3839,.T.);
#3915 = ORIENTED_EDGE('',*,*,#3891,.F.);
#3916 = PLANE('',#3917);
#3917 = AXIS2_PLACEMENT_3D('',#3918,#3919,#3920);
#3918 = CARTESIAN_POINT('',(-3.498E+03,1.303E+03,727.908));
#3919 = DIRECTION('',(0.,0.,1.));
#3920 = DIRECTION('',(1.,0.,0.));
#3921 = ADVANCED_FACE('',(#3922),#3928,.T.);
#3922 = FACE_BOUND('',#3923,.T.);
#3923 = EDGE_LOOP('',(#3924,#3925,#3926,#3927));
#3924 = ORIENTED_EDGE('',*,*,#3815,.F.);
#3925 = ORIENTED_EDGE('',*,*,#3876,.T.);
#3926 = ORIENTED_EDGE('',*,*,#3855,.T.);
#3927 = ORIENTED_EDGE('',*,*,#3898,.F.);
#3928 = PLANE('',#3929);
#3929 = AXIS2_PLACEMENT_3D('',#3930,#3931,#3932);
#3930 = CARTESIAN_POINT('',(-3.498E+03,1.303E+03,2.227908E+03));
#3931 = DIRECTION('',(0.,0.,1.));
#3932 = DIRECTION('',(1.,0.,0.));
#3933 = MANIFOLD_SOLID_BREP('',#3934);
#3934 = CLOSED_SHELL('',(#3935,#3975,#4015,#4037,#4059,#4071));
#3935 = ADVANCED_FACE('',(#3936),#3970,.F.);
#3936 = FACE_BOUND('',#3937,.F.);
#3937 = EDGE_LOOP('',(#3938,#3948,#3956,#3964));
#3938 = ORIENTED_EDGE('',*,*,#3939,.F.);
#3939 = EDGE_CURVE('',#3940,#3942,#3944,.T.);
#3940 = VERTEX_POINT('',#3941);
#3941 = CARTESIAN_POINT('',(-3.498E+03,1.563E+03,727.908));
#3942 = VERTEX_POINT('',#3943);
#3943 = CARTESIAN_POINT('',(-3.498E+03,1.563E+03,2.227908E+03));
#3944 = LINE('',#3945,#3946);
#3945 = CARTESIAN_POINT('',(-3.498E+03,1.563E+03,727.908));
#3946 = VECTOR('',#3947,1.);
#3947 = DIRECTION('',(0.,0.,1.));
#3948 = ORIENTED_EDGE('',*,*,#3949,.T.);
#3949 = EDGE_CURVE('',#3940,#3950,#3952,.T.);
#3950 = VERTEX_POINT('',#3951);
#3951 = CARTESIAN_POINT('',(-3.498E+03,1.819E+03,727.908));
#3952 = LINE('',#3953,#3954);
#3953 = CARTESIAN_POINT('',(-3.498E+03,1.563E+03,727.908));
#3954 = VECTOR('',#3955,1.);
#3955 = DIRECTION('',(0.,1.,0.));
#3956 = ORIENTED_EDGE('',*,*,#3957,.T.);
#3957 = EDGE_CURVE('',#3950,#3958,#3960,.T.);
#3958 = VERTEX_POINT('',#3959);
#3959 = CARTESIAN_POINT('',(-3.498E+03,1.819E+03,2.227908E+03));
#3960 = LINE('',#3961,#3962);
#3961 = CARTESIAN_POINT('',(-3.498E+03,1.819E+03,727.908));
#3962 = VECTOR('',#3963,1.);
#3963 = DIRECTION('',(0.,0.,1.));
#3964 = ORIENTED_EDGE('',*,*,#3965,.F.);
#3965 = EDGE_CURVE('',#3942,#3958,#3966,.T.);
#3966 = LINE('',#3967,#3968);
#3967 = CARTESIAN_POINT('',(-3.498E+03,1.563E+03,2.227908E+03));
#3968 = VECTOR('',#3969,1.);
#3969 = DIRECTION('',(0.,1.,0.));
#3970 = PLANE('',#3971);
#3971 = AXIS2_PLACEMENT_3D('',#3972,#3973,#3974);
#3972 = CARTESIAN_POINT('',(-3.498E+03,1.563E+03,727.908));
#3973 = DIRECTION('',(1.,0.,0.));
#3974 = DIRECTION('',(0.,0.,1.));
#3975 = ADVANCED_FACE('',(#3976),#4010,.T.);
#3976 = FACE_BOUND('',#3977,.T.);
#3977 = EDGE_LOOP('',(#3978,#3988,#3996,#4004));
#3978 = ORIENTED_EDGE('',*,*,#3979,.F.);
#3979 = EDGE_CURVE('',#3980,#3982,#3984,.T.);
#3980 = VERTEX_POINT('',#3981);
#3981 = CARTESIAN_POINT('',(-3.48E+03,1.563E+03,727.908));
#3982 = VERTEX_POINT('',#3983);
#3983 = CARTESIAN_POINT('',(-3.48E+03,1.563E+03,2.227908E+03));
#3984 = LINE('',#3985,#3986);
#3985 = CARTESIAN_POINT('',(-3.48E+03,1.563E+03,727.908));
#3986 = VECTOR('',#3987,1.);
#3987 = DIRECTION('',(0.,0.,1.));
#3988 = ORIENTED_EDGE('',*,*,#3989,.T.);
#3989 = EDGE_CURVE('',#3980,#3990,#3992,.T.);
#3990 = VERTEX_POINT('',#3991);
#3991 = CARTESIAN_POINT('',(-3.48E+03,1.819E+03,727.908));
#3992 = LINE('',#3993,#3994);
#3993 = CARTESIAN_POINT('',(-3.48E+03,1.563E+03,727.908));
#3994 = VECTOR('',#3995,1.);
#3995 = DIRECTION('',(0.,1.,0.));
#3996 = ORIENTED_EDGE('',*,*,#3997,.T.);
#3997 = EDGE_CURVE('',#3990,#3998,#4000,.T.);
#3998 = VERTEX_POINT('',#3999);
#3999 = CARTESIAN_POINT('',(-3.48E+03,1.819E+03,2.227908E+03));
#4000 = LINE('',#4001,#4002);
#4001 = CARTESIAN_POINT('',(-3.48E+03,1.819E+03,727.908));
#4002 = VECTOR('',#4003,1.);
#4003 = DIRECTION('',(0.,0.,1.));
#4004 = ORIENTED_EDGE('',*,*,#4005,.F.);
#4005 = EDGE_CURVE('',#3982,#3998,#4006,.T.);
#4006 = LINE('',#4007,#4008);
#4007 = CARTESIAN_POINT('',(-3.48E+03,1.563E+03,2.227908E+03));
#4008 = VECTOR('',#4009,1.);
#4009 = DIRECTION('',(0.,1.,0.));
#4010 = PLANE('',#4011);
#4011 = AXIS2_PLACEMENT_3D('',#4012,#4013,#4014);
#4012 = CARTESIAN_POINT('',(-3.48E+03,1.563E+03,727.908));
#4013 = DIRECTION('',(1.,0.,0.));
#4014 = DIRECTION('',(0.,0.,1.));
#4015 = ADVANCED_FACE('',(#4016),#4032,.F.);
#4016 = FACE_BOUND('',#4017,.F.);
#4017 = EDGE_LOOP('',(#4018,#4024,#4025,#4031));
#4018 = ORIENTED_EDGE('',*,*,#4019,.F.);
#4019 = EDGE_CURVE('',#3940,#3980,#4020,.T.);
#4020 = LINE('',#4021,#4022);
#4021 = CARTESIAN_POINT('',(-3.498E+03,1.563E+03,727.908));
#4022 = VECTOR('',#4023,1.);
#4023 = DIRECTION('',(1.,0.,0.));
#4024 = ORIENTED_EDGE('',*,*,#3939,.T.);
#4025 = ORIENTED_EDGE('',*,*,#4026,.T.);
#4026 = EDGE_CURVE('',#3942,#3982,#4027,.T.);
#4027 = LINE('',#4028,#4029);
#4028 = CARTESIAN_POINT('',(-3.498E+03,1.563E+03,2.227908E+03));
#4029 = VECTOR('',#4030,1.);
#4030 = DIRECTION('',(1.,0.,0.));
#4031 = ORIENTED_EDGE('',*,*,#3979,.F.);
#4032 = PLANE('',#4033);
#4033 = AXIS2_PLACEMENT_3D('',#4034,#4035,#4036);
#4034 = CARTESIAN_POINT('',(-3.498E+03,1.563E+03,727.908));
#4035 = DIRECTION('',(0.,1.,0.));
#4036 = DIRECTION('',(0.,0.,1.));
#4037 = ADVANCED_FACE('',(#4038),#4054,.T.);
#4038 = FACE_BOUND('',#4039,.T.);
#4039 = EDGE_LOOP('',(#4040,#4046,#4047,#4053));
#4040 = ORIENTED_EDGE('',*,*,#4041,.F.);
#4041 = EDGE_CURVE('',#3950,#3990,#4042,.T.);
#4042 = LINE('',#4043,#4044);
#4043 = CARTESIAN_POINT('',(-3.498E+03,1.819E+03,727.908));
#4044 = VECTOR('',#4045,1.);
#4045 = DIRECTION('',(1.,0.,0.));
#4046 = ORIENTED_EDGE('',*,*,#3957,.T.);
#4047 = ORIENTED_EDGE('',*,*,#4048,.T.);
#4048 = EDGE_CURVE('',#3958,#3998,#4049,.T.);
#4049 = LINE('',#4050,#4051);
#4050 = CARTESIAN_POINT('',(-3.498E+03,1.819E+03,2.227908E+03));
#4051 = VECTOR('',#4052,1.);
#4052 = DIRECTION('',(1.,0.,0.));
#4053 = ORIENTED_EDGE('',*,*,#3997,.F.);
#4054 = PLANE('',#4055);
#4055 = AXIS2_PLACEMENT_3D('',#4056,#4057,#4058);
#4056 = CARTESIAN_POINT('',(-3.498E+03,1.819E+03,727.908));
#4057 = DIRECTION('',(0.,1.,0.));
#4058 = DIRECTION('',(0.,0.,1.));
#4059 = ADVANCED_FACE('',(#4060),#4066,.F.);
#4060 = FACE_BOUND('',#4061,.F.);
#4061 = EDGE_LOOP('',(#4062,#4063,#4064,#4065));
#4062 = ORIENTED_EDGE('',*,*,#3949,.F.);
#4063 = ORIENTED_EDGE('',*,*,#4019,.T.);
#4064 = ORIENTED_EDGE('',*,*,#3989,.T.);
#4065 = ORIENTED_EDGE('',*,*,#4041,.F.);
#4066 = PLANE('',#4067);
#4067 = AXIS2_PLACEMENT_3D('',#4068,#4069,#4070);
#4068 = CARTESIAN_POINT('',(-3.498E+03,1.563E+03,727.908));
#4069 = DIRECTION('',(0.,0.,1.));
#4070 = DIRECTION('',(1.,0.,0.));
#4071 = ADVANCED_FACE('',(#4072),#4078,.T.);
#4072 = FACE_BOUND('',#4073,.T.);
#4073 = EDGE_LOOP('',(#4074,#4075,#4076,#4077));
#4074 = ORIENTED_EDGE('',*,*,#3965,.F.);
#4075 = ORIENTED_EDGE('',*,*,#4026,.T.);
#4076 = ORIENTED_EDGE('',*,*,#4005,.T.);
#4077 = ORIENTED_EDGE('',*,*,#4048,.F.);
#4078 = PLANE('',#4079);
#4079 = AXIS2_PLACEMENT_3D('',#4080,#4081,#4082);
#4080 = CARTESIAN_POINT('',(-3.498E+03,1.563E+03,2.227908E+03));
#4081 = DIRECTION('',(0.,0.,1.));
#4082 = DIRECTION('',(1.,0.,0.));
#4083 = MANIFOLD_SOLID_BREP('',#4084);
#4084 = CLOSED_SHELL('',(#4085,#4125,#4165,#4187,#4209,#4221));
#4085 = ADVANCED_FACE('',(#4086),#4120,.F.);
#4086 = FACE_BOUND('',#4087,.F.);
#4087 = EDGE_LOOP('',(#4088,#4098,#4106,#4114));
#4088 = ORIENTED_EDGE('',*,*,#4089,.F.);
#4089 = EDGE_CURVE('',#4090,#4092,#4094,.T.);
#4090 = VERTEX_POINT('',#4091);
#4091 = CARTESIAN_POINT('',(-3.498E+03,1.823E+03,727.908));
#4092 = VERTEX_POINT('',#4093);
#4093 = CARTESIAN_POINT('',(-3.498E+03,1.823E+03,2.227908E+03));
#4094 = LINE('',#4095,#4096);
#4095 = CARTESIAN_POINT('',(-3.498E+03,1.823E+03,727.908));
#4096 = VECTOR('',#4097,1.);
#4097 = DIRECTION('',(0.,0.,1.));
#4098 = ORIENTED_EDGE('',*,*,#4099,.T.);
#4099 = EDGE_CURVE('',#4090,#4100,#4102,.T.);
#4100 = VERTEX_POINT('',#4101);
#4101 = CARTESIAN_POINT('',(-3.498E+03,2.079E+03,727.908));
#4102 = LINE('',#4103,#4104);
#4103 = CARTESIAN_POINT('',(-3.498E+03,1.823E+03,727.908));
#4104 = VECTOR('',#4105,1.);
#4105 = DIRECTION('',(0.,1.,0.));
#4106 = ORIENTED_EDGE('',*,*,#4107,.T.);
#4107 = EDGE_CURVE('',#4100,#4108,#4110,.T.);
#4108 = VERTEX_POINT('',#4109);
#4109 = CARTESIAN_POINT('',(-3.498E+03,2.079E+03,2.227908E+03));
#4110 = LINE('',#4111,#4112);
#4111 = CARTESIAN_POINT('',(-3.498E+03,2.079E+03,727.908));
#4112 = VECTOR('',#4113,1.);
#4113 = DIRECTION('',(0.,0.,1.));
#4114 = ORIENTED_EDGE('',*,*,#4115,.F.);
#4115 = EDGE_CURVE('',#4092,#4108,#4116,.T.);
#4116 = LINE('',#4117,#4118);
#4117 = CARTESIAN_POINT('',(-3.498E+03,1.823E+03,2.227908E+03));
#4118 = VECTOR('',#4119,1.);
#4119 = DIRECTION('',(0.,1.,0.));
#4120 = PLANE('',#4121);
#4121 = AXIS2_PLACEMENT_3D('',#4122,#4123,#4124);
#4122 = CARTESIAN_POINT('',(-3.498E+03,1.823E+03,727.908));
#4123 = DIRECTION('',(1.,0.,0.));
#4124 = DIRECTION('',(0.,0.,1.));
#4125 = ADVANCED_FACE('',(#4126),#4160,.T.);
#4126 = FACE_BOUND('',#4127,.T.);
#4127 = EDGE_LOOP('',(#4128,#4138,#4146,#4154));
#4128 = ORIENTED_EDGE('',*,*,#4129,.F.);
#4129 = EDGE_CURVE('',#4130,#4132,#4134,.T.);
#4130 = VERTEX_POINT('',#4131);
#4131 = CARTESIAN_POINT('',(-3.48E+03,1.823E+03,727.908));
#4132 = VERTEX_POINT('',#4133);
#4133 = CARTESIAN_POINT('',(-3.48E+03,1.823E+03,2.227908E+03));
#4134 = LINE('',#4135,#4136);
#4135 = CARTESIAN_POINT('',(-3.48E+03,1.823E+03,727.908));
#4136 = VECTOR('',#4137,1.);
#4137 = DIRECTION('',(0.,0.,1.));
#4138 = ORIENTED_EDGE('',*,*,#4139,.T.);
#4139 = EDGE_CURVE('',#4130,#4140,#4142,.T.);
#4140 = VERTEX_POINT('',#4141);
#4141 = CARTESIAN_POINT('',(-3.48E+03,2.079E+03,727.908));
#4142 = LINE('',#4143,#4144);
#4143 = CARTESIAN_POINT('',(-3.48E+03,1.823E+03,727.908));
#4144 = VECTOR('',#4145,1.);
#4145 = DIRECTION('',(0.,1.,0.));
#4146 = ORIENTED_EDGE('',*,*,#4147,.T.);
#4147 = EDGE_CURVE('',#4140,#4148,#4150,.T.);
#4148 = VERTEX_POINT('',#4149);
#4149 = CARTESIAN_POINT('',(-3.48E+03,2.079E+03,2.227908E+03));
#4150 = LINE('',#4151,#4152);
#4151 = CARTESIAN_POINT('',(-3.48E+03,2.079E+03,727.908));
#4152 = VECTOR('',#4153,1.);
#4153 = DIRECTION('',(0.,0.,1.));
#4154 = ORIENTED_EDGE('',*,*,#4155,.F.);
#4155 = EDGE_CURVE('',#4132,#4148,#4156,.T.);
#4156 = LINE('',#4157,#4158);
#4157 = CARTESIAN_POINT('',(-3.48E+03,1.823E+03,2.227908E+03));
#4158 = VECTOR('',#4159,1.);
#4159 = DIRECTION('',(0.,1.,0.));
#4160 = PLANE('',#4161);
#4161 = AXIS2_PLACEMENT_3D('',#4162,#4163,#4164);
#4162 = CARTESIAN_POINT('',(-3.48E+03,1.823E+03,727.908));
#4163 = DIRECTION('',(1.,0.,0.));
#4164 = DIRECTION('',(0.,0.,1.));
#4165 = ADVANCED_FACE('',(#4166),#4182,.F.);
#4166 = FACE_BOUND('',#4167,.F.);
#4167 = EDGE_LOOP('',(#4168,#4174,#4175,#4181));
#4168 = ORIENTED_EDGE('',*,*,#4169,.F.);
#4169 = EDGE_CURVE('',#4090,#4130,#4170,.T.);
#4170 = LINE('',#4171,#4172);
#4171 = CARTESIAN_POINT('',(-3.498E+03,1.823E+03,727.908));
#4172 = VECTOR('',#4173,1.);
#4173 = DIRECTION('',(1.,0.,0.));
#4174 = ORIENTED_EDGE('',*,*,#4089,.T.);
#4175 = ORIENTED_EDGE('',*,*,#4176,.T.);
#4176 = EDGE_CURVE('',#4092,#4132,#4177,.T.);
#4177 = LINE('',#4178,#4179);
#4178 = CARTESIAN_POINT('',(-3.498E+03,1.823E+03,2.227908E+03));
#4179 = VECTOR('',#4180,1.);
#4180 = DIRECTION('',(1.,0.,0.));
#4181 = ORIENTED_EDGE('',*,*,#4129,.F.);
#4182 = PLANE('',#4183);
#4183 = AXIS2_PLACEMENT_3D('',#4184,#4185,#4186);
#4184 = CARTESIAN_POINT('',(-3.498E+03,1.823E+03,727.908));
#4185 = DIRECTION('',(0.,1.,0.));
#4186 = DIRECTION('',(0.,0.,1.));
#4187 = ADVANCED_FACE('',(#4188),#4204,.T.);
#4188 = FACE_BOUND('',#4189,.T.);
#4189 = EDGE_LOOP('',(#4190,#4196,#4197,#4203));
#4190 = ORIENTED_EDGE('',*,*,#4191,.F.);
#4191 = EDGE_CURVE('',#4100,#4140,#4192,.T.);
#4192 = LINE('',#4193,#4194);
#4193 = CARTESIAN_POINT('',(-3.498E+03,2.079E+03,727.908));
#4194 = VECTOR('',#4195,1.);
#4195 = DIRECTION('',(1.,0.,0.));
#4196 = ORIENTED_EDGE('',*,*,#4107,.T.);
#4197 = ORIENTED_EDGE('',*,*,#4198,.T.);
#4198 = EDGE_CURVE('',#4108,#4148,#4199,.T.);
#4199 = LINE('',#4200,#4201);
#4200 = CARTESIAN_POINT('',(-3.498E+03,2.079E+03,2.227908E+03));
#4201 = VECTOR('',#4202,1.);
#4202 = DIRECTION('',(1.,0.,0.));
#4203 = ORIENTED_EDGE('',*,*,#4147,.F.);
#4204 = PLANE('',#4205);
#4205 = AXIS2_PLACEMENT_3D('',#4206,#4207,#4208);
#4206 = CARTESIAN_POINT('',(-3.498E+03,2.079E+03,727.908));
#4207 = DIRECTION('',(0.,1.,0.));
#4208 = DIRECTION('',(0.,0.,1.));
#4209 = ADVANCED_FACE('',(#4210),#4216,.F.);
#4210 = FACE_BOUND('',#4211,.F.);
#4211 = EDGE_LOOP('',(#4212,#4213,#4214,#4215));
#4212 = ORIENTED_EDGE('',*,*,#4099,.F.);
#4213 = ORIENTED_EDGE('',*,*,#4169,.T.);
#4214 = ORIENTED_EDGE('',*,*,#4139,.T.);
#4215 = ORIENTED_EDGE('',*,*,#4191,.F.);
#4216 = PLANE('',#4217);
#4217 = AXIS2_PLACEMENT_3D('',#4218,#4219,#4220);
#4218 = CARTESIAN_POINT('',(-3.498E+03,1.823E+03,727.908));
#4219 = DIRECTION('',(0.,0.,1.));
#4220 = DIRECTION('',(1.,0.,0.));
#4221 = ADVANCED_FACE('',(#4222),#4228,.T.);
#4222 = FACE_BOUND('',#4223,.T.);
#4223 = EDGE_LOOP('',(#4224,#4225,#4226,#4227));
#4224 = ORIENTED_EDGE('',*,*,#4115,.F.);
#4225 = ORIENTED_EDGE('',*,*,#4176,.T.);
#4226 = ORIENTED_EDGE('',*,*,#4155,.T.);
#4227 = ORIENTED_EDGE('',*,*,#4198,.F.);
#4228 = PLANE('',#4229);
#4229 = AXIS2_PLACEMENT_3D('',#4230,#4231,#4232);
#4230 = CARTESIAN_POINT('',(-3.498E+03,1.823E+03,2.227908E+03));
#4231 = DIRECTION('',(0.,0.,1.));
#4232 = DIRECTION('',(1.,0.,0.));
#4233 = MANIFOLD_SOLID_BREP('',#4234);
#4234 = CLOSED_SHELL('',(#4235,#4275,#4315,#4337,#4359,#4371));
#4235 = ADVANCED_FACE('',(#4236),#4270,.F.);
#4236 = FACE_BOUND('',#4237,.F.);
#4237 = EDGE_LOOP('',(#4238,#4248,#4256,#4264));
#4238 = ORIENTED_EDGE('',*,*,#4239,.F.);
#4239 = EDGE_CURVE('',#4240,#4242,#4244,.T.);
#4240 = VERTEX_POINT('',#4241);
#4241 = CARTESIAN_POINT('',(-3.498E+03,2.083E+03,727.908));
#4242 = VERTEX_POINT('',#4243);
#4243 = CARTESIAN_POINT('',(-3.498E+03,2.083E+03,2.227908E+03));
#4244 = LINE('',#4245,#4246);
#4245 = CARTESIAN_POINT('',(-3.498E+03,2.083E+03,727.908));
#4246 = VECTOR('',#4247,1.);
#4247 = DIRECTION('',(0.,0.,1.));
#4248 = ORIENTED_EDGE('',*,*,#4249,.T.);
#4249 = EDGE_CURVE('',#4240,#4250,#4252,.T.);
#4250 = VERTEX_POINT('',#4251);
#4251 = CARTESIAN_POINT('',(-3.498E+03,2.339E+03,727.908));
#4252 = LINE('',#4253,#4254);
#4253 = CARTESIAN_POINT('',(-3.498E+03,2.083E+03,727.908));
#4254 = VECTOR('',#4255,1.);
#4255 = DIRECTION('',(0.,1.,0.));
#4256 = ORIENTED_EDGE('',*,*,#4257,.T.);
#4257 = EDGE_CURVE('',#4250,#4258,#4260,.T.);
#4258 = VERTEX_POINT('',#4259);
#4259 = CARTESIAN_POINT('',(-3.498E+03,2.339E+03,2.227908E+03));
#4260 = LINE('',#4261,#4262);
#4261 = CARTESIAN_POINT('',(-3.498E+03,2.339E+03,727.908));
#4262 = VECTOR('',#4263,1.);
#4263 = DIRECTION('',(0.,0.,1.));
#4264 = ORIENTED_EDGE('',*,*,#4265,.F.);
#4265 = EDGE_CURVE('',#4242,#4258,#4266,.T.);
#4266 = LINE('',#4267,#4268);
#4267 = CARTESIAN_POINT('',(-3.498E+03,2.083E+03,2.227908E+03));
#4268 = VECTOR('',#4269,1.);
#4269 = DIRECTION('',(0.,1.,0.));
#4270 = PLANE('',#4271);
#4271 = AXIS2_PLACEMENT_3D('',#4272,#4273,#4274);
#4272 = CARTESIAN_POINT('',(-3.498E+03,2.083E+03,727.908));
#4273 = DIRECTION('',(1.,0.,0.));
#4274 = DIRECTION('',(0.,0.,1.));
#4275 = ADVANCED_FACE('',(#4276),#4310,.T.);
#4276 = FACE_BOUND('',#4277,.T.);
#4277 = EDGE_LOOP('',(#4278,#4288,#4296,#4304));
#4278 = ORIENTED_EDGE('',*,*,#4279,.F.);
#4279 = EDGE_CURVE('',#4280,#4282,#4284,.T.);
#4280 = VERTEX_POINT('',#4281);
#4281 = CARTESIAN_POINT('',(-3.48E+03,2.083E+03,727.908));
#4282 = VERTEX_POINT('',#4283);
#4283 = CARTESIAN_POINT('',(-3.48E+03,2.083E+03,2.227908E+03));
#4284 = LINE('',#4285,#4286);
#4285 = CARTESIAN_POINT('',(-3.48E+03,2.083E+03,727.908));
#4286 = VECTOR('',#4287,1.);
#4287 = DIRECTION('',(0.,0.,1.));
#4288 = ORIENTED_EDGE('',*,*,#4289,.T.);
#4289 = EDGE_CURVE('',#4280,#4290,#4292,.T.);
#4290 = VERTEX_POINT('',#4291);
#4291 = CARTESIAN_POINT('',(-3.48E+03,2.339E+03,727.908));
#4292 = LINE('',#4293,#4294);
#4293 = CARTESIAN_POINT('',(-3.48E+03,2.083E+03,727.908));
#4294 = VECTOR('',#4295,1.);
#4295 = DIRECTION('',(0.,1.,0.));
#4296 = ORIENTED_EDGE('',*,*,#4297,.T.);
#4297 = EDGE_CURVE('',#4290,#4298,#4300,.T.);
#4298 = VERTEX_POINT('',#4299);
#4299 = CARTESIAN_POINT('',(-3.48E+03,2.339E+03,2.227908E+03));
#4300 = LINE('',#4301,#4302);
#4301 = CARTESIAN_POINT('',(-3.48E+03,2.339E+03,727.908));
#4302 = VECTOR('',#4303,1.);
#4303 = DIRECTION('',(0.,0.,1.));
#4304 = ORIENTED_EDGE('',*,*,#4305,.F.);
#4305 = EDGE_CURVE('',#4282,#4298,#4306,.T.);
#4306 = LINE('',#4307,#4308);
#4307 = CARTESIAN_POINT('',(-3.48E+03,2.083E+03,2.227908E+03));
#4308 = VECTOR('',#4309,1.);
#4309 = DIRECTION('',(0.,1.,0.));
#4310 = PLANE('',#4311);
#4311 = AXIS2_PLACEMENT_3D('',#4312,#4313,#4314);
#4312 = CARTESIAN_POINT('',(-3.48E+03,2.083E+03,727.908));
#4313 = DIRECTION('',(1.,0.,0.));
#4314 = DIRECTION('',(0.,0.,1.));
#4315 = ADVANCED_FACE('',(#4316),#4332,.F.);
#4316 = FACE_BOUND('',#4317,.F.);
#4317 = EDGE_LOOP('',(#4318,#4324,#4325,#4331));
#4318 = ORIENTED_EDGE('',*,*,#4319,.F.);
#4319 = EDGE_CURVE('',#4240,#4280,#4320,.T.);
#4320 = LINE('',#4321,#4322);
#4321 = CARTESIAN_POINT('',(-3.498E+03,2.083E+03,727.908));
#4322 = VECTOR('',#4323,1.);
#4323 = DIRECTION('',(1.,0.,0.));
#4324 = ORIENTED_EDGE('',*,*,#4239,.T.);
#4325 = ORIENTED_EDGE('',*,*,#4326,.T.);
#4326 = EDGE_CURVE('',#4242,#4282,#4327,.T.);
#4327 = LINE('',#4328,#4329);
#4328 = CARTESIAN_POINT('',(-3.498E+03,2.083E+03,2.227908E+03));
#4329 = VECTOR('',#4330,1.);
#4330 = DIRECTION('',(1.,0.,0.));
#4331 = ORIENTED_EDGE('',*,*,#4279,.F.);
#4332 = PLANE('',#4333);
#4333 = AXIS2_PLACEMENT_3D('',#4334,#4335,#4336);
#4334 = CARTESIAN_POINT('',(-3.498E+03,2.083E+03,727.908));
#4335 = DIRECTION('',(0.,1.,0.));
#4336 = DIRECTION('',(0.,0.,1.));
#4337 = ADVANCED_FACE('',(#4338),#4354,.T.);
#4338 = FACE_BOUND('',#4339,.T.);
#4339 = EDGE_LOOP('',(#4340,#4346,#4347,#4353));
#4340 = ORIENTED_EDGE('',*,*,#4341,.F.);
#4341 = EDGE_CURVE('',#4250,#4290,#4342,.T.);
#4342 = LINE('',#4343,#4344);
#4343 = CARTESIAN_POINT('',(-3.498E+03,2.339E+03,727.908));
#4344 = VECTOR('',#4345,1.);
#4345 = DIRECTION('',(1.,0.,0.));
#4346 = ORIENTED_EDGE('',*,*,#4257,.T.);
#4347 = ORIENTED_EDGE('',*,*,#4348,.T.);
#4348 = EDGE_CURVE('',#4258,#4298,#4349,.T.);
#4349 = LINE('',#4350,#4351);
#4350 = CARTESIAN_POINT('',(-3.498E+03,2.339E+03,2.227908E+03));
#4351 = VECTOR('',#4352,1.);
#4352 = DIRECTION('',(1.,0.,0.));
#4353 = ORIENTED_EDGE('',*,*,#4297,.F.);
#4354 = PLANE('',#4355);
#4355 = AXIS2_PLACEMENT_3D('',#4356,#4357,#4358);
#4356 = CARTESIAN_POINT('',(-3.498E+03,2.339E+03,727.908));
#4357 = DIRECTION('',(0.,1.,0.));
#4358 = DIRECTION('',(0.,0.,1.));
#4359 = ADVANCED_FACE('',(#4360),#4366,.F.);
#4360 = FACE_BOUND('',#4361,.F.);
#4361 = EDGE_LOOP('',(#4362,#4363,#4364,#4365));
#4362 = ORIENTED_EDGE('',*,*,#4249,.F.);
#4363 = ORIENTED_EDGE('',*,*,#4319,.T.);
#4364 = ORIENTED_EDGE('',*,*,#4289,.T.);
#4365 = ORIENTED_EDGE('',*,*,#4341,.F.);
#4366 = PLANE('',#4367);
#4367 = AXIS2_PLACEMENT_3D('',#4368,#4369,#4370);
#4368 = CARTESIAN_POINT('',(-3.498E+03,2.083E+03,727.908));
#4369 = DIRECTION('',(0.,0.,1.));
#4370 = DIRECTION('',(1.,0.,0.));
#4371 = ADVANCED_FACE('',(#4372),#4378,.T.);
#4372 = FACE_BOUND('',#4373,.T.);
#4373 = EDGE_LOOP('',(#4374,#4375,#4376,#4377));
#4374 = ORIENTED_EDGE('',*,*,#4265,.F.);
#4375 = ORIENTED_EDGE('',*,*,#4326,.T.);
#4376 = ORIENTED_EDGE('',*,*,#4305,.T.);
#4377 = ORIENTED_EDGE('',*,*,#4348,.F.);
#4378 = PLANE('',#4379);
#4379 = AXIS2_PLACEMENT_3D('',#4380,#4381,#4382);
#4380 = CARTESIAN_POINT('',(-3.498E+03,2.083E+03,2.227908E+03));
#4381 = DIRECTION('',(0.,0.,1.));
#4382 = DIRECTION('',(1.,0.,0.));
#4383 = MANIFOLD_SOLID_BREP('',#4384);
#4384 = CLOSED_SHELL('',(#4385,#4425,#4465,#4487,#4509,#4521));
#4385 = ADVANCED_FACE('',(#4386),#4420,.F.);
#4386 = FACE_BOUND('',#4387,.F.);
#4387 = EDGE_LOOP('',(#4388,#4398,#4406,#4414));
#4388 = ORIENTED_EDGE('',*,*,#4389,.F.);
#4389 = EDGE_CURVE('',#4390,#4392,#4394,.T.);
#4390 = VERTEX_POINT('',#4391);
#4391 = CARTESIAN_POINT('',(-3.498E+03,2.343E+03,727.908));
#4392 = VERTEX_POINT('',#4393);
#4393 = CARTESIAN_POINT('',(-3.498E+03,2.343E+03,2.227908E+03));
#4394 = LINE('',#4395,#4396);
#4395 = CARTESIAN_POINT('',(-3.498E+03,2.343E+03,727.908));
#4396 = VECTOR('',#4397,1.);
#4397 = DIRECTION('',(0.,0.,1.));
#4398 = ORIENTED_EDGE('',*,*,#4399,.T.);
#4399 = EDGE_CURVE('',#4390,#4400,#4402,.T.);
#4400 = VERTEX_POINT('',#4401);
#4401 = CARTESIAN_POINT('',(-3.498E+03,2.599E+03,727.908));
#4402 = LINE('',#4403,#4404);
#4403 = CARTESIAN_POINT('',(-3.498E+03,2.343E+03,727.908));
#4404 = VECTOR('',#4405,1.);
#4405 = DIRECTION('',(0.,1.,0.));
#4406 = ORIENTED_EDGE('',*,*,#4407,.T.);
#4407 = EDGE_CURVE('',#4400,#4408,#4410,.T.);
#4408 = VERTEX_POINT('',#4409);
#4409 = CARTESIAN_POINT('',(-3.498E+03,2.599E+03,2.227908E+03));
#4410 = LINE('',#4411,#4412);
#4411 = CARTESIAN_POINT('',(-3.498E+03,2.599E+03,727.908));
#4412 = VECTOR('',#4413,1.);
#4413 = DIRECTION('',(0.,0.,1.));
#4414 = ORIENTED_EDGE('',*,*,#4415,.F.);
#4415 = EDGE_CURVE('',#4392,#4408,#4416,.T.);
#4416 = LINE('',#4417,#4418);
#4417 = CARTESIAN_POINT('',(-3.498E+03,2.343E+03,2.227908E+03));
#4418 = VECTOR('',#4419,1.);
#4419 = DIRECTION('',(0.,1.,0.));
#4420 = PLANE('',#4421);
#4421 = AXIS2_PLACEMENT_3D('',#4422,#4423,#4424);
#4422 = CARTESIAN_POINT('',(-3.498E+03,2.343E+03,727.908));
#4423 = DIRECTION('',(1.,0.,0.));
#4424 = DIRECTION('',(0.,0.,1.));
#4425 = ADVANCED_FACE('',(#4426),#4460,.T.);
#4426 = FACE_BOUND('',#4427,.T.);
#4427 = EDGE_LOOP('',(#4428,#4438,#4446,#4454));
#4428 = ORIENTED_EDGE('',*,*,#4429,.F.);
#4429 = EDGE_CURVE('',#4430,#4432,#4434,.T.);
#4430 = VERTEX_POINT('',#4431);
#4431 = CARTESIAN_POINT('',(-3.48E+03,2.343E+03,727.908));
#4432 = VERTEX_POINT('',#4433);
#4433 = CARTESIAN_POINT('',(-3.48E+03,2.343E+03,2.227908E+03));
#4434 = LINE('',#4435,#4436);
#4435 = CARTESIAN_POINT('',(-3.48E+03,2.343E+03,727.908));
#4436 = VECTOR('',#4437,1.);
#4437 = DIRECTION('',(0.,0.,1.));
#4438 = ORIENTED_EDGE('',*,*,#4439,.T.);
#4439 = EDGE_CURVE('',#4430,#4440,#4442,.T.);
#4440 = VERTEX_POINT('',#4441);
#4441 = CARTESIAN_POINT('',(-3.48E+03,2.599E+03,727.908));
#4442 = LINE('',#4443,#4444);
#4443 = CARTESIAN_POINT('',(-3.48E+03,2.343E+03,727.908));
#4444 = VECTOR('',#4445,1.);
#4445 = DIRECTION('',(0.,1.,0.));
#4446 = ORIENTED_EDGE('',*,*,#4447,.T.);
#4447 = EDGE_CURVE('',#4440,#4448,#4450,.T.);
#4448 = VERTEX_POINT('',#4449);
#4449 = CARTESIAN_POINT('',(-3.48E+03,2.599E+03,2.227908E+03));
#4450 = LINE('',#4451,#4452);
#4451 = CARTESIAN_POINT('',(-3.48E+03,2.599E+03,727.908));
#4452 = VECTOR('',#4453,1.);
#4453 = DIRECTION('',(0.,0.,1.));
#4454 = ORIENTED_EDGE('',*,*,#4455,.F.);
#4455 = EDGE_CURVE('',#4432,#4448,#4456,.T.);
#4456 = LINE('',#4457,#4458);
#4457 = CARTESIAN_POINT('',(-3.48E+03,2.343E+03,2.227908E+03));
#4458 = VECTOR('',#4459,1.);
#4459 = DIRECTION('',(0.,1.,0.));
#4460 = PLANE('',#4461);
#4461 = AXIS2_PLACEMENT_3D('',#4462,#4463,#4464);
#4462 = CARTESIAN_POINT('',(-3.48E+03,2.343E+03,727.908));
#4463 = DIRECTION('',(1.,0.,0.));
#4464 = DIRECTION('',(0.,0.,1.));
#4465 = ADVANCED_FACE('',(#4466),#4482,.F.);
#4466 = FACE_BOUND('',#4467,.F.);
#4467 = EDGE_LOOP('',(#4468,#4474,#4475,#4481));
#4468 = ORIENTED_EDGE('',*,*,#4469,.F.);
#4469 = EDGE_CURVE('',#4390,#4430,#4470,.T.);
#4470 = LINE('',#4471,#4472);
#4471 = CARTESIAN_POINT('',(-3.498E+03,2.343E+03,727.908));
#4472 = VECTOR('',#4473,1.);
#4473 = DIRECTION('',(1.,0.,0.));
#4474 = ORIENTED_EDGE('',*,*,#4389,.T.);
#4475 = ORIENTED_EDGE('',*,*,#4476,.T.);
#4476 = EDGE_CURVE('',#4392,#4432,#4477,.T.);
#4477 = LINE('',#4478,#4479);
#4478 = CARTESIAN_POINT('',(-3.498E+03,2.343E+03,2.227908E+03));
#4479 = VECTOR('',#4480,1.);
#4480 = DIRECTION('',(1.,0.,0.));
#4481 = ORIENTED_EDGE('',*,*,#4429,.F.);
#4482 = PLANE('',#4483);
#4483 = AXIS2_PLACEMENT_3D('',#4484,#4485,#4486);
#4484 = CARTESIAN_POINT('',(-3.498E+03,2.343E+03,727.908));
#4485 = DIRECTION('',(0.,1.,0.));
#4486 = DIRECTION('',(0.,0.,1.));
#4487 = ADVANCED_FACE('',(#4488),#4504,.T.);
#4488 = FACE_BOUND('',#4489,.T.);
#4489 = EDGE_LOOP('',(#4490,#4496,#4497,#4503));
#4490 = ORIENTED_EDGE('',*,*,#4491,.F.);
#4491 = EDGE_CURVE('',#4400,#4440,#4492,.T.);
#4492 = LINE('',#4493,#4494);
#4493 = CARTESIAN_POINT('',(-3.498E+03,2.599E+03,727.908));
#4494 = VECTOR('',#4495,1.);
#4495 = DIRECTION('',(1.,0.,0.));
#4496 = ORIENTED_EDGE('',*,*,#4407,.T.);
#4497 = ORIENTED_EDGE('',*,*,#4498,.T.);
#4498 = EDGE_CURVE('',#4408,#4448,#4499,.T.);
#4499 = LINE('',#4500,#4501);
#4500 = CARTESIAN_POINT('',(-3.498E+03,2.599E+03,2.227908E+03));
#4501 = VECTOR('',#4502,1.);
#4502 = DIRECTION('',(1.,0.,0.));
#4503 = ORIENTED_EDGE('',*,*,#4447,.F.);
#4504 = PLANE('',#4505);
#4505 = AXIS2_PLACEMENT_3D('',#4506,#4507,#4508);
#4506 = CARTESIAN_POINT('',(-3.498E+03,2.599E+03,727.908));
#4507 = DIRECTION('',(0.,1.,0.));
#4508 = DIRECTION('',(0.,0.,1.));
#4509 = ADVANCED_FACE('',(#4510),#4516,.F.);
#4510 = FACE_BOUND('',#4511,.F.);
#4511 = EDGE_LOOP('',(#4512,#4513,#4514,#4515));
#4512 = ORIENTED_EDGE('',*,*,#4399,.F.);
#4513 = ORIENTED_EDGE('',*,*,#4469,.T.);
#4514 = ORIENTED_EDGE('',*,*,#4439,.T.);
#4515 = ORIENTED_EDGE('',*,*,#4491,.F.);
#4516 = PLANE('',#4517);
#4517 = AXIS2_PLACEMENT_3D('',#4518,#4519,#4520);
#4518 = CARTESIAN_POINT('',(-3.498E+03,2.343E+03,727.908));
#4519 = DIRECTION('',(0.,0.,1.));
#4520 = DIRECTION('',(1.,0.,0.));
#4521 = ADVANCED_FACE('',(#4522),#4528,.T.);
#4522 = FACE_BOUND('',#4523,.T.);
#4523 = EDGE_LOOP('',(#4524,#4525,#4526,#4527));
#4524 = ORIENTED_EDGE('',*,*,#4415,.F.);
#4525 = ORIENTED_EDGE('',*,*,#4476,.T.);
#4526 = ORIENTED_EDGE('',*,*,#4455,.T.);
#4527 = ORIENTED_EDGE('',*,*,#4498,.F.);
#4528 = PLANE('',#4529);
#4529 = AXIS2_PLACEMENT_3D('',#4530,#4531,#4532);
#4530 = CARTESIAN_POINT('',(-3.498E+03,2.343E+03,2.227908E+03));
#4531 = DIRECTION('',(0.,0.,1.));
#4532 = DIRECTION('',(1.,0.,0.));
#4533 = MANIFOLD_SOLID_BREP('',#4534);
#4534 = CLOSED_SHELL('',(#4535,#4575,#4615,#4637,#4659,#4671));
#4535 = ADVANCED_FACE('',(#4536),#4570,.F.);
#4536 = FACE_BOUND('',#4537,.F.);
#4537 = EDGE_LOOP('',(#4538,#4548,#4556,#4564));
#4538 = ORIENTED_EDGE('',*,*,#4539,.F.);
#4539 = EDGE_CURVE('',#4540,#4542,#4544,.T.);
#4540 = VERTEX_POINT('',#4541);
#4541 = CARTESIAN_POINT('',(-3.501E+03,579.5,2.232908E+03));
#4542 = VERTEX_POINT('',#4543);
#4543 = CARTESIAN_POINT('',(-3.501E+03,579.5,2.332908E+03));
#4544 = LINE('',#4545,#4546);
#4545 = CARTESIAN_POINT('',(-3.501E+03,579.5,2.232908E+03));
#4546 = VECTOR('',#4547,1.);
#4547 = DIRECTION('',(0.,0.,1.));
#4548 = ORIENTED_EDGE('',*,*,#4549,.T.);
#4549 = EDGE_CURVE('',#4540,#4550,#4552,.T.);
#4550 = VERTEX_POINT('',#4551);
#4551 = CARTESIAN_POINT('',(-3.501E+03,2.7395E+03,2.232908E+03));
#4552 = LINE('',#4553,#4554);
#4553 = CARTESIAN_POINT('',(-3.501E+03,579.5,2.232908E+03));
#4554 = VECTOR('',#4555,1.);
#4555 = DIRECTION('',(0.,1.,0.));
#4556 = ORIENTED_EDGE('',*,*,#4557,.T.);
#4557 = EDGE_CURVE('',#4550,#4558,#4560,.T.);
#4558 = VERTEX_POINT('',#4559);
#4559 = CARTESIAN_POINT('',(-3.501E+03,2.7395E+03,2.332908E+03));
#4560 = LINE('',#4561,#4562);
#4561 = CARTESIAN_POINT('',(-3.501E+03,2.7395E+03,2.232908E+03));
#4562 = VECTOR('',#4563,1.);
#4563 = DIRECTION('',(0.,0.,1.));
#4564 = ORIENTED_EDGE('',*,*,#4565,.F.);
#4565 = EDGE_CURVE('',#4542,#4558,#4566,.T.);
#4566 = LINE('',#4567,#4568);
#4567 = CARTESIAN_POINT('',(-3.501E+03,579.5,2.332908E+03));
#4568 = VECTOR('',#4569,1.);
#4569 = DIRECTION('',(0.,1.,0.));
#4570 = PLANE('',#4571);
#4571 = AXIS2_PLACEMENT_3D('',#4572,#4573,#4574);
#4572 = CARTESIAN_POINT('',(-3.501E+03,579.5,2.232908E+03));
#4573 = DIRECTION('',(1.,0.,0.));
#4574 = DIRECTION('',(0.,0.,1.));
#4575 = ADVANCED_FACE('',(#4576),#4610,.T.);
#4576 = FACE_BOUND('',#4577,.T.);
#4577 = EDGE_LOOP('',(#4578,#4588,#4596,#4604));
#4578 = ORIENTED_EDGE('',*,*,#4579,.F.);
#4579 = EDGE_CURVE('',#4580,#4582,#4584,.T.);
#4580 = VERTEX_POINT('',#4581);
#4581 = CARTESIAN_POINT('',(-3.477E+03,579.5,2.232908E+03));
#4582 = VERTEX_POINT('',#4583);
#4583 = CARTESIAN_POINT('',(-3.477E+03,579.5,2.332908E+03));
#4584 = LINE('',#4585,#4586);
#4585 = CARTESIAN_POINT('',(-3.477E+03,579.5,2.232908E+03));
#4586 = VECTOR('',#4587,1.);
#4587 = DIRECTION('',(0.,0.,1.));
#4588 = ORIENTED_EDGE('',*,*,#4589,.T.);
#4589 = EDGE_CURVE('',#4580,#4590,#4592,.T.);
#4590 = VERTEX_POINT('',#4591);
#4591 = CARTESIAN_POINT('',(-3.477E+03,2.7395E+03,2.232908E+03));
#4592 = LINE('',#4593,#4594);
#4593 = CARTESIAN_POINT('',(-3.477E+03,579.5,2.232908E+03));
#4594 = VECTOR('',#4595,1.);
#4595 = DIRECTION('',(0.,1.,0.));
#4596 = ORIENTED_EDGE('',*,*,#4597,.T.);
#4597 = EDGE_CURVE('',#4590,#4598,#4600,.T.);
#4598 = VERTEX_POINT('',#4599);
#4599 = CARTESIAN_POINT('',(-3.477E+03,2.7395E+03,2.332908E+03));
#4600 = LINE('',#4601,#4602);
#4601 = CARTESIAN_POINT('',(-3.477E+03,2.7395E+03,2.232908E+03));
#4602 = VECTOR('',#4603,1.);
#4603 = DIRECTION('',(0.,0.,1.));
#4604 = ORIENTED_EDGE('',*,*,#4605,.F.);
#4605 = EDGE_CURVE('',#4582,#4598,#4606,.T.);
#4606 = LINE('',#4607,#4608);
#4607 = CARTESIAN_POINT('',(-3.477E+03,579.5,2.332908E+03));
#4608 = VECTOR('',#4609,1.);
#4609 = DIRECTION('',(0.,1.,0.));
#4610 = PLANE('',#4611);
#4611 = AXIS2_PLACEMENT_3D('',#4612,#4613,#4614);
#4612 = CARTESIAN_POINT('',(-3.477E+03,579.5,2.232908E+03));
#4613 = DIRECTION('',(1.,0.,0.));
#4614 = DIRECTION('',(0.,0.,1.));
#4615 = ADVANCED_FACE('',(#4616),#4632,.F.);
#4616 = FACE_BOUND('',#4617,.F.);
#4617 = EDGE_LOOP('',(#4618,#4624,#4625,#4631));
#4618 = ORIENTED_EDGE('',*,*,#4619,.F.);
#4619 = EDGE_CURVE('',#4540,#4580,#4620,.T.);
#4620 = LINE('',#4621,#4622);
#4621 = CARTESIAN_POINT('',(-3.501E+03,579.5,2.232908E+03));
#4622 = VECTOR('',#4623,1.);
#4623 = DIRECTION('',(1.,0.,0.));
#4624 = ORIENTED_EDGE('',*,*,#4539,.T.);
#4625 = ORIENTED_EDGE('',*,*,#4626,.T.);
#4626 = EDGE_CURVE('',#4542,#4582,#4627,.T.);
#4627 = LINE('',#4628,#4629);
#4628 = CARTESIAN_POINT('',(-3.501E+03,579.5,2.332908E+03));
#4629 = VECTOR('',#4630,1.);
#4630 = DIRECTION('',(1.,0.,0.));
#4631 = ORIENTED_EDGE('',*,*,#4579,.F.);
#4632 = PLANE('',#4633);
#4633 = AXIS2_PLACEMENT_3D('',#4634,#4635,#4636);
#4634 = CARTESIAN_POINT('',(-3.501E+03,579.5,2.232908E+03));
#4635 = DIRECTION('',(0.,1.,0.));
#4636 = DIRECTION('',(0.,0.,1.));
#4637 = ADVANCED_FACE('',(#4638),#4654,.T.);
#4638 = FACE_BOUND('',#4639,.T.);
#4639 = EDGE_LOOP('',(#4640,#4646,#4647,#4653));
#4640 = ORIENTED_EDGE('',*,*,#4641,.F.);
#4641 = EDGE_CURVE('',#4550,#4590,#4642,.T.);
#4642 = LINE('',#4643,#4644);
#4643 = CARTESIAN_POINT('',(-3.501E+03,2.7395E+03,2.232908E+03));
#4644 = VECTOR('',#4645,1.);
#4645 = DIRECTION('',(1.,0.,0.));
#4646 = ORIENTED_EDGE('',*,*,#4557,.T.);
#4647 = ORIENTED_EDGE('',*,*,#4648,.T.);
#4648 = EDGE_CURVE('',#4558,#4598,#4649,.T.);
#4649 = LINE('',#4650,#4651);
#4650 = CARTESIAN_POINT('',(-3.501E+03,2.7395E+03,2.332908E+03));
#4651 = VECTOR('',#4652,1.);
#4652 = DIRECTION('',(1.,0.,0.));
#4653 = ORIENTED_EDGE('',*,*,#4597,.F.);
#4654 = PLANE('',#4655);
#4655 = AXIS2_PLACEMENT_3D('',#4656,#4657,#4658);
#4656 = CARTESIAN_POINT('',(-3.501E+03,2.7395E+03,2.232908E+03));
#4657 = DIRECTION('',(0.,1.,0.));
#4658 = DIRECTION('',(0.,0.,1.));
#4659 = ADVANCED_FACE('',(#4660),#4666,.F.);
#4660 = FACE_BOUND('',#4661,.F.);
#4661 = EDGE_LOOP('',(#4662,#4663,#4664,#4665));
#4662 = ORIENTED_EDGE('',*,*,#4549,.F.);
#4663 = ORIENTED_EDGE('',*,*,#4619,.T.);
#4664 = ORIENTED_EDGE('',*,*,#4589,.T.);
#4665 = ORIENTED_EDGE('',*,*,#4641,.F.);
#4666 = PLANE('',#4667);
#4667 = AXIS2_PLACEMENT_3D('',#4668,#4669,#4670);
#4668 = CARTESIAN_POINT('',(-3.501E+03,579.5,2.232908E+03));
#4669 = DIRECTION('',(0.,0.,1.));
#4670 = DIRECTION('',(1.,0.,0.));
#4671 = ADVANCED_FACE('',(#4672),#4678,.T.);
#4672 = FACE_BOUND('',#4673,.T.);
#4673 = EDGE_LOOP('',(#4674,#4675,#4676,#4677));
#4674 = ORIENTED_EDGE('',*,*,#4565,.F.);
#4675 = ORIENTED_EDGE('',*,*,#4626,.T.);
#4676 = ORIENTED_EDGE('',*,*,#4605,.T.);
#4677 = ORIENTED_EDGE('',*,*,#4648,.F.);
#4678 = PLANE('',#4679);
#4679 = AXIS2_PLACEMENT_3D('',#4680,#4681,#4682);
#4680 = CARTESIAN_POINT('',(-3.501E+03,579.5,2.332908E+03));
#4681 = DIRECTION('',(0.,0.,1.));
#4682 = DIRECTION('',(1.,0.,0.));
#4683 = MANIFOLD_SOLID_BREP('',#4684);
#4684 = CLOSED_SHELL('',(#4685,#4725,#4765,#4787,#4809,#4821));
#4685 = ADVANCED_FACE('',(#4686),#4720,.F.);
#4686 = FACE_BOUND('',#4687,.F.);
#4687 = EDGE_LOOP('',(#4688,#4698,#4706,#4714));
#4688 = ORIENTED_EDGE('',*,*,#4689,.F.);
#4689 = EDGE_CURVE('',#4690,#4692,#4694,.T.);
#4690 = VERTEX_POINT('',#4691);
#4691 = CARTESIAN_POINT('',(-3.485E+03,584.5,2.213908E+03));
#4692 = VERTEX_POINT('',#4693);
#4693 = CARTESIAN_POINT('',(-3.485E+03,584.5,2.235908E+03));
#4694 = LINE('',#4695,#4696);
#4695 = CARTESIAN_POINT('',(-3.485E+03,584.5,2.213908E+03));
#4696 = VECTOR('',#4697,1.);
#4697 = DIRECTION('',(0.,0.,1.));
#4698 = ORIENTED_EDGE('',*,*,#4699,.T.);
#4699 = EDGE_CURVE('',#4690,#4700,#4702,.T.);
#4700 = VERTEX_POINT('',#4701);
#4701 = CARTESIAN_POINT('',(-3.485E+03,2.7345E+03,2.213908E+03));
#4702 = LINE('',#4703,#4704);
#4703 = CARTESIAN_POINT('',(-3.485E+03,584.5,2.213908E+03));
#4704 = VECTOR('',#4705,1.);
#4705 = DIRECTION('',(0.,1.,0.));
#4706 = ORIENTED_EDGE('',*,*,#4707,.T.);
#4707 = EDGE_CURVE('',#4700,#4708,#4710,.T.);
#4708 = VERTEX_POINT('',#4709);
#4709 = CARTESIAN_POINT('',(-3.485E+03,2.7345E+03,2.235908E+03));
#4710 = LINE('',#4711,#4712);
#4711 = CARTESIAN_POINT('',(-3.485E+03,2.7345E+03,2.213908E+03));
#4712 = VECTOR('',#4713,1.);
#4713 = DIRECTION('',(0.,0.,1.));
#4714 = ORIENTED_EDGE('',*,*,#4715,.F.);
#4715 = EDGE_CURVE('',#4692,#4708,#4716,.T.);
#4716 = LINE('',#4717,#4718);
#4717 = CARTESIAN_POINT('',(-3.485E+03,584.5,2.235908E+03));
#4718 = VECTOR('',#4719,1.);
#4719 = DIRECTION('',(0.,1.,0.));
#4720 = PLANE('',#4721);
#4721 = AXIS2_PLACEMENT_3D('',#4722,#4723,#4724);
#4722 = CARTESIAN_POINT('',(-3.485E+03,584.5,2.213908E+03));
#4723 = DIRECTION('',(1.,0.,0.));
#4724 = DIRECTION('',(0.,0.,1.));
#4725 = ADVANCED_FACE('',(#4726),#4760,.T.);
#4726 = FACE_BOUND('',#4727,.T.);
#4727 = EDGE_LOOP('',(#4728,#4738,#4746,#4754));
#4728 = ORIENTED_EDGE('',*,*,#4729,.F.);
#4729 = EDGE_CURVE('',#4730,#4732,#4734,.T.);
#4730 = VERTEX_POINT('',#4731);
#4731 = CARTESIAN_POINT('',(-3.453E+03,584.5,2.213908E+03));
#4732 = VERTEX_POINT('',#4733);
#4733 = CARTESIAN_POINT('',(-3.453E+03,584.5,2.235908E+03));
#4734 = LINE('',#4735,#4736);
#4735 = CARTESIAN_POINT('',(-3.453E+03,584.5,2.213908E+03));
#4736 = VECTOR('',#4737,1.);
#4737 = DIRECTION('',(0.,0.,1.));
#4738 = ORIENTED_EDGE('',*,*,#4739,.T.);
#4739 = EDGE_CURVE('',#4730,#4740,#4742,.T.);
#4740 = VERTEX_POINT('',#4741);
#4741 = CARTESIAN_POINT('',(-3.453E+03,2.7345E+03,2.213908E+03));
#4742 = LINE('',#4743,#4744);
#4743 = CARTESIAN_POINT('',(-3.453E+03,584.5,2.213908E+03));
#4744 = VECTOR('',#4745,1.);
#4745 = DIRECTION('',(0.,1.,0.));
#4746 = ORIENTED_EDGE('',*,*,#4747,.T.);
#4747 = EDGE_CURVE('',#4740,#4748,#4750,.T.);
#4748 = VERTEX_POINT('',#4749);
#4749 = CARTESIAN_POINT('',(-3.453E+03,2.7345E+03,2.235908E+03));
#4750 = LINE('',#4751,#4752);
#4751 = CARTESIAN_POINT('',(-3.453E+03,2.7345E+03,2.213908E+03));
#4752 = VECTOR('',#4753,1.);
#4753 = DIRECTION('',(0.,0.,1.));
#4754 = ORIENTED_EDGE('',*,*,#4755,.F.);
#4755 = EDGE_CURVE('',#4732,#4748,#4756,.T.);
#4756 = LINE('',#4757,#4758);
#4757 = CARTESIAN_POINT('',(-3.453E+03,584.5,2.235908E+03));
#4758 = VECTOR('',#4759,1.);
#4759 = DIRECTION('',(0.,1.,0.));
#4760 = PLANE('',#4761);
#4761 = AXIS2_PLACEMENT_3D('',#4762,#4763,#4764);
#4762 = CARTESIAN_POINT('',(-3.453E+03,584.5,2.213908E+03));
#4763 = DIRECTION('',(1.,0.,0.));
#4764 = DIRECTION('',(0.,0.,1.));
#4765 = ADVANCED_FACE('',(#4766),#4782,.F.);
#4766 = FACE_BOUND('',#4767,.F.);
#4767 = EDGE_LOOP('',(#4768,#4774,#4775,#4781));
#4768 = ORIENTED_EDGE('',*,*,#4769,.F.);
#4769 = EDGE_CURVE('',#4690,#4730,#4770,.T.);
#4770 = LINE('',#4771,#4772);
#4771 = CARTESIAN_POINT('',(-3.485E+03,584.5,2.213908E+03));
#4772 = VECTOR('',#4773,1.);
#4773 = DIRECTION('',(1.,0.,0.));
#4774 = ORIENTED_EDGE('',*,*,#4689,.T.);
#4775 = ORIENTED_EDGE('',*,*,#4776,.T.);
#4776 = EDGE_CURVE('',#4692,#4732,#4777,.T.);
#4777 = LINE('',#4778,#4779);
#4778 = CARTESIAN_POINT('',(-3.485E+03,584.5,2.235908E+03));
#4779 = VECTOR('',#4780,1.);
#4780 = DIRECTION('',(1.,0.,0.));
#4781 = ORIENTED_EDGE('',*,*,#4729,.F.);
#4782 = PLANE('',#4783);
#4783 = AXIS2_PLACEMENT_3D('',#4784,#4785,#4786);
#4784 = CARTESIAN_POINT('',(-3.485E+03,584.5,2.213908E+03));
#4785 = DIRECTION('',(0.,1.,0.));
#4786 = DIRECTION('',(0.,0.,1.));
#4787 = ADVANCED_FACE('',(#4788),#4804,.T.);
#4788 = FACE_BOUND('',#4789,.T.);
#4789 = EDGE_LOOP('',(#4790,#4796,#4797,#4803));
#4790 = ORIENTED_EDGE('',*,*,#4791,.F.);
#4791 = EDGE_CURVE('',#4700,#4740,#4792,.T.);
#4792 = LINE('',#4793,#4794);
#4793 = CARTESIAN_POINT('',(-3.485E+03,2.7345E+03,2.213908E+03));
#4794 = VECTOR('',#4795,1.);
#4795 = DIRECTION('',(1.,0.,0.));
#4796 = ORIENTED_EDGE('',*,*,#4707,.T.);
#4797 = ORIENTED_EDGE('',*,*,#4798,.T.);
#4798 = EDGE_CURVE('',#4708,#4748,#4799,.T.);
#4799 = LINE('',#4800,#4801);
#4800 = CARTESIAN_POINT('',(-3.485E+03,2.7345E+03,2.235908E+03));
#4801 = VECTOR('',#4802,1.);
#4802 = DIRECTION('',(1.,0.,0.));
#4803 = ORIENTED_EDGE('',*,*,#4747,.F.);
#4804 = PLANE('',#4805);
#4805 = AXIS2_PLACEMENT_3D('',#4806,#4807,#4808);
#4806 = CARTESIAN_POINT('',(-3.485E+03,2.7345E+03,2.213908E+03));
#4807 = DIRECTION('',(0.,1.,0.));
#4808 = DIRECTION('',(0.,0.,1.));
#4809 = ADVANCED_FACE('',(#4810),#4816,.F.);
#4810 = FACE_BOUND('',#4811,.F.);
#4811 = EDGE_LOOP('',(#4812,#4813,#4814,#4815));
#4812 = ORIENTED_EDGE('',*,*,#4699,.F.);
#4813 = ORIENTED_EDGE('',*,*,#4769,.T.);
#4814 = ORIENTED_EDGE('',*,*,#4739,.T.);
#4815 = ORIENTED_EDGE('',*,*,#4791,.F.);
#4816 = PLANE('',#4817);
#4817 = AXIS2_PLACEMENT_3D('',#4818,#4819,#4820);
#4818 = CARTESIAN_POINT('',(-3.485E+03,584.5,2.213908E+03));
#4819 = DIRECTION('',(0.,0.,1.));
#4820 = DIRECTION('',(1.,0.,0.));
#4821 = ADVANCED_FACE('',(#4822),#4828,.T.);
#4822 = FACE_BOUND('',#4823,.T.);
#4823 = EDGE_LOOP('',(#4824,#4825,#4826,#4827));
#4824 = ORIENTED_EDGE('',*,*,#4715,.F.);
#4825 = ORIENTED_EDGE('',*,*,#4776,.T.);
#4826 = ORIENTED_EDGE('',*,*,#4755,.T.);
#4827 = ORIENTED_EDGE('',*,*,#4798,.F.);
#4828 = PLANE('',#4829);
#4829 = AXIS2_PLACEMENT_3D('',#4830,#4831,#4832);
#4830 = CARTESIAN_POINT('',(-3.485E+03,584.5,2.235908E+03));
#4831 = DIRECTION('',(0.,0.,1.));
#4832 = DIRECTION('',(1.,0.,0.));
#4833 = MANIFOLD_SOLID_BREP('',#4834);
#4834 = CLOSED_SHELL('',(#4835,#4875,#4915,#4937,#4959,#4971));
#4835 = ADVANCED_FACE('',(#4836),#4870,.F.);
#4836 = FACE_BOUND('',#4837,.F.);
#4837 = EDGE_LOOP('',(#4838,#4848,#4856,#4864));
#4838 = ORIENTED_EDGE('',*,*,#4839,.F.);
#4839 = EDGE_CURVE('',#4840,#4842,#4844,.T.);
#4840 = VERTEX_POINT('',#4841);
#4841 = CARTESIAN_POINT('',(-3.4695E+03,599.5,2.211908E+03));
#4842 = VERTEX_POINT('',#4843);
#4843 = CARTESIAN_POINT('',(-3.4695E+03,599.5,2.217908E+03));
#4844 = LINE('',#4845,#4846);
#4845 = CARTESIAN_POINT('',(-3.4695E+03,599.5,2.211908E+03));
#4846 = VECTOR('',#4847,1.);
#4847 = DIRECTION('',(0.,0.,1.));
#4848 = ORIENTED_EDGE('',*,*,#4849,.T.);
#4849 = EDGE_CURVE('',#4840,#4850,#4852,.T.);
#4850 = VERTEX_POINT('',#4851);
#4851 = CARTESIAN_POINT('',(-3.4695E+03,2.7195E+03,2.211908E+03));
#4852 = LINE('',#4853,#4854);
#4853 = CARTESIAN_POINT('',(-3.4695E+03,599.5,2.211908E+03));
#4854 = VECTOR('',#4855,1.);
#4855 = DIRECTION('',(0.,1.,0.));
#4856 = ORIENTED_EDGE('',*,*,#4857,.T.);
#4857 = EDGE_CURVE('',#4850,#4858,#4860,.T.);
#4858 = VERTEX_POINT('',#4859);
#4859 = CARTESIAN_POINT('',(-3.4695E+03,2.7195E+03,2.217908E+03));
#4860 = LINE('',#4861,#4862);
#4861 = CARTESIAN_POINT('',(-3.4695E+03,2.7195E+03,2.211908E+03));
#4862 = VECTOR('',#4863,1.);
#4863 = DIRECTION('',(0.,0.,1.));
#4864 = ORIENTED_EDGE('',*,*,#4865,.F.);
#4865 = EDGE_CURVE('',#4842,#4858,#4866,.T.);
#4866 = LINE('',#4867,#4868);
#4867 = CARTESIAN_POINT('',(-3.4695E+03,599.5,2.217908E+03));
#4868 = VECTOR('',#4869,1.);
#4869 = DIRECTION('',(0.,1.,0.));
#4870 = PLANE('',#4871);
#4871 = AXIS2_PLACEMENT_3D('',#4872,#4873,#4874);
#4872 = CARTESIAN_POINT('',(-3.4695E+03,599.5,2.211908E+03));
#4873 = DIRECTION('',(1.,0.,0.));
#4874 = DIRECTION('',(0.,0.,1.));
#4875 = ADVANCED_FACE('',(#4876),#4910,.T.);
#4876 = FACE_BOUND('',#4877,.T.);
#4877 = EDGE_LOOP('',(#4878,#4888,#4896,#4904));
#4878 = ORIENTED_EDGE('',*,*,#4879,.F.);
#4879 = EDGE_CURVE('',#4880,#4882,#4884,.T.);
#4880 = VERTEX_POINT('',#4881);
#4881 = CARTESIAN_POINT('',(-3.4445E+03,599.5,2.211908E+03));
#4882 = VERTEX_POINT('',#4883);
#4883 = CARTESIAN_POINT('',(-3.4445E+03,599.5,2.217908E+03));
#4884 = LINE('',#4885,#4886);
#4885 = CARTESIAN_POINT('',(-3.4445E+03,599.5,2.211908E+03));
#4886 = VECTOR('',#4887,1.);
#4887 = DIRECTION('',(0.,0.,1.));
#4888 = ORIENTED_EDGE('',*,*,#4889,.T.);
#4889 = EDGE_CURVE('',#4880,#4890,#4892,.T.);
#4890 = VERTEX_POINT('',#4891);
#4891 = CARTESIAN_POINT('',(-3.4445E+03,2.7195E+03,2.211908E+03));
#4892 = LINE('',#4893,#4894);
#4893 = CARTESIAN_POINT('',(-3.4445E+03,599.5,2.211908E+03));
#4894 = VECTOR('',#4895,1.);
#4895 = DIRECTION('',(0.,1.,0.));
#4896 = ORIENTED_EDGE('',*,*,#4897,.T.);
#4897 = EDGE_CURVE('',#4890,#4898,#4900,.T.);
#4898 = VERTEX_POINT('',#4899);
#4899 = CARTESIAN_POINT('',(-3.4445E+03,2.7195E+03,2.217908E+03));
#4900 = LINE('',#4901,#4902);
#4901 = CARTESIAN_POINT('',(-3.4445E+03,2.7195E+03,2.211908E+03));
#4902 = VECTOR('',#4903,1.);
#4903 = DIRECTION('',(0.,0.,1.));
#4904 = ORIENTED_EDGE('',*,*,#4905,.F.);
#4905 = EDGE_CURVE('',#4882,#4898,#4906,.T.);
#4906 = LINE('',#4907,#4908);
#4907 = CARTESIAN_POINT('',(-3.4445E+03,599.5,2.217908E+03));
#4908 = VECTOR('',#4909,1.);
#4909 = DIRECTION('',(0.,1.,0.));
#4910 = PLANE('',#4911);
#4911 = AXIS2_PLACEMENT_3D('',#4912,#4913,#4914);
#4912 = CARTESIAN_POINT('',(-3.4445E+03,599.5,2.211908E+03));
#4913 = DIRECTION('',(1.,0.,0.));
#4914 = DIRECTION('',(0.,0.,1.));
#4915 = ADVANCED_FACE('',(#4916),#4932,.F.);
#4916 = FACE_BOUND('',#4917,.F.);
#4917 = EDGE_LOOP('',(#4918,#4924,#4925,#4931));
#4918 = ORIENTED_EDGE('',*,*,#4919,.F.);
#4919 = EDGE_CURVE('',#4840,#4880,#4920,.T.);
#4920 = LINE('',#4921,#4922);
#4921 = CARTESIAN_POINT('',(-3.4695E+03,599.5,2.211908E+03));
#4922 = VECTOR('',#4923,1.);
#4923 = DIRECTION('',(1.,0.,0.));
#4924 = ORIENTED_EDGE('',*,*,#4839,.T.);
#4925 = ORIENTED_EDGE('',*,*,#4926,.T.);
#4926 = EDGE_CURVE('',#4842,#4882,#4927,.T.);
#4927 = LINE('',#4928,#4929);
#4928 = CARTESIAN_POINT('',(-3.4695E+03,599.5,2.217908E+03));
#4929 = VECTOR('',#4930,1.);
#4930 = DIRECTION('',(1.,0.,0.));
#4931 = ORIENTED_EDGE('',*,*,#4879,.F.);
#4932 = PLANE('',#4933);
#4933 = AXIS2_PLACEMENT_3D('',#4934,#4935,#4936);
#4934 = CARTESIAN_POINT('',(-3.4695E+03,599.5,2.211908E+03));
#4935 = DIRECTION('',(0.,1.,0.));
#4936 = DIRECTION('',(0.,0.,1.));
#4937 = ADVANCED_FACE('',(#4938),#4954,.T.);
#4938 = FACE_BOUND('',#4939,.T.);
#4939 = EDGE_LOOP('',(#4940,#4946,#4947,#4953));
#4940 = ORIENTED_EDGE('',*,*,#4941,.F.);
#4941 = EDGE_CURVE('',#4850,#4890,#4942,.T.);
#4942 = LINE('',#4943,#4944);
#4943 = CARTESIAN_POINT('',(-3.4695E+03,2.7195E+03,2.211908E+03));
#4944 = VECTOR('',#4945,1.);
#4945 = DIRECTION('',(1.,0.,0.));
#4946 = ORIENTED_EDGE('',*,*,#4857,.T.);
#4947 = ORIENTED_EDGE('',*,*,#4948,.T.);
#4948 = EDGE_CURVE('',#4858,#4898,#4949,.T.);
#4949 = LINE('',#4950,#4951);
#4950 = CARTESIAN_POINT('',(-3.4695E+03,2.7195E+03,2.217908E+03));
#4951 = VECTOR('',#4952,1.);
#4952 = DIRECTION('',(1.,0.,0.));
#4953 = ORIENTED_EDGE('',*,*,#4897,.F.);
#4954 = PLANE('',#4955);
#4955 = AXIS2_PLACEMENT_3D('',#4956,#4957,#4958);
#4956 = CARTESIAN_POINT('',(-3.4695E+03,2.7195E+03,2.211908E+03));
#4957 = DIRECTION('',(0.,1.,0.));
#4958 = DIRECTION('',(0.,0.,1.));
#4959 = ADVANCED_FACE('',(#4960),#4966,.F.);
#4960 = FACE_BOUND('',#4961,.F.);
#4961 = EDGE_LOOP('',(#4962,#4963,#4964,#4965));
#4962 = ORIENTED_EDGE('',*,*,#4849,.F.);
#4963 = ORIENTED_EDGE('',*,*,#4919,.T.);
#4964 = ORIENTED_EDGE('',*,*,#4889,.T.);
#4965 = ORIENTED_EDGE('',*,*,#4941,.F.);
#4966 = PLANE('',#4967);
#4967 = AXIS2_PLACEMENT_3D('',#4968,#4969,#4970);
#4968 = CARTESIAN_POINT('',(-3.4695E+03,599.5,2.211908E+03));
#4969 = DIRECTION('',(0.,0.,1.));
#4970 = DIRECTION('',(1.,0.,0.));
#4971 = ADVANCED_FACE('',(#4972),#4978,.T.);
#4972 = FACE_BOUND('',#4973,.T.);
#4973 = EDGE_LOOP('',(#4974,#4975,#4976,#4977));
#4974 = ORIENTED_EDGE('',*,*,#4865,.F.);
#4975 = ORIENTED_EDGE('',*,*,#4926,.T.);
#4976 = ORIENTED_EDGE('',*,*,#4905,.T.);
#4977 = ORIENTED_EDGE('',*,*,#4948,.F.);
#4978 = PLANE('',#4979);
#4979 = AXIS2_PLACEMENT_3D('',#4980,#4981,#4982);
#4980 = CARTESIAN_POINT('',(-3.4695E+03,599.5,2.217908E+03));
#4981 = DIRECTION('',(0.,0.,1.));
#4982 = DIRECTION('',(1.,0.,0.));
#4983 = MANIFOLD_SOLID_BREP('',#4984);
#4984 = CLOSED_SHELL('',(#4985,#5025,#5065,#5087,#5109,#5121));
#4985 = ADVANCED_FACE('',(#4986),#5020,.F.);
#4986 = FACE_BOUND('',#4987,.F.);
#4987 = EDGE_LOOP('',(#4988,#4998,#5006,#5014));
#4988 = ORIENTED_EDGE('',*,*,#4989,.F.);
#4989 = EDGE_CURVE('',#4990,#4992,#4994,.T.);
#4990 = VERTEX_POINT('',#4991);
#4991 = CARTESIAN_POINT('',(-1.797002E+03,743.652883,277.908));
#4992 = VERTEX_POINT('',#4993);
#4993 = CARTESIAN_POINT('',(-1.797002E+03,743.652883,2.377908E+03));
#4994 = LINE('',#4995,#4996);
#4995 = CARTESIAN_POINT('',(-1.797002E+03,743.652883,277.908));
#4996 = VECTOR('',#4997,1.);
#4997 = DIRECTION('',(0.,0.,1.));
#4998 = ORIENTED_EDGE('',*,*,#4999,.T.);
#4999 = EDGE_CURVE('',#4990,#5000,#5002,.T.);
#5000 = VERTEX_POINT('',#5001);
#5001 = CARTESIAN_POINT('',(-1.797002E+03,779.652883,277.908));
#5002 = LINE('',#5003,#5004);
#5003 = CARTESIAN_POINT('',(-1.797002E+03,743.652883,277.908));
#5004 = VECTOR('',#5005,1.);
#5005 = DIRECTION('',(0.,1.,0.));
#5006 = ORIENTED_EDGE('',*,*,#5007,.T.);
#5007 = EDGE_CURVE('',#5000,#5008,#5010,.T.);
#5008 = VERTEX_POINT('',#5009);
#5009 = CARTESIAN_POINT('',(-1.797002E+03,779.652883,2.377908E+03));
#5010 = LINE('',#5011,#5012);
#5011 = CARTESIAN_POINT('',(-1.797002E+03,779.652883,277.908));
#5012 = VECTOR('',#5013,1.);
#5013 = DIRECTION('',(0.,0.,1.));
#5014 = ORIENTED_EDGE('',*,*,#5015,.F.);
#5015 = EDGE_CURVE('',#4992,#5008,#5016,.T.);
#5016 = LINE('',#5017,#5018);
#5017 = CARTESIAN_POINT('',(-1.797002E+03,743.652883,2.377908E+03));
#5018 = VECTOR('',#5019,1.);
#5019 = DIRECTION('',(0.,1.,0.));
#5020 = PLANE('',#5021);
#5021 = AXIS2_PLACEMENT_3D('',#5022,#5023,#5024);
#5022 = CARTESIAN_POINT('',(-1.797002E+03,743.652883,277.908));
#5023 = DIRECTION('',(1.,0.,0.));
#5024 = DIRECTION('',(0.,0.,1.));
#5025 = ADVANCED_FACE('',(#5026),#5060,.T.);
#5026 = FACE_BOUND('',#5027,.T.);
#5027 = EDGE_LOOP('',(#5028,#5038,#5046,#5054));
#5028 = ORIENTED_EDGE('',*,*,#5029,.F.);
#5029 = EDGE_CURVE('',#5030,#5032,#5034,.T.);
#5030 = VERTEX_POINT('',#5031);
#5031 = CARTESIAN_POINT('',(-1.769002E+03,743.652883,277.908));
#5032 = VERTEX_POINT('',#5033);
#5033 = CARTESIAN_POINT('',(-1.769002E+03,743.652883,2.377908E+03));
#5034 = LINE('',#5035,#5036);
#5035 = CARTESIAN_POINT('',(-1.769002E+03,743.652883,277.908));
#5036 = VECTOR('',#5037,1.);
#5037 = DIRECTION('',(0.,0.,1.));
#5038 = ORIENTED_EDGE('',*,*,#5039,.T.);
#5039 = EDGE_CURVE('',#5030,#5040,#5042,.T.);
#5040 = VERTEX_POINT('',#5041);
#5041 = CARTESIAN_POINT('',(-1.769002E+03,779.652883,277.908));
#5042 = LINE('',#5043,#5044);
#5043 = CARTESIAN_POINT('',(-1.769002E+03,743.652883,277.908));
#5044 = VECTOR('',#5045,1.);
#5045 = DIRECTION('',(0.,1.,0.));
#5046 = ORIENTED_EDGE('',*,*,#5047,.T.);
#5047 = EDGE_CURVE('',#5040,#5048,#5050,.T.);
#5048 = VERTEX_POINT('',#5049);
#5049 = CARTESIAN_POINT('',(-1.769002E+03,779.652883,2.377908E+03));
#5050 = LINE('',#5051,#5052);
#5051 = CARTESIAN_POINT('',(-1.769002E+03,779.652883,277.908));
#5052 = VECTOR('',#5053,1.);
#5053 = DIRECTION('',(0.,0.,1.));
#5054 = ORIENTED_EDGE('',*,*,#5055,.F.);
#5055 = EDGE_CURVE('',#5032,#5048,#5056,.T.);
#5056 = LINE('',#5057,#5058);
#5057 = CARTESIAN_POINT('',(-1.769002E+03,743.652883,2.377908E+03));
#5058 = VECTOR('',#5059,1.);
#5059 = DIRECTION('',(0.,1.,0.));
#5060 = PLANE('',#5061);
#5061 = AXIS2_PLACEMENT_3D('',#5062,#5063,#5064);
#5062 = CARTESIAN_POINT('',(-1.769002E+03,743.652883,277.908));
#5063 = DIRECTION('',(1.,0.,0.));
#5064 = DIRECTION('',(0.,0.,1.));
#5065 = ADVANCED_FACE('',(#5066),#5082,.F.);
#5066 = FACE_BOUND('',#5067,.F.);
#5067 = EDGE_LOOP('',(#5068,#5074,#5075,#5081));
#5068 = ORIENTED_EDGE('',*,*,#5069,.F.);
#5069 = EDGE_CURVE('',#4990,#5030,#5070,.T.);
#5070 = LINE('',#5071,#5072);
#5071 = CARTESIAN_POINT('',(-1.797002E+03,743.652883,277.908));
#5072 = VECTOR('',#5073,1.);
#5073 = DIRECTION('',(1.,0.,0.));
#5074 = ORIENTED_EDGE('',*,*,#4989,.T.);
#5075 = ORIENTED_EDGE('',*,*,#5076,.T.);
#5076 = EDGE_CURVE('',#4992,#5032,#5077,.T.);
#5077 = LINE('',#5078,#5079);
#5078 = CARTESIAN_POINT('',(-1.797002E+03,743.652883,2.377908E+03));
#5079 = VECTOR('',#5080,1.);
#5080 = DIRECTION('',(1.,0.,0.));
#5081 = ORIENTED_EDGE('',*,*,#5029,.F.);
#5082 = PLANE('',#5083);
#5083 = AXIS2_PLACEMENT_3D('',#5084,#5085,#5086);
#5084 = CARTESIAN_POINT('',(-1.797002E+03,743.652883,277.908));
#5085 = DIRECTION('',(0.,1.,0.));
#5086 = DIRECTION('',(0.,0.,1.));
#5087 = ADVANCED_FACE('',(#5088),#5104,.T.);
#5088 = FACE_BOUND('',#5089,.T.);
#5089 = EDGE_LOOP('',(#5090,#5096,#5097,#5103));
#5090 = ORIENTED_EDGE('',*,*,#5091,.F.);
#5091 = EDGE_CURVE('',#5000,#5040,#5092,.T.);
#5092 = LINE('',#5093,#5094);
#5093 = CARTESIAN_POINT('',(-1.797002E+03,779.652883,277.908));
#5094 = VECTOR('',#5095,1.);
#5095 = DIRECTION('',(1.,0.,0.));
#5096 = ORIENTED_EDGE('',*,*,#5007,.T.);
#5097 = ORIENTED_EDGE('',*,*,#5098,.T.);
#5098 = EDGE_CURVE('',#5008,#5048,#5099,.T.);
#5099 = LINE('',#5100,#5101);
#5100 = CARTESIAN_POINT('',(-1.797002E+03,779.652883,2.377908E+03));
#5101 = VECTOR('',#5102,1.);
#5102 = DIRECTION('',(1.,0.,0.));
#5103 = ORIENTED_EDGE('',*,*,#5047,.F.);
#5104 = PLANE('',#5105);
#5105 = AXIS2_PLACEMENT_3D('',#5106,#5107,#5108);
#5106 = CARTESIAN_POINT('',(-1.797002E+03,779.652883,277.908));
#5107 = DIRECTION('',(0.,1.,0.));
#5108 = DIRECTION('',(0.,0.,1.));
#5109 = ADVANCED_FACE('',(#5110),#5116,.F.);
#5110 = FACE_BOUND('',#5111,.F.);
#5111 = EDGE_LOOP('',(#5112,#5113,#5114,#5115));
#5112 = ORIENTED_EDGE('',*,*,#4999,.F.);
#5113 = ORIENTED_EDGE('',*,*,#5069,.T.);
#5114 = ORIENTED_EDGE('',*,*,#5039,.T.);
#5115 = ORIENTED_EDGE('',*,*,#5091,.F.);
#5116 = PLANE('',#5117);
#5117 = AXIS2_PLACEMENT_3D('',#5118,#5119,#5120);
#5118 = CARTESIAN_POINT('',(-1.797002E+03,743.652883,277.908));
#5119 = DIRECTION('',(0.,0.,1.));
#5120 = DIRECTION('',(1.,0.,0.));
#5121 = ADVANCED_FACE('',(#5122),#5128,.T.);
#5122 = FACE_BOUND('',#5123,.T.);
#5123 = EDGE_LOOP('',(#5124,#5125,#5126,#5127));
#5124 = ORIENTED_EDGE('',*,*,#5015,.F.);
#5125 = ORIENTED_EDGE('',*,*,#5076,.T.);
#5126 = ORIENTED_EDGE('',*,*,#5055,.T.);
#5127 = ORIENTED_EDGE('',*,*,#5098,.F.);
#5128 = PLANE('',#5129);
#5129 = AXIS2_PLACEMENT_3D('',#5130,#5131,#5132);
#5130 = CARTESIAN_POINT('',(-1.797002E+03,743.652883,2.377908E+03));
#5131 = DIRECTION('',(0.,0.,1.));
#5132 = DIRECTION('',(1.,0.,0.));
#5133 = MANIFOLD_SOLID_BREP('',#5134);
#5134 = CLOSED_SHELL('',(#5135,#5175,#5215,#5237,#5259,#5271));
#5135 = ADVANCED_FACE('',(#5136),#5170,.F.);
#5136 = FACE_BOUND('',#5137,.F.);
#5137 = EDGE_LOOP('',(#5138,#5148,#5156,#5164));
#5138 = ORIENTED_EDGE('',*,*,#5139,.F.);
#5139 = EDGE_CURVE('',#5140,#5142,#5144,.T.);
#5140 = VERTEX_POINT('',#5141);
#5141 = CARTESIAN_POINT('',(-1.797002E+03,2.079252883E+03,277.908));
#5142 = VERTEX_POINT('',#5143);
#5143 = CARTESIAN_POINT('',(-1.797002E+03,2.079252883E+03,2.377908E+03)
  );
#5144 = LINE('',#5145,#5146);
#5145 = CARTESIAN_POINT('',(-1.797002E+03,2.079252883E+03,277.908));
#5146 = VECTOR('',#5147,1.);
#5147 = DIRECTION('',(0.,0.,1.));
#5148 = ORIENTED_EDGE('',*,*,#5149,.T.);
#5149 = EDGE_CURVE('',#5140,#5150,#5152,.T.);
#5150 = VERTEX_POINT('',#5151);
#5151 = CARTESIAN_POINT('',(-1.797002E+03,2.115252883E+03,277.908));
#5152 = LINE('',#5153,#5154);
#5153 = CARTESIAN_POINT('',(-1.797002E+03,2.079252883E+03,277.908));
#5154 = VECTOR('',#5155,1.);
#5155 = DIRECTION('',(0.,1.,0.));
#5156 = ORIENTED_EDGE('',*,*,#5157,.T.);
#5157 = EDGE_CURVE('',#5150,#5158,#5160,.T.);
#5158 = VERTEX_POINT('',#5159);
#5159 = CARTESIAN_POINT('',(-1.797002E+03,2.115252883E+03,2.377908E+03)
  );
#5160 = LINE('',#5161,#5162);
#5161 = CARTESIAN_POINT('',(-1.797002E+03,2.115252883E+03,277.908));
#5162 = VECTOR('',#5163,1.);
#5163 = DIRECTION('',(0.,0.,1.));
#5164 = ORIENTED_EDGE('',*,*,#5165,.F.);
#5165 = EDGE_CURVE('',#5142,#5158,#5166,.T.);
#5166 = LINE('',#5167,#5168);
#5167 = CARTESIAN_POINT('',(-1.797002E+03,2.079252883E+03,2.377908E+03)
  );
#5168 = VECTOR('',#5169,1.);
#5169 = DIRECTION('',(0.,1.,0.));
#5170 = PLANE('',#5171);
#5171 = AXIS2_PLACEMENT_3D('',#5172,#5173,#5174);
#5172 = CARTESIAN_POINT('',(-1.797002E+03,2.079252883E+03,277.908));
#5173 = DIRECTION('',(1.,0.,0.));
#5174 = DIRECTION('',(0.,0.,1.));
#5175 = ADVANCED_FACE('',(#5176),#5210,.T.);
#5176 = FACE_BOUND('',#5177,.T.);
#5177 = EDGE_LOOP('',(#5178,#5188,#5196,#5204));
#5178 = ORIENTED_EDGE('',*,*,#5179,.F.);
#5179 = EDGE_CURVE('',#5180,#5182,#5184,.T.);
#5180 = VERTEX_POINT('',#5181);
#5181 = CARTESIAN_POINT('',(-1.769002E+03,2.079252883E+03,277.908));
#5182 = VERTEX_POINT('',#5183);
#5183 = CARTESIAN_POINT('',(-1.769002E+03,2.079252883E+03,2.377908E+03)
  );
#5184 = LINE('',#5185,#5186);
#5185 = CARTESIAN_POINT('',(-1.769002E+03,2.079252883E+03,277.908));
#5186 = VECTOR('',#5187,1.);
#5187 = DIRECTION('',(0.,0.,1.));
#5188 = ORIENTED_EDGE('',*,*,#5189,.T.);
#5189 = EDGE_CURVE('',#5180,#5190,#5192,.T.);
#5190 = VERTEX_POINT('',#5191);
#5191 = CARTESIAN_POINT('',(-1.769002E+03,2.115252883E+03,277.908));
#5192 = LINE('',#5193,#5194);
#5193 = CARTESIAN_POINT('',(-1.769002E+03,2.079252883E+03,277.908));
#5194 = VECTOR('',#5195,1.);
#5195 = DIRECTION('',(0.,1.,0.));
#5196 = ORIENTED_EDGE('',*,*,#5197,.T.);
#5197 = EDGE_CURVE('',#5190,#5198,#5200,.T.);
#5198 = VERTEX_POINT('',#5199);
#5199 = CARTESIAN_POINT('',(-1.769002E+03,2.115252883E+03,2.377908E+03)
  );
#5200 = LINE('',#5201,#5202);
#5201 = CARTESIAN_POINT('',(-1.769002E+03,2.115252883E+03,277.908));
#5202 = VECTOR('',#5203,1.);
#5203 = DIRECTION('',(0.,0.,1.));
#5204 = ORIENTED_EDGE('',*,*,#5205,.F.);
#5205 = EDGE_CURVE('',#5182,#5198,#5206,.T.);
#5206 = LINE('',#5207,#5208);
#5207 = CARTESIAN_POINT('',(-1.769002E+03,2.079252883E+03,2.377908E+03)
  );
#5208 = VECTOR('',#5209,1.);
#5209 = DIRECTION('',(0.,1.,0.));
#5210 = PLANE('',#5211);
#5211 = AXIS2_PLACEMENT_3D('',#5212,#5213,#5214);
#5212 = CARTESIAN_POINT('',(-1.769002E+03,2.079252883E+03,277.908));
#5213 = DIRECTION('',(1.,0.,0.));
#5214 = DIRECTION('',(0.,0.,1.));
#5215 = ADVANCED_FACE('',(#5216),#5232,.F.);
#5216 = FACE_BOUND('',#5217,.F.);
#5217 = EDGE_LOOP('',(#5218,#5224,#5225,#5231));
#5218 = ORIENTED_EDGE('',*,*,#5219,.F.);
#5219 = EDGE_CURVE('',#5140,#5180,#5220,.T.);
#5220 = LINE('',#5221,#5222);
#5221 = CARTESIAN_POINT('',(-1.797002E+03,2.079252883E+03,277.908));
#5222 = VECTOR('',#5223,1.);
#5223 = DIRECTION('',(1.,0.,0.));
#5224 = ORIENTED_EDGE('',*,*,#5139,.T.);
#5225 = ORIENTED_EDGE('',*,*,#5226,.T.);
#5226 = EDGE_CURVE('',#5142,#5182,#5227,.T.);
#5227 = LINE('',#5228,#5229);
#5228 = CARTESIAN_POINT('',(-1.797002E+03,2.079252883E+03,2.377908E+03)
  );
#5229 = VECTOR('',#5230,1.);
#5230 = DIRECTION('',(1.,0.,0.));
#5231 = ORIENTED_EDGE('',*,*,#5179,.F.);
#5232 = PLANE('',#5233);
#5233 = AXIS2_PLACEMENT_3D('',#5234,#5235,#5236);
#5234 = CARTESIAN_POINT('',(-1.797002E+03,2.079252883E+03,277.908));
#5235 = DIRECTION('',(0.,1.,0.));
#5236 = DIRECTION('',(0.,0.,1.));
#5237 = ADVANCED_FACE('',(#5238),#5254,.T.);
#5238 = FACE_BOUND('',#5239,.T.);
#5239 = EDGE_LOOP('',(#5240,#5246,#5247,#5253));
#5240 = ORIENTED_EDGE('',*,*,#5241,.F.);
#5241 = EDGE_CURVE('',#5150,#5190,#5242,.T.);
#5242 = LINE('',#5243,#5244);
#5243 = CARTESIAN_POINT('',(-1.797002E+03,2.115252883E+03,277.908));
#5244 = VECTOR('',#5245,1.);
#5245 = DIRECTION('',(1.,0.,0.));
#5246 = ORIENTED_EDGE('',*,*,#5157,.T.);
#5247 = ORIENTED_EDGE('',*,*,#5248,.T.);
#5248 = EDGE_CURVE('',#5158,#5198,#5249,.T.);
#5249 = LINE('',#5250,#5251);
#5250 = CARTESIAN_POINT('',(-1.797002E+03,2.115252883E+03,2.377908E+03)
  );
#5251 = VECTOR('',#5252,1.);
#5252 = DIRECTION('',(1.,0.,0.));
#5253 = ORIENTED_EDGE('',*,*,#5197,.F.);
#5254 = PLANE('',#5255);
#5255 = AXIS2_PLACEMENT_3D('',#5256,#5257,#5258);
#5256 = CARTESIAN_POINT('',(-1.797002E+03,2.115252883E+03,277.908));
#5257 = DIRECTION('',(0.,1.,0.));
#5258 = DIRECTION('',(0.,0.,1.));
#5259 = ADVANCED_FACE('',(#5260),#5266,.F.);
#5260 = FACE_BOUND('',#5261,.F.);
#5261 = EDGE_LOOP('',(#5262,#5263,#5264,#5265));
#5262 = ORIENTED_EDGE('',*,*,#5149,.F.);
#5263 = ORIENTED_EDGE('',*,*,#5219,.T.);
#5264 = ORIENTED_EDGE('',*,*,#5189,.T.);
#5265 = ORIENTED_EDGE('',*,*,#5241,.F.);
#5266 = PLANE('',#5267);
#5267 = AXIS2_PLACEMENT_3D('',#5268,#5269,#5270);
#5268 = CARTESIAN_POINT('',(-1.797002E+03,2.079252883E+03,277.908));
#5269 = DIRECTION('',(0.,0.,1.));
#5270 = DIRECTION('',(1.,0.,0.));
#5271 = ADVANCED_FACE('',(#5272),#5278,.T.);
#5272 = FACE_BOUND('',#5273,.T.);
#5273 = EDGE_LOOP('',(#5274,#5275,#5276,#5277));
#5274 = ORIENTED_EDGE('',*,*,#5165,.F.);
#5275 = ORIENTED_EDGE('',*,*,#5226,.T.);
#5276 = ORIENTED_EDGE('',*,*,#5205,.T.);
#5277 = ORIENTED_EDGE('',*,*,#5248,.F.);
#5278 = PLANE('',#5279);
#5279 = AXIS2_PLACEMENT_3D('',#5280,#5281,#5282);
#5280 = CARTESIAN_POINT('',(-1.797002E+03,2.079252883E+03,2.377908E+03)
  );
#5281 = DIRECTION('',(0.,0.,1.));
#5282 = DIRECTION('',(1.,0.,0.));
#5283 = MANIFOLD_SOLID_BREP('',#5284);
#5284 = CLOSED_SHELL('',(#5285,#5325,#5365,#5387,#5409,#5421));
#5285 = ADVANCED_FACE('',(#5286),#5320,.F.);
#5286 = FACE_BOUND('',#5287,.F.);
#5287 = EDGE_LOOP('',(#5288,#5298,#5306,#5314));
#5288 = ORIENTED_EDGE('',*,*,#5289,.F.);
#5289 = EDGE_CURVE('',#5290,#5292,#5294,.T.);
#5290 = VERTEX_POINT('',#5291);
#5291 = CARTESIAN_POINT('',(-1.808002E+03,743.652883,2.337908E+03));
#5292 = VERTEX_POINT('',#5293);
#5293 = CARTESIAN_POINT('',(-1.808002E+03,743.652883,2.377908E+03));
#5294 = LINE('',#5295,#5296);
#5295 = CARTESIAN_POINT('',(-1.808002E+03,743.652883,2.337908E+03));
#5296 = VECTOR('',#5297,1.);
#5297 = DIRECTION('',(0.,0.,1.));
#5298 = ORIENTED_EDGE('',*,*,#5299,.T.);
#5299 = EDGE_CURVE('',#5290,#5300,#5302,.T.);
#5300 = VERTEX_POINT('',#5301);
#5301 = CARTESIAN_POINT('',(-1.808002E+03,2.115252883E+03,2.337908E+03)
  );
#5302 = LINE('',#5303,#5304);
#5303 = CARTESIAN_POINT('',(-1.808002E+03,743.652883,2.337908E+03));
#5304 = VECTOR('',#5305,1.);
#5305 = DIRECTION('',(0.,1.,0.));
#5306 = ORIENTED_EDGE('',*,*,#5307,.T.);
#5307 = EDGE_CURVE('',#5300,#5308,#5310,.T.);
#5308 = VERTEX_POINT('',#5309);
#5309 = CARTESIAN_POINT('',(-1.808002E+03,2.115252883E+03,2.377908E+03)
  );
#5310 = LINE('',#5311,#5312);
#5311 = CARTESIAN_POINT('',(-1.808002E+03,2.115252883E+03,2.337908E+03)
  );
#5312 = VECTOR('',#5313,1.);
#5313 = DIRECTION('',(0.,0.,1.));
#5314 = ORIENTED_EDGE('',*,*,#5315,.F.);
#5315 = EDGE_CURVE('',#5292,#5308,#5316,.T.);
#5316 = LINE('',#5317,#5318);
#5317 = CARTESIAN_POINT('',(-1.808002E+03,743.652883,2.377908E+03));
#5318 = VECTOR('',#5319,1.);
#5319 = DIRECTION('',(0.,1.,0.));
#5320 = PLANE('',#5321);
#5321 = AXIS2_PLACEMENT_3D('',#5322,#5323,#5324);
#5322 = CARTESIAN_POINT('',(-1.808002E+03,743.652883,2.337908E+03));
#5323 = DIRECTION('',(1.,0.,0.));
#5324 = DIRECTION('',(0.,0.,1.));
#5325 = ADVANCED_FACE('',(#5326),#5360,.T.);
#5326 = FACE_BOUND('',#5327,.T.);
#5327 = EDGE_LOOP('',(#5328,#5338,#5346,#5354));
#5328 = ORIENTED_EDGE('',*,*,#5329,.F.);
#5329 = EDGE_CURVE('',#5330,#5332,#5334,.T.);
#5330 = VERTEX_POINT('',#5331);
#5331 = CARTESIAN_POINT('',(-1.758002E+03,743.652883,2.337908E+03));
#5332 = VERTEX_POINT('',#5333);
#5333 = CARTESIAN_POINT('',(-1.758002E+03,743.652883,2.377908E+03));
#5334 = LINE('',#5335,#5336);
#5335 = CARTESIAN_POINT('',(-1.758002E+03,743.652883,2.337908E+03));
#5336 = VECTOR('',#5337,1.);
#5337 = DIRECTION('',(0.,0.,1.));
#5338 = ORIENTED_EDGE('',*,*,#5339,.T.);
#5339 = EDGE_CURVE('',#5330,#5340,#5342,.T.);
#5340 = VERTEX_POINT('',#5341);
#5341 = CARTESIAN_POINT('',(-1.758002E+03,2.115252883E+03,2.337908E+03)
  );
#5342 = LINE('',#5343,#5344);
#5343 = CARTESIAN_POINT('',(-1.758002E+03,743.652883,2.337908E+03));
#5344 = VECTOR('',#5345,1.);
#5345 = DIRECTION('',(0.,1.,0.));
#5346 = ORIENTED_EDGE('',*,*,#5347,.T.);
#5347 = EDGE_CURVE('',#5340,#5348,#5350,.T.);
#5348 = VERTEX_POINT('',#5349);
#5349 = CARTESIAN_POINT('',(-1.758002E+03,2.115252883E+03,2.377908E+03)
  );
#5350 = LINE('',#5351,#5352);
#5351 = CARTESIAN_POINT('',(-1.758002E+03,2.115252883E+03,2.337908E+03)
  );
#5352 = VECTOR('',#5353,1.);
#5353 = DIRECTION('',(0.,0.,1.));
#5354 = ORIENTED_EDGE('',*,*,#5355,.F.);
#5355 = EDGE_CURVE('',#5332,#5348,#5356,.T.);
#5356 = LINE('',#5357,#5358);
#5357 = CARTESIAN_POINT('',(-1.758002E+03,743.652883,2.377908E+03));
#5358 = VECTOR('',#5359,1.);
#5359 = DIRECTION('',(0.,1.,0.));
#5360 = PLANE('',#5361);
#5361 = AXIS2_PLACEMENT_3D('',#5362,#5363,#5364);
#5362 = CARTESIAN_POINT('',(-1.758002E+03,743.652883,2.337908E+03));
#5363 = DIRECTION('',(1.,0.,0.));
#5364 = DIRECTION('',(0.,0.,1.));
#5365 = ADVANCED_FACE('',(#5366),#5382,.F.);
#5366 = FACE_BOUND('',#5367,.F.);
#5367 = EDGE_LOOP('',(#5368,#5374,#5375,#5381));
#5368 = ORIENTED_EDGE('',*,*,#5369,.F.);
#5369 = EDGE_CURVE('',#5290,#5330,#5370,.T.);
#5370 = LINE('',#5371,#5372);
#5371 = CARTESIAN_POINT('',(-1.808002E+03,743.652883,2.337908E+03));
#5372 = VECTOR('',#5373,1.);
#5373 = DIRECTION('',(1.,0.,0.));
#5374 = ORIENTED_EDGE('',*,*,#5289,.T.);
#5375 = ORIENTED_EDGE('',*,*,#5376,.T.);
#5376 = EDGE_CURVE('',#5292,#5332,#5377,.T.);
#5377 = LINE('',#5378,#5379);
#5378 = CARTESIAN_POINT('',(-1.808002E+03,743.652883,2.377908E+03));
#5379 = VECTOR('',#5380,1.);
#5380 = DIRECTION('',(1.,0.,0.));
#5381 = ORIENTED_EDGE('',*,*,#5329,.F.);
#5382 = PLANE('',#5383);
#5383 = AXIS2_PLACEMENT_3D('',#5384,#5385,#5386);
#5384 = CARTESIAN_POINT('',(-1.808002E+03,743.652883,2.337908E+03));
#5385 = DIRECTION('',(0.,1.,0.));
#5386 = DIRECTION('',(0.,0.,1.));
#5387 = ADVANCED_FACE('',(#5388),#5404,.T.);
#5388 = FACE_BOUND('',#5389,.T.);
#5389 = EDGE_LOOP('',(#5390,#5396,#5397,#5403));
#5390 = ORIENTED_EDGE('',*,*,#5391,.F.);
#5391 = EDGE_CURVE('',#5300,#5340,#5392,.T.);
#5392 = LINE('',#5393,#5394);
#5393 = CARTESIAN_POINT('',(-1.808002E+03,2.115252883E+03,2.337908E+03)
  );
#5394 = VECTOR('',#5395,1.);
#5395 = DIRECTION('',(1.,0.,0.));
#5396 = ORIENTED_EDGE('',*,*,#5307,.T.);
#5397 = ORIENTED_EDGE('',*,*,#5398,.T.);
#5398 = EDGE_CURVE('',#5308,#5348,#5399,.T.);
#5399 = LINE('',#5400,#5401);
#5400 = CARTESIAN_POINT('',(-1.808002E+03,2.115252883E+03,2.377908E+03)
  );
#5401 = VECTOR('',#5402,1.);
#5402 = DIRECTION('',(1.,0.,0.));
#5403 = ORIENTED_EDGE('',*,*,#5347,.F.);
#5404 = PLANE('',#5405);
#5405 = AXIS2_PLACEMENT_3D('',#5406,#5407,#5408);
#5406 = CARTESIAN_POINT('',(-1.808002E+03,2.115252883E+03,2.337908E+03)
  );
#5407 = DIRECTION('',(0.,1.,0.));
#5408 = DIRECTION('',(0.,0.,1.));
#5409 = ADVANCED_FACE('',(#5410),#5416,.F.);
#5410 = FACE_BOUND('',#5411,.F.);
#5411 = EDGE_LOOP('',(#5412,#5413,#5414,#5415));
#5412 = ORIENTED_EDGE('',*,*,#5299,.F.);
#5413 = ORIENTED_EDGE('',*,*,#5369,.T.);
#5414 = ORIENTED_EDGE('',*,*,#5339,.T.);
#5415 = ORIENTED_EDGE('',*,*,#5391,.F.);
#5416 = PLANE('',#5417);
#5417 = AXIS2_PLACEMENT_3D('',#5418,#5419,#5420);
#5418 = CARTESIAN_POINT('',(-1.808002E+03,743.652883,2.337908E+03));
#5419 = DIRECTION('',(0.,0.,1.));
#5420 = DIRECTION('',(1.,0.,0.));
#5421 = ADVANCED_FACE('',(#5422),#5428,.T.);
#5422 = FACE_BOUND('',#5423,.T.);
#5423 = EDGE_LOOP('',(#5424,#5425,#5426,#5427));
#5424 = ORIENTED_EDGE('',*,*,#5315,.F.);
#5425 = ORIENTED_EDGE('',*,*,#5376,.T.);
#5426 = ORIENTED_EDGE('',*,*,#5355,.T.);
#5427 = ORIENTED_EDGE('',*,*,#5398,.F.);
#5428 = PLANE('',#5429);
#5429 = AXIS2_PLACEMENT_3D('',#5430,#5431,#5432);
#5430 = CARTESIAN_POINT('',(-1.808002E+03,743.652883,2.377908E+03));
#5431 = DIRECTION('',(0.,0.,1.));
#5432 = DIRECTION('',(1.,0.,0.));
#5433 = MANIFOLD_SOLID_BREP('',#5434);
#5434 = CLOSED_SHELL('',(#5435,#5475,#5515,#5537,#5559,#5571));
#5435 = ADVANCED_FACE('',(#5436),#5470,.F.);
#5436 = FACE_BOUND('',#5437,.F.);
#5437 = EDGE_LOOP('',(#5438,#5448,#5456,#5464));
#5438 = ORIENTED_EDGE('',*,*,#5439,.F.);
#5439 = EDGE_CURVE('',#5440,#5442,#5444,.T.);
#5440 = VERTEX_POINT('',#5441);
#5441 = CARTESIAN_POINT('',(-1.797002E+03,743.652883,277.908));
#5442 = VERTEX_POINT('',#5443);
#5443 = CARTESIAN_POINT('',(-1.797002E+03,743.652883,295.908));
#5444 = LINE('',#5445,#5446);
#5445 = CARTESIAN_POINT('',(-1.797002E+03,743.652883,277.908));
#5446 = VECTOR('',#5447,1.);
#5447 = DIRECTION('',(0.,0.,1.));
#5448 = ORIENTED_EDGE('',*,*,#5449,.T.);
#5449 = EDGE_CURVE('',#5440,#5450,#5452,.T.);
#5450 = VERTEX_POINT('',#5451);
#5451 = CARTESIAN_POINT('',(-1.797002E+03,2.115252883E+03,277.908));
#5452 = LINE('',#5453,#5454);
#5453 = CARTESIAN_POINT('',(-1.797002E+03,743.652883,277.908));
#5454 = VECTOR('',#5455,1.);
#5455 = DIRECTION('',(0.,1.,0.));
#5456 = ORIENTED_EDGE('',*,*,#5457,.T.);
#5457 = EDGE_CURVE('',#5450,#5458,#5460,.T.);
#5458 = VERTEX_POINT('',#5459);
#5459 = CARTESIAN_POINT('',(-1.797002E+03,2.115252883E+03,295.908));
#5460 = LINE('',#5461,#5462);
#5461 = CARTESIAN_POINT('',(-1.797002E+03,2.115252883E+03,277.908));
#5462 = VECTOR('',#5463,1.);
#5463 = DIRECTION('',(0.,0.,1.));
#5464 = ORIENTED_EDGE('',*,*,#5465,.F.);
#5465 = EDGE_CURVE('',#5442,#5458,#5466,.T.);
#5466 = LINE('',#5467,#5468);
#5467 = CARTESIAN_POINT('',(-1.797002E+03,743.652883,295.908));
#5468 = VECTOR('',#5469,1.);
#5469 = DIRECTION('',(0.,1.,0.));
#5470 = PLANE('',#5471);
#5471 = AXIS2_PLACEMENT_3D('',#5472,#5473,#5474);
#5472 = CARTESIAN_POINT('',(-1.797002E+03,743.652883,277.908));
#5473 = DIRECTION('',(1.,0.,0.));
#5474 = DIRECTION('',(0.,0.,1.));
#5475 = ADVANCED_FACE('',(#5476),#5510,.T.);
#5476 = FACE_BOUND('',#5477,.T.);
#5477 = EDGE_LOOP('',(#5478,#5488,#5496,#5504));
#5478 = ORIENTED_EDGE('',*,*,#5479,.F.);
#5479 = EDGE_CURVE('',#5480,#5482,#5484,.T.);
#5480 = VERTEX_POINT('',#5481);
#5481 = CARTESIAN_POINT('',(-1.769002E+03,743.652883,277.908));
#5482 = VERTEX_POINT('',#5483);
#5483 = CARTESIAN_POINT('',(-1.769002E+03,743.652883,295.908));
#5484 = LINE('',#5485,#5486);
#5485 = CARTESIAN_POINT('',(-1.769002E+03,743.652883,277.908));
#5486 = VECTOR('',#5487,1.);
#5487 = DIRECTION('',(0.,0.,1.));
#5488 = ORIENTED_EDGE('',*,*,#5489,.T.);
#5489 = EDGE_CURVE('',#5480,#5490,#5492,.T.);
#5490 = VERTEX_POINT('',#5491);
#5491 = CARTESIAN_POINT('',(-1.769002E+03,2.115252883E+03,277.908));
#5492 = LINE('',#5493,#5494);
#5493 = CARTESIAN_POINT('',(-1.769002E+03,743.652883,277.908));
#5494 = VECTOR('',#5495,1.);
#5495 = DIRECTION('',(0.,1.,0.));
#5496 = ORIENTED_EDGE('',*,*,#5497,.T.);
#5497 = EDGE_CURVE('',#5490,#5498,#5500,.T.);
#5498 = VERTEX_POINT('',#5499);
#5499 = CARTESIAN_POINT('',(-1.769002E+03,2.115252883E+03,295.908));
#5500 = LINE('',#5501,#5502);
#5501 = CARTESIAN_POINT('',(-1.769002E+03,2.115252883E+03,277.908));
#5502 = VECTOR('',#5503,1.);
#5503 = DIRECTION('',(0.,0.,1.));
#5504 = ORIENTED_EDGE('',*,*,#5505,.F.);
#5505 = EDGE_CURVE('',#5482,#5498,#5506,.T.);
#5506 = LINE('',#5507,#5508);
#5507 = CARTESIAN_POINT('',(-1.769002E+03,743.652883,295.908));
#5508 = VECTOR('',#5509,1.);
#5509 = DIRECTION('',(0.,1.,0.));
#5510 = PLANE('',#5511);
#5511 = AXIS2_PLACEMENT_3D('',#5512,#5513,#5514);
#5512 = CARTESIAN_POINT('',(-1.769002E+03,743.652883,277.908));
#5513 = DIRECTION('',(1.,0.,0.));
#5514 = DIRECTION('',(0.,0.,1.));
#5515 = ADVANCED_FACE('',(#5516),#5532,.F.);
#5516 = FACE_BOUND('',#5517,.F.);
#5517 = EDGE_LOOP('',(#5518,#5524,#5525,#5531));
#5518 = ORIENTED_EDGE('',*,*,#5519,.F.);
#5519 = EDGE_CURVE('',#5440,#5480,#5520,.T.);
#5520 = LINE('',#5521,#5522);
#5521 = CARTESIAN_POINT('',(-1.797002E+03,743.652883,277.908));
#5522 = VECTOR('',#5523,1.);
#5523 = DIRECTION('',(1.,0.,0.));
#5524 = ORIENTED_EDGE('',*,*,#5439,.T.);
#5525 = ORIENTED_EDGE('',*,*,#5526,.T.);
#5526 = EDGE_CURVE('',#5442,#5482,#5527,.T.);
#5527 = LINE('',#5528,#5529);
#5528 = CARTESIAN_POINT('',(-1.797002E+03,743.652883,295.908));
#5529 = VECTOR('',#5530,1.);
#5530 = DIRECTION('',(1.,0.,0.));
#5531 = ORIENTED_EDGE('',*,*,#5479,.F.);
#5532 = PLANE('',#5533);
#5533 = AXIS2_PLACEMENT_3D('',#5534,#5535,#5536);
#5534 = CARTESIAN_POINT('',(-1.797002E+03,743.652883,277.908));
#5535 = DIRECTION('',(0.,1.,0.));
#5536 = DIRECTION('',(0.,0.,1.));
#5537 = ADVANCED_FACE('',(#5538),#5554,.T.);
#5538 = FACE_BOUND('',#5539,.T.);
#5539 = EDGE_LOOP('',(#5540,#5546,#5547,#5553));
#5540 = ORIENTED_EDGE('',*,*,#5541,.F.);
#5541 = EDGE_CURVE('',#5450,#5490,#5542,.T.);
#5542 = LINE('',#5543,#5544);
#5543 = CARTESIAN_POINT('',(-1.797002E+03,2.115252883E+03,277.908));
#5544 = VECTOR('',#5545,1.);
#5545 = DIRECTION('',(1.,0.,0.));
#5546 = ORIENTED_EDGE('',*,*,#5457,.T.);
#5547 = ORIENTED_EDGE('',*,*,#5548,.T.);
#5548 = EDGE_CURVE('',#5458,#5498,#5549,.T.);
#5549 = LINE('',#5550,#5551);
#5550 = CARTESIAN_POINT('',(-1.797002E+03,2.115252883E+03,295.908));
#5551 = VECTOR('',#5552,1.);
#5552 = DIRECTION('',(1.,0.,0.));
#5553 = ORIENTED_EDGE('',*,*,#5497,.F.);
#5554 = PLANE('',#5555);
#5555 = AXIS2_PLACEMENT_3D('',#5556,#5557,#5558);
#5556 = CARTESIAN_POINT('',(-1.797002E+03,2.115252883E+03,277.908));
#5557 = DIRECTION('',(0.,1.,0.));
#5558 = DIRECTION('',(0.,0.,1.));
#5559 = ADVANCED_FACE('',(#5560),#5566,.F.);
#5560 = FACE_BOUND('',#5561,.F.);
#5561 = EDGE_LOOP('',(#5562,#5563,#5564,#5565));
#5562 = ORIENTED_EDGE('',*,*,#5449,.F.);
#5563 = ORIENTED_EDGE('',*,*,#5519,.T.);
#5564 = ORIENTED_EDGE('',*,*,#5489,.T.);
#5565 = ORIENTED_EDGE('',*,*,#5541,.F.);
#5566 = PLANE('',#5567);
#5567 = AXIS2_PLACEMENT_3D('',#5568,#5569,#5570);
#5568 = CARTESIAN_POINT('',(-1.797002E+03,743.652883,277.908));
#5569 = DIRECTION('',(0.,0.,1.));
#5570 = DIRECTION('',(1.,0.,0.));
#5571 = ADVANCED_FACE('',(#5572),#5578,.T.);
#5572 = FACE_BOUND('',#5573,.T.);
#5573 = EDGE_LOOP('',(#5574,#5575,#5576,#5577));
#5574 = ORIENTED_EDGE('',*,*,#5465,.F.);
#5575 = ORIENTED_EDGE('',*,*,#5526,.T.);
#5576 = ORIENTED_EDGE('',*,*,#5505,.T.);
#5577 = ORIENTED_EDGE('',*,*,#5548,.F.);
#5578 = PLANE('',#5579);
#5579 = AXIS2_PLACEMENT_3D('',#5580,#5581,#5582);
#5580 = CARTESIAN_POINT('',(-1.797002E+03,743.652883,295.908));
#5581 = DIRECTION('',(0.,0.,1.));
#5582 = DIRECTION('',(1.,0.,0.));
#5583 = MANIFOLD_SOLID_BREP('',#5584);
#5584 = CLOSED_SHELL('',(#5585,#5625,#5665,#5687,#5709,#5721));
#5585 = ADVANCED_FACE('',(#5586),#5620,.F.);
#5586 = FACE_BOUND('',#5587,.F.);
#5587 = EDGE_LOOP('',(#5588,#5598,#5606,#5614));
#5588 = ORIENTED_EDGE('',*,*,#5589,.F.);
#5589 = EDGE_CURVE('',#5590,#5592,#5594,.T.);
#5590 = VERTEX_POINT('',#5591);
#5591 = CARTESIAN_POINT('',(-1.805502E+03,1.655652883E+03,297.908));
#5592 = VERTEX_POINT('',#5593);
#5593 = CARTESIAN_POINT('',(-1.805502E+03,1.655652883E+03,2.337908E+03)
  );
#5594 = LINE('',#5595,#5596);
#5595 = CARTESIAN_POINT('',(-1.805502E+03,1.655652883E+03,297.908));
#5596 = VECTOR('',#5597,1.);
#5597 = DIRECTION('',(0.,0.,1.));
#5598 = ORIENTED_EDGE('',*,*,#5599,.T.);
#5599 = EDGE_CURVE('',#5590,#5600,#5602,.T.);
#5600 = VERTEX_POINT('',#5601);
#5601 = CARTESIAN_POINT('',(-1.805502E+03,1.679652883E+03,297.908));
#5602 = LINE('',#5603,#5604);
#5603 = CARTESIAN_POINT('',(-1.805502E+03,1.655652883E+03,297.908));
#5604 = VECTOR('',#5605,1.);
#5605 = DIRECTION('',(0.,1.,0.));
#5606 = ORIENTED_EDGE('',*,*,#5607,.T.);
#5607 = EDGE_CURVE('',#5600,#5608,#5610,.T.);
#5608 = VERTEX_POINT('',#5609);
#5609 = CARTESIAN_POINT('',(-1.805502E+03,1.679652883E+03,2.337908E+03)
  );
#5610 = LINE('',#5611,#5612);
#5611 = CARTESIAN_POINT('',(-1.805502E+03,1.679652883E+03,297.908));
#5612 = VECTOR('',#5613,1.);
#5613 = DIRECTION('',(0.,0.,1.));
#5614 = ORIENTED_EDGE('',*,*,#5615,.F.);
#5615 = EDGE_CURVE('',#5592,#5608,#5616,.T.);
#5616 = LINE('',#5617,#5618);
#5617 = CARTESIAN_POINT('',(-1.805502E+03,1.655652883E+03,2.337908E+03)
  );
#5618 = VECTOR('',#5619,1.);
#5619 = DIRECTION('',(0.,1.,0.));
#5620 = PLANE('',#5621);
#5621 = AXIS2_PLACEMENT_3D('',#5622,#5623,#5624);
#5622 = CARTESIAN_POINT('',(-1.805502E+03,1.655652883E+03,297.908));
#5623 = DIRECTION('',(1.,0.,0.));
#5624 = DIRECTION('',(0.,0.,1.));
#5625 = ADVANCED_FACE('',(#5626),#5660,.T.);
#5626 = FACE_BOUND('',#5627,.T.);
#5627 = EDGE_LOOP('',(#5628,#5638,#5646,#5654));
#5628 = ORIENTED_EDGE('',*,*,#5629,.F.);
#5629 = EDGE_CURVE('',#5630,#5632,#5634,.T.);
#5630 = VERTEX_POINT('',#5631);
#5631 = CARTESIAN_POINT('',(-1.760502E+03,1.655652883E+03,297.908));
#5632 = VERTEX_POINT('',#5633);
#5633 = CARTESIAN_POINT('',(-1.760502E+03,1.655652883E+03,2.337908E+03)
  );
#5634 = LINE('',#5635,#5636);
#5635 = CARTESIAN_POINT('',(-1.760502E+03,1.655652883E+03,297.908));
#5636 = VECTOR('',#5637,1.);
#5637 = DIRECTION('',(0.,0.,1.));
#5638 = ORIENTED_EDGE('',*,*,#5639,.T.);
#5639 = EDGE_CURVE('',#5630,#5640,#5642,.T.);
#5640 = VERTEX_POINT('',#5641);
#5641 = CARTESIAN_POINT('',(-1.760502E+03,1.679652883E+03,297.908));
#5642 = LINE('',#5643,#5644);
#5643 = CARTESIAN_POINT('',(-1.760502E+03,1.655652883E+03,297.908));
#5644 = VECTOR('',#5645,1.);
#5645 = DIRECTION('',(0.,1.,0.));
#5646 = ORIENTED_EDGE('',*,*,#5647,.T.);
#5647 = EDGE_CURVE('',#5640,#5648,#5650,.T.);
#5648 = VERTEX_POINT('',#5649);
#5649 = CARTESIAN_POINT('',(-1.760502E+03,1.679652883E+03,2.337908E+03)
  );
#5650 = LINE('',#5651,#5652);
#5651 = CARTESIAN_POINT('',(-1.760502E+03,1.679652883E+03,297.908));
#5652 = VECTOR('',#5653,1.);
#5653 = DIRECTION('',(0.,0.,1.));
#5654 = ORIENTED_EDGE('',*,*,#5655,.F.);
#5655 = EDGE_CURVE('',#5632,#5648,#5656,.T.);
#5656 = LINE('',#5657,#5658);
#5657 = CARTESIAN_POINT('',(-1.760502E+03,1.655652883E+03,2.337908E+03)
  );
#5658 = VECTOR('',#5659,1.);
#5659 = DIRECTION('',(0.,1.,0.));
#5660 = PLANE('',#5661);
#5661 = AXIS2_PLACEMENT_3D('',#5662,#5663,#5664);
#5662 = CARTESIAN_POINT('',(-1.760502E+03,1.655652883E+03,297.908));
#5663 = DIRECTION('',(1.,0.,0.));
#5664 = DIRECTION('',(0.,0.,1.));
#5665 = ADVANCED_FACE('',(#5666),#5682,.F.);
#5666 = FACE_BOUND('',#5667,.F.);
#5667 = EDGE_LOOP('',(#5668,#5674,#5675,#5681));
#5668 = ORIENTED_EDGE('',*,*,#5669,.F.);
#5669 = EDGE_CURVE('',#5590,#5630,#5670,.T.);
#5670 = LINE('',#5671,#5672);
#5671 = CARTESIAN_POINT('',(-1.805502E+03,1.655652883E+03,297.908));
#5672 = VECTOR('',#5673,1.);
#5673 = DIRECTION('',(1.,0.,0.));
#5674 = ORIENTED_EDGE('',*,*,#5589,.T.);
#5675 = ORIENTED_EDGE('',*,*,#5676,.T.);
#5676 = EDGE_CURVE('',#5592,#5632,#5677,.T.);
#5677 = LINE('',#5678,#5679);
#5678 = CARTESIAN_POINT('',(-1.805502E+03,1.655652883E+03,2.337908E+03)
  );
#5679 = VECTOR('',#5680,1.);
#5680 = DIRECTION('',(1.,0.,0.));
#5681 = ORIENTED_EDGE('',*,*,#5629,.F.);
#5682 = PLANE('',#5683);
#5683 = AXIS2_PLACEMENT_3D('',#5684,#5685,#5686);
#5684 = CARTESIAN_POINT('',(-1.805502E+03,1.655652883E+03,297.908));
#5685 = DIRECTION('',(0.,1.,0.));
#5686 = DIRECTION('',(0.,0.,1.));
#5687 = ADVANCED_FACE('',(#5688),#5704,.T.);
#5688 = FACE_BOUND('',#5689,.T.);
#5689 = EDGE_LOOP('',(#5690,#5696,#5697,#5703));
#5690 = ORIENTED_EDGE('',*,*,#5691,.F.);
#5691 = EDGE_CURVE('',#5600,#5640,#5692,.T.);
#5692 = LINE('',#5693,#5694);
#5693 = CARTESIAN_POINT('',(-1.805502E+03,1.679652883E+03,297.908));
#5694 = VECTOR('',#5695,1.);
#5695 = DIRECTION('',(1.,0.,0.));
#5696 = ORIENTED_EDGE('',*,*,#5607,.T.);
#5697 = ORIENTED_EDGE('',*,*,#5698,.T.);
#5698 = EDGE_CURVE('',#5608,#5648,#5699,.T.);
#5699 = LINE('',#5700,#5701);
#5700 = CARTESIAN_POINT('',(-1.805502E+03,1.679652883E+03,2.337908E+03)
  );
#5701 = VECTOR('',#5702,1.);
#5702 = DIRECTION('',(1.,0.,0.));
#5703 = ORIENTED_EDGE('',*,*,#5647,.F.);
#5704 = PLANE('',#5705);
#5705 = AXIS2_PLACEMENT_3D('',#5706,#5707,#5708);
#5706 = CARTESIAN_POINT('',(-1.805502E+03,1.679652883E+03,297.908));
#5707 = DIRECTION('',(0.,1.,0.));
#5708 = DIRECTION('',(0.,0.,1.));
#5709 = ADVANCED_FACE('',(#5710),#5716,.F.);
#5710 = FACE_BOUND('',#5711,.F.);
#5711 = EDGE_LOOP('',(#5712,#5713,#5714,#5715));
#5712 = ORIENTED_EDGE('',*,*,#5599,.F.);
#5713 = ORIENTED_EDGE('',*,*,#5669,.T.);
#5714 = ORIENTED_EDGE('',*,*,#5639,.T.);
#5715 = ORIENTED_EDGE('',*,*,#5691,.F.);
#5716 = PLANE('',#5717);
#5717 = AXIS2_PLACEMENT_3D('',#5718,#5719,#5720);
#5718 = CARTESIAN_POINT('',(-1.805502E+03,1.655652883E+03,297.908));
#5719 = DIRECTION('',(0.,0.,1.));
#5720 = DIRECTION('',(1.,0.,0.));
#5721 = ADVANCED_FACE('',(#5722),#5728,.T.);
#5722 = FACE_BOUND('',#5723,.T.);
#5723 = EDGE_LOOP('',(#5724,#5725,#5726,#5727));
#5724 = ORIENTED_EDGE('',*,*,#5615,.F.);
#5725 = ORIENTED_EDGE('',*,*,#5676,.T.);
#5726 = ORIENTED_EDGE('',*,*,#5655,.T.);
#5727 = ORIENTED_EDGE('',*,*,#5698,.F.);
#5728 = PLANE('',#5729);
#5729 = AXIS2_PLACEMENT_3D('',#5730,#5731,#5732);
#5730 = CARTESIAN_POINT('',(-1.805502E+03,1.655652883E+03,2.337908E+03)
  );
#5731 = DIRECTION('',(0.,0.,1.));
#5732 = DIRECTION('',(1.,0.,0.));
#5733 = MANIFOLD_SOLID_BREP('',#5734);
#5734 = CLOSED_SHELL('',(#5735,#5775,#5815,#5837,#5859,#5871));
#5735 = ADVANCED_FACE('',(#5736),#5770,.F.);
#5736 = FACE_BOUND('',#5737,.F.);
#5737 = EDGE_LOOP('',(#5738,#5748,#5756,#5764));
#5738 = ORIENTED_EDGE('',*,*,#5739,.F.);
#5739 = EDGE_CURVE('',#5740,#5742,#5744,.T.);
#5740 = VERTEX_POINT('',#5741);
#5741 = CARTESIAN_POINT('',(-1.786002E+03,1.679652883E+03,325.908));
#5742 = VERTEX_POINT('',#5743);
#5743 = CARTESIAN_POINT('',(-1.786002E+03,1.679652883E+03,2.319908E+03)
  );
#5744 = LINE('',#5745,#5746);
#5745 = CARTESIAN_POINT('',(-1.786002E+03,1.679652883E+03,325.908));
#5746 = VECTOR('',#5747,1.);
#5747 = DIRECTION('',(0.,0.,1.));
#5748 = ORIENTED_EDGE('',*,*,#5749,.T.);
#5749 = EDGE_CURVE('',#5740,#5750,#5752,.T.);
#5750 = VERTEX_POINT('',#5751);
#5751 = CARTESIAN_POINT('',(-1.786002E+03,2.079252883E+03,325.908));
#5752 = LINE('',#5753,#5754);
#5753 = CARTESIAN_POINT('',(-1.786002E+03,1.679652883E+03,325.908));
#5754 = VECTOR('',#5755,1.);
#5755 = DIRECTION('',(0.,1.,0.));
#5756 = ORIENTED_EDGE('',*,*,#5757,.T.);
#5757 = EDGE_CURVE('',#5750,#5758,#5760,.T.);
#5758 = VERTEX_POINT('',#5759);
#5759 = CARTESIAN_POINT('',(-1.786002E+03,2.079252883E+03,2.319908E+03)
  );
#5760 = LINE('',#5761,#5762);
#5761 = CARTESIAN_POINT('',(-1.786002E+03,2.079252883E+03,325.908));
#5762 = VECTOR('',#5763,1.);
#5763 = DIRECTION('',(0.,0.,1.));
#5764 = ORIENTED_EDGE('',*,*,#5765,.F.);
#5765 = EDGE_CURVE('',#5742,#5758,#5766,.T.);
#5766 = LINE('',#5767,#5768);
#5767 = CARTESIAN_POINT('',(-1.786002E+03,1.679652883E+03,2.319908E+03)
  );
#5768 = VECTOR('',#5769,1.);
#5769 = DIRECTION('',(0.,1.,0.));
#5770 = PLANE('',#5771);
#5771 = AXIS2_PLACEMENT_3D('',#5772,#5773,#5774);
#5772 = CARTESIAN_POINT('',(-1.786002E+03,1.679652883E+03,325.908));
#5773 = DIRECTION('',(1.,0.,0.));
#5774 = DIRECTION('',(0.,0.,1.));
#5775 = ADVANCED_FACE('',(#5776),#5810,.T.);
#5776 = FACE_BOUND('',#5777,.T.);
#5777 = EDGE_LOOP('',(#5778,#5788,#5796,#5804));
#5778 = ORIENTED_EDGE('',*,*,#5779,.F.);
#5779 = EDGE_CURVE('',#5780,#5782,#5784,.T.);
#5780 = VERTEX_POINT('',#5781);
#5781 = CARTESIAN_POINT('',(-1.780002E+03,1.679652883E+03,325.908));
#5782 = VERTEX_POINT('',#5783);
#5783 = CARTESIAN_POINT('',(-1.780002E+03,1.679652883E+03,2.319908E+03)
  );
#5784 = LINE('',#5785,#5786);
#5785 = CARTESIAN_POINT('',(-1.780002E+03,1.679652883E+03,325.908));
#5786 = VECTOR('',#5787,1.);
#5787 = DIRECTION('',(0.,0.,1.));
#5788 = ORIENTED_EDGE('',*,*,#5789,.T.);
#5789 = EDGE_CURVE('',#5780,#5790,#5792,.T.);
#5790 = VERTEX_POINT('',#5791);
#5791 = CARTESIAN_POINT('',(-1.780002E+03,2.079252883E+03,325.908));
#5792 = LINE('',#5793,#5794);
#5793 = CARTESIAN_POINT('',(-1.780002E+03,1.679652883E+03,325.908));
#5794 = VECTOR('',#5795,1.);
#5795 = DIRECTION('',(0.,1.,0.));
#5796 = ORIENTED_EDGE('',*,*,#5797,.T.);
#5797 = EDGE_CURVE('',#5790,#5798,#5800,.T.);
#5798 = VERTEX_POINT('',#5799);
#5799 = CARTESIAN_POINT('',(-1.780002E+03,2.079252883E+03,2.319908E+03)
  );
#5800 = LINE('',#5801,#5802);
#5801 = CARTESIAN_POINT('',(-1.780002E+03,2.079252883E+03,325.908));
#5802 = VECTOR('',#5803,1.);
#5803 = DIRECTION('',(0.,0.,1.));
#5804 = ORIENTED_EDGE('',*,*,#5805,.F.);
#5805 = EDGE_CURVE('',#5782,#5798,#5806,.T.);
#5806 = LINE('',#5807,#5808);
#5807 = CARTESIAN_POINT('',(-1.780002E+03,1.679652883E+03,2.319908E+03)
  );
#5808 = VECTOR('',#5809,1.);
#5809 = DIRECTION('',(0.,1.,0.));
#5810 = PLANE('',#5811);
#5811 = AXIS2_PLACEMENT_3D('',#5812,#5813,#5814);
#5812 = CARTESIAN_POINT('',(-1.780002E+03,1.679652883E+03,325.908));
#5813 = DIRECTION('',(1.,0.,0.));
#5814 = DIRECTION('',(0.,0.,1.));
#5815 = ADVANCED_FACE('',(#5816),#5832,.F.);
#5816 = FACE_BOUND('',#5817,.F.);
#5817 = EDGE_LOOP('',(#5818,#5824,#5825,#5831));
#5818 = ORIENTED_EDGE('',*,*,#5819,.F.);
#5819 = EDGE_CURVE('',#5740,#5780,#5820,.T.);
#5820 = LINE('',#5821,#5822);
#5821 = CARTESIAN_POINT('',(-1.786002E+03,1.679652883E+03,325.908));
#5822 = VECTOR('',#5823,1.);
#5823 = DIRECTION('',(1.,0.,0.));
#5824 = ORIENTED_EDGE('',*,*,#5739,.T.);
#5825 = ORIENTED_EDGE('',*,*,#5826,.T.);
#5826 = EDGE_CURVE('',#5742,#5782,#5827,.T.);
#5827 = LINE('',#5828,#5829);
#5828 = CARTESIAN_POINT('',(-1.786002E+03,1.679652883E+03,2.319908E+03)
  );
#5829 = VECTOR('',#5830,1.);
#5830 = DIRECTION('',(1.,0.,0.));
#5831 = ORIENTED_EDGE('',*,*,#5779,.F.);
#5832 = PLANE('',#5833);
#5833 = AXIS2_PLACEMENT_3D('',#5834,#5835,#5836);
#5834 = CARTESIAN_POINT('',(-1.786002E+03,1.679652883E+03,325.908));
#5835 = DIRECTION('',(0.,1.,0.));
#5836 = DIRECTION('',(0.,0.,1.));
#5837 = ADVANCED_FACE('',(#5838),#5854,.T.);
#5838 = FACE_BOUND('',#5839,.T.);
#5839 = EDGE_LOOP('',(#5840,#5846,#5847,#5853));
#5840 = ORIENTED_EDGE('',*,*,#5841,.F.);
#5841 = EDGE_CURVE('',#5750,#5790,#5842,.T.);
#5842 = LINE('',#5843,#5844);
#5843 = CARTESIAN_POINT('',(-1.786002E+03,2.079252883E+03,325.908));
#5844 = VECTOR('',#5845,1.);
#5845 = DIRECTION('',(1.,0.,0.));
#5846 = ORIENTED_EDGE('',*,*,#5757,.T.);
#5847 = ORIENTED_EDGE('',*,*,#5848,.T.);
#5848 = EDGE_CURVE('',#5758,#5798,#5849,.T.);
#5849 = LINE('',#5850,#5851);
#5850 = CARTESIAN_POINT('',(-1.786002E+03,2.079252883E+03,2.319908E+03)
  );
#5851 = VECTOR('',#5852,1.);
#5852 = DIRECTION('',(1.,0.,0.));
#5853 = ORIENTED_EDGE('',*,*,#5797,.F.);
#5854 = PLANE('',#5855);
#5855 = AXIS2_PLACEMENT_3D('',#5856,#5857,#5858);
#5856 = CARTESIAN_POINT('',(-1.786002E+03,2.079252883E+03,325.908));
#5857 = DIRECTION('',(0.,1.,0.));
#5858 = DIRECTION('',(0.,0.,1.));
#5859 = ADVANCED_FACE('',(#5860),#5866,.F.);
#5860 = FACE_BOUND('',#5861,.F.);
#5861 = EDGE_LOOP('',(#5862,#5863,#5864,#5865));
#5862 = ORIENTED_EDGE('',*,*,#5749,.F.);
#5863 = ORIENTED_EDGE('',*,*,#5819,.T.);
#5864 = ORIENTED_EDGE('',*,*,#5789,.T.);
#5865 = ORIENTED_EDGE('',*,*,#5841,.F.);
#5866 = PLANE('',#5867);
#5867 = AXIS2_PLACEMENT_3D('',#5868,#5869,#5870);
#5868 = CARTESIAN_POINT('',(-1.786002E+03,1.679652883E+03,325.908));
#5869 = DIRECTION('',(0.,0.,1.));
#5870 = DIRECTION('',(1.,0.,0.));
#5871 = ADVANCED_FACE('',(#5872),#5878,.T.);
#5872 = FACE_BOUND('',#5873,.T.);
#5873 = EDGE_LOOP('',(#5874,#5875,#5876,#5877));
#5874 = ORIENTED_EDGE('',*,*,#5765,.F.);
#5875 = ORIENTED_EDGE('',*,*,#5826,.T.);
#5876 = ORIENTED_EDGE('',*,*,#5805,.T.);
#5877 = ORIENTED_EDGE('',*,*,#5848,.F.);
#5878 = PLANE('',#5879);
#5879 = AXIS2_PLACEMENT_3D('',#5880,#5881,#5882);
#5880 = CARTESIAN_POINT('',(-1.786002E+03,1.679652883E+03,2.319908E+03)
  );
#5881 = DIRECTION('',(0.,0.,1.));
#5882 = DIRECTION('',(1.,0.,0.));
#5883 = MANIFOLD_SOLID_BREP('',#5884);
#5884 = CLOSED_SHELL('',(#5885,#5925,#5965,#5987,#6009,#6021));
#5885 = ADVANCED_FACE('',(#5886),#5920,.F.);
#5886 = FACE_BOUND('',#5887,.F.);
#5887 = EDGE_LOOP('',(#5888,#5898,#5906,#5914));
#5888 = ORIENTED_EDGE('',*,*,#5889,.F.);
#5889 = EDGE_CURVE('',#5890,#5892,#5894,.T.);
#5890 = VERTEX_POINT('',#5891);
#5891 = CARTESIAN_POINT('',(-1.801002E+03,803.652883,303.908));
#5892 = VERTEX_POINT('',#5893);
#5893 = CARTESIAN_POINT('',(-1.801002E+03,803.652883,2.331908E+03));
#5894 = LINE('',#5895,#5896);
#5895 = CARTESIAN_POINT('',(-1.801002E+03,803.652883,303.908));
#5896 = VECTOR('',#5897,1.);
#5897 = DIRECTION('',(0.,0.,1.));
#5898 = ORIENTED_EDGE('',*,*,#5899,.T.);
#5899 = EDGE_CURVE('',#5890,#5900,#5902,.T.);
#5900 = VERTEX_POINT('',#5901);
#5901 = CARTESIAN_POINT('',(-1.801002E+03,827.652883,303.908));
#5902 = LINE('',#5903,#5904);
#5903 = CARTESIAN_POINT('',(-1.801002E+03,803.652883,303.908));
#5904 = VECTOR('',#5905,1.);
#5905 = DIRECTION('',(0.,1.,0.));
#5906 = ORIENTED_EDGE('',*,*,#5907,.T.);
#5907 = EDGE_CURVE('',#5900,#5908,#5910,.T.);
#5908 = VERTEX_POINT('',#5909);
#5909 = CARTESIAN_POINT('',(-1.801002E+03,827.652883,2.331908E+03));
#5910 = LINE('',#5911,#5912);
#5911 = CARTESIAN_POINT('',(-1.801002E+03,827.652883,303.908));
#5912 = VECTOR('',#5913,1.);
#5913 = DIRECTION('',(0.,0.,1.));
#5914 = ORIENTED_EDGE('',*,*,#5915,.F.);
#5915 = EDGE_CURVE('',#5892,#5908,#5916,.T.);
#5916 = LINE('',#5917,#5918);
#5917 = CARTESIAN_POINT('',(-1.801002E+03,803.652883,2.331908E+03));
#5918 = VECTOR('',#5919,1.);
#5919 = DIRECTION('',(0.,1.,0.));
#5920 = PLANE('',#5921);
#5921 = AXIS2_PLACEMENT_3D('',#5922,#5923,#5924);
#5922 = CARTESIAN_POINT('',(-1.801002E+03,803.652883,303.908));
#5923 = DIRECTION('',(1.,0.,0.));
#5924 = DIRECTION('',(0.,0.,1.));
#5925 = ADVANCED_FACE('',(#5926),#5960,.T.);
#5926 = FACE_BOUND('',#5927,.T.);
#5927 = EDGE_LOOP('',(#5928,#5938,#5946,#5954));
#5928 = ORIENTED_EDGE('',*,*,#5929,.F.);
#5929 = EDGE_CURVE('',#5930,#5932,#5934,.T.);
#5930 = VERTEX_POINT('',#5931);
#5931 = CARTESIAN_POINT('',(-1.765002E+03,803.652883,303.908));
#5932 = VERTEX_POINT('',#5933);
#5933 = CARTESIAN_POINT('',(-1.765002E+03,803.652883,2.331908E+03));
#5934 = LINE('',#5935,#5936);
#5935 = CARTESIAN_POINT('',(-1.765002E+03,803.652883,303.908));
#5936 = VECTOR('',#5937,1.);
#5937 = DIRECTION('',(0.,0.,1.));
#5938 = ORIENTED_EDGE('',*,*,#5939,.T.);
#5939 = EDGE_CURVE('',#5930,#5940,#5942,.T.);
#5940 = VERTEX_POINT('',#5941);
#5941 = CARTESIAN_POINT('',(-1.765002E+03,827.652883,303.908));
#5942 = LINE('',#5943,#5944);
#5943 = CARTESIAN_POINT('',(-1.765002E+03,803.652883,303.908));
#5944 = VECTOR('',#5945,1.);
#5945 = DIRECTION('',(0.,1.,0.));
#5946 = ORIENTED_EDGE('',*,*,#5947,.T.);
#5947 = EDGE_CURVE('',#5940,#5948,#5950,.T.);
#5948 = VERTEX_POINT('',#5949);
#5949 = CARTESIAN_POINT('',(-1.765002E+03,827.652883,2.331908E+03));
#5950 = LINE('',#5951,#5952);
#5951 = CARTESIAN_POINT('',(-1.765002E+03,827.652883,303.908));
#5952 = VECTOR('',#5953,1.);
#5953 = DIRECTION('',(0.,0.,1.));
#5954 = ORIENTED_EDGE('',*,*,#5955,.F.);
#5955 = EDGE_CURVE('',#5932,#5948,#5956,.T.);
#5956 = LINE('',#5957,#5958);
#5957 = CARTESIAN_POINT('',(-1.765002E+03,803.652883,2.331908E+03));
#5958 = VECTOR('',#5959,1.);
#5959 = DIRECTION('',(0.,1.,0.));
#5960 = PLANE('',#5961);
#5961 = AXIS2_PLACEMENT_3D('',#5962,#5963,#5964);
#5962 = CARTESIAN_POINT('',(-1.765002E+03,803.652883,303.908));
#5963 = DIRECTION('',(1.,0.,0.));
#5964 = DIRECTION('',(0.,0.,1.));
#5965 = ADVANCED_FACE('',(#5966),#5982,.F.);
#5966 = FACE_BOUND('',#5967,.F.);
#5967 = EDGE_LOOP('',(#5968,#5974,#5975,#5981));
#5968 = ORIENTED_EDGE('',*,*,#5969,.F.);
#5969 = EDGE_CURVE('',#5890,#5930,#5970,.T.);
#5970 = LINE('',#5971,#5972);
#5971 = CARTESIAN_POINT('',(-1.801002E+03,803.652883,303.908));
#5972 = VECTOR('',#5973,1.);
#5973 = DIRECTION('',(1.,0.,0.));
#5974 = ORIENTED_EDGE('',*,*,#5889,.T.);
#5975 = ORIENTED_EDGE('',*,*,#5976,.T.);
#5976 = EDGE_CURVE('',#5892,#5932,#5977,.T.);
#5977 = LINE('',#5978,#5979);
#5978 = CARTESIAN_POINT('',(-1.801002E+03,803.652883,2.331908E+03));
#5979 = VECTOR('',#5980,1.);
#5980 = DIRECTION('',(1.,0.,0.));
#5981 = ORIENTED_EDGE('',*,*,#5929,.F.);
#5982 = PLANE('',#5983);
#5983 = AXIS2_PLACEMENT_3D('',#5984,#5985,#5986);
#5984 = CARTESIAN_POINT('',(-1.801002E+03,803.652883,303.908));
#5985 = DIRECTION('',(0.,1.,0.));
#5986 = DIRECTION('',(0.,0.,1.));
#5987 = ADVANCED_FACE('',(#5988),#6004,.T.);
#5988 = FACE_BOUND('',#5989,.T.);
#5989 = EDGE_LOOP('',(#5990,#5996,#5997,#6003));
#5990 = ORIENTED_EDGE('',*,*,#5991,.F.);
#5991 = EDGE_CURVE('',#5900,#5940,#5992,.T.);
#5992 = LINE('',#5993,#5994);
#5993 = CARTESIAN_POINT('',(-1.801002E+03,827.652883,303.908));
#5994 = VECTOR('',#5995,1.);
#5995 = DIRECTION('',(1.,0.,0.));
#5996 = ORIENTED_EDGE('',*,*,#5907,.T.);
#5997 = ORIENTED_EDGE('',*,*,#5998,.T.);
#5998 = EDGE_CURVE('',#5908,#5948,#5999,.T.);
#5999 = LINE('',#6000,#6001);
#6000 = CARTESIAN_POINT('',(-1.801002E+03,827.652883,2.331908E+03));
#6001 = VECTOR('',#6002,1.);
#6002 = DIRECTION('',(1.,0.,0.));
#6003 = ORIENTED_EDGE('',*,*,#5947,.F.);
#6004 = PLANE('',#6005);
#6005 = AXIS2_PLACEMENT_3D('',#6006,#6007,#6008);
#6006 = CARTESIAN_POINT('',(-1.801002E+03,827.652883,303.908));
#6007 = DIRECTION('',(0.,1.,0.));
#6008 = DIRECTION('',(0.,0.,1.));
#6009 = ADVANCED_FACE('',(#6010),#6016,.F.);
#6010 = FACE_BOUND('',#6011,.F.);
#6011 = EDGE_LOOP('',(#6012,#6013,#6014,#6015));
#6012 = ORIENTED_EDGE('',*,*,#5899,.F.);
#6013 = ORIENTED_EDGE('',*,*,#5969,.T.);
#6014 = ORIENTED_EDGE('',*,*,#5939,.T.);
#6015 = ORIENTED_EDGE('',*,*,#5991,.F.);
#6016 = PLANE('',#6017);
#6017 = AXIS2_PLACEMENT_3D('',#6018,#6019,#6020);
#6018 = CARTESIAN_POINT('',(-1.801002E+03,803.652883,303.908));
#6019 = DIRECTION('',(0.,0.,1.));
#6020 = DIRECTION('',(1.,0.,0.));
#6021 = ADVANCED_FACE('',(#6022),#6028,.T.);
#6022 = FACE_BOUND('',#6023,.T.);
#6023 = EDGE_LOOP('',(#6024,#6025,#6026,#6027));
#6024 = ORIENTED_EDGE('',*,*,#5915,.F.);
#6025 = ORIENTED_EDGE('',*,*,#5976,.T.);
#6026 = ORIENTED_EDGE('',*,*,#5955,.T.);
#6027 = ORIENTED_EDGE('',*,*,#5998,.F.);
#6028 = PLANE('',#6029);
#6029 = AXIS2_PLACEMENT_3D('',#6030,#6031,#6032);
#6030 = CARTESIAN_POINT('',(-1.801002E+03,803.652883,2.331908E+03));
#6031 = DIRECTION('',(0.,0.,1.));
#6032 = DIRECTION('',(1.,0.,0.));
#6033 = MANIFOLD_SOLID_BREP('',#6034);
#6034 = CLOSED_SHELL('',(#6035,#6075,#6115,#6137,#6159,#6171));
#6035 = ADVANCED_FACE('',(#6036),#6070,.F.);
#6036 = FACE_BOUND('',#6037,.F.);
#6037 = EDGE_LOOP('',(#6038,#6048,#6056,#6064));
#6038 = ORIENTED_EDGE('',*,*,#6039,.F.);
#6039 = EDGE_CURVE('',#6040,#6042,#6044,.T.);
#6040 = VERTEX_POINT('',#6041);
#6041 = CARTESIAN_POINT('',(-1.801002E+03,1.629652883E+03,303.908));
#6042 = VERTEX_POINT('',#6043);
#6043 = CARTESIAN_POINT('',(-1.801002E+03,1.629652883E+03,2.331908E+03)
  );
#6044 = LINE('',#6045,#6046);
#6045 = CARTESIAN_POINT('',(-1.801002E+03,1.629652883E+03,303.908));
#6046 = VECTOR('',#6047,1.);
#6047 = DIRECTION('',(0.,0.,1.));
#6048 = ORIENTED_EDGE('',*,*,#6049,.T.);
#6049 = EDGE_CURVE('',#6040,#6050,#6052,.T.);
#6050 = VERTEX_POINT('',#6051);
#6051 = CARTESIAN_POINT('',(-1.801002E+03,1.653652883E+03,303.908));
#6052 = LINE('',#6053,#6054);
#6053 = CARTESIAN_POINT('',(-1.801002E+03,1.629652883E+03,303.908));
#6054 = VECTOR('',#6055,1.);
#6055 = DIRECTION('',(0.,1.,0.));
#6056 = ORIENTED_EDGE('',*,*,#6057,.T.);
#6057 = EDGE_CURVE('',#6050,#6058,#6060,.T.);
#6058 = VERTEX_POINT('',#6059);
#6059 = CARTESIAN_POINT('',(-1.801002E+03,1.653652883E+03,2.331908E+03)
  );
#6060 = LINE('',#6061,#6062);
#6061 = CARTESIAN_POINT('',(-1.801002E+03,1.653652883E+03,303.908));
#6062 = VECTOR('',#6063,1.);
#6063 = DIRECTION('',(0.,0.,1.));
#6064 = ORIENTED_EDGE('',*,*,#6065,.F.);
#6065 = EDGE_CURVE('',#6042,#6058,#6066,.T.);
#6066 = LINE('',#6067,#6068);
#6067 = CARTESIAN_POINT('',(-1.801002E+03,1.629652883E+03,2.331908E+03)
  );
#6068 = VECTOR('',#6069,1.);
#6069 = DIRECTION('',(0.,1.,0.));
#6070 = PLANE('',#6071);
#6071 = AXIS2_PLACEMENT_3D('',#6072,#6073,#6074);
#6072 = CARTESIAN_POINT('',(-1.801002E+03,1.629652883E+03,303.908));
#6073 = DIRECTION('',(1.,0.,0.));
#6074 = DIRECTION('',(0.,0.,1.));
#6075 = ADVANCED_FACE('',(#6076),#6110,.T.);
#6076 = FACE_BOUND('',#6077,.T.);
#6077 = EDGE_LOOP('',(#6078,#6088,#6096,#6104));
#6078 = ORIENTED_EDGE('',*,*,#6079,.F.);
#6079 = EDGE_CURVE('',#6080,#6082,#6084,.T.);
#6080 = VERTEX_POINT('',#6081);
#6081 = CARTESIAN_POINT('',(-1.765002E+03,1.629652883E+03,303.908));
#6082 = VERTEX_POINT('',#6083);
#6083 = CARTESIAN_POINT('',(-1.765002E+03,1.629652883E+03,2.331908E+03)
  );
#6084 = LINE('',#6085,#6086);
#6085 = CARTESIAN_POINT('',(-1.765002E+03,1.629652883E+03,303.908));
#6086 = VECTOR('',#6087,1.);
#6087 = DIRECTION('',(0.,0.,1.));
#6088 = ORIENTED_EDGE('',*,*,#6089,.T.);
#6089 = EDGE_CURVE('',#6080,#6090,#6092,.T.);
#6090 = VERTEX_POINT('',#6091);
#6091 = CARTESIAN_POINT('',(-1.765002E+03,1.653652883E+03,303.908));
#6092 = LINE('',#6093,#6094);
#6093 = CARTESIAN_POINT('',(-1.765002E+03,1.629652883E+03,303.908));
#6094 = VECTOR('',#6095,1.);
#6095 = DIRECTION('',(0.,1.,0.));
#6096 = ORIENTED_EDGE('',*,*,#6097,.T.);
#6097 = EDGE_CURVE('',#6090,#6098,#6100,.T.);
#6098 = VERTEX_POINT('',#6099);
#6099 = CARTESIAN_POINT('',(-1.765002E+03,1.653652883E+03,2.331908E+03)
  );
#6100 = LINE('',#6101,#6102);
#6101 = CARTESIAN_POINT('',(-1.765002E+03,1.653652883E+03,303.908));
#6102 = VECTOR('',#6103,1.);
#6103 = DIRECTION('',(0.,0.,1.));
#6104 = ORIENTED_EDGE('',*,*,#6105,.F.);
#6105 = EDGE_CURVE('',#6082,#6098,#6106,.T.);
#6106 = LINE('',#6107,#6108);
#6107 = CARTESIAN_POINT('',(-1.765002E+03,1.629652883E+03,2.331908E+03)
  );
#6108 = VECTOR('',#6109,1.);
#6109 = DIRECTION('',(0.,1.,0.));
#6110 = PLANE('',#6111);
#6111 = AXIS2_PLACEMENT_3D('',#6112,#6113,#6114);
#6112 = CARTESIAN_POINT('',(-1.765002E+03,1.629652883E+03,303.908));
#6113 = DIRECTION('',(1.,0.,0.));
#6114 = DIRECTION('',(0.,0.,1.));
#6115 = ADVANCED_FACE('',(#6116),#6132,.F.);
#6116 = FACE_BOUND('',#6117,.F.);
#6117 = EDGE_LOOP('',(#6118,#6124,#6125,#6131));
#6118 = ORIENTED_EDGE('',*,*,#6119,.F.);
#6119 = EDGE_CURVE('',#6040,#6080,#6120,.T.);
#6120 = LINE('',#6121,#6122);
#6121 = CARTESIAN_POINT('',(-1.801002E+03,1.629652883E+03,303.908));
#6122 = VECTOR('',#6123,1.);
#6123 = DIRECTION('',(1.,0.,0.));
#6124 = ORIENTED_EDGE('',*,*,#6039,.T.);
#6125 = ORIENTED_EDGE('',*,*,#6126,.T.);
#6126 = EDGE_CURVE('',#6042,#6082,#6127,.T.);
#6127 = LINE('',#6128,#6129);
#6128 = CARTESIAN_POINT('',(-1.801002E+03,1.629652883E+03,2.331908E+03)
  );
#6129 = VECTOR('',#6130,1.);
#6130 = DIRECTION('',(1.,0.,0.));
#6131 = ORIENTED_EDGE('',*,*,#6079,.F.);
#6132 = PLANE('',#6133);
#6133 = AXIS2_PLACEMENT_3D('',#6134,#6135,#6136);
#6134 = CARTESIAN_POINT('',(-1.801002E+03,1.629652883E+03,303.908));
#6135 = DIRECTION('',(0.,1.,0.));
#6136 = DIRECTION('',(0.,0.,1.));
#6137 = ADVANCED_FACE('',(#6138),#6154,.T.);
#6138 = FACE_BOUND('',#6139,.T.);
#6139 = EDGE_LOOP('',(#6140,#6146,#6147,#6153));
#6140 = ORIENTED_EDGE('',*,*,#6141,.F.);
#6141 = EDGE_CURVE('',#6050,#6090,#6142,.T.);
#6142 = LINE('',#6143,#6144);
#6143 = CARTESIAN_POINT('',(-1.801002E+03,1.653652883E+03,303.908));
#6144 = VECTOR('',#6145,1.);
#6145 = DIRECTION('',(1.,0.,0.));
#6146 = ORIENTED_EDGE('',*,*,#6057,.T.);
#6147 = ORIENTED_EDGE('',*,*,#6148,.T.);
#6148 = EDGE_CURVE('',#6058,#6098,#6149,.T.);
#6149 = LINE('',#6150,#6151);
#6150 = CARTESIAN_POINT('',(-1.801002E+03,1.653652883E+03,2.331908E+03)
  );
#6151 = VECTOR('',#6152,1.);
#6152 = DIRECTION('',(1.,0.,0.));
#6153 = ORIENTED_EDGE('',*,*,#6097,.F.);
#6154 = PLANE('',#6155);
#6155 = AXIS2_PLACEMENT_3D('',#6156,#6157,#6158);
#6156 = CARTESIAN_POINT('',(-1.801002E+03,1.653652883E+03,303.908));
#6157 = DIRECTION('',(0.,1.,0.));
#6158 = DIRECTION('',(0.,0.,1.));
#6159 = ADVANCED_FACE('',(#6160),#6166,.F.);
#6160 = FACE_BOUND('',#6161,.F.);
#6161 = EDGE_LOOP('',(#6162,#6163,#6164,#6165));
#6162 = ORIENTED_EDGE('',*,*,#6049,.F.);
#6163 = ORIENTED_EDGE('',*,*,#6119,.T.);
#6164 = ORIENTED_EDGE('',*,*,#6089,.T.);
#6165 = ORIENTED_EDGE('',*,*,#6141,.F.);
#6166 = PLANE('',#6167);
#6167 = AXIS2_PLACEMENT_3D('',#6168,#6169,#6170);
#6168 = CARTESIAN_POINT('',(-1.801002E+03,1.629652883E+03,303.908));
#6169 = DIRECTION('',(0.,0.,1.));
#6170 = DIRECTION('',(1.,0.,0.));
#6171 = ADVANCED_FACE('',(#6172),#6178,.T.);
#6172 = FACE_BOUND('',#6173,.T.);
#6173 = EDGE_LOOP('',(#6174,#6175,#6176,#6177));
#6174 = ORIENTED_EDGE('',*,*,#6065,.F.);
#6175 = ORIENTED_EDGE('',*,*,#6126,.T.);
#6176 = ORIENTED_EDGE('',*,*,#6105,.T.);
#6177 = ORIENTED_EDGE('',*,*,#6148,.F.);
#6178 = PLANE('',#6179);
#6179 = AXIS2_PLACEMENT_3D('',#6180,#6181,#6182);
#6180 = CARTESIAN_POINT('',(-1.801002E+03,1.629652883E+03,2.331908E+03)
  );
#6181 = DIRECTION('',(0.,0.,1.));
#6182 = DIRECTION('',(1.,0.,0.));
#6183 = MANIFOLD_SOLID_BREP('',#6184);
#6184 = CLOSED_SHELL('',(#6185,#6225,#6265,#6287,#6309,#6321));
#6185 = ADVANCED_FACE('',(#6186),#6220,.F.);
#6186 = FACE_BOUND('',#6187,.F.);
#6187 = EDGE_LOOP('',(#6188,#6198,#6206,#6214));
#6188 = ORIENTED_EDGE('',*,*,#6189,.F.);
#6189 = EDGE_CURVE('',#6190,#6192,#6194,.T.);
#6190 = VERTEX_POINT('',#6191);
#6191 = CARTESIAN_POINT('',(-1.801002E+03,803.652883,305.908));
#6192 = VERTEX_POINT('',#6193);
#6193 = CARTESIAN_POINT('',(-1.801002E+03,803.652883,333.908));
#6194 = LINE('',#6195,#6196);
#6195 = CARTESIAN_POINT('',(-1.801002E+03,803.652883,305.908));
#6196 = VECTOR('',#6197,1.);
#6197 = DIRECTION('',(0.,0.,1.));
#6198 = ORIENTED_EDGE('',*,*,#6199,.T.);
#6199 = EDGE_CURVE('',#6190,#6200,#6202,.T.);
#6200 = VERTEX_POINT('',#6201);
#6201 = CARTESIAN_POINT('',(-1.801002E+03,1.653652883E+03,305.908));
#6202 = LINE('',#6203,#6204);
#6203 = CARTESIAN_POINT('',(-1.801002E+03,803.652883,305.908));
#6204 = VECTOR('',#6205,1.);
#6205 = DIRECTION('',(0.,1.,0.));
#6206 = ORIENTED_EDGE('',*,*,#6207,.T.);
#6207 = EDGE_CURVE('',#6200,#6208,#6210,.T.);
#6208 = VERTEX_POINT('',#6209);
#6209 = CARTESIAN_POINT('',(-1.801002E+03,1.653652883E+03,333.908));
#6210 = LINE('',#6211,#6212);
#6211 = CARTESIAN_POINT('',(-1.801002E+03,1.653652883E+03,305.908));
#6212 = VECTOR('',#6213,1.);
#6213 = DIRECTION('',(0.,0.,1.));
#6214 = ORIENTED_EDGE('',*,*,#6215,.F.);
#6215 = EDGE_CURVE('',#6192,#6208,#6216,.T.);
#6216 = LINE('',#6217,#6218);
#6217 = CARTESIAN_POINT('',(-1.801002E+03,803.652883,333.908));
#6218 = VECTOR('',#6219,1.);
#6219 = DIRECTION('',(0.,1.,0.));
#6220 = PLANE('',#6221);
#6221 = AXIS2_PLACEMENT_3D('',#6222,#6223,#6224);
#6222 = CARTESIAN_POINT('',(-1.801002E+03,803.652883,305.908));
#6223 = DIRECTION('',(1.,0.,0.));
#6224 = DIRECTION('',(0.,0.,1.));
#6225 = ADVANCED_FACE('',(#6226),#6260,.T.);
#6226 = FACE_BOUND('',#6227,.T.);
#6227 = EDGE_LOOP('',(#6228,#6238,#6246,#6254));
#6228 = ORIENTED_EDGE('',*,*,#6229,.F.);
#6229 = EDGE_CURVE('',#6230,#6232,#6234,.T.);
#6230 = VERTEX_POINT('',#6231);
#6231 = CARTESIAN_POINT('',(-1.765002E+03,803.652883,305.908));
#6232 = VERTEX_POINT('',#6233);
#6233 = CARTESIAN_POINT('',(-1.765002E+03,803.652883,333.908));
#6234 = LINE('',#6235,#6236);
#6235 = CARTESIAN_POINT('',(-1.765002E+03,803.652883,305.908));
#6236 = VECTOR('',#6237,1.);
#6237 = DIRECTION('',(0.,0.,1.));
#6238 = ORIENTED_EDGE('',*,*,#6239,.T.);
#6239 = EDGE_CURVE('',#6230,#6240,#6242,.T.);
#6240 = VERTEX_POINT('',#6241);
#6241 = CARTESIAN_POINT('',(-1.765002E+03,1.653652883E+03,305.908));
#6242 = LINE('',#6243,#6244);
#6243 = CARTESIAN_POINT('',(-1.765002E+03,803.652883,305.908));
#6244 = VECTOR('',#6245,1.);
#6245 = DIRECTION('',(0.,1.,0.));
#6246 = ORIENTED_EDGE('',*,*,#6247,.T.);
#6247 = EDGE_CURVE('',#6240,#6248,#6250,.T.);
#6248 = VERTEX_POINT('',#6249);
#6249 = CARTESIAN_POINT('',(-1.765002E+03,1.653652883E+03,333.908));
#6250 = LINE('',#6251,#6252);
#6251 = CARTESIAN_POINT('',(-1.765002E+03,1.653652883E+03,305.908));
#6252 = VECTOR('',#6253,1.);
#6253 = DIRECTION('',(0.,0.,1.));
#6254 = ORIENTED_EDGE('',*,*,#6255,.F.);
#6255 = EDGE_CURVE('',#6232,#6248,#6256,.T.);
#6256 = LINE('',#6257,#6258);
#6257 = CARTESIAN_POINT('',(-1.765002E+03,803.652883,333.908));
#6258 = VECTOR('',#6259,1.);
#6259 = DIRECTION('',(0.,1.,0.));
#6260 = PLANE('',#6261);
#6261 = AXIS2_PLACEMENT_3D('',#6262,#6263,#6264);
#6262 = CARTESIAN_POINT('',(-1.765002E+03,803.652883,305.908));
#6263 = DIRECTION('',(1.,0.,0.));
#6264 = DIRECTION('',(0.,0.,1.));
#6265 = ADVANCED_FACE('',(#6266),#6282,.F.);
#6266 = FACE_BOUND('',#6267,.F.);
#6267 = EDGE_LOOP('',(#6268,#6274,#6275,#6281));
#6268 = ORIENTED_EDGE('',*,*,#6269,.F.);
#6269 = EDGE_CURVE('',#6190,#6230,#6270,.T.);
#6270 = LINE('',#6271,#6272);
#6271 = CARTESIAN_POINT('',(-1.801002E+03,803.652883,305.908));
#6272 = VECTOR('',#6273,1.);
#6273 = DIRECTION('',(1.,0.,0.));
#6274 = ORIENTED_EDGE('',*,*,#6189,.T.);
#6275 = ORIENTED_EDGE('',*,*,#6276,.T.);
#6276 = EDGE_CURVE('',#6192,#6232,#6277,.T.);
#6277 = LINE('',#6278,#6279);
#6278 = CARTESIAN_POINT('',(-1.801002E+03,803.652883,333.908));
#6279 = VECTOR('',#6280,1.);
#6280 = DIRECTION('',(1.,0.,0.));
#6281 = ORIENTED_EDGE('',*,*,#6229,.F.);
#6282 = PLANE('',#6283);
#6283 = AXIS2_PLACEMENT_3D('',#6284,#6285,#6286);
#6284 = CARTESIAN_POINT('',(-1.801002E+03,803.652883,305.908));
#6285 = DIRECTION('',(0.,1.,0.));
#6286 = DIRECTION('',(0.,0.,1.));
#6287 = ADVANCED_FACE('',(#6288),#6304,.T.);
#6288 = FACE_BOUND('',#6289,.T.);
#6289 = EDGE_LOOP('',(#6290,#6296,#6297,#6303));
#6290 = ORIENTED_EDGE('',*,*,#6291,.F.);
#6291 = EDGE_CURVE('',#6200,#6240,#6292,.T.);
#6292 = LINE('',#6293,#6294);
#6293 = CARTESIAN_POINT('',(-1.801002E+03,1.653652883E+03,305.908));
#6294 = VECTOR('',#6295,1.);
#6295 = DIRECTION('',(1.,0.,0.));
#6296 = ORIENTED_EDGE('',*,*,#6207,.T.);
#6297 = ORIENTED_EDGE('',*,*,#6298,.T.);
#6298 = EDGE_CURVE('',#6208,#6248,#6299,.T.);
#6299 = LINE('',#6300,#6301);
#6300 = CARTESIAN_POINT('',(-1.801002E+03,1.653652883E+03,333.908));
#6301 = VECTOR('',#6302,1.);
#6302 = DIRECTION('',(1.,0.,0.));
#6303 = ORIENTED_EDGE('',*,*,#6247,.F.);
#6304 = PLANE('',#6305);
#6305 = AXIS2_PLACEMENT_3D('',#6306,#6307,#6308);
#6306 = CARTESIAN_POINT('',(-1.801002E+03,1.653652883E+03,305.908));
#6307 = DIRECTION('',(0.,1.,0.));
#6308 = DIRECTION('',(0.,0.,1.));
#6309 = ADVANCED_FACE('',(#6310),#6316,.F.);
#6310 = FACE_BOUND('',#6311,.F.);
#6311 = EDGE_LOOP('',(#6312,#6313,#6314,#6315));
#6312 = ORIENTED_EDGE('',*,*,#6199,.F.);
#6313 = ORIENTED_EDGE('',*,*,#6269,.T.);
#6314 = ORIENTED_EDGE('',*,*,#6239,.T.);
#6315 = ORIENTED_EDGE('',*,*,#6291,.F.);
#6316 = PLANE('',#6317);
#6317 = AXIS2_PLACEMENT_3D('',#6318,#6319,#6320);
#6318 = CARTESIAN_POINT('',(-1.801002E+03,803.652883,305.908));
#6319 = DIRECTION('',(0.,0.,1.));
#6320 = DIRECTION('',(1.,0.,0.));
#6321 = ADVANCED_FACE('',(#6322),#6328,.T.);
#6322 = FACE_BOUND('',#6323,.T.);
#6323 = EDGE_LOOP('',(#6324,#6325,#6326,#6327));
#6324 = ORIENTED_EDGE('',*,*,#6215,.F.);
#6325 = ORIENTED_EDGE('',*,*,#6276,.T.);
#6326 = ORIENTED_EDGE('',*,*,#6255,.T.);
#6327 = ORIENTED_EDGE('',*,*,#6298,.F.);
#6328 = PLANE('',#6329);
#6329 = AXIS2_PLACEMENT_3D('',#6330,#6331,#6332);
#6330 = CARTESIAN_POINT('',(-1.801002E+03,803.652883,333.908));
#6331 = DIRECTION('',(0.,0.,1.));
#6332 = DIRECTION('',(1.,0.,0.));
#6333 = MANIFOLD_SOLID_BREP('',#6334);
#6334 = CLOSED_SHELL('',(#6335,#6375,#6415,#6437,#6459,#6471));
#6335 = ADVANCED_FACE('',(#6336),#6370,.F.);
#6336 = FACE_BOUND('',#6337,.F.);
#6337 = EDGE_LOOP('',(#6338,#6348,#6356,#6364));
#6338 = ORIENTED_EDGE('',*,*,#6339,.F.);
#6339 = EDGE_CURVE('',#6340,#6342,#6344,.T.);
#6340 = VERTEX_POINT('',#6341);
#6341 = CARTESIAN_POINT('',(-1.801002E+03,803.652883,2.305908E+03));
#6342 = VERTEX_POINT('',#6343);
#6343 = CARTESIAN_POINT('',(-1.801002E+03,803.652883,2.333908E+03));
#6344 = LINE('',#6345,#6346);
#6345 = CARTESIAN_POINT('',(-1.801002E+03,803.652883,2.305908E+03));
#6346 = VECTOR('',#6347,1.);
#6347 = DIRECTION('',(0.,0.,1.));
#6348 = ORIENTED_EDGE('',*,*,#6349,.T.);
#6349 = EDGE_CURVE('',#6340,#6350,#6352,.T.);
#6350 = VERTEX_POINT('',#6351);
#6351 = CARTESIAN_POINT('',(-1.801002E+03,1.653652883E+03,2.305908E+03)
  );
#6352 = LINE('',#6353,#6354);
#6353 = CARTESIAN_POINT('',(-1.801002E+03,803.652883,2.305908E+03));
#6354 = VECTOR('',#6355,1.);
#6355 = DIRECTION('',(0.,1.,0.));
#6356 = ORIENTED_EDGE('',*,*,#6357,.T.);
#6357 = EDGE_CURVE('',#6350,#6358,#6360,.T.);
#6358 = VERTEX_POINT('',#6359);
#6359 = CARTESIAN_POINT('',(-1.801002E+03,1.653652883E+03,2.333908E+03)
  );
#6360 = LINE('',#6361,#6362);
#6361 = CARTESIAN_POINT('',(-1.801002E+03,1.653652883E+03,2.305908E+03)
  );
#6362 = VECTOR('',#6363,1.);
#6363 = DIRECTION('',(0.,0.,1.));
#6364 = ORIENTED_EDGE('',*,*,#6365,.F.);
#6365 = EDGE_CURVE('',#6342,#6358,#6366,.T.);
#6366 = LINE('',#6367,#6368);
#6367 = CARTESIAN_POINT('',(-1.801002E+03,803.652883,2.333908E+03));
#6368 = VECTOR('',#6369,1.);
#6369 = DIRECTION('',(0.,1.,0.));
#6370 = PLANE('',#6371);
#6371 = AXIS2_PLACEMENT_3D('',#6372,#6373,#6374);
#6372 = CARTESIAN_POINT('',(-1.801002E+03,803.652883,2.305908E+03));
#6373 = DIRECTION('',(1.,0.,0.));
#6374 = DIRECTION('',(0.,0.,1.));
#6375 = ADVANCED_FACE('',(#6376),#6410,.T.);
#6376 = FACE_BOUND('',#6377,.T.);
#6377 = EDGE_LOOP('',(#6378,#6388,#6396,#6404));
#6378 = ORIENTED_EDGE('',*,*,#6379,.F.);
#6379 = EDGE_CURVE('',#6380,#6382,#6384,.T.);
#6380 = VERTEX_POINT('',#6381);
#6381 = CARTESIAN_POINT('',(-1.765002E+03,803.652883,2.305908E+03));
#6382 = VERTEX_POINT('',#6383);
#6383 = CARTESIAN_POINT('',(-1.765002E+03,803.652883,2.333908E+03));
#6384 = LINE('',#6385,#6386);
#6385 = CARTESIAN_POINT('',(-1.765002E+03,803.652883,2.305908E+03));
#6386 = VECTOR('',#6387,1.);
#6387 = DIRECTION('',(0.,0.,1.));
#6388 = ORIENTED_EDGE('',*,*,#6389,.T.);
#6389 = EDGE_CURVE('',#6380,#6390,#6392,.T.);
#6390 = VERTEX_POINT('',#6391);
#6391 = CARTESIAN_POINT('',(-1.765002E+03,1.653652883E+03,2.305908E+03)
  );
#6392 = LINE('',#6393,#6394);
#6393 = CARTESIAN_POINT('',(-1.765002E+03,803.652883,2.305908E+03));
#6394 = VECTOR('',#6395,1.);
#6395 = DIRECTION('',(0.,1.,0.));
#6396 = ORIENTED_EDGE('',*,*,#6397,.T.);
#6397 = EDGE_CURVE('',#6390,#6398,#6400,.T.);
#6398 = VERTEX_POINT('',#6399);
#6399 = CARTESIAN_POINT('',(-1.765002E+03,1.653652883E+03,2.333908E+03)
  );
#6400 = LINE('',#6401,#6402);
#6401 = CARTESIAN_POINT('',(-1.765002E+03,1.653652883E+03,2.305908E+03)
  );
#6402 = VECTOR('',#6403,1.);
#6403 = DIRECTION('',(0.,0.,1.));
#6404 = ORIENTED_EDGE('',*,*,#6405,.F.);
#6405 = EDGE_CURVE('',#6382,#6398,#6406,.T.);
#6406 = LINE('',#6407,#6408);
#6407 = CARTESIAN_POINT('',(-1.765002E+03,803.652883,2.333908E+03));
#6408 = VECTOR('',#6409,1.);
#6409 = DIRECTION('',(0.,1.,0.));
#6410 = PLANE('',#6411);
#6411 = AXIS2_PLACEMENT_3D('',#6412,#6413,#6414);
#6412 = CARTESIAN_POINT('',(-1.765002E+03,803.652883,2.305908E+03));
#6413 = DIRECTION('',(1.,0.,0.));
#6414 = DIRECTION('',(0.,0.,1.));
#6415 = ADVANCED_FACE('',(#6416),#6432,.F.);
#6416 = FACE_BOUND('',#6417,.F.);
#6417 = EDGE_LOOP('',(#6418,#6424,#6425,#6431));
#6418 = ORIENTED_EDGE('',*,*,#6419,.F.);
#6419 = EDGE_CURVE('',#6340,#6380,#6420,.T.);
#6420 = LINE('',#6421,#6422);
#6421 = CARTESIAN_POINT('',(-1.801002E+03,803.652883,2.305908E+03));
#6422 = VECTOR('',#6423,1.);
#6423 = DIRECTION('',(1.,0.,0.));
#6424 = ORIENTED_EDGE('',*,*,#6339,.T.);
#6425 = ORIENTED_EDGE('',*,*,#6426,.T.);
#6426 = EDGE_CURVE('',#6342,#6382,#6427,.T.);
#6427 = LINE('',#6428,#6429);
#6428 = CARTESIAN_POINT('',(-1.801002E+03,803.652883,2.333908E+03));
#6429 = VECTOR('',#6430,1.);
#6430 = DIRECTION('',(1.,0.,0.));
#6431 = ORIENTED_EDGE('',*,*,#6379,.F.);
#6432 = PLANE('',#6433);
#6433 = AXIS2_PLACEMENT_3D('',#6434,#6435,#6436);
#6434 = CARTESIAN_POINT('',(-1.801002E+03,803.652883,2.305908E+03));
#6435 = DIRECTION('',(0.,1.,0.));
#6436 = DIRECTION('',(0.,0.,1.));
#6437 = ADVANCED_FACE('',(#6438),#6454,.T.);
#6438 = FACE_BOUND('',#6439,.T.);
#6439 = EDGE_LOOP('',(#6440,#6446,#6447,#6453));
#6440 = ORIENTED_EDGE('',*,*,#6441,.F.);
#6441 = EDGE_CURVE('',#6350,#6390,#6442,.T.);
#6442 = LINE('',#6443,#6444);
#6443 = CARTESIAN_POINT('',(-1.801002E+03,1.653652883E+03,2.305908E+03)
  );
#6444 = VECTOR('',#6445,1.);
#6445 = DIRECTION('',(1.,0.,0.));
#6446 = ORIENTED_EDGE('',*,*,#6357,.T.);
#6447 = ORIENTED_EDGE('',*,*,#6448,.T.);
#6448 = EDGE_CURVE('',#6358,#6398,#6449,.T.);
#6449 = LINE('',#6450,#6451);
#6450 = CARTESIAN_POINT('',(-1.801002E+03,1.653652883E+03,2.333908E+03)
  );
#6451 = VECTOR('',#6452,1.);
#6452 = DIRECTION('',(1.,0.,0.));
#6453 = ORIENTED_EDGE('',*,*,#6397,.F.);
#6454 = PLANE('',#6455);
#6455 = AXIS2_PLACEMENT_3D('',#6456,#6457,#6458);
#6456 = CARTESIAN_POINT('',(-1.801002E+03,1.653652883E+03,2.305908E+03)
  );
#6457 = DIRECTION('',(0.,1.,0.));
#6458 = DIRECTION('',(0.,0.,1.));
#6459 = ADVANCED_FACE('',(#6460),#6466,.F.);
#6460 = FACE_BOUND('',#6461,.F.);
#6461 = EDGE_LOOP('',(#6462,#6463,#6464,#6465));
#6462 = ORIENTED_EDGE('',*,*,#6349,.F.);
#6463 = ORIENTED_EDGE('',*,*,#6419,.T.);
#6464 = ORIENTED_EDGE('',*,*,#6389,.T.);
#6465 = ORIENTED_EDGE('',*,*,#6441,.F.);
#6466 = PLANE('',#6467);
#6467 = AXIS2_PLACEMENT_3D('',#6468,#6469,#6470);
#6468 = CARTESIAN_POINT('',(-1.801002E+03,803.652883,2.305908E+03));
#6469 = DIRECTION('',(0.,0.,1.));
#6470 = DIRECTION('',(1.,0.,0.));
#6471 = ADVANCED_FACE('',(#6472),#6478,.T.);
#6472 = FACE_BOUND('',#6473,.T.);
#6473 = EDGE_LOOP('',(#6474,#6475,#6476,#6477));
#6474 = ORIENTED_EDGE('',*,*,#6365,.F.);
#6475 = ORIENTED_EDGE('',*,*,#6426,.T.);
#6476 = ORIENTED_EDGE('',*,*,#6405,.T.);
#6477 = ORIENTED_EDGE('',*,*,#6448,.F.);
#6478 = PLANE('',#6479);
#6479 = AXIS2_PLACEMENT_3D('',#6480,#6481,#6482);
#6480 = CARTESIAN_POINT('',(-1.801002E+03,803.652883,2.333908E+03));
#6481 = DIRECTION('',(0.,0.,1.));
#6482 = DIRECTION('',(1.,0.,0.));
#6483 = MANIFOLD_SOLID_BREP('',#6484);
#6484 = CLOSED_SHELL('',(#6485,#6525,#6565,#6587,#6609,#6621));
#6485 = ADVANCED_FACE('',(#6486),#6520,.F.);
#6486 = FACE_BOUND('',#6487,.F.);
#6487 = EDGE_LOOP('',(#6488,#6498,#6506,#6514));
#6488 = ORIENTED_EDGE('',*,*,#6489,.F.);
#6489 = EDGE_CURVE('',#6490,#6492,#6494,.T.);
#6490 = VERTEX_POINT('',#6491);
#6491 = CARTESIAN_POINT('',(-1.786002E+03,827.652883,333.908));
#6492 = VERTEX_POINT('',#6493);
#6493 = CARTESIAN_POINT('',(-1.786002E+03,827.652883,2.305908E+03));
#6494 = LINE('',#6495,#6496);
#6495 = CARTESIAN_POINT('',(-1.786002E+03,827.652883,333.908));
#6496 = VECTOR('',#6497,1.);
#6497 = DIRECTION('',(0.,0.,1.));
#6498 = ORIENTED_EDGE('',*,*,#6499,.T.);
#6499 = EDGE_CURVE('',#6490,#6500,#6502,.T.);
#6500 = VERTEX_POINT('',#6501);
#6501 = CARTESIAN_POINT('',(-1.786002E+03,1.629652883E+03,333.908));
#6502 = LINE('',#6503,#6504);
#6503 = CARTESIAN_POINT('',(-1.786002E+03,827.652883,333.908));
#6504 = VECTOR('',#6505,1.);
#6505 = DIRECTION('',(0.,1.,0.));
#6506 = ORIENTED_EDGE('',*,*,#6507,.T.);
#6507 = EDGE_CURVE('',#6500,#6508,#6510,.T.);
#6508 = VERTEX_POINT('',#6509);
#6509 = CARTESIAN_POINT('',(-1.786002E+03,1.629652883E+03,2.305908E+03)
  );
#6510 = LINE('',#6511,#6512);
#6511 = CARTESIAN_POINT('',(-1.786002E+03,1.629652883E+03,333.908));
#6512 = VECTOR('',#6513,1.);
#6513 = DIRECTION('',(0.,0.,1.));
#6514 = ORIENTED_EDGE('',*,*,#6515,.F.);
#6515 = EDGE_CURVE('',#6492,#6508,#6516,.T.);
#6516 = LINE('',#6517,#6518);
#6517 = CARTESIAN_POINT('',(-1.786002E+03,827.652883,2.305908E+03));
#6518 = VECTOR('',#6519,1.);
#6519 = DIRECTION('',(0.,1.,0.));
#6520 = PLANE('',#6521);
#6521 = AXIS2_PLACEMENT_3D('',#6522,#6523,#6524);
#6522 = CARTESIAN_POINT('',(-1.786002E+03,827.652883,333.908));
#6523 = DIRECTION('',(1.,0.,0.));
#6524 = DIRECTION('',(0.,0.,1.));
#6525 = ADVANCED_FACE('',(#6526),#6560,.T.);
#6526 = FACE_BOUND('',#6527,.T.);
#6527 = EDGE_LOOP('',(#6528,#6538,#6546,#6554));
#6528 = ORIENTED_EDGE('',*,*,#6529,.F.);
#6529 = EDGE_CURVE('',#6530,#6532,#6534,.T.);
#6530 = VERTEX_POINT('',#6531);
#6531 = CARTESIAN_POINT('',(-1.780002E+03,827.652883,333.908));
#6532 = VERTEX_POINT('',#6533);
#6533 = CARTESIAN_POINT('',(-1.780002E+03,827.652883,2.305908E+03));
#6534 = LINE('',#6535,#6536);
#6535 = CARTESIAN_POINT('',(-1.780002E+03,827.652883,333.908));
#6536 = VECTOR('',#6537,1.);
#6537 = DIRECTION('',(0.,0.,1.));
#6538 = ORIENTED_EDGE('',*,*,#6539,.T.);
#6539 = EDGE_CURVE('',#6530,#6540,#6542,.T.);
#6540 = VERTEX_POINT('',#6541);
#6541 = CARTESIAN_POINT('',(-1.780002E+03,1.629652883E+03,333.908));
#6542 = LINE('',#6543,#6544);
#6543 = CARTESIAN_POINT('',(-1.780002E+03,827.652883,333.908));
#6544 = VECTOR('',#6545,1.);
#6545 = DIRECTION('',(0.,1.,0.));
#6546 = ORIENTED_EDGE('',*,*,#6547,.T.);
#6547 = EDGE_CURVE('',#6540,#6548,#6550,.T.);
#6548 = VERTEX_POINT('',#6549);
#6549 = CARTESIAN_POINT('',(-1.780002E+03,1.629652883E+03,2.305908E+03)
  );
#6550 = LINE('',#6551,#6552);
#6551 = CARTESIAN_POINT('',(-1.780002E+03,1.629652883E+03,333.908));
#6552 = VECTOR('',#6553,1.);
#6553 = DIRECTION('',(0.,0.,1.));
#6554 = ORIENTED_EDGE('',*,*,#6555,.F.);
#6555 = EDGE_CURVE('',#6532,#6548,#6556,.T.);
#6556 = LINE('',#6557,#6558);
#6557 = CARTESIAN_POINT('',(-1.780002E+03,827.652883,2.305908E+03));
#6558 = VECTOR('',#6559,1.);
#6559 = DIRECTION('',(0.,1.,0.));
#6560 = PLANE('',#6561);
#6561 = AXIS2_PLACEMENT_3D('',#6562,#6563,#6564);
#6562 = CARTESIAN_POINT('',(-1.780002E+03,827.652883,333.908));
#6563 = DIRECTION('',(1.,0.,0.));
#6564 = DIRECTION('',(0.,0.,1.));
#6565 = ADVANCED_FACE('',(#6566),#6582,.F.);
#6566 = FACE_BOUND('',#6567,.F.);
#6567 = EDGE_LOOP('',(#6568,#6574,#6575,#6581));
#6568 = ORIENTED_EDGE('',*,*,#6569,.F.);
#6569 = EDGE_CURVE('',#6490,#6530,#6570,.T.);
#6570 = LINE('',#6571,#6572);
#6571 = CARTESIAN_POINT('',(-1.786002E+03,827.652883,333.908));
#6572 = VECTOR('',#6573,1.);
#6573 = DIRECTION('',(1.,0.,0.));
#6574 = ORIENTED_EDGE('',*,*,#6489,.T.);
#6575 = ORIENTED_EDGE('',*,*,#6576,.T.);
#6576 = EDGE_CURVE('',#6492,#6532,#6577,.T.);
#6577 = LINE('',#6578,#6579);
#6578 = CARTESIAN_POINT('',(-1.786002E+03,827.652883,2.305908E+03));
#6579 = VECTOR('',#6580,1.);
#6580 = DIRECTION('',(1.,0.,0.));
#6581 = ORIENTED_EDGE('',*,*,#6529,.F.);
#6582 = PLANE('',#6583);
#6583 = AXIS2_PLACEMENT_3D('',#6584,#6585,#6586);
#6584 = CARTESIAN_POINT('',(-1.786002E+03,827.652883,333.908));
#6585 = DIRECTION('',(0.,1.,0.));
#6586 = DIRECTION('',(0.,0.,1.));
#6587 = ADVANCED_FACE('',(#6588),#6604,.T.);
#6588 = FACE_BOUND('',#6589,.T.);
#6589 = EDGE_LOOP('',(#6590,#6596,#6597,#6603));
#6590 = ORIENTED_EDGE('',*,*,#6591,.F.);
#6591 = EDGE_CURVE('',#6500,#6540,#6592,.T.);
#6592 = LINE('',#6593,#6594);
#6593 = CARTESIAN_POINT('',(-1.786002E+03,1.629652883E+03,333.908));
#6594 = VECTOR('',#6595,1.);
#6595 = DIRECTION('',(1.,0.,0.));
#6596 = ORIENTED_EDGE('',*,*,#6507,.T.);
#6597 = ORIENTED_EDGE('',*,*,#6598,.T.);
#6598 = EDGE_CURVE('',#6508,#6548,#6599,.T.);
#6599 = LINE('',#6600,#6601);
#6600 = CARTESIAN_POINT('',(-1.786002E+03,1.629652883E+03,2.305908E+03)
  );
#6601 = VECTOR('',#6602,1.);
#6602 = DIRECTION('',(1.,0.,0.));
#6603 = ORIENTED_EDGE('',*,*,#6547,.F.);
#6604 = PLANE('',#6605);
#6605 = AXIS2_PLACEMENT_3D('',#6606,#6607,#6608);
#6606 = CARTESIAN_POINT('',(-1.786002E+03,1.629652883E+03,333.908));
#6607 = DIRECTION('',(0.,1.,0.));
#6608 = DIRECTION('',(0.,0.,1.));
#6609 = ADVANCED_FACE('',(#6610),#6616,.F.);
#6610 = FACE_BOUND('',#6611,.F.);
#6611 = EDGE_LOOP('',(#6612,#6613,#6614,#6615));
#6612 = ORIENTED_EDGE('',*,*,#6499,.F.);
#6613 = ORIENTED_EDGE('',*,*,#6569,.T.);
#6614 = ORIENTED_EDGE('',*,*,#6539,.T.);
#6615 = ORIENTED_EDGE('',*,*,#6591,.F.);
#6616 = PLANE('',#6617);
#6617 = AXIS2_PLACEMENT_3D('',#6618,#6619,#6620);
#6618 = CARTESIAN_POINT('',(-1.786002E+03,827.652883,333.908));
#6619 = DIRECTION('',(0.,0.,1.));
#6620 = DIRECTION('',(1.,0.,0.));
#6621 = ADVANCED_FACE('',(#6622),#6628,.T.);
#6622 = FACE_BOUND('',#6623,.T.);
#6623 = EDGE_LOOP('',(#6624,#6625,#6626,#6627));
#6624 = ORIENTED_EDGE('',*,*,#6515,.F.);
#6625 = ORIENTED_EDGE('',*,*,#6576,.T.);
#6626 = ORIENTED_EDGE('',*,*,#6555,.T.);
#6627 = ORIENTED_EDGE('',*,*,#6598,.F.);
#6628 = PLANE('',#6629);
#6629 = AXIS2_PLACEMENT_3D('',#6630,#6631,#6632);
#6630 = CARTESIAN_POINT('',(-1.786002E+03,827.652883,2.305908E+03));
#6631 = DIRECTION('',(0.,0.,1.));
#6632 = DIRECTION('',(1.,0.,0.));
#6633 = MANIFOLD_SOLID_BREP('',#6634);
#6634 = CLOSED_SHELL('',(#6635,#6668,#6677));
#6635 = ADVANCED_FACE('',(#6636),#6663,.T.);
#6636 = FACE_BOUND('',#6637,.F.);
#6637 = EDGE_LOOP('',(#6638,#6648,#6655,#6656));
#6638 = ORIENTED_EDGE('',*,*,#6639,.T.);
#6639 = EDGE_CURVE('',#6640,#6642,#6644,.T.);
#6640 = VERTEX_POINT('',#6641);
#6641 = CARTESIAN_POINT('',(-1.763002E+03,803.652883,492.908));
#6642 = VERTEX_POINT('',#6643);
#6643 = CARTESIAN_POINT('',(-1.763002E+03,803.652883,562.908));
#6644 = LINE('',#6645,#6646);
#6645 = CARTESIAN_POINT('',(-1.763002E+03,803.652883,492.908));
#6646 = VECTOR('',#6647,1.);
#6647 = DIRECTION('',(0.,0.,1.));
#6648 = ORIENTED_EDGE('',*,*,#6649,.T.);
#6649 = EDGE_CURVE('',#6642,#6642,#6650,.T.);
#6650 = CIRCLE('',#6651,20.);
#6651 = AXIS2_PLACEMENT_3D('',#6652,#6653,#6654);
#6652 = CARTESIAN_POINT('',(-1.783002E+03,803.652883,562.908));
#6653 = DIRECTION('',(0.,0.,1.));
#6654 = DIRECTION('',(1.,0.,0.));
#6655 = ORIENTED_EDGE('',*,*,#6639,.F.);
#6656 = ORIENTED_EDGE('',*,*,#6657,.F.);
#6657 = EDGE_CURVE('',#6640,#6640,#6658,.T.);
#6658 = CIRCLE('',#6659,20.);
#6659 = AXIS2_PLACEMENT_3D('',#6660,#6661,#6662);
#6660 = CARTESIAN_POINT('',(-1.783002E+03,803.652883,492.908));
#6661 = DIRECTION('',(0.,0.,1.));
#6662 = DIRECTION('',(1.,0.,0.));
#6663 = CYLINDRICAL_SURFACE('',#6664,20.);
#6664 = AXIS2_PLACEMENT_3D('',#6665,#6666,#6667);
#6665 = CARTESIAN_POINT('',(-1.783002E+03,803.652883,492.908));
#6666 = DIRECTION('',(-0.,-0.,-1.));
#6667 = DIRECTION('',(1.,0.,0.));
#6668 = ADVANCED_FACE('',(#6669),#6672,.F.);
#6669 = FACE_BOUND('',#6670,.T.);
#6670 = EDGE_LOOP('',(#6671));
#6671 = ORIENTED_EDGE('',*,*,#6657,.F.);
#6672 = PLANE('',#6673);
#6673 = AXIS2_PLACEMENT_3D('',#6674,#6675,#6676);
#6674 = CARTESIAN_POINT('',(-1.783002E+03,803.652883,492.908));
#6675 = DIRECTION('',(0.,0.,1.));
#6676 = DIRECTION('',(1.,0.,0.));
#6677 = ADVANCED_FACE('',(#6678),#6681,.T.);
#6678 = FACE_BOUND('',#6679,.F.);
#6679 = EDGE_LOOP('',(#6680));
#6680 = ORIENTED_EDGE('',*,*,#6649,.F.);
#6681 = PLANE('',#6682);
#6682 = AXIS2_PLACEMENT_3D('',#6683,#6684,#6685);
#6683 = CARTESIAN_POINT('',(-1.783002E+03,803.652883,562.908));
#6684 = DIRECTION('',(0.,0.,1.));
#6685 = DIRECTION('',(1.,0.,0.));
#6686 = MANIFOLD_SOLID_BREP('',#6687);
#6687 = CLOSED_SHELL('',(#6688,#6728,#6768,#6790,#6812,#6824));
#6688 = ADVANCED_FACE('',(#6689),#6723,.F.);
#6689 = FACE_BOUND('',#6690,.F.);
#6690 = EDGE_LOOP('',(#6691,#6701,#6709,#6717));
#6691 = ORIENTED_EDGE('',*,*,#6692,.F.);
#6692 = EDGE_CURVE('',#6693,#6695,#6697,.T.);
#6693 = VERTEX_POINT('',#6694);
#6694 = CARTESIAN_POINT('',(-1.797002E+03,765.652883,492.908));
#6695 = VERTEX_POINT('',#6696);
#6696 = CARTESIAN_POINT('',(-1.797002E+03,765.652883,562.908));
#6697 = LINE('',#6698,#6699);
#6698 = CARTESIAN_POINT('',(-1.797002E+03,765.652883,492.908));
#6699 = VECTOR('',#6700,1.);
#6700 = DIRECTION('',(0.,0.,1.));
#6701 = ORIENTED_EDGE('',*,*,#6702,.T.);
#6702 = EDGE_CURVE('',#6693,#6703,#6705,.T.);
#6703 = VERTEX_POINT('',#6704);
#6704 = CARTESIAN_POINT('',(-1.797002E+03,784.652883,492.908));
#6705 = LINE('',#6706,#6707);
#6706 = CARTESIAN_POINT('',(-1.797002E+03,765.652883,492.908));
#6707 = VECTOR('',#6708,1.);
#6708 = DIRECTION('',(0.,1.,0.));
#6709 = ORIENTED_EDGE('',*,*,#6710,.T.);
#6710 = EDGE_CURVE('',#6703,#6711,#6713,.T.);
#6711 = VERTEX_POINT('',#6712);
#6712 = CARTESIAN_POINT('',(-1.797002E+03,784.652883,562.908));
#6713 = LINE('',#6714,#6715);
#6714 = CARTESIAN_POINT('',(-1.797002E+03,784.652883,492.908));
#6715 = VECTOR('',#6716,1.);
#6716 = DIRECTION('',(0.,0.,1.));
#6717 = ORIENTED_EDGE('',*,*,#6718,.F.);
#6718 = EDGE_CURVE('',#6695,#6711,#6719,.T.);
#6719 = LINE('',#6720,#6721);
#6720 = CARTESIAN_POINT('',(-1.797002E+03,765.652883,562.908));
#6721 = VECTOR('',#6722,1.);
#6722 = DIRECTION('',(0.,1.,0.));
#6723 = PLANE('',#6724);
#6724 = AXIS2_PLACEMENT_3D('',#6725,#6726,#6727);
#6725 = CARTESIAN_POINT('',(-1.797002E+03,765.652883,492.908));
#6726 = DIRECTION('',(1.,0.,0.));
#6727 = DIRECTION('',(0.,0.,1.));
#6728 = ADVANCED_FACE('',(#6729),#6763,.T.);
#6729 = FACE_BOUND('',#6730,.T.);
#6730 = EDGE_LOOP('',(#6731,#6741,#6749,#6757));
#6731 = ORIENTED_EDGE('',*,*,#6732,.F.);
#6732 = EDGE_CURVE('',#6733,#6735,#6737,.T.);
#6733 = VERTEX_POINT('',#6734);
#6734 = CARTESIAN_POINT('',(-1.769002E+03,765.652883,492.908));
#6735 = VERTEX_POINT('',#6736);
#6736 = CARTESIAN_POINT('',(-1.769002E+03,765.652883,562.908));
#6737 = LINE('',#6738,#6739);
#6738 = CARTESIAN_POINT('',(-1.769002E+03,765.652883,492.908));
#6739 = VECTOR('',#6740,1.);
#6740 = DIRECTION('',(0.,0.,1.));
#6741 = ORIENTED_EDGE('',*,*,#6742,.T.);
#6742 = EDGE_CURVE('',#6733,#6743,#6745,.T.);
#6743 = VERTEX_POINT('',#6744);
#6744 = CARTESIAN_POINT('',(-1.769002E+03,784.652883,492.908));
#6745 = LINE('',#6746,#6747);
#6746 = CARTESIAN_POINT('',(-1.769002E+03,765.652883,492.908));
#6747 = VECTOR('',#6748,1.);
#6748 = DIRECTION('',(0.,1.,0.));
#6749 = ORIENTED_EDGE('',*,*,#6750,.T.);
#6750 = EDGE_CURVE('',#6743,#6751,#6753,.T.);
#6751 = VERTEX_POINT('',#6752);
#6752 = CARTESIAN_POINT('',(-1.769002E+03,784.652883,562.908));
#6753 = LINE('',#6754,#6755);
#6754 = CARTESIAN_POINT('',(-1.769002E+03,784.652883,492.908));
#6755 = VECTOR('',#6756,1.);
#6756 = DIRECTION('',(0.,0.,1.));
#6757 = ORIENTED_EDGE('',*,*,#6758,.F.);
#6758 = EDGE_CURVE('',#6735,#6751,#6759,.T.);
#6759 = LINE('',#6760,#6761);
#6760 = CARTESIAN_POINT('',(-1.769002E+03,765.652883,562.908));
#6761 = VECTOR('',#6762,1.);
#6762 = DIRECTION('',(0.,1.,0.));
#6763 = PLANE('',#6764);
#6764 = AXIS2_PLACEMENT_3D('',#6765,#6766,#6767);
#6765 = CARTESIAN_POINT('',(-1.769002E+03,765.652883,492.908));
#6766 = DIRECTION('',(1.,0.,0.));
#6767 = DIRECTION('',(0.,0.,1.));
#6768 = ADVANCED_FACE('',(#6769),#6785,.F.);
#6769 = FACE_BOUND('',#6770,.F.);
#6770 = EDGE_LOOP('',(#6771,#6777,#6778,#6784));
#6771 = ORIENTED_EDGE('',*,*,#6772,.F.);
#6772 = EDGE_CURVE('',#6693,#6733,#6773,.T.);
#6773 = LINE('',#6774,#6775);
#6774 = CARTESIAN_POINT('',(-1.797002E+03,765.652883,492.908));
#6775 = VECTOR('',#6776,1.);
#6776 = DIRECTION('',(1.,0.,0.));
#6777 = ORIENTED_EDGE('',*,*,#6692,.T.);
#6778 = ORIENTED_EDGE('',*,*,#6779,.T.);
#6779 = EDGE_CURVE('',#6695,#6735,#6780,.T.);
#6780 = LINE('',#6781,#6782);
#6781 = CARTESIAN_POINT('',(-1.797002E+03,765.652883,562.908));
#6782 = VECTOR('',#6783,1.);
#6783 = DIRECTION('',(1.,0.,0.));
#6784 = ORIENTED_EDGE('',*,*,#6732,.F.);
#6785 = PLANE('',#6786);
#6786 = AXIS2_PLACEMENT_3D('',#6787,#6788,#6789);
#6787 = CARTESIAN_POINT('',(-1.797002E+03,765.652883,492.908));
#6788 = DIRECTION('',(0.,1.,0.));
#6789 = DIRECTION('',(0.,0.,1.));
#6790 = ADVANCED_FACE('',(#6791),#6807,.T.);
#6791 = FACE_BOUND('',#6792,.T.);
#6792 = EDGE_LOOP('',(#6793,#6799,#6800,#6806));
#6793 = ORIENTED_EDGE('',*,*,#6794,.F.);
#6794 = EDGE_CURVE('',#6703,#6743,#6795,.T.);
#6795 = LINE('',#6796,#6797);
#6796 = CARTESIAN_POINT('',(-1.797002E+03,784.652883,492.908));
#6797 = VECTOR('',#6798,1.);
#6798 = DIRECTION('',(1.,0.,0.));
#6799 = ORIENTED_EDGE('',*,*,#6710,.T.);
#6800 = ORIENTED_EDGE('',*,*,#6801,.T.);
#6801 = EDGE_CURVE('',#6711,#6751,#6802,.T.);
#6802 = LINE('',#6803,#6804);
#6803 = CARTESIAN_POINT('',(-1.797002E+03,784.652883,562.908));
#6804 = VECTOR('',#6805,1.);
#6805 = DIRECTION('',(1.,0.,0.));
#6806 = ORIENTED_EDGE('',*,*,#6750,.F.);
#6807 = PLANE('',#6808);
#6808 = AXIS2_PLACEMENT_3D('',#6809,#6810,#6811);
#6809 = CARTESIAN_POINT('',(-1.797002E+03,784.652883,492.908));
#6810 = DIRECTION('',(0.,1.,0.));
#6811 = DIRECTION('',(0.,0.,1.));
#6812 = ADVANCED_FACE('',(#6813),#6819,.F.);
#6813 = FACE_BOUND('',#6814,.F.);
#6814 = EDGE_LOOP('',(#6815,#6816,#6817,#6818));
#6815 = ORIENTED_EDGE('',*,*,#6702,.F.);
#6816 = ORIENTED_EDGE('',*,*,#6772,.T.);
#6817 = ORIENTED_EDGE('',*,*,#6742,.T.);
#6818 = ORIENTED_EDGE('',*,*,#6794,.F.);
#6819 = PLANE('',#6820);
#6820 = AXIS2_PLACEMENT_3D('',#6821,#6822,#6823);
#6821 = CARTESIAN_POINT('',(-1.797002E+03,765.652883,492.908));
#6822 = DIRECTION('',(0.,0.,1.));
#6823 = DIRECTION('',(1.,0.,0.));
#6824 = ADVANCED_FACE('',(#6825),#6831,.T.);
#6825 = FACE_BOUND('',#6826,.T.);
#6826 = EDGE_LOOP('',(#6827,#6828,#6829,#6830));
#6827 = ORIENTED_EDGE('',*,*,#6718,.F.);
#6828 = ORIENTED_EDGE('',*,*,#6779,.T.);
#6829 = ORIENTED_EDGE('',*,*,#6758,.T.);
#6830 = ORIENTED_EDGE('',*,*,#6801,.F.);
#6831 = PLANE('',#6832);
#6832 = AXIS2_PLACEMENT_3D('',#6833,#6834,#6835);
#6833 = CARTESIAN_POINT('',(-1.797002E+03,765.652883,562.908));
#6834 = DIRECTION('',(0.,0.,1.));
#6835 = DIRECTION('',(1.,0.,0.));
#6836 = MANIFOLD_SOLID_BREP('',#6837);
#6837 = CLOSED_SHELL('',(#6838,#6871,#6880));
#6838 = ADVANCED_FACE('',(#6839),#6866,.T.);
#6839 = FACE_BOUND('',#6840,.F.);
#6840 = EDGE_LOOP('',(#6841,#6851,#6858,#6859));
#6841 = ORIENTED_EDGE('',*,*,#6842,.T.);
#6842 = EDGE_CURVE('',#6843,#6845,#6847,.T.);
#6843 = VERTEX_POINT('',#6844);
#6844 = CARTESIAN_POINT('',(-1.763002E+03,803.652883,2.072908E+03));
#6845 = VERTEX_POINT('',#6846);
#6846 = CARTESIAN_POINT('',(-1.763002E+03,803.652883,2.142908E+03));
#6847 = LINE('',#6848,#6849);
#6848 = CARTESIAN_POINT('',(-1.763002E+03,803.652883,2.072908E+03));
#6849 = VECTOR('',#6850,1.);
#6850 = DIRECTION('',(0.,0.,1.));
#6851 = ORIENTED_EDGE('',*,*,#6852,.T.);
#6852 = EDGE_CURVE('',#6845,#6845,#6853,.T.);
#6853 = CIRCLE('',#6854,20.);
#6854 = AXIS2_PLACEMENT_3D('',#6855,#6856,#6857);
#6855 = CARTESIAN_POINT('',(-1.783002E+03,803.652883,2.142908E+03));
#6856 = DIRECTION('',(0.,0.,1.));
#6857 = DIRECTION('',(1.,0.,0.));
#6858 = ORIENTED_EDGE('',*,*,#6842,.F.);
#6859 = ORIENTED_EDGE('',*,*,#6860,.F.);
#6860 = EDGE_CURVE('',#6843,#6843,#6861,.T.);
#6861 = CIRCLE('',#6862,20.);
#6862 = AXIS2_PLACEMENT_3D('',#6863,#6864,#6865);
#6863 = CARTESIAN_POINT('',(-1.783002E+03,803.652883,2.072908E+03));
#6864 = DIRECTION('',(0.,0.,1.));
#6865 = DIRECTION('',(1.,0.,0.));
#6866 = CYLINDRICAL_SURFACE('',#6867,20.);
#6867 = AXIS2_PLACEMENT_3D('',#6868,#6869,#6870);
#6868 = CARTESIAN_POINT('',(-1.783002E+03,803.652883,2.072908E+03));
#6869 = DIRECTION('',(-0.,-0.,-1.));
#6870 = DIRECTION('',(1.,0.,0.));
#6871 = ADVANCED_FACE('',(#6872),#6875,.F.);
#6872 = FACE_BOUND('',#6873,.T.);
#6873 = EDGE_LOOP('',(#6874));
#6874 = ORIENTED_EDGE('',*,*,#6860,.F.);
#6875 = PLANE('',#6876);
#6876 = AXIS2_PLACEMENT_3D('',#6877,#6878,#6879);
#6877 = CARTESIAN_POINT('',(-1.783002E+03,803.652883,2.072908E+03));
#6878 = DIRECTION('',(0.,0.,1.));
#6879 = DIRECTION('',(1.,0.,0.));
#6880 = ADVANCED_FACE('',(#6881),#6884,.T.);
#6881 = FACE_BOUND('',#6882,.F.);
#6882 = EDGE_LOOP('',(#6883));
#6883 = ORIENTED_EDGE('',*,*,#6852,.F.);
#6884 = PLANE('',#6885);
#6885 = AXIS2_PLACEMENT_3D('',#6886,#6887,#6888);
#6886 = CARTESIAN_POINT('',(-1.783002E+03,803.652883,2.142908E+03));
#6887 = DIRECTION('',(0.,0.,1.));
#6888 = DIRECTION('',(1.,0.,0.));
#6889 = MANIFOLD_SOLID_BREP('',#6890);
#6890 = CLOSED_SHELL('',(#6891,#6931,#6971,#6993,#7015,#7027));
#6891 = ADVANCED_FACE('',(#6892),#6926,.F.);
#6892 = FACE_BOUND('',#6893,.F.);
#6893 = EDGE_LOOP('',(#6894,#6904,#6912,#6920));
#6894 = ORIENTED_EDGE('',*,*,#6895,.F.);
#6895 = EDGE_CURVE('',#6896,#6898,#6900,.T.);
#6896 = VERTEX_POINT('',#6897);
#6897 = CARTESIAN_POINT('',(-1.797002E+03,765.652883,2.072908E+03));
#6898 = VERTEX_POINT('',#6899);
#6899 = CARTESIAN_POINT('',(-1.797002E+03,765.652883,2.142908E+03));
#6900 = LINE('',#6901,#6902);
#6901 = CARTESIAN_POINT('',(-1.797002E+03,765.652883,2.072908E+03));
#6902 = VECTOR('',#6903,1.);
#6903 = DIRECTION('',(0.,0.,1.));
#6904 = ORIENTED_EDGE('',*,*,#6905,.T.);
#6905 = EDGE_CURVE('',#6896,#6906,#6908,.T.);
#6906 = VERTEX_POINT('',#6907);
#6907 = CARTESIAN_POINT('',(-1.797002E+03,784.652883,2.072908E+03));
#6908 = LINE('',#6909,#6910);
#6909 = CARTESIAN_POINT('',(-1.797002E+03,765.652883,2.072908E+03));
#6910 = VECTOR('',#6911,1.);
#6911 = DIRECTION('',(0.,1.,0.));
#6912 = ORIENTED_EDGE('',*,*,#6913,.T.);
#6913 = EDGE_CURVE('',#6906,#6914,#6916,.T.);
#6914 = VERTEX_POINT('',#6915);
#6915 = CARTESIAN_POINT('',(-1.797002E+03,784.652883,2.142908E+03));
#6916 = LINE('',#6917,#6918);
#6917 = CARTESIAN_POINT('',(-1.797002E+03,784.652883,2.072908E+03));
#6918 = VECTOR('',#6919,1.);
#6919 = DIRECTION('',(0.,0.,1.));
#6920 = ORIENTED_EDGE('',*,*,#6921,.F.);
#6921 = EDGE_CURVE('',#6898,#6914,#6922,.T.);
#6922 = LINE('',#6923,#6924);
#6923 = CARTESIAN_POINT('',(-1.797002E+03,765.652883,2.142908E+03));
#6924 = VECTOR('',#6925,1.);
#6925 = DIRECTION('',(0.,1.,0.));
#6926 = PLANE('',#6927);
#6927 = AXIS2_PLACEMENT_3D('',#6928,#6929,#6930);
#6928 = CARTESIAN_POINT('',(-1.797002E+03,765.652883,2.072908E+03));
#6929 = DIRECTION('',(1.,0.,0.));
#6930 = DIRECTION('',(0.,0.,1.));
#6931 = ADVANCED_FACE('',(#6932),#6966,.T.);
#6932 = FACE_BOUND('',#6933,.T.);
#6933 = EDGE_LOOP('',(#6934,#6944,#6952,#6960));
#6934 = ORIENTED_EDGE('',*,*,#6935,.F.);
#6935 = EDGE_CURVE('',#6936,#6938,#6940,.T.);
#6936 = VERTEX_POINT('',#6937);
#6937 = CARTESIAN_POINT('',(-1.769002E+03,765.652883,2.072908E+03));
#6938 = VERTEX_POINT('',#6939);
#6939 = CARTESIAN_POINT('',(-1.769002E+03,765.652883,2.142908E+03));
#6940 = LINE('',#6941,#6942);
#6941 = CARTESIAN_POINT('',(-1.769002E+03,765.652883,2.072908E+03));
#6942 = VECTOR('',#6943,1.);
#6943 = DIRECTION('',(0.,0.,1.));
#6944 = ORIENTED_EDGE('',*,*,#6945,.T.);
#6945 = EDGE_CURVE('',#6936,#6946,#6948,.T.);
#6946 = VERTEX_POINT('',#6947);
#6947 = CARTESIAN_POINT('',(-1.769002E+03,784.652883,2.072908E+03));
#6948 = LINE('',#6949,#6950);
#6949 = CARTESIAN_POINT('',(-1.769002E+03,765.652883,2.072908E+03));
#6950 = VECTOR('',#6951,1.);
#6951 = DIRECTION('',(0.,1.,0.));
#6952 = ORIENTED_EDGE('',*,*,#6953,.T.);
#6953 = EDGE_CURVE('',#6946,#6954,#6956,.T.);
#6954 = VERTEX_POINT('',#6955);
#6955 = CARTESIAN_POINT('',(-1.769002E+03,784.652883,2.142908E+03));
#6956 = LINE('',#6957,#6958);
#6957 = CARTESIAN_POINT('',(-1.769002E+03,784.652883,2.072908E+03));
#6958 = VECTOR('',#6959,1.);
#6959 = DIRECTION('',(0.,0.,1.));
#6960 = ORIENTED_EDGE('',*,*,#6961,.F.);
#6961 = EDGE_CURVE('',#6938,#6954,#6962,.T.);
#6962 = LINE('',#6963,#6964);
#6963 = CARTESIAN_POINT('',(-1.769002E+03,765.652883,2.142908E+03));
#6964 = VECTOR('',#6965,1.);
#6965 = DIRECTION('',(0.,1.,0.));
#6966 = PLANE('',#6967);
#6967 = AXIS2_PLACEMENT_3D('',#6968,#6969,#6970);
#6968 = CARTESIAN_POINT('',(-1.769002E+03,765.652883,2.072908E+03));
#6969 = DIRECTION('',(1.,0.,0.));
#6970 = DIRECTION('',(0.,0.,1.));
#6971 = ADVANCED_FACE('',(#6972),#6988,.F.);
#6972 = FACE_BOUND('',#6973,.F.);
#6973 = EDGE_LOOP('',(#6974,#6980,#6981,#6987));
#6974 = ORIENTED_EDGE('',*,*,#6975,.F.);
#6975 = EDGE_CURVE('',#6896,#6936,#6976,.T.);
#6976 = LINE('',#6977,#6978);
#6977 = CARTESIAN_POINT('',(-1.797002E+03,765.652883,2.072908E+03));
#6978 = VECTOR('',#6979,1.);
#6979 = DIRECTION('',(1.,0.,0.));
#6980 = ORIENTED_EDGE('',*,*,#6895,.T.);
#6981 = ORIENTED_EDGE('',*,*,#6982,.T.);
#6982 = EDGE_CURVE('',#6898,#6938,#6983,.T.);
#6983 = LINE('',#6984,#6985);
#6984 = CARTESIAN_POINT('',(-1.797002E+03,765.652883,2.142908E+03));
#6985 = VECTOR('',#6986,1.);
#6986 = DIRECTION('',(1.,0.,0.));
#6987 = ORIENTED_EDGE('',*,*,#6935,.F.);
#6988 = PLANE('',#6989);
#6989 = AXIS2_PLACEMENT_3D('',#6990,#6991,#6992);
#6990 = CARTESIAN_POINT('',(-1.797002E+03,765.652883,2.072908E+03));
#6991 = DIRECTION('',(0.,1.,0.));
#6992 = DIRECTION('',(0.,0.,1.));
#6993 = ADVANCED_FACE('',(#6994),#7010,.T.);
#6994 = FACE_BOUND('',#6995,.T.);
#6995 = EDGE_LOOP('',(#6996,#7002,#7003,#7009));
#6996 = ORIENTED_EDGE('',*,*,#6997,.F.);
#6997 = EDGE_CURVE('',#6906,#6946,#6998,.T.);
#6998 = LINE('',#6999,#7000);
#6999 = CARTESIAN_POINT('',(-1.797002E+03,784.652883,2.072908E+03));
#7000 = VECTOR('',#7001,1.);
#7001 = DIRECTION('',(1.,0.,0.));
#7002 = ORIENTED_EDGE('',*,*,#6913,.T.);
#7003 = ORIENTED_EDGE('',*,*,#7004,.T.);
#7004 = EDGE_CURVE('',#6914,#6954,#7005,.T.);
#7005 = LINE('',#7006,#7007);
#7006 = CARTESIAN_POINT('',(-1.797002E+03,784.652883,2.142908E+03));
#7007 = VECTOR('',#7008,1.);
#7008 = DIRECTION('',(1.,0.,0.));
#7009 = ORIENTED_EDGE('',*,*,#6953,.F.);
#7010 = PLANE('',#7011);
#7011 = AXIS2_PLACEMENT_3D('',#7012,#7013,#7014);
#7012 = CARTESIAN_POINT('',(-1.797002E+03,784.652883,2.072908E+03));
#7013 = DIRECTION('',(0.,1.,0.));
#7014 = DIRECTION('',(0.,0.,1.));
#7015 = ADVANCED_FACE('',(#7016),#7022,.F.);
#7016 = FACE_BOUND('',#7017,.F.);
#7017 = EDGE_LOOP('',(#7018,#7019,#7020,#7021));
#7018 = ORIENTED_EDGE('',*,*,#6905,.F.);
#7019 = ORIENTED_EDGE('',*,*,#6975,.T.);
#7020 = ORIENTED_EDGE('',*,*,#6945,.T.);
#7021 = ORIENTED_EDGE('',*,*,#6997,.F.);
#7022 = PLANE('',#7023);
#7023 = AXIS2_PLACEMENT_3D('',#7024,#7025,#7026);
#7024 = CARTESIAN_POINT('',(-1.797002E+03,765.652883,2.072908E+03));
#7025 = DIRECTION('',(0.,0.,1.));
#7026 = DIRECTION('',(1.,0.,0.));
#7027 = ADVANCED_FACE('',(#7028),#7034,.T.);
#7028 = FACE_BOUND('',#7029,.T.);
#7029 = EDGE_LOOP('',(#7030,#7031,#7032,#7033));
#7030 = ORIENTED_EDGE('',*,*,#6921,.F.);
#7031 = ORIENTED_EDGE('',*,*,#6982,.T.);
#7032 = ORIENTED_EDGE('',*,*,#6961,.T.);
#7033 = ORIENTED_EDGE('',*,*,#7004,.F.);
#7034 = PLANE('',#7035);
#7035 = AXIS2_PLACEMENT_3D('',#7036,#7037,#7038);
#7036 = CARTESIAN_POINT('',(-1.797002E+03,765.652883,2.142908E+03));
#7037 = DIRECTION('',(0.,0.,1.));
#7038 = DIRECTION('',(1.,0.,0.));
#7039 = MANIFOLD_SOLID_BREP('',#7040);
#7040 = CLOSED_SHELL('',(#7041,#7074,#7083));
#7041 = ADVANCED_FACE('',(#7042),#7069,.T.);
#7042 = FACE_BOUND('',#7043,.F.);
#7043 = EDGE_LOOP('',(#7044,#7054,#7061,#7062));
#7044 = ORIENTED_EDGE('',*,*,#7045,.T.);
#7045 = EDGE_CURVE('',#7046,#7048,#7050,.T.);
#7046 = VERTEX_POINT('',#7047);
#7047 = CARTESIAN_POINT('',(-1.824002E+03,1.578652883E+03,1.097908E+03)
  );
#7048 = VERTEX_POINT('',#7049);
#7049 = CARTESIAN_POINT('',(-1.824002E+03,1.578652883E+03,1.517908E+03)
  );
#7050 = LINE('',#7051,#7052);
#7051 = CARTESIAN_POINT('',(-1.824002E+03,1.578652883E+03,1.097908E+03)
  );
#7052 = VECTOR('',#7053,1.);
#7053 = DIRECTION('',(0.,0.,1.));
#7054 = ORIENTED_EDGE('',*,*,#7055,.T.);
#7055 = EDGE_CURVE('',#7048,#7048,#7056,.T.);
#7056 = CIRCLE('',#7057,9.);
#7057 = AXIS2_PLACEMENT_3D('',#7058,#7059,#7060);
#7058 = CARTESIAN_POINT('',(-1.833002E+03,1.578652883E+03,1.517908E+03)
  );
#7059 = DIRECTION('',(0.,0.,1.));
#7060 = DIRECTION('',(1.,0.,0.));
#7061 = ORIENTED_EDGE('',*,*,#7045,.F.);
#7062 = ORIENTED_EDGE('',*,*,#7063,.F.);
#7063 = EDGE_CURVE('',#7046,#7046,#7064,.T.);
#7064 = CIRCLE('',#7065,9.);
#7065 = AXIS2_PLACEMENT_3D('',#7066,#7067,#7068);
#7066 = CARTESIAN_POINT('',(-1.833002E+03,1.578652883E+03,1.097908E+03)
  );
#7067 = DIRECTION('',(0.,0.,1.));
#7068 = DIRECTION('',(1.,0.,0.));
#7069 = CYLINDRICAL_SURFACE('',#7070,9.);
#7070 = AXIS2_PLACEMENT_3D('',#7071,#7072,#7073);
#7071 = CARTESIAN_POINT('',(-1.833002E+03,1.578652883E+03,1.097908E+03)
  );
#7072 = DIRECTION('',(-0.,-0.,-1.));
#7073 = DIRECTION('',(1.,0.,0.));
#7074 = ADVANCED_FACE('',(#7075),#7078,.F.);
#7075 = FACE_BOUND('',#7076,.T.);
#7076 = EDGE_LOOP('',(#7077));
#7077 = ORIENTED_EDGE('',*,*,#7063,.F.);
#7078 = PLANE('',#7079);
#7079 = AXIS2_PLACEMENT_3D('',#7080,#7081,#7082);
#7080 = CARTESIAN_POINT('',(-1.833002E+03,1.578652883E+03,1.097908E+03)
  );
#7081 = DIRECTION('',(0.,0.,1.));
#7082 = DIRECTION('',(1.,0.,0.));
#7083 = ADVANCED_FACE('',(#7084),#7087,.T.);
#7084 = FACE_BOUND('',#7085,.F.);
#7085 = EDGE_LOOP('',(#7086));
#7086 = ORIENTED_EDGE('',*,*,#7055,.F.);
#7087 = PLANE('',#7088);
#7088 = AXIS2_PLACEMENT_3D('',#7089,#7090,#7091);
#7089 = CARTESIAN_POINT('',(-1.833002E+03,1.578652883E+03,1.517908E+03)
  );
#7090 = DIRECTION('',(0.,0.,1.));
#7091 = DIRECTION('',(1.,0.,0.));
#7092 = MANIFOLD_SOLID_BREP('',#7093);
#7093 = CLOSED_SHELL('',(#7094,#7134,#7174,#7196,#7218,#7230));
#7094 = ADVANCED_FACE('',(#7095),#7129,.F.);
#7095 = FACE_BOUND('',#7096,.F.);
#7096 = EDGE_LOOP('',(#7097,#7107,#7115,#7123));
#7097 = ORIENTED_EDGE('',*,*,#7098,.F.);
#7098 = EDGE_CURVE('',#7099,#7101,#7103,.T.);
#7099 = VERTEX_POINT('',#7100);
#7100 = CARTESIAN_POINT('',(-1.833002E+03,1.569652883E+03,1.118908E+03)
  );
#7101 = VERTEX_POINT('',#7102);
#7102 = CARTESIAN_POINT('',(-1.833002E+03,1.569652883E+03,1.136908E+03)
  );
#7103 = LINE('',#7104,#7105);
#7104 = CARTESIAN_POINT('',(-1.833002E+03,1.569652883E+03,1.118908E+03)
  );
#7105 = VECTOR('',#7106,1.);
#7106 = DIRECTION('',(0.,0.,1.));
#7107 = ORIENTED_EDGE('',*,*,#7108,.T.);
#7108 = EDGE_CURVE('',#7099,#7109,#7111,.T.);
#7109 = VERTEX_POINT('',#7110);
#7110 = CARTESIAN_POINT('',(-1.833002E+03,1.587652883E+03,1.118908E+03)
  );
#7111 = LINE('',#7112,#7113);
#7112 = CARTESIAN_POINT('',(-1.833002E+03,1.569652883E+03,1.118908E+03)
  );
#7113 = VECTOR('',#7114,1.);
#7114 = DIRECTION('',(0.,1.,0.));
#7115 = ORIENTED_EDGE('',*,*,#7116,.T.);
#7116 = EDGE_CURVE('',#7109,#7117,#7119,.T.);
#7117 = VERTEX_POINT('',#7118);
#7118 = CARTESIAN_POINT('',(-1.833002E+03,1.587652883E+03,1.136908E+03)
  );
#7119 = LINE('',#7120,#7121);
#7120 = CARTESIAN_POINT('',(-1.833002E+03,1.587652883E+03,1.118908E+03)
  );
#7121 = VECTOR('',#7122,1.);
#7122 = DIRECTION('',(0.,0.,1.));
#7123 = ORIENTED_EDGE('',*,*,#7124,.F.);
#7124 = EDGE_CURVE('',#7101,#7117,#7125,.T.);
#7125 = LINE('',#7126,#7127);
#7126 = CARTESIAN_POINT('',(-1.833002E+03,1.569652883E+03,1.136908E+03)
  );
#7127 = VECTOR('',#7128,1.);
#7128 = DIRECTION('',(0.,1.,0.));
#7129 = PLANE('',#7130);
#7130 = AXIS2_PLACEMENT_3D('',#7131,#7132,#7133);
#7131 = CARTESIAN_POINT('',(-1.833002E+03,1.569652883E+03,1.118908E+03)
  );
#7132 = DIRECTION('',(1.,0.,0.));
#7133 = DIRECTION('',(0.,0.,1.));
#7134 = ADVANCED_FACE('',(#7135),#7169,.T.);
#7135 = FACE_BOUND('',#7136,.T.);
#7136 = EDGE_LOOP('',(#7137,#7147,#7155,#7163));
#7137 = ORIENTED_EDGE('',*,*,#7138,.F.);
#7138 = EDGE_CURVE('',#7139,#7141,#7143,.T.);
#7139 = VERTEX_POINT('',#7140);
#7140 = CARTESIAN_POINT('',(-1.783002E+03,1.569652883E+03,1.118908E+03)
  );
#7141 = VERTEX_POINT('',#7142);
#7142 = CARTESIAN_POINT('',(-1.783002E+03,1.569652883E+03,1.136908E+03)
  );
#7143 = LINE('',#7144,#7145);
#7144 = CARTESIAN_POINT('',(-1.783002E+03,1.569652883E+03,1.118908E+03)
  );
#7145 = VECTOR('',#7146,1.);
#7146 = DIRECTION('',(0.,0.,1.));
#7147 = ORIENTED_EDGE('',*,*,#7148,.T.);
#7148 = EDGE_CURVE('',#7139,#7149,#7151,.T.);
#7149 = VERTEX_POINT('',#7150);
#7150 = CARTESIAN_POINT('',(-1.783002E+03,1.587652883E+03,1.118908E+03)
  );
#7151 = LINE('',#7152,#7153);
#7152 = CARTESIAN_POINT('',(-1.783002E+03,1.569652883E+03,1.118908E+03)
  );
#7153 = VECTOR('',#7154,1.);
#7154 = DIRECTION('',(0.,1.,0.));
#7155 = ORIENTED_EDGE('',*,*,#7156,.T.);
#7156 = EDGE_CURVE('',#7149,#7157,#7159,.T.);
#7157 = VERTEX_POINT('',#7158);
#7158 = CARTESIAN_POINT('',(-1.783002E+03,1.587652883E+03,1.136908E+03)
  );
#7159 = LINE('',#7160,#7161);
#7160 = CARTESIAN_POINT('',(-1.783002E+03,1.587652883E+03,1.118908E+03)
  );
#7161 = VECTOR('',#7162,1.);
#7162 = DIRECTION('',(0.,0.,1.));
#7163 = ORIENTED_EDGE('',*,*,#7164,.F.);
#7164 = EDGE_CURVE('',#7141,#7157,#7165,.T.);
#7165 = LINE('',#7166,#7167);
#7166 = CARTESIAN_POINT('',(-1.783002E+03,1.569652883E+03,1.136908E+03)
  );
#7167 = VECTOR('',#7168,1.);
#7168 = DIRECTION('',(0.,1.,0.));
#7169 = PLANE('',#7170);
#7170 = AXIS2_PLACEMENT_3D('',#7171,#7172,#7173);
#7171 = CARTESIAN_POINT('',(-1.783002E+03,1.569652883E+03,1.118908E+03)
  );
#7172 = DIRECTION('',(1.,0.,0.));
#7173 = DIRECTION('',(0.,0.,1.));
#7174 = ADVANCED_FACE('',(#7175),#7191,.F.);
#7175 = FACE_BOUND('',#7176,.F.);
#7176 = EDGE_LOOP('',(#7177,#7183,#7184,#7190));
#7177 = ORIENTED_EDGE('',*,*,#7178,.F.);
#7178 = EDGE_CURVE('',#7099,#7139,#7179,.T.);
#7179 = LINE('',#7180,#7181);
#7180 = CARTESIAN_POINT('',(-1.833002E+03,1.569652883E+03,1.118908E+03)
  );
#7181 = VECTOR('',#7182,1.);
#7182 = DIRECTION('',(1.,0.,0.));
#7183 = ORIENTED_EDGE('',*,*,#7098,.T.);
#7184 = ORIENTED_EDGE('',*,*,#7185,.T.);
#7185 = EDGE_CURVE('',#7101,#7141,#7186,.T.);
#7186 = LINE('',#7187,#7188);
#7187 = CARTESIAN_POINT('',(-1.833002E+03,1.569652883E+03,1.136908E+03)
  );
#7188 = VECTOR('',#7189,1.);
#7189 = DIRECTION('',(1.,0.,0.));
#7190 = ORIENTED_EDGE('',*,*,#7138,.F.);
#7191 = PLANE('',#7192);
#7192 = AXIS2_PLACEMENT_3D('',#7193,#7194,#7195);
#7193 = CARTESIAN_POINT('',(-1.833002E+03,1.569652883E+03,1.118908E+03)
  );
#7194 = DIRECTION('',(0.,1.,0.));
#7195 = DIRECTION('',(0.,0.,1.));
#7196 = ADVANCED_FACE('',(#7197),#7213,.T.);
#7197 = FACE_BOUND('',#7198,.T.);
#7198 = EDGE_LOOP('',(#7199,#7205,#7206,#7212));
#7199 = ORIENTED_EDGE('',*,*,#7200,.F.);
#7200 = EDGE_CURVE('',#7109,#7149,#7201,.T.);
#7201 = LINE('',#7202,#7203);
#7202 = CARTESIAN_POINT('',(-1.833002E+03,1.587652883E+03,1.118908E+03)
  );
#7203 = VECTOR('',#7204,1.);
#7204 = DIRECTION('',(1.,0.,0.));
#7205 = ORIENTED_EDGE('',*,*,#7116,.T.);
#7206 = ORIENTED_EDGE('',*,*,#7207,.T.);
#7207 = EDGE_CURVE('',#7117,#7157,#7208,.T.);
#7208 = LINE('',#7209,#7210);
#7209 = CARTESIAN_POINT('',(-1.833002E+03,1.587652883E+03,1.136908E+03)
  );
#7210 = VECTOR('',#7211,1.);
#7211 = DIRECTION('',(1.,0.,0.));
#7212 = ORIENTED_EDGE('',*,*,#7156,.F.);
#7213 = PLANE('',#7214);
#7214 = AXIS2_PLACEMENT_3D('',#7215,#7216,#7217);
#7215 = CARTESIAN_POINT('',(-1.833002E+03,1.587652883E+03,1.118908E+03)
  );
#7216 = DIRECTION('',(0.,1.,0.));
#7217 = DIRECTION('',(0.,0.,1.));
#7218 = ADVANCED_FACE('',(#7219),#7225,.F.);
#7219 = FACE_BOUND('',#7220,.F.);
#7220 = EDGE_LOOP('',(#7221,#7222,#7223,#7224));
#7221 = ORIENTED_EDGE('',*,*,#7108,.F.);
#7222 = ORIENTED_EDGE('',*,*,#7178,.T.);
#7223 = ORIENTED_EDGE('',*,*,#7148,.T.);
#7224 = ORIENTED_EDGE('',*,*,#7200,.F.);
#7225 = PLANE('',#7226);
#7226 = AXIS2_PLACEMENT_3D('',#7227,#7228,#7229);
#7227 = CARTESIAN_POINT('',(-1.833002E+03,1.569652883E+03,1.118908E+03)
  );
#7228 = DIRECTION('',(0.,0.,1.));
#7229 = DIRECTION('',(1.,0.,0.));
#7230 = ADVANCED_FACE('',(#7231),#7237,.T.);
#7231 = FACE_BOUND('',#7232,.T.);
#7232 = EDGE_LOOP('',(#7233,#7234,#7235,#7236));
#7233 = ORIENTED_EDGE('',*,*,#7124,.F.);
#7234 = ORIENTED_EDGE('',*,*,#7185,.T.);
#7235 = ORIENTED_EDGE('',*,*,#7164,.T.);
#7236 = ORIENTED_EDGE('',*,*,#7207,.F.);
#7237 = PLANE('',#7238);
#7238 = AXIS2_PLACEMENT_3D('',#7239,#7240,#7241);
#7239 = CARTESIAN_POINT('',(-1.833002E+03,1.569652883E+03,1.136908E+03)
  );
#7240 = DIRECTION('',(0.,0.,1.));
#7241 = DIRECTION('',(1.,0.,0.));
#7242 = MANIFOLD_SOLID_BREP('',#7243);
#7243 = CLOSED_SHELL('',(#7244,#7284,#7324,#7346,#7368,#7380));
#7244 = ADVANCED_FACE('',(#7245),#7279,.F.);
#7245 = FACE_BOUND('',#7246,.F.);
#7246 = EDGE_LOOP('',(#7247,#7257,#7265,#7273));
#7247 = ORIENTED_EDGE('',*,*,#7248,.F.);
#7248 = EDGE_CURVE('',#7249,#7251,#7253,.T.);
#7249 = VERTEX_POINT('',#7250);
#7250 = CARTESIAN_POINT('',(-1.833002E+03,1.569652883E+03,1.478908E+03)
  );
#7251 = VERTEX_POINT('',#7252);
#7252 = CARTESIAN_POINT('',(-1.833002E+03,1.569652883E+03,1.496908E+03)
  );
#7253 = LINE('',#7254,#7255);
#7254 = CARTESIAN_POINT('',(-1.833002E+03,1.569652883E+03,1.478908E+03)
  );
#7255 = VECTOR('',#7256,1.);
#7256 = DIRECTION('',(0.,0.,1.));
#7257 = ORIENTED_EDGE('',*,*,#7258,.T.);
#7258 = EDGE_CURVE('',#7249,#7259,#7261,.T.);
#7259 = VERTEX_POINT('',#7260);
#7260 = CARTESIAN_POINT('',(-1.833002E+03,1.587652883E+03,1.478908E+03)
  );
#7261 = LINE('',#7262,#7263);
#7262 = CARTESIAN_POINT('',(-1.833002E+03,1.569652883E+03,1.478908E+03)
  );
#7263 = VECTOR('',#7264,1.);
#7264 = DIRECTION('',(0.,1.,0.));
#7265 = ORIENTED_EDGE('',*,*,#7266,.T.);
#7266 = EDGE_CURVE('',#7259,#7267,#7269,.T.);
#7267 = VERTEX_POINT('',#7268);
#7268 = CARTESIAN_POINT('',(-1.833002E+03,1.587652883E+03,1.496908E+03)
  );
#7269 = LINE('',#7270,#7271);
#7270 = CARTESIAN_POINT('',(-1.833002E+03,1.587652883E+03,1.478908E+03)
  );
#7271 = VECTOR('',#7272,1.);
#7272 = DIRECTION('',(0.,0.,1.));
#7273 = ORIENTED_EDGE('',*,*,#7274,.F.);
#7274 = EDGE_CURVE('',#7251,#7267,#7275,.T.);
#7275 = LINE('',#7276,#7277);
#7276 = CARTESIAN_POINT('',(-1.833002E+03,1.569652883E+03,1.496908E+03)
  );
#7277 = VECTOR('',#7278,1.);
#7278 = DIRECTION('',(0.,1.,0.));
#7279 = PLANE('',#7280);
#7280 = AXIS2_PLACEMENT_3D('',#7281,#7282,#7283);
#7281 = CARTESIAN_POINT('',(-1.833002E+03,1.569652883E+03,1.478908E+03)
  );
#7282 = DIRECTION('',(1.,0.,0.));
#7283 = DIRECTION('',(0.,0.,1.));
#7284 = ADVANCED_FACE('',(#7285),#7319,.T.);
#7285 = FACE_BOUND('',#7286,.T.);
#7286 = EDGE_LOOP('',(#7287,#7297,#7305,#7313));
#7287 = ORIENTED_EDGE('',*,*,#7288,.F.);
#7288 = EDGE_CURVE('',#7289,#7291,#7293,.T.);
#7289 = VERTEX_POINT('',#7290);
#7290 = CARTESIAN_POINT('',(-1.783002E+03,1.569652883E+03,1.478908E+03)
  );
#7291 = VERTEX_POINT('',#7292);
#7292 = CARTESIAN_POINT('',(-1.783002E+03,1.569652883E+03,1.496908E+03)
  );
#7293 = LINE('',#7294,#7295);
#7294 = CARTESIAN_POINT('',(-1.783002E+03,1.569652883E+03,1.478908E+03)
  );
#7295 = VECTOR('',#7296,1.);
#7296 = DIRECTION('',(0.,0.,1.));
#7297 = ORIENTED_EDGE('',*,*,#7298,.T.);
#7298 = EDGE_CURVE('',#7289,#7299,#7301,.T.);
#7299 = VERTEX_POINT('',#7300);
#7300 = CARTESIAN_POINT('',(-1.783002E+03,1.587652883E+03,1.478908E+03)
  );
#7301 = LINE('',#7302,#7303);
#7302 = CARTESIAN_POINT('',(-1.783002E+03,1.569652883E+03,1.478908E+03)
  );
#7303 = VECTOR('',#7304,1.);
#7304 = DIRECTION('',(0.,1.,0.));
#7305 = ORIENTED_EDGE('',*,*,#7306,.T.);
#7306 = EDGE_CURVE('',#7299,#7307,#7309,.T.);
#7307 = VERTEX_POINT('',#7308);
#7308 = CARTESIAN_POINT('',(-1.783002E+03,1.587652883E+03,1.496908E+03)
  );
#7309 = LINE('',#7310,#7311);
#7310 = CARTESIAN_POINT('',(-1.783002E+03,1.587652883E+03,1.478908E+03)
  );
#7311 = VECTOR('',#7312,1.);
#7312 = DIRECTION('',(0.,0.,1.));
#7313 = ORIENTED_EDGE('',*,*,#7314,.F.);
#7314 = EDGE_CURVE('',#7291,#7307,#7315,.T.);
#7315 = LINE('',#7316,#7317);
#7316 = CARTESIAN_POINT('',(-1.783002E+03,1.569652883E+03,1.496908E+03)
  );
#7317 = VECTOR('',#7318,1.);
#7318 = DIRECTION('',(0.,1.,0.));
#7319 = PLANE('',#7320);
#7320 = AXIS2_PLACEMENT_3D('',#7321,#7322,#7323);
#7321 = CARTESIAN_POINT('',(-1.783002E+03,1.569652883E+03,1.478908E+03)
  );
#7322 = DIRECTION('',(1.,0.,0.));
#7323 = DIRECTION('',(0.,0.,1.));
#7324 = ADVANCED_FACE('',(#7325),#7341,.F.);
#7325 = FACE_BOUND('',#7326,.F.);
#7326 = EDGE_LOOP('',(#7327,#7333,#7334,#7340));
#7327 = ORIENTED_EDGE('',*,*,#7328,.F.);
#7328 = EDGE_CURVE('',#7249,#7289,#7329,.T.);
#7329 = LINE('',#7330,#7331);
#7330 = CARTESIAN_POINT('',(-1.833002E+03,1.569652883E+03,1.478908E+03)
  );
#7331 = VECTOR('',#7332,1.);
#7332 = DIRECTION('',(1.,0.,0.));
#7333 = ORIENTED_EDGE('',*,*,#7248,.T.);
#7334 = ORIENTED_EDGE('',*,*,#7335,.T.);
#7335 = EDGE_CURVE('',#7251,#7291,#7336,.T.);
#7336 = LINE('',#7337,#7338);
#7337 = CARTESIAN_POINT('',(-1.833002E+03,1.569652883E+03,1.496908E+03)
  );
#7338 = VECTOR('',#7339,1.);
#7339 = DIRECTION('',(1.,0.,0.));
#7340 = ORIENTED_EDGE('',*,*,#7288,.F.);
#7341 = PLANE('',#7342);
#7342 = AXIS2_PLACEMENT_3D('',#7343,#7344,#7345);
#7343 = CARTESIAN_POINT('',(-1.833002E+03,1.569652883E+03,1.478908E+03)
  );
#7344 = DIRECTION('',(0.,1.,0.));
#7345 = DIRECTION('',(0.,0.,1.));
#7346 = ADVANCED_FACE('',(#7347),#7363,.T.);
#7347 = FACE_BOUND('',#7348,.T.);
#7348 = EDGE_LOOP('',(#7349,#7355,#7356,#7362));
#7349 = ORIENTED_EDGE('',*,*,#7350,.F.);
#7350 = EDGE_CURVE('',#7259,#7299,#7351,.T.);
#7351 = LINE('',#7352,#7353);
#7352 = CARTESIAN_POINT('',(-1.833002E+03,1.587652883E+03,1.478908E+03)
  );
#7353 = VECTOR('',#7354,1.);
#7354 = DIRECTION('',(1.,0.,0.));
#7355 = ORIENTED_EDGE('',*,*,#7266,.T.);
#7356 = ORIENTED_EDGE('',*,*,#7357,.T.);
#7357 = EDGE_CURVE('',#7267,#7307,#7358,.T.);
#7358 = LINE('',#7359,#7360);
#7359 = CARTESIAN_POINT('',(-1.833002E+03,1.587652883E+03,1.496908E+03)
  );
#7360 = VECTOR('',#7361,1.);
#7361 = DIRECTION('',(1.,0.,0.));
#7362 = ORIENTED_EDGE('',*,*,#7306,.F.);
#7363 = PLANE('',#7364);
#7364 = AXIS2_PLACEMENT_3D('',#7365,#7366,#7367);
#7365 = CARTESIAN_POINT('',(-1.833002E+03,1.587652883E+03,1.478908E+03)
  );
#7366 = DIRECTION('',(0.,1.,0.));
#7367 = DIRECTION('',(0.,0.,1.));
#7368 = ADVANCED_FACE('',(#7369),#7375,.F.);
#7369 = FACE_BOUND('',#7370,.F.);
#7370 = EDGE_LOOP('',(#7371,#7372,#7373,#7374));
#7371 = ORIENTED_EDGE('',*,*,#7258,.F.);
#7372 = ORIENTED_EDGE('',*,*,#7328,.T.);
#7373 = ORIENTED_EDGE('',*,*,#7298,.T.);
#7374 = ORIENTED_EDGE('',*,*,#7350,.F.);
#7375 = PLANE('',#7376);
#7376 = AXIS2_PLACEMENT_3D('',#7377,#7378,#7379);
#7377 = CARTESIAN_POINT('',(-1.833002E+03,1.569652883E+03,1.478908E+03)
  );
#7378 = DIRECTION('',(0.,0.,1.));
#7379 = DIRECTION('',(1.,0.,0.));
#7380 = ADVANCED_FACE('',(#7381),#7387,.T.);
#7381 = FACE_BOUND('',#7382,.T.);
#7382 = EDGE_LOOP('',(#7383,#7384,#7385,#7386));
#7383 = ORIENTED_EDGE('',*,*,#7274,.F.);
#7384 = ORIENTED_EDGE('',*,*,#7335,.T.);
#7385 = ORIENTED_EDGE('',*,*,#7314,.T.);
#7386 = ORIENTED_EDGE('',*,*,#7357,.F.);
#7387 = PLANE('',#7388);
#7388 = AXIS2_PLACEMENT_3D('',#7389,#7390,#7391);
#7389 = CARTESIAN_POINT('',(-1.833002E+03,1.569652883E+03,1.496908E+03)
  );
#7390 = DIRECTION('',(0.,0.,1.));
#7391 = DIRECTION('',(1.,0.,0.));
#7392 = MANIFOLD_SOLID_BREP('',#7393);
#7393 = CLOSED_SHELL('',(#7394,#7427,#7436));
#7394 = ADVANCED_FACE('',(#7395),#7422,.T.);
#7395 = FACE_BOUND('',#7396,.F.);
#7396 = EDGE_LOOP('',(#7397,#7407,#7414,#7415));
#7397 = ORIENTED_EDGE('',*,*,#7398,.T.);
#7398 = EDGE_CURVE('',#7399,#7401,#7403,.T.);
#7399 = VERTEX_POINT('',#7400);
#7400 = CARTESIAN_POINT('',(-1.724002E+03,1.578652883E+03,1.097908E+03)
  );
#7401 = VERTEX_POINT('',#7402);
#7402 = CARTESIAN_POINT('',(-1.724002E+03,1.578652883E+03,1.517908E+03)
  );
#7403 = LINE('',#7404,#7405);
#7404 = CARTESIAN_POINT('',(-1.724002E+03,1.578652883E+03,1.097908E+03)
  );
#7405 = VECTOR('',#7406,1.);
#7406 = DIRECTION('',(0.,0.,1.));
#7407 = ORIENTED_EDGE('',*,*,#7408,.T.);
#7408 = EDGE_CURVE('',#7401,#7401,#7409,.T.);
#7409 = CIRCLE('',#7410,9.);
#7410 = AXIS2_PLACEMENT_3D('',#7411,#7412,#7413);
#7411 = CARTESIAN_POINT('',(-1.733002E+03,1.578652883E+03,1.517908E+03)
  );
#7412 = DIRECTION('',(0.,0.,1.));
#7413 = DIRECTION('',(1.,0.,0.));
#7414 = ORIENTED_EDGE('',*,*,#7398,.F.);
#7415 = ORIENTED_EDGE('',*,*,#7416,.F.);
#7416 = EDGE_CURVE('',#7399,#7399,#7417,.T.);
#7417 = CIRCLE('',#7418,9.);
#7418 = AXIS2_PLACEMENT_3D('',#7419,#7420,#7421);
#7419 = CARTESIAN_POINT('',(-1.733002E+03,1.578652883E+03,1.097908E+03)
  );
#7420 = DIRECTION('',(0.,0.,1.));
#7421 = DIRECTION('',(1.,0.,0.));
#7422 = CYLINDRICAL_SURFACE('',#7423,9.);
#7423 = AXIS2_PLACEMENT_3D('',#7424,#7425,#7426);
#7424 = CARTESIAN_POINT('',(-1.733002E+03,1.578652883E+03,1.097908E+03)
  );
#7425 = DIRECTION('',(-0.,-0.,-1.));
#7426 = DIRECTION('',(1.,0.,0.));
#7427 = ADVANCED_FACE('',(#7428),#7431,.F.);
#7428 = FACE_BOUND('',#7429,.T.);
#7429 = EDGE_LOOP('',(#7430));
#7430 = ORIENTED_EDGE('',*,*,#7416,.F.);
#7431 = PLANE('',#7432);
#7432 = AXIS2_PLACEMENT_3D('',#7433,#7434,#7435);
#7433 = CARTESIAN_POINT('',(-1.733002E+03,1.578652883E+03,1.097908E+03)
  );
#7434 = DIRECTION('',(0.,0.,1.));
#7435 = DIRECTION('',(1.,0.,0.));
#7436 = ADVANCED_FACE('',(#7437),#7440,.T.);
#7437 = FACE_BOUND('',#7438,.F.);
#7438 = EDGE_LOOP('',(#7439));
#7439 = ORIENTED_EDGE('',*,*,#7408,.F.);
#7440 = PLANE('',#7441);
#7441 = AXIS2_PLACEMENT_3D('',#7442,#7443,#7444);
#7442 = CARTESIAN_POINT('',(-1.733002E+03,1.578652883E+03,1.517908E+03)
  );
#7443 = DIRECTION('',(0.,0.,1.));
#7444 = DIRECTION('',(1.,0.,0.));
#7445 = MANIFOLD_SOLID_BREP('',#7446);
#7446 = CLOSED_SHELL('',(#7447,#7487,#7527,#7549,#7571,#7583));
#7447 = ADVANCED_FACE('',(#7448),#7482,.F.);
#7448 = FACE_BOUND('',#7449,.F.);
#7449 = EDGE_LOOP('',(#7450,#7460,#7468,#7476));
#7450 = ORIENTED_EDGE('',*,*,#7451,.F.);
#7451 = EDGE_CURVE('',#7452,#7454,#7456,.T.);
#7452 = VERTEX_POINT('',#7453);
#7453 = CARTESIAN_POINT('',(-1.783002E+03,1.569652883E+03,1.118908E+03)
  );
#7454 = VERTEX_POINT('',#7455);
#7455 = CARTESIAN_POINT('',(-1.783002E+03,1.569652883E+03,1.136908E+03)
  );
#7456 = LINE('',#7457,#7458);
#7457 = CARTESIAN_POINT('',(-1.783002E+03,1.569652883E+03,1.118908E+03)
  );
#7458 = VECTOR('',#7459,1.);
#7459 = DIRECTION('',(0.,0.,1.));
#7460 = ORIENTED_EDGE('',*,*,#7461,.T.);
#7461 = EDGE_CURVE('',#7452,#7462,#7464,.T.);
#7462 = VERTEX_POINT('',#7463);
#7463 = CARTESIAN_POINT('',(-1.783002E+03,1.587652883E+03,1.118908E+03)
  );
#7464 = LINE('',#7465,#7466);
#7465 = CARTESIAN_POINT('',(-1.783002E+03,1.569652883E+03,1.118908E+03)
  );
#7466 = VECTOR('',#7467,1.);
#7467 = DIRECTION('',(0.,1.,0.));
#7468 = ORIENTED_EDGE('',*,*,#7469,.T.);
#7469 = EDGE_CURVE('',#7462,#7470,#7472,.T.);
#7470 = VERTEX_POINT('',#7471);
#7471 = CARTESIAN_POINT('',(-1.783002E+03,1.587652883E+03,1.136908E+03)
  );
#7472 = LINE('',#7473,#7474);
#7473 = CARTESIAN_POINT('',(-1.783002E+03,1.587652883E+03,1.118908E+03)
  );
#7474 = VECTOR('',#7475,1.);
#7475 = DIRECTION('',(0.,0.,1.));
#7476 = ORIENTED_EDGE('',*,*,#7477,.F.);
#7477 = EDGE_CURVE('',#7454,#7470,#7478,.T.);
#7478 = LINE('',#7479,#7480);
#7479 = CARTESIAN_POINT('',(-1.783002E+03,1.569652883E+03,1.136908E+03)
  );
#7480 = VECTOR('',#7481,1.);
#7481 = DIRECTION('',(0.,1.,0.));
#7482 = PLANE('',#7483);
#7483 = AXIS2_PLACEMENT_3D('',#7484,#7485,#7486);
#7484 = CARTESIAN_POINT('',(-1.783002E+03,1.569652883E+03,1.118908E+03)
  );
#7485 = DIRECTION('',(1.,0.,0.));
#7486 = DIRECTION('',(0.,0.,1.));
#7487 = ADVANCED_FACE('',(#7488),#7522,.T.);
#7488 = FACE_BOUND('',#7489,.T.);
#7489 = EDGE_LOOP('',(#7490,#7500,#7508,#7516));
#7490 = ORIENTED_EDGE('',*,*,#7491,.F.);
#7491 = EDGE_CURVE('',#7492,#7494,#7496,.T.);
#7492 = VERTEX_POINT('',#7493);
#7493 = CARTESIAN_POINT('',(-1.733002E+03,1.569652883E+03,1.118908E+03)
  );
#7494 = VERTEX_POINT('',#7495);
#7495 = CARTESIAN_POINT('',(-1.733002E+03,1.569652883E+03,1.136908E+03)
  );
#7496 = LINE('',#7497,#7498);
#7497 = CARTESIAN_POINT('',(-1.733002E+03,1.569652883E+03,1.118908E+03)
  );
#7498 = VECTOR('',#7499,1.);
#7499 = DIRECTION('',(0.,0.,1.));
#7500 = ORIENTED_EDGE('',*,*,#7501,.T.);
#7501 = EDGE_CURVE('',#7492,#7502,#7504,.T.);
#7502 = VERTEX_POINT('',#7503);
#7503 = CARTESIAN_POINT('',(-1.733002E+03,1.587652883E+03,1.118908E+03)
  );
#7504 = LINE('',#7505,#7506);
#7505 = CARTESIAN_POINT('',(-1.733002E+03,1.569652883E+03,1.118908E+03)
  );
#7506 = VECTOR('',#7507,1.);
#7507 = DIRECTION('',(0.,1.,0.));
#7508 = ORIENTED_EDGE('',*,*,#7509,.T.);
#7509 = EDGE_CURVE('',#7502,#7510,#7512,.T.);
#7510 = VERTEX_POINT('',#7511);
#7511 = CARTESIAN_POINT('',(-1.733002E+03,1.587652883E+03,1.136908E+03)
  );
#7512 = LINE('',#7513,#7514);
#7513 = CARTESIAN_POINT('',(-1.733002E+03,1.587652883E+03,1.118908E+03)
  );
#7514 = VECTOR('',#7515,1.);
#7515 = DIRECTION('',(0.,0.,1.));
#7516 = ORIENTED_EDGE('',*,*,#7517,.F.);
#7517 = EDGE_CURVE('',#7494,#7510,#7518,.T.);
#7518 = LINE('',#7519,#7520);
#7519 = CARTESIAN_POINT('',(-1.733002E+03,1.569652883E+03,1.136908E+03)
  );
#7520 = VECTOR('',#7521,1.);
#7521 = DIRECTION('',(0.,1.,0.));
#7522 = PLANE('',#7523);
#7523 = AXIS2_PLACEMENT_3D('',#7524,#7525,#7526);
#7524 = CARTESIAN_POINT('',(-1.733002E+03,1.569652883E+03,1.118908E+03)
  );
#7525 = DIRECTION('',(1.,0.,0.));
#7526 = DIRECTION('',(0.,0.,1.));
#7527 = ADVANCED_FACE('',(#7528),#7544,.F.);
#7528 = FACE_BOUND('',#7529,.F.);
#7529 = EDGE_LOOP('',(#7530,#7536,#7537,#7543));
#7530 = ORIENTED_EDGE('',*,*,#7531,.F.);
#7531 = EDGE_CURVE('',#7452,#7492,#7532,.T.);
#7532 = LINE('',#7533,#7534);
#7533 = CARTESIAN_POINT('',(-1.783002E+03,1.569652883E+03,1.118908E+03)
  );
#7534 = VECTOR('',#7535,1.);
#7535 = DIRECTION('',(1.,0.,0.));
#7536 = ORIENTED_EDGE('',*,*,#7451,.T.);
#7537 = ORIENTED_EDGE('',*,*,#7538,.T.);
#7538 = EDGE_CURVE('',#7454,#7494,#7539,.T.);
#7539 = LINE('',#7540,#7541);
#7540 = CARTESIAN_POINT('',(-1.783002E+03,1.569652883E+03,1.136908E+03)
  );
#7541 = VECTOR('',#7542,1.);
#7542 = DIRECTION('',(1.,0.,0.));
#7543 = ORIENTED_EDGE('',*,*,#7491,.F.);
#7544 = PLANE('',#7545);
#7545 = AXIS2_PLACEMENT_3D('',#7546,#7547,#7548);
#7546 = CARTESIAN_POINT('',(-1.783002E+03,1.569652883E+03,1.118908E+03)
  );
#7547 = DIRECTION('',(0.,1.,0.));
#7548 = DIRECTION('',(0.,0.,1.));
#7549 = ADVANCED_FACE('',(#7550),#7566,.T.);
#7550 = FACE_BOUND('',#7551,.T.);
#7551 = EDGE_LOOP('',(#7552,#7558,#7559,#7565));
#7552 = ORIENTED_EDGE('',*,*,#7553,.F.);
#7553 = EDGE_CURVE('',#7462,#7502,#7554,.T.);
#7554 = LINE('',#7555,#7556);
#7555 = CARTESIAN_POINT('',(-1.783002E+03,1.587652883E+03,1.118908E+03)
  );
#7556 = VECTOR('',#7557,1.);
#7557 = DIRECTION('',(1.,0.,0.));
#7558 = ORIENTED_EDGE('',*,*,#7469,.T.);
#7559 = ORIENTED_EDGE('',*,*,#7560,.T.);
#7560 = EDGE_CURVE('',#7470,#7510,#7561,.T.);
#7561 = LINE('',#7562,#7563);
#7562 = CARTESIAN_POINT('',(-1.783002E+03,1.587652883E+03,1.136908E+03)
  );
#7563 = VECTOR('',#7564,1.);
#7564 = DIRECTION('',(1.,0.,0.));
#7565 = ORIENTED_EDGE('',*,*,#7509,.F.);
#7566 = PLANE('',#7567);
#7567 = AXIS2_PLACEMENT_3D('',#7568,#7569,#7570);
#7568 = CARTESIAN_POINT('',(-1.783002E+03,1.587652883E+03,1.118908E+03)
  );
#7569 = DIRECTION('',(0.,1.,0.));
#7570 = DIRECTION('',(0.,0.,1.));
#7571 = ADVANCED_FACE('',(#7572),#7578,.F.);
#7572 = FACE_BOUND('',#7573,.F.);
#7573 = EDGE_LOOP('',(#7574,#7575,#7576,#7577));
#7574 = ORIENTED_EDGE('',*,*,#7461,.F.);
#7575 = ORIENTED_EDGE('',*,*,#7531,.T.);
#7576 = ORIENTED_EDGE('',*,*,#7501,.T.);
#7577 = ORIENTED_EDGE('',*,*,#7553,.F.);
#7578 = PLANE('',#7579);
#7579 = AXIS2_PLACEMENT_3D('',#7580,#7581,#7582);
#7580 = CARTESIAN_POINT('',(-1.783002E+03,1.569652883E+03,1.118908E+03)
  );
#7581 = DIRECTION('',(0.,0.,1.));
#7582 = DIRECTION('',(1.,0.,0.));
#7583 = ADVANCED_FACE('',(#7584),#7590,.T.);
#7584 = FACE_BOUND('',#7585,.T.);
#7585 = EDGE_LOOP('',(#7586,#7587,#7588,#7589));
#7586 = ORIENTED_EDGE('',*,*,#7477,.F.);
#7587 = ORIENTED_EDGE('',*,*,#7538,.T.);
#7588 = ORIENTED_EDGE('',*,*,#7517,.T.);
#7589 = ORIENTED_EDGE('',*,*,#7560,.F.);
#7590 = PLANE('',#7591);
#7591 = AXIS2_PLACEMENT_3D('',#7592,#7593,#7594);
#7592 = CARTESIAN_POINT('',(-1.783002E+03,1.569652883E+03,1.136908E+03)
  );
#7593 = DIRECTION('',(0.,0.,1.));
#7594 = DIRECTION('',(1.,0.,0.));
#7595 = MANIFOLD_SOLID_BREP('',#7596);
#7596 = CLOSED_SHELL('',(#7597,#7637,#7677,#7699,#7721,#7733));
#7597 = ADVANCED_FACE('',(#7598),#7632,.F.);
#7598 = FACE_BOUND('',#7599,.F.);
#7599 = EDGE_LOOP('',(#7600,#7610,#7618,#7626));
#7600 = ORIENTED_EDGE('',*,*,#7601,.F.);
#7601 = EDGE_CURVE('',#7602,#7604,#7606,.T.);
#7602 = VERTEX_POINT('',#7603);
#7603 = CARTESIAN_POINT('',(-1.783002E+03,1.569652883E+03,1.478908E+03)
  );
#7604 = VERTEX_POINT('',#7605);
#7605 = CARTESIAN_POINT('',(-1.783002E+03,1.569652883E+03,1.496908E+03)
  );
#7606 = LINE('',#7607,#7608);
#7607 = CARTESIAN_POINT('',(-1.783002E+03,1.569652883E+03,1.478908E+03)
  );
#7608 = VECTOR('',#7609,1.);
#7609 = DIRECTION('',(0.,0.,1.));
#7610 = ORIENTED_EDGE('',*,*,#7611,.T.);
#7611 = EDGE_CURVE('',#7602,#7612,#7614,.T.);
#7612 = VERTEX_POINT('',#7613);
#7613 = CARTESIAN_POINT('',(-1.783002E+03,1.587652883E+03,1.478908E+03)
  );
#7614 = LINE('',#7615,#7616);
#7615 = CARTESIAN_POINT('',(-1.783002E+03,1.569652883E+03,1.478908E+03)
  );
#7616 = VECTOR('',#7617,1.);
#7617 = DIRECTION('',(0.,1.,0.));
#7618 = ORIENTED_EDGE('',*,*,#7619,.T.);
#7619 = EDGE_CURVE('',#7612,#7620,#7622,.T.);
#7620 = VERTEX_POINT('',#7621);
#7621 = CARTESIAN_POINT('',(-1.783002E+03,1.587652883E+03,1.496908E+03)
  );
#7622 = LINE('',#7623,#7624);
#7623 = CARTESIAN_POINT('',(-1.783002E+03,1.587652883E+03,1.478908E+03)
  );
#7624 = VECTOR('',#7625,1.);
#7625 = DIRECTION('',(0.,0.,1.));
#7626 = ORIENTED_EDGE('',*,*,#7627,.F.);
#7627 = EDGE_CURVE('',#7604,#7620,#7628,.T.);
#7628 = LINE('',#7629,#7630);
#7629 = CARTESIAN_POINT('',(-1.783002E+03,1.569652883E+03,1.496908E+03)
  );
#7630 = VECTOR('',#7631,1.);
#7631 = DIRECTION('',(0.,1.,0.));
#7632 = PLANE('',#7633);
#7633 = AXIS2_PLACEMENT_3D('',#7634,#7635,#7636);
#7634 = CARTESIAN_POINT('',(-1.783002E+03,1.569652883E+03,1.478908E+03)
  );
#7635 = DIRECTION('',(1.,0.,0.));
#7636 = DIRECTION('',(0.,0.,1.));
#7637 = ADVANCED_FACE('',(#7638),#7672,.T.);
#7638 = FACE_BOUND('',#7639,.T.);
#7639 = EDGE_LOOP('',(#7640,#7650,#7658,#7666));
#7640 = ORIENTED_EDGE('',*,*,#7641,.F.);
#7641 = EDGE_CURVE('',#7642,#7644,#7646,.T.);
#7642 = VERTEX_POINT('',#7643);
#7643 = CARTESIAN_POINT('',(-1.733002E+03,1.569652883E+03,1.478908E+03)
  );
#7644 = VERTEX_POINT('',#7645);
#7645 = CARTESIAN_POINT('',(-1.733002E+03,1.569652883E+03,1.496908E+03)
  );
#7646 = LINE('',#7647,#7648);
#7647 = CARTESIAN_POINT('',(-1.733002E+03,1.569652883E+03,1.478908E+03)
  );
#7648 = VECTOR('',#7649,1.);
#7649 = DIRECTION('',(0.,0.,1.));
#7650 = ORIENTED_EDGE('',*,*,#7651,.T.);
#7651 = EDGE_CURVE('',#7642,#7652,#7654,.T.);
#7652 = VERTEX_POINT('',#7653);
#7653 = CARTESIAN_POINT('',(-1.733002E+03,1.587652883E+03,1.478908E+03)
  );
#7654 = LINE('',#7655,#7656);
#7655 = CARTESIAN_POINT('',(-1.733002E+03,1.569652883E+03,1.478908E+03)
  );
#7656 = VECTOR('',#7657,1.);
#7657 = DIRECTION('',(0.,1.,0.));
#7658 = ORIENTED_EDGE('',*,*,#7659,.T.);
#7659 = EDGE_CURVE('',#7652,#7660,#7662,.T.);
#7660 = VERTEX_POINT('',#7661);
#7661 = CARTESIAN_POINT('',(-1.733002E+03,1.587652883E+03,1.496908E+03)
  );
#7662 = LINE('',#7663,#7664);
#7663 = CARTESIAN_POINT('',(-1.733002E+03,1.587652883E+03,1.478908E+03)
  );
#7664 = VECTOR('',#7665,1.);
#7665 = DIRECTION('',(0.,0.,1.));
#7666 = ORIENTED_EDGE('',*,*,#7667,.F.);
#7667 = EDGE_CURVE('',#7644,#7660,#7668,.T.);
#7668 = LINE('',#7669,#7670);
#7669 = CARTESIAN_POINT('',(-1.733002E+03,1.569652883E+03,1.496908E+03)
  );
#7670 = VECTOR('',#7671,1.);
#7671 = DIRECTION('',(0.,1.,0.));
#7672 = PLANE('',#7673);
#7673 = AXIS2_PLACEMENT_3D('',#7674,#7675,#7676);
#7674 = CARTESIAN_POINT('',(-1.733002E+03,1.569652883E+03,1.478908E+03)
  );
#7675 = DIRECTION('',(1.,0.,0.));
#7676 = DIRECTION('',(0.,0.,1.));
#7677 = ADVANCED_FACE('',(#7678),#7694,.F.);
#7678 = FACE_BOUND('',#7679,.F.);
#7679 = EDGE_LOOP('',(#7680,#7686,#7687,#7693));
#7680 = ORIENTED_EDGE('',*,*,#7681,.F.);
#7681 = EDGE_CURVE('',#7602,#7642,#7682,.T.);
#7682 = LINE('',#7683,#7684);
#7683 = CARTESIAN_POINT('',(-1.783002E+03,1.569652883E+03,1.478908E+03)
  );
#7684 = VECTOR('',#7685,1.);
#7685 = DIRECTION('',(1.,0.,0.));
#7686 = ORIENTED_EDGE('',*,*,#7601,.T.);
#7687 = ORIENTED_EDGE('',*,*,#7688,.T.);
#7688 = EDGE_CURVE('',#7604,#7644,#7689,.T.);
#7689 = LINE('',#7690,#7691);
#7690 = CARTESIAN_POINT('',(-1.783002E+03,1.569652883E+03,1.496908E+03)
  );
#7691 = VECTOR('',#7692,1.);
#7692 = DIRECTION('',(1.,0.,0.));
#7693 = ORIENTED_EDGE('',*,*,#7641,.F.);
#7694 = PLANE('',#7695);
#7695 = AXIS2_PLACEMENT_3D('',#7696,#7697,#7698);
#7696 = CARTESIAN_POINT('',(-1.783002E+03,1.569652883E+03,1.478908E+03)
  );
#7697 = DIRECTION('',(0.,1.,0.));
#7698 = DIRECTION('',(0.,0.,1.));
#7699 = ADVANCED_FACE('',(#7700),#7716,.T.);
#7700 = FACE_BOUND('',#7701,.T.);
#7701 = EDGE_LOOP('',(#7702,#7708,#7709,#7715));
#7702 = ORIENTED_EDGE('',*,*,#7703,.F.);
#7703 = EDGE_CURVE('',#7612,#7652,#7704,.T.);
#7704 = LINE('',#7705,#7706);
#7705 = CARTESIAN_POINT('',(-1.783002E+03,1.587652883E+03,1.478908E+03)
  );
#7706 = VECTOR('',#7707,1.);
#7707 = DIRECTION('',(1.,0.,0.));
#7708 = ORIENTED_EDGE('',*,*,#7619,.T.);
#7709 = ORIENTED_EDGE('',*,*,#7710,.T.);
#7710 = EDGE_CURVE('',#7620,#7660,#7711,.T.);
#7711 = LINE('',#7712,#7713);
#7712 = CARTESIAN_POINT('',(-1.783002E+03,1.587652883E+03,1.496908E+03)
  );
#7713 = VECTOR('',#7714,1.);
#7714 = DIRECTION('',(1.,0.,0.));
#7715 = ORIENTED_EDGE('',*,*,#7659,.F.);
#7716 = PLANE('',#7717);
#7717 = AXIS2_PLACEMENT_3D('',#7718,#7719,#7720);
#7718 = CARTESIAN_POINT('',(-1.783002E+03,1.587652883E+03,1.478908E+03)
  );
#7719 = DIRECTION('',(0.,1.,0.));
#7720 = DIRECTION('',(0.,0.,1.));
#7721 = ADVANCED_FACE('',(#7722),#7728,.F.);
#7722 = FACE_BOUND('',#7723,.F.);
#7723 = EDGE_LOOP('',(#7724,#7725,#7726,#7727));
#7724 = ORIENTED_EDGE('',*,*,#7611,.F.);
#7725 = ORIENTED_EDGE('',*,*,#7681,.T.);
#7726 = ORIENTED_EDGE('',*,*,#7651,.T.);
#7727 = ORIENTED_EDGE('',*,*,#7703,.F.);
#7728 = PLANE('',#7729);
#7729 = AXIS2_PLACEMENT_3D('',#7730,#7731,#7732);
#7730 = CARTESIAN_POINT('',(-1.783002E+03,1.569652883E+03,1.478908E+03)
  );
#7731 = DIRECTION('',(0.,0.,1.));
#7732 = DIRECTION('',(1.,0.,0.));
#7733 = ADVANCED_FACE('',(#7734),#7740,.T.);
#7734 = FACE_BOUND('',#7735,.T.);
#7735 = EDGE_LOOP('',(#7736,#7737,#7738,#7739));
#7736 = ORIENTED_EDGE('',*,*,#7627,.F.);
#7737 = ORIENTED_EDGE('',*,*,#7688,.T.);
#7738 = ORIENTED_EDGE('',*,*,#7667,.T.);
#7739 = ORIENTED_EDGE('',*,*,#7710,.F.);
#7740 = PLANE('',#7741);
#7741 = AXIS2_PLACEMENT_3D('',#7742,#7743,#7744);
#7742 = CARTESIAN_POINT('',(-1.783002E+03,1.569652883E+03,1.496908E+03)
  );
#7743 = DIRECTION('',(0.,0.,1.));
#7744 = DIRECTION('',(1.,0.,0.));
#7745 = MANIFOLD_SOLID_BREP('',#7746);
#7746 = CLOSED_SHELL('',(#7747,#7787,#7820,#7853,#7886,#7919,#7936,#7953
    ,#7984,#8015,#8032,#8063,#8080,#8111,#8129,#8147,#8180,#8198,#8229,
    #8247,#8278,#8307,#8318,#8329,#8341,#8352));
#7747 = ADVANCED_FACE('',(#7748),#7782,.F.);
#7748 = FACE_BOUND('',#7749,.F.);
#7749 = EDGE_LOOP('',(#7750,#7760,#7768,#7776));
#7750 = ORIENTED_EDGE('',*,*,#7751,.F.);
#7751 = EDGE_CURVE('',#7752,#7754,#7756,.T.);
#7752 = VERTEX_POINT('',#7753);
#7753 = CARTESIAN_POINT('',(-2.875E+03,1.788E+03,1.022908E+03));
#7754 = VERTEX_POINT('',#7755);
#7755 = CARTESIAN_POINT('',(-2.875E+03,1.788E+03,1.036908E+03));
#7756 = LINE('',#7757,#7758);
#7757 = CARTESIAN_POINT('',(-2.875E+03,1.788E+03,1.019908E+03));
#7758 = VECTOR('',#7759,1.);
#7759 = DIRECTION('',(0.,0.,1.));
#7760 = ORIENTED_EDGE('',*,*,#7761,.T.);
#7761 = EDGE_CURVE('',#7752,#7762,#7764,.T.);
#7762 = VERTEX_POINT('',#7763);
#7763 = CARTESIAN_POINT('',(-2.875E+03,2.092E+03,1.022908E+03));
#7764 = LINE('',#7765,#7766);
#7765 = CARTESIAN_POINT('',(-2.875E+03,1.785E+03,1.022908E+03));
#7766 = VECTOR('',#7767,1.);
#7767 = DIRECTION('',(0.,1.,0.));
#7768 = ORIENTED_EDGE('',*,*,#7769,.T.);
#7769 = EDGE_CURVE('',#7762,#7770,#7772,.T.);
#7770 = VERTEX_POINT('',#7771);
#7771 = CARTESIAN_POINT('',(-2.875E+03,2.092E+03,1.036908E+03));
#7772 = LINE('',#7773,#7774);
#7773 = CARTESIAN_POINT('',(-2.875E+03,2.092E+03,1.019908E+03));
#7774 = VECTOR('',#7775,1.);
#7775 = DIRECTION('',(0.,0.,1.));
#7776 = ORIENTED_EDGE('',*,*,#7777,.F.);
#7777 = EDGE_CURVE('',#7754,#7770,#7778,.T.);
#7778 = LINE('',#7779,#7780);
#7779 = CARTESIAN_POINT('',(-2.875E+03,1.785E+03,1.036908E+03));
#7780 = VECTOR('',#7781,1.);
#7781 = DIRECTION('',(0.,1.,0.));
#7782 = PLANE('',#7783);
#7783 = AXIS2_PLACEMENT_3D('',#7784,#7785,#7786);
#7784 = CARTESIAN_POINT('',(-2.875E+03,1.785E+03,1.019908E+03));
#7785 = DIRECTION('',(1.,0.,0.));
#7786 = DIRECTION('',(0.,0.,1.));
#7787 = ADVANCED_FACE('',(#7788),#7815,.T.);
#7788 = FACE_BOUND('',#7789,.T.);
#7789 = EDGE_LOOP('',(#7790,#7791,#7800,#7808));
#7790 = ORIENTED_EDGE('',*,*,#7751,.F.);
#7791 = ORIENTED_EDGE('',*,*,#7792,.T.);
#7792 = EDGE_CURVE('',#7752,#7793,#7795,.T.);
#7793 = VERTEX_POINT('',#7794);
#7794 = CARTESIAN_POINT('',(-2.872E+03,1.785E+03,1.022908E+03));
#7795 = CIRCLE('',#7796,3.);
#7796 = AXIS2_PLACEMENT_3D('',#7797,#7798,#7799);
#7797 = CARTESIAN_POINT('',(-2.872E+03,1.788E+03,1.022908E+03));
#7798 = DIRECTION('',(0.,0.,1.));
#7799 = DIRECTION('',(-1.,0.,0.));
#7800 = ORIENTED_EDGE('',*,*,#7801,.T.);
#7801 = EDGE_CURVE('',#7793,#7802,#7804,.T.);
#7802 = VERTEX_POINT('',#7803);
#7803 = CARTESIAN_POINT('',(-2.872E+03,1.785E+03,1.036908E+03));
#7804 = LINE('',#7805,#7806);
#7805 = CARTESIAN_POINT('',(-2.872E+03,1.785E+03,1.019908E+03));
#7806 = VECTOR('',#7807,1.);
#7807 = DIRECTION('',(0.,0.,1.));
#7808 = ORIENTED_EDGE('',*,*,#7809,.F.);
#7809 = EDGE_CURVE('',#7754,#7802,#7810,.T.);
#7810 = CIRCLE('',#7811,3.);
#7811 = AXIS2_PLACEMENT_3D('',#7812,#7813,#7814);
#7812 = CARTESIAN_POINT('',(-2.872E+03,1.788E+03,1.036908E+03));
#7813 = DIRECTION('',(0.,0.,1.));
#7814 = DIRECTION('',(-1.,0.,0.));
#7815 = CYLINDRICAL_SURFACE('',#7816,3.);
#7816 = AXIS2_PLACEMENT_3D('',#7817,#7818,#7819);
#7817 = CARTESIAN_POINT('',(-2.872E+03,1.788E+03,1.019908E+03));
#7818 = DIRECTION('',(0.,0.,1.));
#7819 = DIRECTION('',(-1.,0.,0.));
#7820 = ADVANCED_FACE('',(#7821),#7848,.T.);
#7821 = FACE_BOUND('',#7822,.F.);
#7822 = EDGE_LOOP('',(#7823,#7832,#7840,#7847));
#7823 = ORIENTED_EDGE('',*,*,#7824,.F.);
#7824 = EDGE_CURVE('',#7825,#7752,#7827,.T.);
#7825 = VERTEX_POINT('',#7826);
#7826 = CARTESIAN_POINT('',(-2.872E+03,1.788E+03,1.019908E+03));
#7827 = CIRCLE('',#7828,3.);
#7828 = AXIS2_PLACEMENT_3D('',#7829,#7830,#7831);
#7829 = CARTESIAN_POINT('',(-2.872E+03,1.788E+03,1.022908E+03));
#7830 = DIRECTION('',(0.,1.,-0.));
#7831 = DIRECTION('',(-1.,0.,0.));
#7832 = ORIENTED_EDGE('',*,*,#7833,.T.);
#7833 = EDGE_CURVE('',#7825,#7834,#7836,.T.);
#7834 = VERTEX_POINT('',#7835);
#7835 = CARTESIAN_POINT('',(-2.872E+03,2.092E+03,1.019908E+03));
#7836 = LINE('',#7837,#7838);
#7837 = CARTESIAN_POINT('',(-2.872E+03,1.785E+03,1.019908E+03));
#7838 = VECTOR('',#7839,1.);
#7839 = DIRECTION('',(0.,1.,0.));
#7840 = ORIENTED_EDGE('',*,*,#7841,.T.);
#7841 = EDGE_CURVE('',#7834,#7762,#7842,.T.);
#7842 = CIRCLE('',#7843,3.);
#7843 = AXIS2_PLACEMENT_3D('',#7844,#7845,#7846);
#7844 = CARTESIAN_POINT('',(-2.872E+03,2.092E+03,1.022908E+03));
#7845 = DIRECTION('',(0.,1.,-0.));
#7846 = DIRECTION('',(-1.,0.,0.));
#7847 = ORIENTED_EDGE('',*,*,#7761,.F.);
#7848 = CYLINDRICAL_SURFACE('',#7849,3.);
#7849 = AXIS2_PLACEMENT_3D('',#7850,#7851,#7852);
#7850 = CARTESIAN_POINT('',(-2.872E+03,1.785E+03,1.022908E+03));
#7851 = DIRECTION('',(0.,1.,0.));
#7852 = DIRECTION('',(-1.,0.,0.));
#7853 = ADVANCED_FACE('',(#7854),#7881,.T.);
#7854 = FACE_BOUND('',#7855,.T.);
#7855 = EDGE_LOOP('',(#7856,#7865,#7873,#7880));
#7856 = ORIENTED_EDGE('',*,*,#7857,.F.);
#7857 = EDGE_CURVE('',#7858,#7754,#7860,.T.);
#7858 = VERTEX_POINT('',#7859);
#7859 = CARTESIAN_POINT('',(-2.872E+03,1.788E+03,1.039908E+03));
#7860 = CIRCLE('',#7861,3.);
#7861 = AXIS2_PLACEMENT_3D('',#7862,#7863,#7864);
#7862 = CARTESIAN_POINT('',(-2.872E+03,1.788E+03,1.036908E+03));
#7863 = DIRECTION('',(0.,-1.,0.));
#7864 = DIRECTION('',(-1.,0.,0.));
#7865 = ORIENTED_EDGE('',*,*,#7866,.T.);
#7866 = EDGE_CURVE('',#7858,#7867,#7869,.T.);
#7867 = VERTEX_POINT('',#7868);
#7868 = CARTESIAN_POINT('',(-2.872E+03,2.092E+03,1.039908E+03));
#7869 = LINE('',#7870,#7871);
#7870 = CARTESIAN_POINT('',(-2.872E+03,1.785E+03,1.039908E+03));
#7871 = VECTOR('',#7872,1.);
#7872 = DIRECTION('',(0.,1.,0.));
#7873 = ORIENTED_EDGE('',*,*,#7874,.F.);
#7874 = EDGE_CURVE('',#7770,#7867,#7875,.T.);
#7875 = CIRCLE('',#7876,3.);
#7876 = AXIS2_PLACEMENT_3D('',#7877,#7878,#7879);
#7877 = CARTESIAN_POINT('',(-2.872E+03,2.092E+03,1.036908E+03));
#7878 = DIRECTION('',(0.,1.,-0.));
#7879 = DIRECTION('',(-1.,0.,0.));
#7880 = ORIENTED_EDGE('',*,*,#7777,.F.);
#7881 = CYLINDRICAL_SURFACE('',#7882,3.);
#7882 = AXIS2_PLACEMENT_3D('',#7883,#7884,#7885);
#7883 = CARTESIAN_POINT('',(-2.872E+03,1.785E+03,1.036908E+03));
#7884 = DIRECTION('',(0.,1.,0.));
#7885 = DIRECTION('',(-1.,0.,0.));
#7886 = ADVANCED_FACE('',(#7887),#7914,.T.);
#7887 = FACE_BOUND('',#7888,.F.);
#7888 = EDGE_LOOP('',(#7889,#7890,#7899,#7907));
#7889 = ORIENTED_EDGE('',*,*,#7769,.F.);
#7890 = ORIENTED_EDGE('',*,*,#7891,.T.);
#7891 = EDGE_CURVE('',#7762,#7892,#7894,.T.);
#7892 = VERTEX_POINT('',#7893);
#7893 = CARTESIAN_POINT('',(-2.872E+03,2.095E+03,1.022908E+03));
#7894 = CIRCLE('',#7895,3.);
#7895 = AXIS2_PLACEMENT_3D('',#7896,#7897,#7898);
#7896 = CARTESIAN_POINT('',(-2.872E+03,2.092E+03,1.022908E+03));
#7897 = DIRECTION('',(0.,0.,-1.));
#7898 = DIRECTION('',(-1.,0.,0.));
#7899 = ORIENTED_EDGE('',*,*,#7900,.T.);
#7900 = EDGE_CURVE('',#7892,#7901,#7903,.T.);
#7901 = VERTEX_POINT('',#7902);
#7902 = CARTESIAN_POINT('',(-2.872E+03,2.095E+03,1.036908E+03));
#7903 = LINE('',#7904,#7905);
#7904 = CARTESIAN_POINT('',(-2.872E+03,2.095E+03,1.019908E+03));
#7905 = VECTOR('',#7906,1.);
#7906 = DIRECTION('',(0.,0.,1.));
#7907 = ORIENTED_EDGE('',*,*,#7908,.T.);
#7908 = EDGE_CURVE('',#7901,#7770,#7909,.T.);
#7909 = CIRCLE('',#7910,3.);
#7910 = AXIS2_PLACEMENT_3D('',#7911,#7912,#7913);
#7911 = CARTESIAN_POINT('',(-2.872E+03,2.092E+03,1.036908E+03));
#7912 = DIRECTION('',(0.,0.,1.));
#7913 = DIRECTION('',(-1.,0.,0.));
#7914 = CYLINDRICAL_SURFACE('',#7915,3.);
#7915 = AXIS2_PLACEMENT_3D('',#7916,#7917,#7918);
#7916 = CARTESIAN_POINT('',(-2.872E+03,2.092E+03,1.019908E+03));
#7917 = DIRECTION('',(0.,0.,1.));
#7918 = DIRECTION('',(-1.,0.,0.));
#7919 = ADVANCED_FACE('',(#7920),#7931,.T.);
#7920 = FACE_BOUND('',#7921,.T.);
#7921 = EDGE_LOOP('',(#7922,#7923,#7930));
#7922 = ORIENTED_EDGE('',*,*,#7824,.F.);
#7923 = ORIENTED_EDGE('',*,*,#7924,.T.);
#7924 = EDGE_CURVE('',#7825,#7793,#7925,.T.);
#7925 = CIRCLE('',#7926,3.);
#7926 = AXIS2_PLACEMENT_3D('',#7927,#7928,#7929);
#7927 = CARTESIAN_POINT('',(-2.872E+03,1.788E+03,1.022908E+03));
#7928 = DIRECTION('',(-1.,6.E-17,0.));
#7929 = DIRECTION('',(-6.E-17,-1.,0.));
#7930 = ORIENTED_EDGE('',*,*,#7792,.F.);
#7931 = SPHERICAL_SURFACE('',#7932,3.);
#7932 = AXIS2_PLACEMENT_3D('',#7933,#7934,#7935);
#7933 = CARTESIAN_POINT('',(-2.872E+03,1.788E+03,1.022908E+03));
#7934 = DIRECTION('',(0.,0.,1.));
#7935 = DIRECTION('',(-1.,0.,0.));
#7936 = ADVANCED_FACE('',(#7937),#7948,.T.);
#7937 = FACE_BOUND('',#7938,.F.);
#7938 = EDGE_LOOP('',(#7939,#7940,#7947));
#7939 = ORIENTED_EDGE('',*,*,#7857,.F.);
#7940 = ORIENTED_EDGE('',*,*,#7941,.T.);
#7941 = EDGE_CURVE('',#7858,#7802,#7942,.T.);
#7942 = CIRCLE('',#7943,3.);
#7943 = AXIS2_PLACEMENT_3D('',#7944,#7945,#7946);
#7944 = CARTESIAN_POINT('',(-2.872E+03,1.788E+03,1.036908E+03));
#7945 = DIRECTION('',(1.,-6.E-17,0.));
#7946 = DIRECTION('',(-6.E-17,-1.,0.));
#7947 = ORIENTED_EDGE('',*,*,#7809,.F.);
#7948 = SPHERICAL_SURFACE('',#7949,3.);
#7949 = AXIS2_PLACEMENT_3D('',#7950,#7951,#7952);
#7950 = CARTESIAN_POINT('',(-2.872E+03,1.788E+03,1.036908E+03));
#7951 = DIRECTION('',(-0.,-0.,-1.));
#7952 = DIRECTION('',(-1.,0.,0.));
#7953 = ADVANCED_FACE('',(#7954),#7979,.F.);
#7954 = FACE_BOUND('',#7955,.F.);
#7955 = EDGE_LOOP('',(#7956,#7957,#7965,#7973));
#7956 = ORIENTED_EDGE('',*,*,#7801,.T.);
#7957 = ORIENTED_EDGE('',*,*,#7958,.T.);
#7958 = EDGE_CURVE('',#7802,#7959,#7961,.T.);
#7959 = VERTEX_POINT('',#7960);
#7960 = CARTESIAN_POINT('',(-2.658E+03,1.785E+03,1.036908E+03));
#7961 = LINE('',#7962,#7963);
#7962 = CARTESIAN_POINT('',(-2.875E+03,1.785E+03,1.036908E+03));
#7963 = VECTOR('',#7964,1.);
#7964 = DIRECTION('',(1.,0.,0.));
#7965 = ORIENTED_EDGE('',*,*,#7966,.F.);
#7966 = EDGE_CURVE('',#7967,#7959,#7969,.T.);
#7967 = VERTEX_POINT('',#7968);
#7968 = CARTESIAN_POINT('',(-2.658E+03,1.785E+03,1.022908E+03));
#7969 = LINE('',#7970,#7971);
#7970 = CARTESIAN_POINT('',(-2.658E+03,1.785E+03,1.019908E+03));
#7971 = VECTOR('',#7972,1.);
#7972 = DIRECTION('',(0.,0.,1.));
#7973 = ORIENTED_EDGE('',*,*,#7974,.F.);
#7974 = EDGE_CURVE('',#7793,#7967,#7975,.T.);
#7975 = LINE('',#7976,#7977);
#7976 = CARTESIAN_POINT('',(-2.875E+03,1.785E+03,1.022908E+03));
#7977 = VECTOR('',#7978,1.);
#7978 = DIRECTION('',(1.,0.,0.));
#7979 = PLANE('',#7980);
#7980 = AXIS2_PLACEMENT_3D('',#7981,#7982,#7983);
#7981 = CARTESIAN_POINT('',(-2.875E+03,1.785E+03,1.019908E+03));
#7982 = DIRECTION('',(0.,1.,0.));
#7983 = DIRECTION('',(0.,0.,1.));
#7984 = ADVANCED_FACE('',(#7985),#8010,.F.);
#7985 = FACE_BOUND('',#7986,.F.);
#7986 = EDGE_LOOP('',(#7987,#7988,#7996,#8004));
#7987 = ORIENTED_EDGE('',*,*,#7833,.F.);
#7988 = ORIENTED_EDGE('',*,*,#7989,.T.);
#7989 = EDGE_CURVE('',#7825,#7990,#7992,.T.);
#7990 = VERTEX_POINT('',#7991);
#7991 = CARTESIAN_POINT('',(-2.658E+03,1.788E+03,1.019908E+03));
#7992 = LINE('',#7993,#7994);
#7993 = CARTESIAN_POINT('',(-2.875E+03,1.788E+03,1.019908E+03));
#7994 = VECTOR('',#7995,1.);
#7995 = DIRECTION('',(1.,0.,0.));
#7996 = ORIENTED_EDGE('',*,*,#7997,.T.);
#7997 = EDGE_CURVE('',#7990,#7998,#8000,.T.);
#7998 = VERTEX_POINT('',#7999);
#7999 = CARTESIAN_POINT('',(-2.658E+03,2.092E+03,1.019908E+03));
#8000 = LINE('',#8001,#8002);
#8001 = CARTESIAN_POINT('',(-2.658E+03,1.785E+03,1.019908E+03));
#8002 = VECTOR('',#8003,1.);
#8003 = DIRECTION('',(0.,1.,0.));
#8004 = ORIENTED_EDGE('',*,*,#8005,.F.);
#8005 = EDGE_CURVE('',#7834,#7998,#8006,.T.);
#8006 = LINE('',#8007,#8008);
#8007 = CARTESIAN_POINT('',(-2.875E+03,2.092E+03,1.019908E+03));
#8008 = VECTOR('',#8009,1.);
#8009 = DIRECTION('',(1.,0.,0.));
#8010 = PLANE('',#8011);
#8011 = AXIS2_PLACEMENT_3D('',#8012,#8013,#8014);
#8012 = CARTESIAN_POINT('',(-2.875E+03,1.785E+03,1.019908E+03));
#8013 = DIRECTION('',(0.,0.,1.));
#8014 = DIRECTION('',(1.,0.,0.));
#8015 = ADVANCED_FACE('',(#8016),#8027,.T.);
#8016 = FACE_BOUND('',#8017,.F.);
#8017 = EDGE_LOOP('',(#8018,#8019,#8026));
#8018 = ORIENTED_EDGE('',*,*,#7841,.F.);
#8019 = ORIENTED_EDGE('',*,*,#8020,.T.);
#8020 = EDGE_CURVE('',#7834,#7892,#8021,.T.);
#8021 = CIRCLE('',#8022,3.);
#8022 = AXIS2_PLACEMENT_3D('',#8023,#8024,#8025);
#8023 = CARTESIAN_POINT('',(-2.872E+03,2.092E+03,1.022908E+03));
#8024 = DIRECTION('',(1.,6.E-17,-0.));
#8025 = DIRECTION('',(-6.E-17,1.,0.));
#8026 = ORIENTED_EDGE('',*,*,#7891,.F.);
#8027 = SPHERICAL_SURFACE('',#8028,3.);
#8028 = AXIS2_PLACEMENT_3D('',#8029,#8030,#8031);
#8029 = CARTESIAN_POINT('',(-2.872E+03,2.092E+03,1.022908E+03));
#8030 = DIRECTION('',(0.,0.,1.));
#8031 = DIRECTION('',(-1.,0.,0.));
#8032 = ADVANCED_FACE('',(#8033),#8058,.T.);
#8033 = FACE_BOUND('',#8034,.T.);
#8034 = EDGE_LOOP('',(#8035,#8036,#8044,#8052));
#8035 = ORIENTED_EDGE('',*,*,#7866,.F.);
#8036 = ORIENTED_EDGE('',*,*,#8037,.T.);
#8037 = EDGE_CURVE('',#7858,#8038,#8040,.T.);
#8038 = VERTEX_POINT('',#8039);
#8039 = CARTESIAN_POINT('',(-2.658E+03,1.788E+03,1.039908E+03));
#8040 = LINE('',#8041,#8042);
#8041 = CARTESIAN_POINT('',(-2.875E+03,1.788E+03,1.039908E+03));
#8042 = VECTOR('',#8043,1.);
#8043 = DIRECTION('',(1.,0.,0.));
#8044 = ORIENTED_EDGE('',*,*,#8045,.T.);
#8045 = EDGE_CURVE('',#8038,#8046,#8048,.T.);
#8046 = VERTEX_POINT('',#8047);
#8047 = CARTESIAN_POINT('',(-2.658E+03,2.092E+03,1.039908E+03));
#8048 = LINE('',#8049,#8050);
#8049 = CARTESIAN_POINT('',(-2.658E+03,1.785E+03,1.039908E+03));
#8050 = VECTOR('',#8051,1.);
#8051 = DIRECTION('',(0.,1.,0.));
#8052 = ORIENTED_EDGE('',*,*,#8053,.F.);
#8053 = EDGE_CURVE('',#7867,#8046,#8054,.T.);
#8054 = LINE('',#8055,#8056);
#8055 = CARTESIAN_POINT('',(-2.875E+03,2.092E+03,1.039908E+03));
#8056 = VECTOR('',#8057,1.);
#8057 = DIRECTION('',(1.,0.,0.));
#8058 = PLANE('',#8059);
#8059 = AXIS2_PLACEMENT_3D('',#8060,#8061,#8062);
#8060 = CARTESIAN_POINT('',(-2.875E+03,1.785E+03,1.039908E+03));
#8061 = DIRECTION('',(0.,0.,1.));
#8062 = DIRECTION('',(1.,0.,0.));
#8063 = ADVANCED_FACE('',(#8064),#8075,.T.);
#8064 = FACE_BOUND('',#8065,.F.);
#8065 = EDGE_LOOP('',(#8066,#8067,#8074));
#8066 = ORIENTED_EDGE('',*,*,#7908,.F.);
#8067 = ORIENTED_EDGE('',*,*,#8068,.T.);
#8068 = EDGE_CURVE('',#7901,#7867,#8069,.T.);
#8069 = CIRCLE('',#8070,3.);
#8070 = AXIS2_PLACEMENT_3D('',#8071,#8072,#8073);
#8071 = CARTESIAN_POINT('',(-2.872E+03,2.092E+03,1.036908E+03));
#8072 = DIRECTION('',(1.,0.,6.E-17));
#8073 = DIRECTION('',(-6.E-17,0.,1.));
#8074 = ORIENTED_EDGE('',*,*,#7874,.F.);
#8075 = SPHERICAL_SURFACE('',#8076,3.);
#8076 = AXIS2_PLACEMENT_3D('',#8077,#8078,#8079);
#8077 = CARTESIAN_POINT('',(-2.872E+03,2.092E+03,1.036908E+03));
#8078 = DIRECTION('',(-0.,-1.,-0.));
#8079 = DIRECTION('',(-1.,0.,0.));
#8080 = ADVANCED_FACE('',(#8081),#8106,.T.);
#8081 = FACE_BOUND('',#8082,.T.);
#8082 = EDGE_LOOP('',(#8083,#8084,#8092,#8100));
#8083 = ORIENTED_EDGE('',*,*,#7900,.T.);
#8084 = ORIENTED_EDGE('',*,*,#8085,.T.);
#8085 = EDGE_CURVE('',#7901,#8086,#8088,.T.);
#8086 = VERTEX_POINT('',#8087);
#8087 = CARTESIAN_POINT('',(-2.658E+03,2.095E+03,1.036908E+03));
#8088 = LINE('',#8089,#8090);
#8089 = CARTESIAN_POINT('',(-2.875E+03,2.095E+03,1.036908E+03));
#8090 = VECTOR('',#8091,1.);
#8091 = DIRECTION('',(1.,0.,0.));
#8092 = ORIENTED_EDGE('',*,*,#8093,.F.);
#8093 = EDGE_CURVE('',#8094,#8086,#8096,.T.);
#8094 = VERTEX_POINT('',#8095);
#8095 = CARTESIAN_POINT('',(-2.658E+03,2.095E+03,1.022908E+03));
#8096 = LINE('',#8097,#8098);
#8097 = CARTESIAN_POINT('',(-2.658E+03,2.095E+03,1.019908E+03));
#8098 = VECTOR('',#8099,1.);
#8099 = DIRECTION('',(0.,0.,1.));
#8100 = ORIENTED_EDGE('',*,*,#8101,.F.);
#8101 = EDGE_CURVE('',#7892,#8094,#8102,.T.);
#8102 = LINE('',#8103,#8104);
#8103 = CARTESIAN_POINT('',(-2.875E+03,2.095E+03,1.022908E+03));
#8104 = VECTOR('',#8105,1.);
#8105 = DIRECTION('',(1.,0.,0.));
#8106 = PLANE('',#8107);
#8107 = AXIS2_PLACEMENT_3D('',#8108,#8109,#8110);
#8108 = CARTESIAN_POINT('',(-2.875E+03,2.095E+03,1.019908E+03));
#8109 = DIRECTION('',(0.,1.,0.));
#8110 = DIRECTION('',(0.,0.,1.));
#8111 = ADVANCED_FACE('',(#8112),#8124,.T.);
#8112 = FACE_BOUND('',#8113,.T.);
#8113 = EDGE_LOOP('',(#8114,#8115,#8116,#8123));
#8114 = ORIENTED_EDGE('',*,*,#7924,.F.);
#8115 = ORIENTED_EDGE('',*,*,#7989,.T.);
#8116 = ORIENTED_EDGE('',*,*,#8117,.T.);
#8117 = EDGE_CURVE('',#7990,#7967,#8118,.T.);
#8118 = CIRCLE('',#8119,3.);
#8119 = AXIS2_PLACEMENT_3D('',#8120,#8121,#8122);
#8120 = CARTESIAN_POINT('',(-2.658E+03,1.788E+03,1.022908E+03));
#8121 = DIRECTION('',(-1.,-6.E-17,0.));
#8122 = DIRECTION('',(6.E-17,-1.,0.));
#8123 = ORIENTED_EDGE('',*,*,#7974,.F.);
#8124 = CYLINDRICAL_SURFACE('',#8125,3.);
#8125 = AXIS2_PLACEMENT_3D('',#8126,#8127,#8128);
#8126 = CARTESIAN_POINT('',(-2.875E+03,1.788E+03,1.022908E+03));
#8127 = DIRECTION('',(1.,0.,0.));
#8128 = DIRECTION('',(0.,-1.,0.));
#8129 = ADVANCED_FACE('',(#8130),#8142,.T.);
#8130 = FACE_BOUND('',#8131,.F.);
#8131 = EDGE_LOOP('',(#8132,#8133,#8134,#8141));
#8132 = ORIENTED_EDGE('',*,*,#7941,.F.);
#8133 = ORIENTED_EDGE('',*,*,#8037,.T.);
#8134 = ORIENTED_EDGE('',*,*,#8135,.T.);
#8135 = EDGE_CURVE('',#8038,#7959,#8136,.T.);
#8136 = CIRCLE('',#8137,3.);
#8137 = AXIS2_PLACEMENT_3D('',#8138,#8139,#8140);
#8138 = CARTESIAN_POINT('',(-2.658E+03,1.788E+03,1.036908E+03));
#8139 = DIRECTION('',(1.,6.E-17,0.));
#8140 = DIRECTION('',(6.E-17,-1.,0.));
#8141 = ORIENTED_EDGE('',*,*,#7958,.F.);
#8142 = CYLINDRICAL_SURFACE('',#8143,3.);
#8143 = AXIS2_PLACEMENT_3D('',#8144,#8145,#8146);
#8144 = CARTESIAN_POINT('',(-2.875E+03,1.788E+03,1.036908E+03));
#8145 = DIRECTION('',(1.,0.,0.));
#8146 = DIRECTION('',(0.,-1.,0.));
#8147 = ADVANCED_FACE('',(#8148),#8175,.T.);
#8148 = FACE_BOUND('',#8149,.F.);
#8149 = EDGE_LOOP('',(#8150,#8160,#8167,#8168));
#8150 = ORIENTED_EDGE('',*,*,#8151,.F.);
#8151 = EDGE_CURVE('',#8152,#8154,#8156,.T.);
#8152 = VERTEX_POINT('',#8153);
#8153 = CARTESIAN_POINT('',(-2.655E+03,1.788E+03,1.022908E+03));
#8154 = VERTEX_POINT('',#8155);
#8155 = CARTESIAN_POINT('',(-2.655E+03,1.788E+03,1.036908E+03));
#8156 = LINE('',#8157,#8158);
#8157 = CARTESIAN_POINT('',(-2.655E+03,1.788E+03,1.019908E+03));
#8158 = VECTOR('',#8159,1.);
#8159 = DIRECTION('',(0.,0.,1.));
#8160 = ORIENTED_EDGE('',*,*,#8161,.T.);
#8161 = EDGE_CURVE('',#8152,#7967,#8162,.T.);
#8162 = CIRCLE('',#8163,3.);
#8163 = AXIS2_PLACEMENT_3D('',#8164,#8165,#8166);
#8164 = CARTESIAN_POINT('',(-2.658E+03,1.788E+03,1.022908E+03));
#8165 = DIRECTION('',(0.,0.,-1.));
#8166 = DIRECTION('',(1.,0.,0.));
#8167 = ORIENTED_EDGE('',*,*,#7966,.T.);
#8168 = ORIENTED_EDGE('',*,*,#8169,.F.);
#8169 = EDGE_CURVE('',#8154,#7959,#8170,.T.);
#8170 = CIRCLE('',#8171,3.);
#8171 = AXIS2_PLACEMENT_3D('',#8172,#8173,#8174);
#8172 = CARTESIAN_POINT('',(-2.658E+03,1.788E+03,1.036908E+03));
#8173 = DIRECTION('',(0.,0.,-1.));
#8174 = DIRECTION('',(1.,0.,0.));
#8175 = CYLINDRICAL_SURFACE('',#8176,3.);
#8176 = AXIS2_PLACEMENT_3D('',#8177,#8178,#8179);
#8177 = CARTESIAN_POINT('',(-2.658E+03,1.788E+03,1.019908E+03));
#8178 = DIRECTION('',(0.,0.,1.));
#8179 = DIRECTION('',(1.,0.,0.));
#8180 = ADVANCED_FACE('',(#8181),#8193,.T.);
#8181 = FACE_BOUND('',#8182,.F.);
#8182 = EDGE_LOOP('',(#8183,#8184,#8185,#8192));
#8183 = ORIENTED_EDGE('',*,*,#8020,.F.);
#8184 = ORIENTED_EDGE('',*,*,#8005,.T.);
#8185 = ORIENTED_EDGE('',*,*,#8186,.T.);
#8186 = EDGE_CURVE('',#7998,#8094,#8187,.T.);
#8187 = CIRCLE('',#8188,3.);
#8188 = AXIS2_PLACEMENT_3D('',#8189,#8190,#8191);
#8189 = CARTESIAN_POINT('',(-2.658E+03,2.092E+03,1.022908E+03));
#8190 = DIRECTION('',(1.,-6.E-17,0.));
#8191 = DIRECTION('',(6.E-17,1.,0.));
#8192 = ORIENTED_EDGE('',*,*,#8101,.F.);
#8193 = CYLINDRICAL_SURFACE('',#8194,3.);
#8194 = AXIS2_PLACEMENT_3D('',#8195,#8196,#8197);
#8195 = CARTESIAN_POINT('',(-2.875E+03,2.092E+03,1.022908E+03));
#8196 = DIRECTION('',(1.,0.,0.));
#8197 = DIRECTION('',(0.,1.,0.));
#8198 = ADVANCED_FACE('',(#8199),#8224,.T.);
#8199 = FACE_BOUND('',#8200,.T.);
#8200 = EDGE_LOOP('',(#8201,#8208,#8209,#8218));
#8201 = ORIENTED_EDGE('',*,*,#8202,.F.);
#8202 = EDGE_CURVE('',#7990,#8152,#8203,.T.);
#8203 = CIRCLE('',#8204,3.);
#8204 = AXIS2_PLACEMENT_3D('',#8205,#8206,#8207);
#8205 = CARTESIAN_POINT('',(-2.658E+03,1.788E+03,1.022908E+03));
#8206 = DIRECTION('',(0.,-1.,0.));
#8207 = DIRECTION('',(1.,0.,0.));
#8208 = ORIENTED_EDGE('',*,*,#7997,.T.);
#8209 = ORIENTED_EDGE('',*,*,#8210,.T.);
#8210 = EDGE_CURVE('',#7998,#8211,#8213,.T.);
#8211 = VERTEX_POINT('',#8212);
#8212 = CARTESIAN_POINT('',(-2.655E+03,2.092E+03,1.022908E+03));
#8213 = CIRCLE('',#8214,3.);
#8214 = AXIS2_PLACEMENT_3D('',#8215,#8216,#8217);
#8215 = CARTESIAN_POINT('',(-2.658E+03,2.092E+03,1.022908E+03));
#8216 = DIRECTION('',(0.,-1.,0.));
#8217 = DIRECTION('',(1.,0.,0.));
#8218 = ORIENTED_EDGE('',*,*,#8219,.F.);
#8219 = EDGE_CURVE('',#8152,#8211,#8220,.T.);
#8220 = LINE('',#8221,#8222);
#8221 = CARTESIAN_POINT('',(-2.655E+03,1.785E+03,1.022908E+03));
#8222 = VECTOR('',#8223,1.);
#8223 = DIRECTION('',(0.,1.,0.));
#8224 = CYLINDRICAL_SURFACE('',#8225,3.);
#8225 = AXIS2_PLACEMENT_3D('',#8226,#8227,#8228);
#8226 = CARTESIAN_POINT('',(-2.658E+03,1.785E+03,1.022908E+03));
#8227 = DIRECTION('',(0.,1.,0.));
#8228 = DIRECTION('',(1.,0.,0.));
#8229 = ADVANCED_FACE('',(#8230),#8242,.T.);
#8230 = FACE_BOUND('',#8231,.T.);
#8231 = EDGE_LOOP('',(#8232,#8233,#8234,#8241));
#8232 = ORIENTED_EDGE('',*,*,#8068,.T.);
#8233 = ORIENTED_EDGE('',*,*,#8053,.T.);
#8234 = ORIENTED_EDGE('',*,*,#8235,.F.);
#8235 = EDGE_CURVE('',#8086,#8046,#8236,.T.);
#8236 = CIRCLE('',#8237,3.);
#8237 = AXIS2_PLACEMENT_3D('',#8238,#8239,#8240);
#8238 = CARTESIAN_POINT('',(-2.658E+03,2.092E+03,1.036908E+03));
#8239 = DIRECTION('',(1.,0.,-6.E-17));
#8240 = DIRECTION('',(6.E-17,0.,1.));
#8241 = ORIENTED_EDGE('',*,*,#8085,.F.);
#8242 = CYLINDRICAL_SURFACE('',#8243,3.);
#8243 = AXIS2_PLACEMENT_3D('',#8244,#8245,#8246);
#8244 = CARTESIAN_POINT('',(-2.875E+03,2.092E+03,1.036908E+03));
#8245 = DIRECTION('',(1.,0.,0.));
#8246 = DIRECTION('',(0.,1.,0.));
#8247 = ADVANCED_FACE('',(#8248),#8273,.T.);
#8248 = FACE_BOUND('',#8249,.F.);
#8249 = EDGE_LOOP('',(#8250,#8257,#8258,#8267));
#8250 = ORIENTED_EDGE('',*,*,#8251,.F.);
#8251 = EDGE_CURVE('',#8038,#8154,#8252,.T.);
#8252 = CIRCLE('',#8253,3.);
#8253 = AXIS2_PLACEMENT_3D('',#8254,#8255,#8256);
#8254 = CARTESIAN_POINT('',(-2.658E+03,1.788E+03,1.036908E+03));
#8255 = DIRECTION('',(-0.,1.,0.));
#8256 = DIRECTION('',(1.,0.,0.));
#8257 = ORIENTED_EDGE('',*,*,#8045,.T.);
#8258 = ORIENTED_EDGE('',*,*,#8259,.F.);
#8259 = EDGE_CURVE('',#8260,#8046,#8262,.T.);
#8260 = VERTEX_POINT('',#8261);
#8261 = CARTESIAN_POINT('',(-2.655E+03,2.092E+03,1.036908E+03));
#8262 = CIRCLE('',#8263,3.);
#8263 = AXIS2_PLACEMENT_3D('',#8264,#8265,#8266);
#8264 = CARTESIAN_POINT('',(-2.658E+03,2.092E+03,1.036908E+03));
#8265 = DIRECTION('',(0.,-1.,0.));
#8266 = DIRECTION('',(1.,0.,0.));
#8267 = ORIENTED_EDGE('',*,*,#8268,.F.);
#8268 = EDGE_CURVE('',#8154,#8260,#8269,.T.);
#8269 = LINE('',#8270,#8271);
#8270 = CARTESIAN_POINT('',(-2.655E+03,1.785E+03,1.036908E+03));
#8271 = VECTOR('',#8272,1.);
#8272 = DIRECTION('',(0.,1.,0.));
#8273 = CYLINDRICAL_SURFACE('',#8274,3.);
#8274 = AXIS2_PLACEMENT_3D('',#8275,#8276,#8277);
#8275 = CARTESIAN_POINT('',(-2.658E+03,1.785E+03,1.036908E+03));
#8276 = DIRECTION('',(0.,1.,0.));
#8277 = DIRECTION('',(1.,0.,0.));
#8278 = ADVANCED_FACE('',(#8279),#8302,.T.);
#8279 = FACE_BOUND('',#8280,.T.);
#8280 = EDGE_LOOP('',(#8281,#8287,#8294,#8295));
#8281 = ORIENTED_EDGE('',*,*,#8282,.F.);
#8282 = EDGE_CURVE('',#8211,#8260,#8283,.T.);
#8283 = LINE('',#8284,#8285);
#8284 = CARTESIAN_POINT('',(-2.655E+03,2.092E+03,1.019908E+03));
#8285 = VECTOR('',#8286,1.);
#8286 = DIRECTION('',(0.,0.,1.));
#8287 = ORIENTED_EDGE('',*,*,#8288,.T.);
#8288 = EDGE_CURVE('',#8211,#8094,#8289,.T.);
#8289 = CIRCLE('',#8290,3.);
#8290 = AXIS2_PLACEMENT_3D('',#8291,#8292,#8293);
#8291 = CARTESIAN_POINT('',(-2.658E+03,2.092E+03,1.022908E+03));
#8292 = DIRECTION('',(0.,0.,1.));
#8293 = DIRECTION('',(1.,0.,0.));
#8294 = ORIENTED_EDGE('',*,*,#8093,.T.);
#8295 = ORIENTED_EDGE('',*,*,#8296,.T.);
#8296 = EDGE_CURVE('',#8086,#8260,#8297,.T.);
#8297 = CIRCLE('',#8298,3.);
#8298 = AXIS2_PLACEMENT_3D('',#8299,#8300,#8301);
#8299 = CARTESIAN_POINT('',(-2.658E+03,2.092E+03,1.036908E+03));
#8300 = DIRECTION('',(0.,0.,-1.));
#8301 = DIRECTION('',(1.,0.,0.));
#8302 = CYLINDRICAL_SURFACE('',#8303,3.);
#8303 = AXIS2_PLACEMENT_3D('',#8304,#8305,#8306);
#8304 = CARTESIAN_POINT('',(-2.658E+03,2.092E+03,1.019908E+03));
#8305 = DIRECTION('',(0.,0.,1.));
#8306 = DIRECTION('',(1.,0.,0.));
#8307 = ADVANCED_FACE('',(#8308),#8313,.T.);
#8308 = FACE_BOUND('',#8309,.F.);
#8309 = EDGE_LOOP('',(#8310,#8311,#8312));
#8310 = ORIENTED_EDGE('',*,*,#8202,.F.);
#8311 = ORIENTED_EDGE('',*,*,#8117,.T.);
#8312 = ORIENTED_EDGE('',*,*,#8161,.F.);
#8313 = SPHERICAL_SURFACE('',#8314,3.);
#8314 = AXIS2_PLACEMENT_3D('',#8315,#8316,#8317);
#8315 = CARTESIAN_POINT('',(-2.658E+03,1.788E+03,1.022908E+03));
#8316 = DIRECTION('',(0.,0.,1.));
#8317 = DIRECTION('',(1.,0.,0.));
#8318 = ADVANCED_FACE('',(#8319),#8324,.T.);
#8319 = FACE_BOUND('',#8320,.T.);
#8320 = EDGE_LOOP('',(#8321,#8322,#8323));
#8321 = ORIENTED_EDGE('',*,*,#8251,.F.);
#8322 = ORIENTED_EDGE('',*,*,#8135,.T.);
#8323 = ORIENTED_EDGE('',*,*,#8169,.F.);
#8324 = SPHERICAL_SURFACE('',#8325,3.);
#8325 = AXIS2_PLACEMENT_3D('',#8326,#8327,#8328);
#8326 = CARTESIAN_POINT('',(-2.658E+03,1.788E+03,1.036908E+03));
#8327 = DIRECTION('',(-0.,-0.,-1.));
#8328 = DIRECTION('',(1.,0.,0.));
#8329 = ADVANCED_FACE('',(#8330),#8336,.T.);
#8330 = FACE_BOUND('',#8331,.T.);
#8331 = EDGE_LOOP('',(#8332,#8333,#8334,#8335));
#8332 = ORIENTED_EDGE('',*,*,#8151,.F.);
#8333 = ORIENTED_EDGE('',*,*,#8219,.T.);
#8334 = ORIENTED_EDGE('',*,*,#8282,.T.);
#8335 = ORIENTED_EDGE('',*,*,#8268,.F.);
#8336 = PLANE('',#8337);
#8337 = AXIS2_PLACEMENT_3D('',#8338,#8339,#8340);
#8338 = CARTESIAN_POINT('',(-2.655E+03,1.785E+03,1.019908E+03));
#8339 = DIRECTION('',(1.,0.,0.));
#8340 = DIRECTION('',(0.,0.,1.));
#8341 = ADVANCED_FACE('',(#8342),#8347,.T.);
#8342 = FACE_BOUND('',#8343,.T.);
#8343 = EDGE_LOOP('',(#8344,#8345,#8346));
#8344 = ORIENTED_EDGE('',*,*,#8210,.F.);
#8345 = ORIENTED_EDGE('',*,*,#8186,.T.);
#8346 = ORIENTED_EDGE('',*,*,#8288,.F.);
#8347 = SPHERICAL_SURFACE('',#8348,3.);
#8348 = AXIS2_PLACEMENT_3D('',#8349,#8350,#8351);
#8349 = CARTESIAN_POINT('',(-2.658E+03,2.092E+03,1.022908E+03));
#8350 = DIRECTION('',(0.,0.,1.));
#8351 = DIRECTION('',(1.,0.,0.));
#8352 = ADVANCED_FACE('',(#8353),#8358,.T.);
#8353 = FACE_BOUND('',#8354,.T.);
#8354 = EDGE_LOOP('',(#8355,#8356,#8357));
#8355 = ORIENTED_EDGE('',*,*,#8296,.F.);
#8356 = ORIENTED_EDGE('',*,*,#8235,.T.);
#8357 = ORIENTED_EDGE('',*,*,#8259,.F.);
#8358 = SPHERICAL_SURFACE('',#8359,3.);
#8359 = AXIS2_PLACEMENT_3D('',#8360,#8361,#8362);
#8360 = CARTESIAN_POINT('',(-2.658E+03,2.092E+03,1.036908E+03));
#8361 = DIRECTION('',(-0.,-1.,-0.));
#8362 = DIRECTION('',(1.,0.,0.));
#8363 = MANIFOLD_SOLID_BREP('',#8364);
#8364 = CLOSED_SHELL('',(#8365,#8405,#8438,#8471,#8504,#8537,#8554,#8571
    ,#8602,#8633,#8650,#8681,#8698,#8729,#8747,#8765,#8798,#8816,#8847,
    #8865,#8896,#8925,#8936,#8947,#8959,#8970));
#8365 = ADVANCED_FACE('',(#8366),#8400,.F.);
#8366 = FACE_BOUND('',#8367,.F.);
#8367 = EDGE_LOOP('',(#8368,#8378,#8386,#8394));
#8368 = ORIENTED_EDGE('',*,*,#8369,.F.);
#8369 = EDGE_CURVE('',#8370,#8372,#8374,.T.);
#8370 = VERTEX_POINT('',#8371);
#8371 = CARTESIAN_POINT('',(-2.6625E+03,1.788E+03,1.033408E+03));
#8372 = VERTEX_POINT('',#8373);
#8373 = CARTESIAN_POINT('',(-2.6625E+03,1.788E+03,1.272408E+03));
#8374 = LINE('',#8375,#8376);
#8375 = CARTESIAN_POINT('',(-2.6625E+03,1.788E+03,1.030408E+03));
#8376 = VECTOR('',#8377,1.);
#8377 = DIRECTION('',(0.,0.,1.));
#8378 = ORIENTED_EDGE('',*,*,#8379,.T.);
#8379 = EDGE_CURVE('',#8370,#8380,#8382,.T.);
#8380 = VERTEX_POINT('',#8381);
#8381 = CARTESIAN_POINT('',(-2.6625E+03,2.092E+03,1.033408E+03));
#8382 = LINE('',#8383,#8384);
#8383 = CARTESIAN_POINT('',(-2.6625E+03,1.785E+03,1.033408E+03));
#8384 = VECTOR('',#8385,1.);
#8385 = DIRECTION('',(0.,1.,0.));
#8386 = ORIENTED_EDGE('',*,*,#8387,.T.);
#8387 = EDGE_CURVE('',#8380,#8388,#8390,.T.);
#8388 = VERTEX_POINT('',#8389);
#8389 = CARTESIAN_POINT('',(-2.6625E+03,2.092E+03,1.272408E+03));
#8390 = LINE('',#8391,#8392);
#8391 = CARTESIAN_POINT('',(-2.6625E+03,2.092E+03,1.030408E+03));
#8392 = VECTOR('',#8393,1.);
#8393 = DIRECTION('',(0.,0.,1.));
#8394 = ORIENTED_EDGE('',*,*,#8395,.F.);
#8395 = EDGE_CURVE('',#8372,#8388,#8396,.T.);
#8396 = LINE('',#8397,#8398);
#8397 = CARTESIAN_POINT('',(-2.6625E+03,1.785E+03,1.272408E+03));
#8398 = VECTOR('',#8399,1.);
#8399 = DIRECTION('',(0.,1.,0.));
#8400 = PLANE('',#8401);
#8401 = AXIS2_PLACEMENT_3D('',#8402,#8403,#8404);
#8402 = CARTESIAN_POINT('',(-2.6625E+03,1.785E+03,1.030408E+03));
#8403 = DIRECTION('',(1.,0.,0.));
#8404 = DIRECTION('',(0.,0.,1.));
#8405 = ADVANCED_FACE('',(#8406),#8433,.T.);
#8406 = FACE_BOUND('',#8407,.T.);
#8407 = EDGE_LOOP('',(#8408,#8409,#8418,#8426));
#8408 = ORIENTED_EDGE('',*,*,#8369,.F.);
#8409 = ORIENTED_EDGE('',*,*,#8410,.T.);
#8410 = EDGE_CURVE('',#8370,#8411,#8413,.T.);
#8411 = VERTEX_POINT('',#8412);
#8412 = CARTESIAN_POINT('',(-2.6595E+03,1.785E+03,1.033408E+03));
#8413 = CIRCLE('',#8414,3.);
#8414 = AXIS2_PLACEMENT_3D('',#8415,#8416,#8417);
#8415 = CARTESIAN_POINT('',(-2.6595E+03,1.788E+03,1.033408E+03));
#8416 = DIRECTION('',(0.,0.,1.));
#8417 = DIRECTION('',(-1.,0.,0.));
#8418 = ORIENTED_EDGE('',*,*,#8419,.T.);
#8419 = EDGE_CURVE('',#8411,#8420,#8422,.T.);
#8420 = VERTEX_POINT('',#8421);
#8421 = CARTESIAN_POINT('',(-2.6595E+03,1.785E+03,1.272408E+03));
#8422 = LINE('',#8423,#8424);
#8423 = CARTESIAN_POINT('',(-2.6595E+03,1.785E+03,1.030408E+03));
#8424 = VECTOR('',#8425,1.);
#8425 = DIRECTION('',(0.,0.,1.));
#8426 = ORIENTED_EDGE('',*,*,#8427,.F.);
#8427 = EDGE_CURVE('',#8372,#8420,#8428,.T.);
#8428 = CIRCLE('',#8429,3.);
#8429 = AXIS2_PLACEMENT_3D('',#8430,#8431,#8432);
#8430 = CARTESIAN_POINT('',(-2.6595E+03,1.788E+03,1.272408E+03));
#8431 = DIRECTION('',(0.,0.,1.));
#8432 = DIRECTION('',(-1.,0.,0.));
#8433 = CYLINDRICAL_SURFACE('',#8434,3.);
#8434 = AXIS2_PLACEMENT_3D('',#8435,#8436,#8437);
#8435 = CARTESIAN_POINT('',(-2.6595E+03,1.788E+03,1.030408E+03));
#8436 = DIRECTION('',(0.,0.,1.));
#8437 = DIRECTION('',(-1.,0.,0.));
#8438 = ADVANCED_FACE('',(#8439),#8466,.T.);
#8439 = FACE_BOUND('',#8440,.F.);
#8440 = EDGE_LOOP('',(#8441,#8450,#8458,#8465));
#8441 = ORIENTED_EDGE('',*,*,#8442,.F.);
#8442 = EDGE_CURVE('',#8443,#8370,#8445,.T.);
#8443 = VERTEX_POINT('',#8444);
#8444 = CARTESIAN_POINT('',(-2.6595E+03,1.788E+03,1.030408E+03));
#8445 = CIRCLE('',#8446,3.);
#8446 = AXIS2_PLACEMENT_3D('',#8447,#8448,#8449);
#8447 = CARTESIAN_POINT('',(-2.6595E+03,1.788E+03,1.033408E+03));
#8448 = DIRECTION('',(0.,1.,-0.));
#8449 = DIRECTION('',(-1.,0.,0.));
#8450 = ORIENTED_EDGE('',*,*,#8451,.T.);
#8451 = EDGE_CURVE('',#8443,#8452,#8454,.T.);
#8452 = VERTEX_POINT('',#8453);
#8453 = CARTESIAN_POINT('',(-2.6595E+03,2.092E+03,1.030408E+03));
#8454 = LINE('',#8455,#8456);
#8455 = CARTESIAN_POINT('',(-2.6595E+03,1.785E+03,1.030408E+03));
#8456 = VECTOR('',#8457,1.);
#8457 = DIRECTION('',(0.,1.,0.));
#8458 = ORIENTED_EDGE('',*,*,#8459,.T.);
#8459 = EDGE_CURVE('',#8452,#8380,#8460,.T.);
#8460 = CIRCLE('',#8461,3.);
#8461 = AXIS2_PLACEMENT_3D('',#8462,#8463,#8464);
#8462 = CARTESIAN_POINT('',(-2.6595E+03,2.092E+03,1.033408E+03));
#8463 = DIRECTION('',(0.,1.,-0.));
#8464 = DIRECTION('',(-1.,0.,0.));
#8465 = ORIENTED_EDGE('',*,*,#8379,.F.);
#8466 = CYLINDRICAL_SURFACE('',#8467,3.);
#8467 = AXIS2_PLACEMENT_3D('',#8468,#8469,#8470);
#8468 = CARTESIAN_POINT('',(-2.6595E+03,1.785E+03,1.033408E+03));
#8469 = DIRECTION('',(0.,1.,0.));
#8470 = DIRECTION('',(-1.,0.,0.));
#8471 = ADVANCED_FACE('',(#8472),#8499,.T.);
#8472 = FACE_BOUND('',#8473,.T.);
#8473 = EDGE_LOOP('',(#8474,#8483,#8491,#8498));
#8474 = ORIENTED_EDGE('',*,*,#8475,.F.);
#8475 = EDGE_CURVE('',#8476,#8372,#8478,.T.);
#8476 = VERTEX_POINT('',#8477);
#8477 = CARTESIAN_POINT('',(-2.6595E+03,1.788E+03,1.275408E+03));
#8478 = CIRCLE('',#8479,3.);
#8479 = AXIS2_PLACEMENT_3D('',#8480,#8481,#8482);
#8480 = CARTESIAN_POINT('',(-2.6595E+03,1.788E+03,1.272408E+03));
#8481 = DIRECTION('',(0.,-1.,0.));
#8482 = DIRECTION('',(-1.,0.,0.));
#8483 = ORIENTED_EDGE('',*,*,#8484,.T.);
#8484 = EDGE_CURVE('',#8476,#8485,#8487,.T.);
#8485 = VERTEX_POINT('',#8486);
#8486 = CARTESIAN_POINT('',(-2.6595E+03,2.092E+03,1.275408E+03));
#8487 = LINE('',#8488,#8489);
#8488 = CARTESIAN_POINT('',(-2.6595E+03,1.785E+03,1.275408E+03));
#8489 = VECTOR('',#8490,1.);
#8490 = DIRECTION('',(0.,1.,0.));
#8491 = ORIENTED_EDGE('',*,*,#8492,.F.);
#8492 = EDGE_CURVE('',#8388,#8485,#8493,.T.);
#8493 = CIRCLE('',#8494,3.);
#8494 = AXIS2_PLACEMENT_3D('',#8495,#8496,#8497);
#8495 = CARTESIAN_POINT('',(-2.6595E+03,2.092E+03,1.272408E+03));
#8496 = DIRECTION('',(0.,1.,-0.));
#8497 = DIRECTION('',(-1.,0.,0.));
#8498 = ORIENTED_EDGE('',*,*,#8395,.F.);
#8499 = CYLINDRICAL_SURFACE('',#8500,3.);
#8500 = AXIS2_PLACEMENT_3D('',#8501,#8502,#8503);
#8501 = CARTESIAN_POINT('',(-2.6595E+03,1.785E+03,1.272408E+03));
#8502 = DIRECTION('',(0.,1.,0.));
#8503 = DIRECTION('',(-1.,0.,0.));
#8504 = ADVANCED_FACE('',(#8505),#8532,.T.);
#8505 = FACE_BOUND('',#8506,.F.);
#8506 = EDGE_LOOP('',(#8507,#8508,#8517,#8525));
#8507 = ORIENTED_EDGE('',*,*,#8387,.F.);
#8508 = ORIENTED_EDGE('',*,*,#8509,.T.);
#8509 = EDGE_CURVE('',#8380,#8510,#8512,.T.);
#8510 = VERTEX_POINT('',#8511);
#8511 = CARTESIAN_POINT('',(-2.6595E+03,2.095E+03,1.033408E+03));
#8512 = CIRCLE('',#8513,3.);
#8513 = AXIS2_PLACEMENT_3D('',#8514,#8515,#8516);
#8514 = CARTESIAN_POINT('',(-2.6595E+03,2.092E+03,1.033408E+03));
#8515 = DIRECTION('',(0.,0.,-1.));
#8516 = DIRECTION('',(-1.,0.,0.));
#8517 = ORIENTED_EDGE('',*,*,#8518,.T.);
#8518 = EDGE_CURVE('',#8510,#8519,#8521,.T.);
#8519 = VERTEX_POINT('',#8520);
#8520 = CARTESIAN_POINT('',(-2.6595E+03,2.095E+03,1.272408E+03));
#8521 = LINE('',#8522,#8523);
#8522 = CARTESIAN_POINT('',(-2.6595E+03,2.095E+03,1.030408E+03));
#8523 = VECTOR('',#8524,1.);
#8524 = DIRECTION('',(0.,0.,1.));
#8525 = ORIENTED_EDGE('',*,*,#8526,.T.);
#8526 = EDGE_CURVE('',#8519,#8388,#8527,.T.);
#8527 = CIRCLE('',#8528,3.);
#8528 = AXIS2_PLACEMENT_3D('',#8529,#8530,#8531);
#8529 = CARTESIAN_POINT('',(-2.6595E+03,2.092E+03,1.272408E+03));
#8530 = DIRECTION('',(0.,0.,1.));
#8531 = DIRECTION('',(-1.,0.,0.));
#8532 = CYLINDRICAL_SURFACE('',#8533,3.);
#8533 = AXIS2_PLACEMENT_3D('',#8534,#8535,#8536);
#8534 = CARTESIAN_POINT('',(-2.6595E+03,2.092E+03,1.030408E+03));
#8535 = DIRECTION('',(0.,0.,1.));
#8536 = DIRECTION('',(-1.,0.,0.));
#8537 = ADVANCED_FACE('',(#8538),#8549,.T.);
#8538 = FACE_BOUND('',#8539,.T.);
#8539 = EDGE_LOOP('',(#8540,#8541,#8548));
#8540 = ORIENTED_EDGE('',*,*,#8442,.F.);
#8541 = ORIENTED_EDGE('',*,*,#8542,.T.);
#8542 = EDGE_CURVE('',#8443,#8411,#8543,.T.);
#8543 = CIRCLE('',#8544,3.);
#8544 = AXIS2_PLACEMENT_3D('',#8545,#8546,#8547);
#8545 = CARTESIAN_POINT('',(-2.6595E+03,1.788E+03,1.033408E+03));
#8546 = DIRECTION('',(-1.,6.E-17,0.));
#8547 = DIRECTION('',(-6.E-17,-1.,0.));
#8548 = ORIENTED_EDGE('',*,*,#8410,.F.);
#8549 = SPHERICAL_SURFACE('',#8550,3.);
#8550 = AXIS2_PLACEMENT_3D('',#8551,#8552,#8553);
#8551 = CARTESIAN_POINT('',(-2.6595E+03,1.788E+03,1.033408E+03));
#8552 = DIRECTION('',(0.,0.,1.));
#8553 = DIRECTION('',(-1.,0.,0.));
#8554 = ADVANCED_FACE('',(#8555),#8566,.T.);
#8555 = FACE_BOUND('',#8556,.F.);
#8556 = EDGE_LOOP('',(#8557,#8558,#8565));
#8557 = ORIENTED_EDGE('',*,*,#8475,.F.);
#8558 = ORIENTED_EDGE('',*,*,#8559,.T.);
#8559 = EDGE_CURVE('',#8476,#8420,#8560,.T.);
#8560 = CIRCLE('',#8561,3.);
#8561 = AXIS2_PLACEMENT_3D('',#8562,#8563,#8564);
#8562 = CARTESIAN_POINT('',(-2.6595E+03,1.788E+03,1.272408E+03));
#8563 = DIRECTION('',(1.,-6.E-17,0.));
#8564 = DIRECTION('',(-6.E-17,-1.,0.));
#8565 = ORIENTED_EDGE('',*,*,#8427,.F.);
#8566 = SPHERICAL_SURFACE('',#8567,3.);
#8567 = AXIS2_PLACEMENT_3D('',#8568,#8569,#8570);
#8568 = CARTESIAN_POINT('',(-2.6595E+03,1.788E+03,1.272408E+03));
#8569 = DIRECTION('',(-0.,-0.,-1.));
#8570 = DIRECTION('',(-1.,0.,0.));
#8571 = ADVANCED_FACE('',(#8572),#8597,.F.);
#8572 = FACE_BOUND('',#8573,.F.);
#8573 = EDGE_LOOP('',(#8574,#8575,#8583,#8591));
#8574 = ORIENTED_EDGE('',*,*,#8419,.T.);
#8575 = ORIENTED_EDGE('',*,*,#8576,.T.);
#8576 = EDGE_CURVE('',#8420,#8577,#8579,.T.);
#8577 = VERTEX_POINT('',#8578);
#8578 = CARTESIAN_POINT('',(-2.6505E+03,1.785E+03,1.272408E+03));
#8579 = LINE('',#8580,#8581);
#8580 = CARTESIAN_POINT('',(-2.6625E+03,1.785E+03,1.272408E+03));
#8581 = VECTOR('',#8582,1.);
#8582 = DIRECTION('',(1.,0.,0.));
#8583 = ORIENTED_EDGE('',*,*,#8584,.F.);
#8584 = EDGE_CURVE('',#8585,#8577,#8587,.T.);
#8585 = VERTEX_POINT('',#8586);
#8586 = CARTESIAN_POINT('',(-2.6505E+03,1.785E+03,1.033408E+03));
#8587 = LINE('',#8588,#8589);
#8588 = CARTESIAN_POINT('',(-2.6505E+03,1.785E+03,1.030408E+03));
#8589 = VECTOR('',#8590,1.);
#8590 = DIRECTION('',(0.,0.,1.));
#8591 = ORIENTED_EDGE('',*,*,#8592,.F.);
#8592 = EDGE_CURVE('',#8411,#8585,#8593,.T.);
#8593 = LINE('',#8594,#8595);
#8594 = CARTESIAN_POINT('',(-2.6625E+03,1.785E+03,1.033408E+03));
#8595 = VECTOR('',#8596,1.);
#8596 = DIRECTION('',(1.,0.,0.));
#8597 = PLANE('',#8598);
#8598 = AXIS2_PLACEMENT_3D('',#8599,#8600,#8601);
#8599 = CARTESIAN_POINT('',(-2.6625E+03,1.785E+03,1.030408E+03));
#8600 = DIRECTION('',(0.,1.,0.));
#8601 = DIRECTION('',(0.,0.,1.));
#8602 = ADVANCED_FACE('',(#8603),#8628,.F.);
#8603 = FACE_BOUND('',#8604,.F.);
#8604 = EDGE_LOOP('',(#8605,#8606,#8614,#8622));
#8605 = ORIENTED_EDGE('',*,*,#8451,.F.);
#8606 = ORIENTED_EDGE('',*,*,#8607,.T.);
#8607 = EDGE_CURVE('',#8443,#8608,#8610,.T.);
#8608 = VERTEX_POINT('',#8609);
#8609 = CARTESIAN_POINT('',(-2.6505E+03,1.788E+03,1.030408E+03));
#8610 = LINE('',#8611,#8612);
#8611 = CARTESIAN_POINT('',(-2.6625E+03,1.788E+03,1.030408E+03));
#8612 = VECTOR('',#8613,1.);
#8613 = DIRECTION('',(1.,0.,0.));
#8614 = ORIENTED_EDGE('',*,*,#8615,.T.);
#8615 = EDGE_CURVE('',#8608,#8616,#8618,.T.);
#8616 = VERTEX_POINT('',#8617);
#8617 = CARTESIAN_POINT('',(-2.6505E+03,2.092E+03,1.030408E+03));
#8618 = LINE('',#8619,#8620);
#8619 = CARTESIAN_POINT('',(-2.6505E+03,1.785E+03,1.030408E+03));
#8620 = VECTOR('',#8621,1.);
#8621 = DIRECTION('',(0.,1.,0.));
#8622 = ORIENTED_EDGE('',*,*,#8623,.F.);
#8623 = EDGE_CURVE('',#8452,#8616,#8624,.T.);
#8624 = LINE('',#8625,#8626);
#8625 = CARTESIAN_POINT('',(-2.6625E+03,2.092E+03,1.030408E+03));
#8626 = VECTOR('',#8627,1.);
#8627 = DIRECTION('',(1.,0.,0.));
#8628 = PLANE('',#8629);
#8629 = AXIS2_PLACEMENT_3D('',#8630,#8631,#8632);
#8630 = CARTESIAN_POINT('',(-2.6625E+03,1.785E+03,1.030408E+03));
#8631 = DIRECTION('',(0.,0.,1.));
#8632 = DIRECTION('',(1.,0.,0.));
#8633 = ADVANCED_FACE('',(#8634),#8645,.T.);
#8634 = FACE_BOUND('',#8635,.F.);
#8635 = EDGE_LOOP('',(#8636,#8637,#8644));
#8636 = ORIENTED_EDGE('',*,*,#8459,.F.);
#8637 = ORIENTED_EDGE('',*,*,#8638,.T.);
#8638 = EDGE_CURVE('',#8452,#8510,#8639,.T.);
#8639 = CIRCLE('',#8640,3.);
#8640 = AXIS2_PLACEMENT_3D('',#8641,#8642,#8643);
#8641 = CARTESIAN_POINT('',(-2.6595E+03,2.092E+03,1.033408E+03));
#8642 = DIRECTION('',(1.,6.E-17,-0.));
#8643 = DIRECTION('',(-6.E-17,1.,0.));
#8644 = ORIENTED_EDGE('',*,*,#8509,.F.);
#8645 = SPHERICAL_SURFACE('',#8646,3.);
#8646 = AXIS2_PLACEMENT_3D('',#8647,#8648,#8649);
#8647 = CARTESIAN_POINT('',(-2.6595E+03,2.092E+03,1.033408E+03));
#8648 = DIRECTION('',(0.,0.,1.));
#8649 = DIRECTION('',(-1.,0.,0.));
#8650 = ADVANCED_FACE('',(#8651),#8676,.T.);
#8651 = FACE_BOUND('',#8652,.T.);
#8652 = EDGE_LOOP('',(#8653,#8654,#8662,#8670));
#8653 = ORIENTED_EDGE('',*,*,#8484,.F.);
#8654 = ORIENTED_EDGE('',*,*,#8655,.T.);
#8655 = EDGE_CURVE('',#8476,#8656,#8658,.T.);
#8656 = VERTEX_POINT('',#8657);
#8657 = CARTESIAN_POINT('',(-2.6505E+03,1.788E+03,1.275408E+03));
#8658 = LINE('',#8659,#8660);
#8659 = CARTESIAN_POINT('',(-2.6625E+03,1.788E+03,1.275408E+03));
#8660 = VECTOR('',#8661,1.);
#8661 = DIRECTION('',(1.,0.,0.));
#8662 = ORIENTED_EDGE('',*,*,#8663,.T.);
#8663 = EDGE_CURVE('',#8656,#8664,#8666,.T.);
#8664 = VERTEX_POINT('',#8665);
#8665 = CARTESIAN_POINT('',(-2.6505E+03,2.092E+03,1.275408E+03));
#8666 = LINE('',#8667,#8668);
#8667 = CARTESIAN_POINT('',(-2.6505E+03,1.785E+03,1.275408E+03));
#8668 = VECTOR('',#8669,1.);
#8669 = DIRECTION('',(0.,1.,0.));
#8670 = ORIENTED_EDGE('',*,*,#8671,.F.);
#8671 = EDGE_CURVE('',#8485,#8664,#8672,.T.);
#8672 = LINE('',#8673,#8674);
#8673 = CARTESIAN_POINT('',(-2.6625E+03,2.092E+03,1.275408E+03));
#8674 = VECTOR('',#8675,1.);
#8675 = DIRECTION('',(1.,0.,0.));
#8676 = PLANE('',#8677);
#8677 = AXIS2_PLACEMENT_3D('',#8678,#8679,#8680);
#8678 = CARTESIAN_POINT('',(-2.6625E+03,1.785E+03,1.275408E+03));
#8679 = DIRECTION('',(0.,0.,1.));
#8680 = DIRECTION('',(1.,0.,0.));
#8681 = ADVANCED_FACE('',(#8682),#8693,.T.);
#8682 = FACE_BOUND('',#8683,.F.);
#8683 = EDGE_LOOP('',(#8684,#8685,#8692));
#8684 = ORIENTED_EDGE('',*,*,#8526,.F.);
#8685 = ORIENTED_EDGE('',*,*,#8686,.T.);
#8686 = EDGE_CURVE('',#8519,#8485,#8687,.T.);
#8687 = CIRCLE('',#8688,3.);
#8688 = AXIS2_PLACEMENT_3D('',#8689,#8690,#8691);
#8689 = CARTESIAN_POINT('',(-2.6595E+03,2.092E+03,1.272408E+03));
#8690 = DIRECTION('',(1.,0.,6.E-17));
#8691 = DIRECTION('',(-6.E-17,0.,1.));
#8692 = ORIENTED_EDGE('',*,*,#8492,.F.);
#8693 = SPHERICAL_SURFACE('',#8694,3.);
#8694 = AXIS2_PLACEMENT_3D('',#8695,#8696,#8697);
#8695 = CARTESIAN_POINT('',(-2.6595E+03,2.092E+03,1.272408E+03));
#8696 = DIRECTION('',(-0.,-1.,-0.));
#8697 = DIRECTION('',(-1.,0.,0.));
#8698 = ADVANCED_FACE('',(#8699),#8724,.T.);
#8699 = FACE_BOUND('',#8700,.T.);
#8700 = EDGE_LOOP('',(#8701,#8702,#8710,#8718));
#8701 = ORIENTED_EDGE('',*,*,#8518,.T.);
#8702 = ORIENTED_EDGE('',*,*,#8703,.T.);
#8703 = EDGE_CURVE('',#8519,#8704,#8706,.T.);
#8704 = VERTEX_POINT('',#8705);
#8705 = CARTESIAN_POINT('',(-2.6505E+03,2.095E+03,1.272408E+03));
#8706 = LINE('',#8707,#8708);
#8707 = CARTESIAN_POINT('',(-2.6625E+03,2.095E+03,1.272408E+03));
#8708 = VECTOR('',#8709,1.);
#8709 = DIRECTION('',(1.,0.,0.));
#8710 = ORIENTED_EDGE('',*,*,#8711,.F.);
#8711 = EDGE_CURVE('',#8712,#8704,#8714,.T.);
#8712 = VERTEX_POINT('',#8713);
#8713 = CARTESIAN_POINT('',(-2.6505E+03,2.095E+03,1.033408E+03));
#8714 = LINE('',#8715,#8716);
#8715 = CARTESIAN_POINT('',(-2.6505E+03,2.095E+03,1.030408E+03));
#8716 = VECTOR('',#8717,1.);
#8717 = DIRECTION('',(0.,0.,1.));
#8718 = ORIENTED_EDGE('',*,*,#8719,.F.);
#8719 = EDGE_CURVE('',#8510,#8712,#8720,.T.);
#8720 = LINE('',#8721,#8722);
#8721 = CARTESIAN_POINT('',(-2.6625E+03,2.095E+03,1.033408E+03));
#8722 = VECTOR('',#8723,1.);
#8723 = DIRECTION('',(1.,0.,0.));
#8724 = PLANE('',#8725);
#8725 = AXIS2_PLACEMENT_3D('',#8726,#8727,#8728);
#8726 = CARTESIAN_POINT('',(-2.6625E+03,2.095E+03,1.030408E+03));
#8727 = DIRECTION('',(0.,1.,0.));
#8728 = DIRECTION('',(0.,0.,1.));
#8729 = ADVANCED_FACE('',(#8730),#8742,.T.);
#8730 = FACE_BOUND('',#8731,.T.);
#8731 = EDGE_LOOP('',(#8732,#8733,#8734,#8741));
#8732 = ORIENTED_EDGE('',*,*,#8542,.F.);
#8733 = ORIENTED_EDGE('',*,*,#8607,.T.);
#8734 = ORIENTED_EDGE('',*,*,#8735,.T.);
#8735 = EDGE_CURVE('',#8608,#8585,#8736,.T.);
#8736 = CIRCLE('',#8737,3.);
#8737 = AXIS2_PLACEMENT_3D('',#8738,#8739,#8740);
#8738 = CARTESIAN_POINT('',(-2.6505E+03,1.788E+03,1.033408E+03));
#8739 = DIRECTION('',(-1.,-6.E-17,0.));
#8740 = DIRECTION('',(6.E-17,-1.,0.));
#8741 = ORIENTED_EDGE('',*,*,#8592,.F.);
#8742 = CYLINDRICAL_SURFACE('',#8743,3.);
#8743 = AXIS2_PLACEMENT_3D('',#8744,#8745,#8746);
#8744 = CARTESIAN_POINT('',(-2.6625E+03,1.788E+03,1.033408E+03));
#8745 = DIRECTION('',(1.,0.,0.));
#8746 = DIRECTION('',(0.,-1.,0.));
#8747 = ADVANCED_FACE('',(#8748),#8760,.T.);
#8748 = FACE_BOUND('',#8749,.F.);
#8749 = EDGE_LOOP('',(#8750,#8751,#8752,#8759));
#8750 = ORIENTED_EDGE('',*,*,#8559,.F.);
#8751 = ORIENTED_EDGE('',*,*,#8655,.T.);
#8752 = ORIENTED_EDGE('',*,*,#8753,.T.);
#8753 = EDGE_CURVE('',#8656,#8577,#8754,.T.);
#8754 = CIRCLE('',#8755,3.);
#8755 = AXIS2_PLACEMENT_3D('',#8756,#8757,#8758);
#8756 = CARTESIAN_POINT('',(-2.6505E+03,1.788E+03,1.272408E+03));
#8757 = DIRECTION('',(1.,6.E-17,0.));
#8758 = DIRECTION('',(6.E-17,-1.,0.));
#8759 = ORIENTED_EDGE('',*,*,#8576,.F.);
#8760 = CYLINDRICAL_SURFACE('',#8761,3.);
#8761 = AXIS2_PLACEMENT_3D('',#8762,#8763,#8764);
#8762 = CARTESIAN_POINT('',(-2.6625E+03,1.788E+03,1.272408E+03));
#8763 = DIRECTION('',(1.,0.,0.));
#8764 = DIRECTION('',(0.,-1.,0.));
#8765 = ADVANCED_FACE('',(#8766),#8793,.T.);
#8766 = FACE_BOUND('',#8767,.F.);
#8767 = EDGE_LOOP('',(#8768,#8778,#8785,#8786));
#8768 = ORIENTED_EDGE('',*,*,#8769,.F.);
#8769 = EDGE_CURVE('',#8770,#8772,#8774,.T.);
#8770 = VERTEX_POINT('',#8771);
#8771 = CARTESIAN_POINT('',(-2.6475E+03,1.788E+03,1.033408E+03));
#8772 = VERTEX_POINT('',#8773);
#8773 = CARTESIAN_POINT('',(-2.6475E+03,1.788E+03,1.272408E+03));
#8774 = LINE('',#8775,#8776);
#8775 = CARTESIAN_POINT('',(-2.6475E+03,1.788E+03,1.030408E+03));
#8776 = VECTOR('',#8777,1.);
#8777 = DIRECTION('',(0.,0.,1.));
#8778 = ORIENTED_EDGE('',*,*,#8779,.T.);
#8779 = EDGE_CURVE('',#8770,#8585,#8780,.T.);
#8780 = CIRCLE('',#8781,3.);
#8781 = AXIS2_PLACEMENT_3D('',#8782,#8783,#8784);
#8782 = CARTESIAN_POINT('',(-2.6505E+03,1.788E+03,1.033408E+03));
#8783 = DIRECTION('',(0.,0.,-1.));
#8784 = DIRECTION('',(1.,0.,0.));
#8785 = ORIENTED_EDGE('',*,*,#8584,.T.);
#8786 = ORIENTED_EDGE('',*,*,#8787,.F.);
#8787 = EDGE_CURVE('',#8772,#8577,#8788,.T.);
#8788 = CIRCLE('',#8789,3.);
#8789 = AXIS2_PLACEMENT_3D('',#8790,#8791,#8792);
#8790 = CARTESIAN_POINT('',(-2.6505E+03,1.788E+03,1.272408E+03));
#8791 = DIRECTION('',(0.,0.,-1.));
#8792 = DIRECTION('',(1.,0.,0.));
#8793 = CYLINDRICAL_SURFACE('',#8794,3.);
#8794 = AXIS2_PLACEMENT_3D('',#8795,#8796,#8797);
#8795 = CARTESIAN_POINT('',(-2.6505E+03,1.788E+03,1.030408E+03));
#8796 = DIRECTION('',(0.,0.,1.));
#8797 = DIRECTION('',(1.,0.,0.));
#8798 = ADVANCED_FACE('',(#8799),#8811,.T.);
#8799 = FACE_BOUND('',#8800,.F.);
#8800 = EDGE_LOOP('',(#8801,#8802,#8803,#8810));
#8801 = ORIENTED_EDGE('',*,*,#8638,.F.);
#8802 = ORIENTED_EDGE('',*,*,#8623,.T.);
#8803 = ORIENTED_EDGE('',*,*,#8804,.T.);
#8804 = EDGE_CURVE('',#8616,#8712,#8805,.T.);
#8805 = CIRCLE('',#8806,3.);
#8806 = AXIS2_PLACEMENT_3D('',#8807,#8808,#8809);
#8807 = CARTESIAN_POINT('',(-2.6505E+03,2.092E+03,1.033408E+03));
#8808 = DIRECTION('',(1.,-6.E-17,0.));
#8809 = DIRECTION('',(6.E-17,1.,0.));
#8810 = ORIENTED_EDGE('',*,*,#8719,.F.);
#8811 = CYLINDRICAL_SURFACE('',#8812,3.);
#8812 = AXIS2_PLACEMENT_3D('',#8813,#8814,#8815);
#8813 = CARTESIAN_POINT('',(-2.6625E+03,2.092E+03,1.033408E+03));
#8814 = DIRECTION('',(1.,0.,0.));
#8815 = DIRECTION('',(0.,1.,0.));
#8816 = ADVANCED_FACE('',(#8817),#8842,.T.);
#8817 = FACE_BOUND('',#8818,.T.);
#8818 = EDGE_LOOP('',(#8819,#8826,#8827,#8836));
#8819 = ORIENTED_EDGE('',*,*,#8820,.F.);
#8820 = EDGE_CURVE('',#8608,#8770,#8821,.T.);
#8821 = CIRCLE('',#8822,3.);
#8822 = AXIS2_PLACEMENT_3D('',#8823,#8824,#8825);
#8823 = CARTESIAN_POINT('',(-2.6505E+03,1.788E+03,1.033408E+03));
#8824 = DIRECTION('',(0.,-1.,0.));
#8825 = DIRECTION('',(1.,0.,0.));
#8826 = ORIENTED_EDGE('',*,*,#8615,.T.);
#8827 = ORIENTED_EDGE('',*,*,#8828,.T.);
#8828 = EDGE_CURVE('',#8616,#8829,#8831,.T.);
#8829 = VERTEX_POINT('',#8830);
#8830 = CARTESIAN_POINT('',(-2.6475E+03,2.092E+03,1.033408E+03));
#8831 = CIRCLE('',#8832,3.);
#8832 = AXIS2_PLACEMENT_3D('',#8833,#8834,#8835);
#8833 = CARTESIAN_POINT('',(-2.6505E+03,2.092E+03,1.033408E+03));
#8834 = DIRECTION('',(0.,-1.,0.));
#8835 = DIRECTION('',(1.,0.,0.));
#8836 = ORIENTED_EDGE('',*,*,#8837,.F.);
#8837 = EDGE_CURVE('',#8770,#8829,#8838,.T.);
#8838 = LINE('',#8839,#8840);
#8839 = CARTESIAN_POINT('',(-2.6475E+03,1.785E+03,1.033408E+03));
#8840 = VECTOR('',#8841,1.);
#8841 = DIRECTION('',(0.,1.,0.));
#8842 = CYLINDRICAL_SURFACE('',#8843,3.);
#8843 = AXIS2_PLACEMENT_3D('',#8844,#8845,#8846);
#8844 = CARTESIAN_POINT('',(-2.6505E+03,1.785E+03,1.033408E+03));
#8845 = DIRECTION('',(0.,1.,0.));
#8846 = DIRECTION('',(1.,0.,0.));
#8847 = ADVANCED_FACE('',(#8848),#8860,.T.);
#8848 = FACE_BOUND('',#8849,.T.);
#8849 = EDGE_LOOP('',(#8850,#8851,#8852,#8859));
#8850 = ORIENTED_EDGE('',*,*,#8686,.T.);
#8851 = ORIENTED_EDGE('',*,*,#8671,.T.);
#8852 = ORIENTED_EDGE('',*,*,#8853,.F.);
#8853 = EDGE_CURVE('',#8704,#8664,#8854,.T.);
#8854 = CIRCLE('',#8855,3.);
#8855 = AXIS2_PLACEMENT_3D('',#8856,#8857,#8858);
#8856 = CARTESIAN_POINT('',(-2.6505E+03,2.092E+03,1.272408E+03));
#8857 = DIRECTION('',(1.,0.,-6.E-17));
#8858 = DIRECTION('',(6.E-17,0.,1.));
#8859 = ORIENTED_EDGE('',*,*,#8703,.F.);
#8860 = CYLINDRICAL_SURFACE('',#8861,3.);
#8861 = AXIS2_PLACEMENT_3D('',#8862,#8863,#8864);
#8862 = CARTESIAN_POINT('',(-2.6625E+03,2.092E+03,1.272408E+03));
#8863 = DIRECTION('',(1.,0.,0.));
#8864 = DIRECTION('',(0.,1.,0.));
#8865 = ADVANCED_FACE('',(#8866),#8891,.T.);
#8866 = FACE_BOUND('',#8867,.F.);
#8867 = EDGE_LOOP('',(#8868,#8875,#8876,#8885));
#8868 = ORIENTED_EDGE('',*,*,#8869,.F.);
#8869 = EDGE_CURVE('',#8656,#8772,#8870,.T.);
#8870 = CIRCLE('',#8871,3.);
#8871 = AXIS2_PLACEMENT_3D('',#8872,#8873,#8874);
#8872 = CARTESIAN_POINT('',(-2.6505E+03,1.788E+03,1.272408E+03));
#8873 = DIRECTION('',(-0.,1.,0.));
#8874 = DIRECTION('',(1.,0.,0.));
#8875 = ORIENTED_EDGE('',*,*,#8663,.T.);
#8876 = ORIENTED_EDGE('',*,*,#8877,.F.);
#8877 = EDGE_CURVE('',#8878,#8664,#8880,.T.);
#8878 = VERTEX_POINT('',#8879);
#8879 = CARTESIAN_POINT('',(-2.6475E+03,2.092E+03,1.272408E+03));
#8880 = CIRCLE('',#8881,3.);
#8881 = AXIS2_PLACEMENT_3D('',#8882,#8883,#8884);
#8882 = CARTESIAN_POINT('',(-2.6505E+03,2.092E+03,1.272408E+03));
#8883 = DIRECTION('',(0.,-1.,0.));
#8884 = DIRECTION('',(1.,0.,0.));
#8885 = ORIENTED_EDGE('',*,*,#8886,.F.);
#8886 = EDGE_CURVE('',#8772,#8878,#8887,.T.);
#8887 = LINE('',#8888,#8889);
#8888 = CARTESIAN_POINT('',(-2.6475E+03,1.785E+03,1.272408E+03));
#8889 = VECTOR('',#8890,1.);
#8890 = DIRECTION('',(0.,1.,0.));
#8891 = CYLINDRICAL_SURFACE('',#8892,3.);
#8892 = AXIS2_PLACEMENT_3D('',#8893,#8894,#8895);
#8893 = CARTESIAN_POINT('',(-2.6505E+03,1.785E+03,1.272408E+03));
#8894 = DIRECTION('',(0.,1.,0.));
#8895 = DIRECTION('',(1.,0.,0.));
#8896 = ADVANCED_FACE('',(#8897),#8920,.T.);
#8897 = FACE_BOUND('',#8898,.T.);
#8898 = EDGE_LOOP('',(#8899,#8905,#8912,#8913));
#8899 = ORIENTED_EDGE('',*,*,#8900,.F.);
#8900 = EDGE_CURVE('',#8829,#8878,#8901,.T.);
#8901 = LINE('',#8902,#8903);
#8902 = CARTESIAN_POINT('',(-2.6475E+03,2.092E+03,1.030408E+03));
#8903 = VECTOR('',#8904,1.);
#8904 = DIRECTION('',(0.,0.,1.));
#8905 = ORIENTED_EDGE('',*,*,#8906,.T.);
#8906 = EDGE_CURVE('',#8829,#8712,#8907,.T.);
#8907 = CIRCLE('',#8908,3.);
#8908 = AXIS2_PLACEMENT_3D('',#8909,#8910,#8911);
#8909 = CARTESIAN_POINT('',(-2.6505E+03,2.092E+03,1.033408E+03));
#8910 = DIRECTION('',(0.,0.,1.));
#8911 = DIRECTION('',(1.,0.,0.));
#8912 = ORIENTED_EDGE('',*,*,#8711,.T.);
#8913 = ORIENTED_EDGE('',*,*,#8914,.T.);
#8914 = EDGE_CURVE('',#8704,#8878,#8915,.T.);
#8915 = CIRCLE('',#8916,3.);
#8916 = AXIS2_PLACEMENT_3D('',#8917,#8918,#8919);
#8917 = CARTESIAN_POINT('',(-2.6505E+03,2.092E+03,1.272408E+03));
#8918 = DIRECTION('',(0.,0.,-1.));
#8919 = DIRECTION('',(1.,0.,0.));
#8920 = CYLINDRICAL_SURFACE('',#8921,3.);
#8921 = AXIS2_PLACEMENT_3D('',#8922,#8923,#8924);
#8922 = CARTESIAN_POINT('',(-2.6505E+03,2.092E+03,1.030408E+03));
#8923 = DIRECTION('',(0.,0.,1.));
#8924 = DIRECTION('',(1.,0.,0.));
#8925 = ADVANCED_FACE('',(#8926),#8931,.T.);
#8926 = FACE_BOUND('',#8927,.F.);
#8927 = EDGE_LOOP('',(#8928,#8929,#8930));
#8928 = ORIENTED_EDGE('',*,*,#8820,.F.);
#8929 = ORIENTED_EDGE('',*,*,#8735,.T.);
#8930 = ORIENTED_EDGE('',*,*,#8779,.F.);
#8931 = SPHERICAL_SURFACE('',#8932,3.);
#8932 = AXIS2_PLACEMENT_3D('',#8933,#8934,#8935);
#8933 = CARTESIAN_POINT('',(-2.6505E+03,1.788E+03,1.033408E+03));
#8934 = DIRECTION('',(0.,0.,1.));
#8935 = DIRECTION('',(1.,0.,0.));
#8936 = ADVANCED_FACE('',(#8937),#8942,.T.);
#8937 = FACE_BOUND('',#8938,.T.);
#8938 = EDGE_LOOP('',(#8939,#8940,#8941));
#8939 = ORIENTED_EDGE('',*,*,#8869,.F.);
#8940 = ORIENTED_EDGE('',*,*,#8753,.T.);
#8941 = ORIENTED_EDGE('',*,*,#8787,.F.);
#8942 = SPHERICAL_SURFACE('',#8943,3.);
#8943 = AXIS2_PLACEMENT_3D('',#8944,#8945,#8946);
#8944 = CARTESIAN_POINT('',(-2.6505E+03,1.788E+03,1.272408E+03));
#8945 = DIRECTION('',(-0.,-0.,-1.));
#8946 = DIRECTION('',(1.,0.,0.));
#8947 = ADVANCED_FACE('',(#8948),#8954,.T.);
#8948 = FACE_BOUND('',#8949,.T.);
#8949 = EDGE_LOOP('',(#8950,#8951,#8952,#8953));
#8950 = ORIENTED_EDGE('',*,*,#8769,.F.);
#8951 = ORIENTED_EDGE('',*,*,#8837,.T.);
#8952 = ORIENTED_EDGE('',*,*,#8900,.T.);
#8953 = ORIENTED_EDGE('',*,*,#8886,.F.);
#8954 = PLANE('',#8955);
#8955 = AXIS2_PLACEMENT_3D('',#8956,#8957,#8958);
#8956 = CARTESIAN_POINT('',(-2.6475E+03,1.785E+03,1.030408E+03));
#8957 = DIRECTION('',(1.,0.,0.));
#8958 = DIRECTION('',(0.,0.,1.));
#8959 = ADVANCED_FACE('',(#8960),#8965,.T.);
#8960 = FACE_BOUND('',#8961,.T.);
#8961 = EDGE_LOOP('',(#8962,#8963,#8964));
#8962 = ORIENTED_EDGE('',*,*,#8828,.F.);
#8963 = ORIENTED_EDGE('',*,*,#8804,.T.);
#8964 = ORIENTED_EDGE('',*,*,#8906,.F.);
#8965 = SPHERICAL_SURFACE('',#8966,3.);
#8966 = AXIS2_PLACEMENT_3D('',#8967,#8968,#8969);
#8967 = CARTESIAN_POINT('',(-2.6505E+03,2.092E+03,1.033408E+03));
#8968 = DIRECTION('',(0.,0.,1.));
#8969 = DIRECTION('',(1.,0.,0.));
#8970 = ADVANCED_FACE('',(#8971),#8976,.T.);
#8971 = FACE_BOUND('',#8972,.T.);
#8972 = EDGE_LOOP('',(#8973,#8974,#8975));
#8973 = ORIENTED_EDGE('',*,*,#8914,.F.);
#8974 = ORIENTED_EDGE('',*,*,#8853,.T.);
#8975 = ORIENTED_EDGE('',*,*,#8877,.F.);
#8976 = SPHERICAL_SURFACE('',#8977,3.);
#8977 = AXIS2_PLACEMENT_3D('',#8978,#8979,#8980);
#8978 = CARTESIAN_POINT('',(-2.6505E+03,2.092E+03,1.272408E+03));
#8979 = DIRECTION('',(-0.,-1.,-0.));
#8980 = DIRECTION('',(1.,0.,0.));
#8981 = MANIFOLD_SOLID_BREP('',#8982);
#8982 = CLOSED_SHELL('',(#8983,#9016,#9025));
#8983 = ADVANCED_FACE('',(#8984),#9011,.T.);
#8984 = FACE_BOUND('',#8985,.F.);
#8985 = EDGE_LOOP('',(#8986,#8996,#9003,#9004));
#8986 = ORIENTED_EDGE('',*,*,#8987,.T.);
#8987 = EDGE_CURVE('',#8988,#8990,#8992,.T.);
#8988 = VERTEX_POINT('',#8989);
#8989 = CARTESIAN_POINT('',(-2.713E+03,2.35E+03,1.017908E+03));
#8990 = VERTEX_POINT('',#8991);
#8991 = CARTESIAN_POINT('',(-2.713E+03,2.35E+03,1.021908E+03));
#8992 = LINE('',#8993,#8994);
#8993 = CARTESIAN_POINT('',(-2.713E+03,2.35E+03,1.017908E+03));
#8994 = VECTOR('',#8995,1.);
#8995 = DIRECTION('',(0.,0.,1.));
#8996 = ORIENTED_EDGE('',*,*,#8997,.T.);
#8997 = EDGE_CURVE('',#8990,#8990,#8998,.T.);
#8998 = CIRCLE('',#8999,27.);
#8999 = AXIS2_PLACEMENT_3D('',#9000,#9001,#9002);
#9000 = CARTESIAN_POINT('',(-2.74E+03,2.35E+03,1.021908E+03));
#9001 = DIRECTION('',(0.,0.,1.));
#9002 = DIRECTION('',(1.,0.,0.));
#9003 = ORIENTED_EDGE('',*,*,#8987,.F.);
#9004 = ORIENTED_EDGE('',*,*,#9005,.F.);
#9005 = EDGE_CURVE('',#8988,#8988,#9006,.T.);
#9006 = CIRCLE('',#9007,27.);
#9007 = AXIS2_PLACEMENT_3D('',#9008,#9009,#9010);
#9008 = CARTESIAN_POINT('',(-2.74E+03,2.35E+03,1.017908E+03));
#9009 = DIRECTION('',(0.,0.,1.));
#9010 = DIRECTION('',(1.,0.,0.));
#9011 = CYLINDRICAL_SURFACE('',#9012,27.);
#9012 = AXIS2_PLACEMENT_3D('',#9013,#9014,#9015);
#9013 = CARTESIAN_POINT('',(-2.74E+03,2.35E+03,1.017908E+03));
#9014 = DIRECTION('',(-0.,-0.,-1.));
#9015 = DIRECTION('',(1.,0.,0.));
#9016 = ADVANCED_FACE('',(#9017),#9020,.F.);
#9017 = FACE_BOUND('',#9018,.T.);
#9018 = EDGE_LOOP('',(#9019));
#9019 = ORIENTED_EDGE('',*,*,#9005,.F.);
#9020 = PLANE('',#9021);
#9021 = AXIS2_PLACEMENT_3D('',#9022,#9023,#9024);
#9022 = CARTESIAN_POINT('',(-2.74E+03,2.35E+03,1.017908E+03));
#9023 = DIRECTION('',(0.,0.,1.));
#9024 = DIRECTION('',(1.,0.,0.));
#9025 = ADVANCED_FACE('',(#9026),#9029,.T.);
#9026 = FACE_BOUND('',#9027,.F.);
#9027 = EDGE_LOOP('',(#9028));
#9028 = ORIENTED_EDGE('',*,*,#8997,.F.);
#9029 = PLANE('',#9030);
#9030 = AXIS2_PLACEMENT_3D('',#9031,#9032,#9033);
#9031 = CARTESIAN_POINT('',(-2.74E+03,2.35E+03,1.021908E+03));
#9032 = DIRECTION('',(0.,0.,1.));
#9033 = DIRECTION('',(1.,0.,0.));
#9034 = MANIFOLD_SOLID_BREP('',#9035);
#9035 = CLOSED_SHELL('',(#9036,#9076,#9116,#9138,#9160,#9172));
#9036 = ADVANCED_FACE('',(#9037),#9071,.F.);
#9037 = FACE_BOUND('',#9038,.F.);
#9038 = EDGE_LOOP('',(#9039,#9049,#9057,#9065));
#9039 = ORIENTED_EDGE('',*,*,#9040,.F.);
#9040 = EDGE_CURVE('',#9041,#9043,#9045,.T.);
#9041 = VERTEX_POINT('',#9042);
#9042 = CARTESIAN_POINT('',(-2.84E+03,2.727E+03,1.237908E+03));
#9043 = VERTEX_POINT('',#9044);
#9044 = CARTESIAN_POINT('',(-2.84E+03,2.727E+03,1.317908E+03));
#9045 = LINE('',#9046,#9047);
#9046 = CARTESIAN_POINT('',(-2.84E+03,2.727E+03,1.237908E+03));
#9047 = VECTOR('',#9048,1.);
#9048 = DIRECTION('',(0.,0.,1.));
#9049 = ORIENTED_EDGE('',*,*,#9050,.T.);
#9050 = EDGE_CURVE('',#9041,#9051,#9053,.T.);
#9051 = VERTEX_POINT('',#9052);
#9052 = CARTESIAN_POINT('',(-2.84E+03,2.745E+03,1.237908E+03));
#9053 = LINE('',#9054,#9055);
#9054 = CARTESIAN_POINT('',(-2.84E+03,2.727E+03,1.237908E+03));
#9055 = VECTOR('',#9056,1.);
#9056 = DIRECTION('',(0.,1.,0.));
#9057 = ORIENTED_EDGE('',*,*,#9058,.T.);
#9058 = EDGE_CURVE('',#9051,#9059,#9061,.T.);
#9059 = VERTEX_POINT('',#9060);
#9060 = CARTESIAN_POINT('',(-2.84E+03,2.745E+03,1.317908E+03));
#9061 = LINE('',#9062,#9063);
#9062 = CARTESIAN_POINT('',(-2.84E+03,2.745E+03,1.237908E+03));
#9063 = VECTOR('',#9064,1.);
#9064 = DIRECTION('',(0.,0.,1.));
#9065 = ORIENTED_EDGE('',*,*,#9066,.F.);
#9066 = EDGE_CURVE('',#9043,#9059,#9067,.T.);
#9067 = LINE('',#9068,#9069);
#9068 = CARTESIAN_POINT('',(-2.84E+03,2.727E+03,1.317908E+03));
#9069 = VECTOR('',#9070,1.);
#9070 = DIRECTION('',(0.,1.,0.));
#9071 = PLANE('',#9072);
#9072 = AXIS2_PLACEMENT_3D('',#9073,#9074,#9075);
#9073 = CARTESIAN_POINT('',(-2.84E+03,2.727E+03,1.237908E+03));
#9074 = DIRECTION('',(1.,0.,0.));
#9075 = DIRECTION('',(0.,0.,1.));
#9076 = ADVANCED_FACE('',(#9077),#9111,.T.);
#9077 = FACE_BOUND('',#9078,.T.);
#9078 = EDGE_LOOP('',(#9079,#9089,#9097,#9105));
#9079 = ORIENTED_EDGE('',*,*,#9080,.F.);
#9080 = EDGE_CURVE('',#9081,#9083,#9085,.T.);
#9081 = VERTEX_POINT('',#9082);
#9082 = CARTESIAN_POINT('',(-2.7E+03,2.727E+03,1.237908E+03));
#9083 = VERTEX_POINT('',#9084);
#9084 = CARTESIAN_POINT('',(-2.7E+03,2.727E+03,1.317908E+03));
#9085 = LINE('',#9086,#9087);
#9086 = CARTESIAN_POINT('',(-2.7E+03,2.727E+03,1.237908E+03));
#9087 = VECTOR('',#9088,1.);
#9088 = DIRECTION('',(0.,0.,1.));
#9089 = ORIENTED_EDGE('',*,*,#9090,.T.);
#9090 = EDGE_CURVE('',#9081,#9091,#9093,.T.);
#9091 = VERTEX_POINT('',#9092);
#9092 = CARTESIAN_POINT('',(-2.7E+03,2.745E+03,1.237908E+03));
#9093 = LINE('',#9094,#9095);
#9094 = CARTESIAN_POINT('',(-2.7E+03,2.727E+03,1.237908E+03));
#9095 = VECTOR('',#9096,1.);
#9096 = DIRECTION('',(0.,1.,0.));
#9097 = ORIENTED_EDGE('',*,*,#9098,.T.);
#9098 = EDGE_CURVE('',#9091,#9099,#9101,.T.);
#9099 = VERTEX_POINT('',#9100);
#9100 = CARTESIAN_POINT('',(-2.7E+03,2.745E+03,1.317908E+03));
#9101 = LINE('',#9102,#9103);
#9102 = CARTESIAN_POINT('',(-2.7E+03,2.745E+03,1.237908E+03));
#9103 = VECTOR('',#9104,1.);
#9104 = DIRECTION('',(0.,0.,1.));
#9105 = ORIENTED_EDGE('',*,*,#9106,.F.);
#9106 = EDGE_CURVE('',#9083,#9099,#9107,.T.);
#9107 = LINE('',#9108,#9109);
#9108 = CARTESIAN_POINT('',(-2.7E+03,2.727E+03,1.317908E+03));
#9109 = VECTOR('',#9110,1.);
#9110 = DIRECTION('',(0.,1.,0.));
#9111 = PLANE('',#9112);
#9112 = AXIS2_PLACEMENT_3D('',#9113,#9114,#9115);
#9113 = CARTESIAN_POINT('',(-2.7E+03,2.727E+03,1.237908E+03));
#9114 = DIRECTION('',(1.,0.,0.));
#9115 = DIRECTION('',(0.,0.,1.));
#9116 = ADVANCED_FACE('',(#9117),#9133,.F.);
#9117 = FACE_BOUND('',#9118,.F.);
#9118 = EDGE_LOOP('',(#9119,#9125,#9126,#9132));
#9119 = ORIENTED_EDGE('',*,*,#9120,.F.);
#9120 = EDGE_CURVE('',#9041,#9081,#9121,.T.);
#9121 = LINE('',#9122,#9123);
#9122 = CARTESIAN_POINT('',(-2.84E+03,2.727E+03,1.237908E+03));
#9123 = VECTOR('',#9124,1.);
#9124 = DIRECTION('',(1.,0.,0.));
#9125 = ORIENTED_EDGE('',*,*,#9040,.T.);
#9126 = ORIENTED_EDGE('',*,*,#9127,.T.);
#9127 = EDGE_CURVE('',#9043,#9083,#9128,.T.);
#9128 = LINE('',#9129,#9130);
#9129 = CARTESIAN_POINT('',(-2.84E+03,2.727E+03,1.317908E+03));
#9130 = VECTOR('',#9131,1.);
#9131 = DIRECTION('',(1.,0.,0.));
#9132 = ORIENTED_EDGE('',*,*,#9080,.F.);
#9133 = PLANE('',#9134);
#9134 = AXIS2_PLACEMENT_3D('',#9135,#9136,#9137);
#9135 = CARTESIAN_POINT('',(-2.84E+03,2.727E+03,1.237908E+03));
#9136 = DIRECTION('',(0.,1.,0.));
#9137 = DIRECTION('',(0.,0.,1.));
#9138 = ADVANCED_FACE('',(#9139),#9155,.T.);
#9139 = FACE_BOUND('',#9140,.T.);
#9140 = EDGE_LOOP('',(#9141,#9147,#9148,#9154));
#9141 = ORIENTED_EDGE('',*,*,#9142,.F.);
#9142 = EDGE_CURVE('',#9051,#9091,#9143,.T.);
#9143 = LINE('',#9144,#9145);
#9144 = CARTESIAN_POINT('',(-2.84E+03,2.745E+03,1.237908E+03));
#9145 = VECTOR('',#9146,1.);
#9146 = DIRECTION('',(1.,0.,0.));
#9147 = ORIENTED_EDGE('',*,*,#9058,.T.);
#9148 = ORIENTED_EDGE('',*,*,#9149,.T.);
#9149 = EDGE_CURVE('',#9059,#9099,#9150,.T.);
#9150 = LINE('',#9151,#9152);
#9151 = CARTESIAN_POINT('',(-2.84E+03,2.745E+03,1.317908E+03));
#9152 = VECTOR('',#9153,1.);
#9153 = DIRECTION('',(1.,0.,0.));
#9154 = ORIENTED_EDGE('',*,*,#9098,.F.);
#9155 = PLANE('',#9156);
#9156 = AXIS2_PLACEMENT_3D('',#9157,#9158,#9159);
#9157 = CARTESIAN_POINT('',(-2.84E+03,2.745E+03,1.237908E+03));
#9158 = DIRECTION('',(0.,1.,0.));
#9159 = DIRECTION('',(0.,0.,1.));
#9160 = ADVANCED_FACE('',(#9161),#9167,.F.);
#9161 = FACE_BOUND('',#9162,.F.);
#9162 = EDGE_LOOP('',(#9163,#9164,#9165,#9166));
#9163 = ORIENTED_EDGE('',*,*,#9050,.F.);
#9164 = ORIENTED_EDGE('',*,*,#9120,.T.);
#9165 = ORIENTED_EDGE('',*,*,#9090,.T.);
#9166 = ORIENTED_EDGE('',*,*,#9142,.F.);
#9167 = PLANE('',#9168);
#9168 = AXIS2_PLACEMENT_3D('',#9169,#9170,#9171);
#9169 = CARTESIAN_POINT('',(-2.84E+03,2.727E+03,1.237908E+03));
#9170 = DIRECTION('',(0.,0.,1.));
#9171 = DIRECTION('',(1.,0.,0.));
#9172 = ADVANCED_FACE('',(#9173),#9179,.T.);
#9173 = FACE_BOUND('',#9174,.T.);
#9174 = EDGE_LOOP('',(#9175,#9176,#9177,#9178));
#9175 = ORIENTED_EDGE('',*,*,#9066,.F.);
#9176 = ORIENTED_EDGE('',*,*,#9127,.T.);
#9177 = ORIENTED_EDGE('',*,*,#9106,.T.);
#9178 = ORIENTED_EDGE('',*,*,#9149,.F.);
#9179 = PLANE('',#9180);
#9180 = AXIS2_PLACEMENT_3D('',#9181,#9182,#9183);
#9181 = CARTESIAN_POINT('',(-2.84E+03,2.727E+03,1.317908E+03));
#9182 = DIRECTION('',(0.,0.,1.));
#9183 = DIRECTION('',(1.,0.,0.));
#9184 = MANIFOLD_SOLID_BREP('',#9185);
#9185 = CLOSED_SHELL('',(#9186,#9226,#9266,#9288,#9310,#9322));
#9186 = ADVANCED_FACE('',(#9187),#9221,.F.);
#9187 = FACE_BOUND('',#9188,.F.);
#9188 = EDGE_LOOP('',(#9189,#9199,#9207,#9215));
#9189 = ORIENTED_EDGE('',*,*,#9190,.F.);
#9190 = EDGE_CURVE('',#9191,#9193,#9195,.T.);
#9191 = VERTEX_POINT('',#9192);
#9192 = CARTESIAN_POINT('',(-2.823E+03,2.721E+03,1.255408E+03));
#9193 = VERTEX_POINT('',#9194);
#9194 = CARTESIAN_POINT('',(-2.823E+03,2.721E+03,1.300408E+03));
#9195 = LINE('',#9196,#9197);
#9196 = CARTESIAN_POINT('',(-2.823E+03,2.721E+03,1.255408E+03));
#9197 = VECTOR('',#9198,1.);
#9198 = DIRECTION('',(0.,0.,1.));
#9199 = ORIENTED_EDGE('',*,*,#9200,.T.);
#9200 = EDGE_CURVE('',#9191,#9201,#9203,.T.);
#9201 = VERTEX_POINT('',#9202);
#9202 = CARTESIAN_POINT('',(-2.823E+03,2.727E+03,1.255408E+03));
#9203 = LINE('',#9204,#9205);
#9204 = CARTESIAN_POINT('',(-2.823E+03,2.721E+03,1.255408E+03));
#9205 = VECTOR('',#9206,1.);
#9206 = DIRECTION('',(0.,1.,0.));
#9207 = ORIENTED_EDGE('',*,*,#9208,.T.);
#9208 = EDGE_CURVE('',#9201,#9209,#9211,.T.);
#9209 = VERTEX_POINT('',#9210);
#9210 = CARTESIAN_POINT('',(-2.823E+03,2.727E+03,1.300408E+03));
#9211 = LINE('',#9212,#9213);
#9212 = CARTESIAN_POINT('',(-2.823E+03,2.727E+03,1.255408E+03));
#9213 = VECTOR('',#9214,1.);
#9214 = DIRECTION('',(0.,0.,1.));
#9215 = ORIENTED_EDGE('',*,*,#9216,.F.);
#9216 = EDGE_CURVE('',#9193,#9209,#9217,.T.);
#9217 = LINE('',#9218,#9219);
#9218 = CARTESIAN_POINT('',(-2.823E+03,2.721E+03,1.300408E+03));
#9219 = VECTOR('',#9220,1.);
#9220 = DIRECTION('',(0.,1.,0.));
#9221 = PLANE('',#9222);
#9222 = AXIS2_PLACEMENT_3D('',#9223,#9224,#9225);
#9223 = CARTESIAN_POINT('',(-2.823E+03,2.721E+03,1.255408E+03));
#9224 = DIRECTION('',(1.,0.,0.));
#9225 = DIRECTION('',(0.,0.,1.));
#9226 = ADVANCED_FACE('',(#9227),#9261,.T.);
#9227 = FACE_BOUND('',#9228,.T.);
#9228 = EDGE_LOOP('',(#9229,#9239,#9247,#9255));
#9229 = ORIENTED_EDGE('',*,*,#9230,.F.);
#9230 = EDGE_CURVE('',#9231,#9233,#9235,.T.);
#9231 = VERTEX_POINT('',#9232);
#9232 = CARTESIAN_POINT('',(-2.779E+03,2.721E+03,1.255408E+03));
#9233 = VERTEX_POINT('',#9234);
#9234 = CARTESIAN_POINT('',(-2.779E+03,2.721E+03,1.300408E+03));
#9235 = LINE('',#9236,#9237);
#9236 = CARTESIAN_POINT('',(-2.779E+03,2.721E+03,1.255408E+03));
#9237 = VECTOR('',#9238,1.);
#9238 = DIRECTION('',(0.,0.,1.));
#9239 = ORIENTED_EDGE('',*,*,#9240,.T.);
#9240 = EDGE_CURVE('',#9231,#9241,#9243,.T.);
#9241 = VERTEX_POINT('',#9242);
#9242 = CARTESIAN_POINT('',(-2.779E+03,2.727E+03,1.255408E+03));
#9243 = LINE('',#9244,#9245);
#9244 = CARTESIAN_POINT('',(-2.779E+03,2.721E+03,1.255408E+03));
#9245 = VECTOR('',#9246,1.);
#9246 = DIRECTION('',(0.,1.,0.));
#9247 = ORIENTED_EDGE('',*,*,#9248,.T.);
#9248 = EDGE_CURVE('',#9241,#9249,#9251,.T.);
#9249 = VERTEX_POINT('',#9250);
#9250 = CARTESIAN_POINT('',(-2.779E+03,2.727E+03,1.300408E+03));
#9251 = LINE('',#9252,#9253);
#9252 = CARTESIAN_POINT('',(-2.779E+03,2.727E+03,1.255408E+03));
#9253 = VECTOR('',#9254,1.);
#9254 = DIRECTION('',(0.,0.,1.));
#9255 = ORIENTED_EDGE('',*,*,#9256,.F.);
#9256 = EDGE_CURVE('',#9233,#9249,#9257,.T.);
#9257 = LINE('',#9258,#9259);
#9258 = CARTESIAN_POINT('',(-2.779E+03,2.721E+03,1.300408E+03));
#9259 = VECTOR('',#9260,1.);
#9260 = DIRECTION('',(0.,1.,0.));
#9261 = PLANE('',#9262);
#9262 = AXIS2_PLACEMENT_3D('',#9263,#9264,#9265);
#9263 = CARTESIAN_POINT('',(-2.779E+03,2.721E+03,1.255408E+03));
#9264 = DIRECTION('',(1.,0.,0.));
#9265 = DIRECTION('',(0.,0.,1.));
#9266 = ADVANCED_FACE('',(#9267),#9283,.F.);
#9267 = FACE_BOUND('',#9268,.F.);
#9268 = EDGE_LOOP('',(#9269,#9275,#9276,#9282));
#9269 = ORIENTED_EDGE('',*,*,#9270,.F.);
#9270 = EDGE_CURVE('',#9191,#9231,#9271,.T.);
#9271 = LINE('',#9272,#9273);
#9272 = CARTESIAN_POINT('',(-2.823E+03,2.721E+03,1.255408E+03));
#9273 = VECTOR('',#9274,1.);
#9274 = DIRECTION('',(1.,0.,0.));
#9275 = ORIENTED_EDGE('',*,*,#9190,.T.);
#9276 = ORIENTED_EDGE('',*,*,#9277,.T.);
#9277 = EDGE_CURVE('',#9193,#9233,#9278,.T.);
#9278 = LINE('',#9279,#9280);
#9279 = CARTESIAN_POINT('',(-2.823E+03,2.721E+03,1.300408E+03));
#9280 = VECTOR('',#9281,1.);
#9281 = DIRECTION('',(1.,0.,0.));
#9282 = ORIENTED_EDGE('',*,*,#9230,.F.);
#9283 = PLANE('',#9284);
#9284 = AXIS2_PLACEMENT_3D('',#9285,#9286,#9287);
#9285 = CARTESIAN_POINT('',(-2.823E+03,2.721E+03,1.255408E+03));
#9286 = DIRECTION('',(0.,1.,0.));
#9287 = DIRECTION('',(0.,0.,1.));
#9288 = ADVANCED_FACE('',(#9289),#9305,.T.);
#9289 = FACE_BOUND('',#9290,.T.);
#9290 = EDGE_LOOP('',(#9291,#9297,#9298,#9304));
#9291 = ORIENTED_EDGE('',*,*,#9292,.F.);
#9292 = EDGE_CURVE('',#9201,#9241,#9293,.T.);
#9293 = LINE('',#9294,#9295);
#9294 = CARTESIAN_POINT('',(-2.823E+03,2.727E+03,1.255408E+03));
#9295 = VECTOR('',#9296,1.);
#9296 = DIRECTION('',(1.,0.,0.));
#9297 = ORIENTED_EDGE('',*,*,#9208,.T.);
#9298 = ORIENTED_EDGE('',*,*,#9299,.T.);
#9299 = EDGE_CURVE('',#9209,#9249,#9300,.T.);
#9300 = LINE('',#9301,#9302);
#9301 = CARTESIAN_POINT('',(-2.823E+03,2.727E+03,1.300408E+03));
#9302 = VECTOR('',#9303,1.);
#9303 = DIRECTION('',(1.,0.,0.));
#9304 = ORIENTED_EDGE('',*,*,#9248,.F.);
#9305 = PLANE('',#9306);
#9306 = AXIS2_PLACEMENT_3D('',#9307,#9308,#9309);
#9307 = CARTESIAN_POINT('',(-2.823E+03,2.727E+03,1.255408E+03));
#9308 = DIRECTION('',(0.,1.,0.));
#9309 = DIRECTION('',(0.,0.,1.));
#9310 = ADVANCED_FACE('',(#9311),#9317,.F.);
#9311 = FACE_BOUND('',#9312,.F.);
#9312 = EDGE_LOOP('',(#9313,#9314,#9315,#9316));
#9313 = ORIENTED_EDGE('',*,*,#9200,.F.);
#9314 = ORIENTED_EDGE('',*,*,#9270,.T.);
#9315 = ORIENTED_EDGE('',*,*,#9240,.T.);
#9316 = ORIENTED_EDGE('',*,*,#9292,.F.);
#9317 = PLANE('',#9318);
#9318 = AXIS2_PLACEMENT_3D('',#9319,#9320,#9321);
#9319 = CARTESIAN_POINT('',(-2.823E+03,2.721E+03,1.255408E+03));
#9320 = DIRECTION('',(0.,0.,1.));
#9321 = DIRECTION('',(1.,0.,0.));
#9322 = ADVANCED_FACE('',(#9323),#9329,.T.);
#9323 = FACE_BOUND('',#9324,.T.);
#9324 = EDGE_LOOP('',(#9325,#9326,#9327,#9328));
#9325 = ORIENTED_EDGE('',*,*,#9216,.F.);
#9326 = ORIENTED_EDGE('',*,*,#9277,.T.);
#9327 = ORIENTED_EDGE('',*,*,#9256,.T.);
#9328 = ORIENTED_EDGE('',*,*,#9299,.F.);
#9329 = PLANE('',#9330);
#9330 = AXIS2_PLACEMENT_3D('',#9331,#9332,#9333);
#9331 = CARTESIAN_POINT('',(-2.823E+03,2.721E+03,1.300408E+03));
#9332 = DIRECTION('',(0.,0.,1.));
#9333 = DIRECTION('',(1.,0.,0.));
#9334 = MANIFOLD_SOLID_BREP('',#9335);
#9335 = CLOSED_SHELL('',(#9336,#9376,#9416,#9438,#9460,#9472));
#9336 = ADVANCED_FACE('',(#9337),#9371,.F.);
#9337 = FACE_BOUND('',#9338,.F.);
#9338 = EDGE_LOOP('',(#9339,#9349,#9357,#9365));
#9339 = ORIENTED_EDGE('',*,*,#9340,.F.);
#9340 = EDGE_CURVE('',#9341,#9343,#9345,.T.);
#9341 = VERTEX_POINT('',#9342);
#9342 = CARTESIAN_POINT('',(-2.761E+03,2.721E+03,1.255408E+03));
#9343 = VERTEX_POINT('',#9344);
#9344 = CARTESIAN_POINT('',(-2.761E+03,2.721E+03,1.300408E+03));
#9345 = LINE('',#9346,#9347);
#9346 = CARTESIAN_POINT('',(-2.761E+03,2.721E+03,1.255408E+03));
#9347 = VECTOR('',#9348,1.);
#9348 = DIRECTION('',(0.,0.,1.));
#9349 = ORIENTED_EDGE('',*,*,#9350,.T.);
#9350 = EDGE_CURVE('',#9341,#9351,#9353,.T.);
#9351 = VERTEX_POINT('',#9352);
#9352 = CARTESIAN_POINT('',(-2.761E+03,2.727E+03,1.255408E+03));
#9353 = LINE('',#9354,#9355);
#9354 = CARTESIAN_POINT('',(-2.761E+03,2.721E+03,1.255408E+03));
#9355 = VECTOR('',#9356,1.);
#9356 = DIRECTION('',(0.,1.,0.));
#9357 = ORIENTED_EDGE('',*,*,#9358,.T.);
#9358 = EDGE_CURVE('',#9351,#9359,#9361,.T.);
#9359 = VERTEX_POINT('',#9360);
#9360 = CARTESIAN_POINT('',(-2.761E+03,2.727E+03,1.300408E+03));
#9361 = LINE('',#9362,#9363);
#9362 = CARTESIAN_POINT('',(-2.761E+03,2.727E+03,1.255408E+03));
#9363 = VECTOR('',#9364,1.);
#9364 = DIRECTION('',(0.,0.,1.));
#9365 = ORIENTED_EDGE('',*,*,#9366,.F.);
#9366 = EDGE_CURVE('',#9343,#9359,#9367,.T.);
#9367 = LINE('',#9368,#9369);
#9368 = CARTESIAN_POINT('',(-2.761E+03,2.721E+03,1.300408E+03));
#9369 = VECTOR('',#9370,1.);
#9370 = DIRECTION('',(0.,1.,0.));
#9371 = PLANE('',#9372);
#9372 = AXIS2_PLACEMENT_3D('',#9373,#9374,#9375);
#9373 = CARTESIAN_POINT('',(-2.761E+03,2.721E+03,1.255408E+03));
#9374 = DIRECTION('',(1.,0.,0.));
#9375 = DIRECTION('',(0.,0.,1.));
#9376 = ADVANCED_FACE('',(#9377),#9411,.T.);
#9377 = FACE_BOUND('',#9378,.T.);
#9378 = EDGE_LOOP('',(#9379,#9389,#9397,#9405));
#9379 = ORIENTED_EDGE('',*,*,#9380,.F.);
#9380 = EDGE_CURVE('',#9381,#9383,#9385,.T.);
#9381 = VERTEX_POINT('',#9382);
#9382 = CARTESIAN_POINT('',(-2.717E+03,2.721E+03,1.255408E+03));
#9383 = VERTEX_POINT('',#9384);
#9384 = CARTESIAN_POINT('',(-2.717E+03,2.721E+03,1.300408E+03));
#9385 = LINE('',#9386,#9387);
#9386 = CARTESIAN_POINT('',(-2.717E+03,2.721E+03,1.255408E+03));
#9387 = VECTOR('',#9388,1.);
#9388 = DIRECTION('',(0.,0.,1.));
#9389 = ORIENTED_EDGE('',*,*,#9390,.T.);
#9390 = EDGE_CURVE('',#9381,#9391,#9393,.T.);
#9391 = VERTEX_POINT('',#9392);
#9392 = CARTESIAN_POINT('',(-2.717E+03,2.727E+03,1.255408E+03));
#9393 = LINE('',#9394,#9395);
#9394 = CARTESIAN_POINT('',(-2.717E+03,2.721E+03,1.255408E+03));
#9395 = VECTOR('',#9396,1.);
#9396 = DIRECTION('',(0.,1.,0.));
#9397 = ORIENTED_EDGE('',*,*,#9398,.T.);
#9398 = EDGE_CURVE('',#9391,#9399,#9401,.T.);
#9399 = VERTEX_POINT('',#9400);
#9400 = CARTESIAN_POINT('',(-2.717E+03,2.727E+03,1.300408E+03));
#9401 = LINE('',#9402,#9403);
#9402 = CARTESIAN_POINT('',(-2.717E+03,2.727E+03,1.255408E+03));
#9403 = VECTOR('',#9404,1.);
#9404 = DIRECTION('',(0.,0.,1.));
#9405 = ORIENTED_EDGE('',*,*,#9406,.F.);
#9406 = EDGE_CURVE('',#9383,#9399,#9407,.T.);
#9407 = LINE('',#9408,#9409);
#9408 = CARTESIAN_POINT('',(-2.717E+03,2.721E+03,1.300408E+03));
#9409 = VECTOR('',#9410,1.);
#9410 = DIRECTION('',(0.,1.,0.));
#9411 = PLANE('',#9412);
#9412 = AXIS2_PLACEMENT_3D('',#9413,#9414,#9415);
#9413 = CARTESIAN_POINT('',(-2.717E+03,2.721E+03,1.255408E+03));
#9414 = DIRECTION('',(1.,0.,0.));
#9415 = DIRECTION('',(0.,0.,1.));
#9416 = ADVANCED_FACE('',(#9417),#9433,.F.);
#9417 = FACE_BOUND('',#9418,.F.);
#9418 = EDGE_LOOP('',(#9419,#9425,#9426,#9432));
#9419 = ORIENTED_EDGE('',*,*,#9420,.F.);
#9420 = EDGE_CURVE('',#9341,#9381,#9421,.T.);
#9421 = LINE('',#9422,#9423);
#9422 = CARTESIAN_POINT('',(-2.761E+03,2.721E+03,1.255408E+03));
#9423 = VECTOR('',#9424,1.);
#9424 = DIRECTION('',(1.,0.,0.));
#9425 = ORIENTED_EDGE('',*,*,#9340,.T.);
#9426 = ORIENTED_EDGE('',*,*,#9427,.T.);
#9427 = EDGE_CURVE('',#9343,#9383,#9428,.T.);
#9428 = LINE('',#9429,#9430);
#9429 = CARTESIAN_POINT('',(-2.761E+03,2.721E+03,1.300408E+03));
#9430 = VECTOR('',#9431,1.);
#9431 = DIRECTION('',(1.,0.,0.));
#9432 = ORIENTED_EDGE('',*,*,#9380,.F.);
#9433 = PLANE('',#9434);
#9434 = AXIS2_PLACEMENT_3D('',#9435,#9436,#9437);
#9435 = CARTESIAN_POINT('',(-2.761E+03,2.721E+03,1.255408E+03));
#9436 = DIRECTION('',(0.,1.,0.));
#9437 = DIRECTION('',(0.,0.,1.));
#9438 = ADVANCED_FACE('',(#9439),#9455,.T.);
#9439 = FACE_BOUND('',#9440,.T.);
#9440 = EDGE_LOOP('',(#9441,#9447,#9448,#9454));
#9441 = ORIENTED_EDGE('',*,*,#9442,.F.);
#9442 = EDGE_CURVE('',#9351,#9391,#9443,.T.);
#9443 = LINE('',#9444,#9445);
#9444 = CARTESIAN_POINT('',(-2.761E+03,2.727E+03,1.255408E+03));
#9445 = VECTOR('',#9446,1.);
#9446 = DIRECTION('',(1.,0.,0.));
#9447 = ORIENTED_EDGE('',*,*,#9358,.T.);
#9448 = ORIENTED_EDGE('',*,*,#9449,.T.);
#9449 = EDGE_CURVE('',#9359,#9399,#9450,.T.);
#9450 = LINE('',#9451,#9452);
#9451 = CARTESIAN_POINT('',(-2.761E+03,2.727E+03,1.300408E+03));
#9452 = VECTOR('',#9453,1.);
#9453 = DIRECTION('',(1.,0.,0.));
#9454 = ORIENTED_EDGE('',*,*,#9398,.F.);
#9455 = PLANE('',#9456);
#9456 = AXIS2_PLACEMENT_3D('',#9457,#9458,#9459);
#9457 = CARTESIAN_POINT('',(-2.761E+03,2.727E+03,1.255408E+03));
#9458 = DIRECTION('',(0.,1.,0.));
#9459 = DIRECTION('',(0.,0.,1.));
#9460 = ADVANCED_FACE('',(#9461),#9467,.F.);
#9461 = FACE_BOUND('',#9462,.F.);
#9462 = EDGE_LOOP('',(#9463,#9464,#9465,#9466));
#9463 = ORIENTED_EDGE('',*,*,#9350,.F.);
#9464 = ORIENTED_EDGE('',*,*,#9420,.T.);
#9465 = ORIENTED_EDGE('',*,*,#9390,.T.);
#9466 = ORIENTED_EDGE('',*,*,#9442,.F.);
#9467 = PLANE('',#9468);
#9468 = AXIS2_PLACEMENT_3D('',#9469,#9470,#9471);
#9469 = CARTESIAN_POINT('',(-2.761E+03,2.721E+03,1.255408E+03));
#9470 = DIRECTION('',(0.,0.,1.));
#9471 = DIRECTION('',(1.,0.,0.));
#9472 = ADVANCED_FACE('',(#9473),#9479,.T.);
#9473 = FACE_BOUND('',#9474,.T.);
#9474 = EDGE_LOOP('',(#9475,#9476,#9477,#9478));
#9475 = ORIENTED_EDGE('',*,*,#9366,.F.);
#9476 = ORIENTED_EDGE('',*,*,#9427,.T.);
#9477 = ORIENTED_EDGE('',*,*,#9406,.T.);
#9478 = ORIENTED_EDGE('',*,*,#9449,.F.);
#9479 = PLANE('',#9480);
#9480 = AXIS2_PLACEMENT_3D('',#9481,#9482,#9483);
#9481 = CARTESIAN_POINT('',(-2.761E+03,2.721E+03,1.300408E+03));
#9482 = DIRECTION('',(0.,0.,1.));
#9483 = DIRECTION('',(1.,0.,0.));
#9484 = GEOMETRIC_CURVE_SET('',(#9485));
#9485 = TRIMMED_CURVE('',#9486,(#9490,PARAMETER_VALUE(0.)),(#9491,
    PARAMETER_VALUE(1.8288E+03)),.T.,.PARAMETER.);
#9486 = LINE('',#9487,#9488);
#9487 = CARTESIAN_POINT('',(-3.571802E+03,2.808672883E+03,0.));
#9488 = VECTOR('',#9489,1.);
#9489 = DIRECTION('',(1.,0.,0.));
#9490 = CARTESIAN_POINT('',(-3.571802E+03,2.808672883E+03,0.));
#9491 = CARTESIAN_POINT('',(-1.743002E+03,2.808672883E+03,0.));
#9492 = GEOMETRIC_CURVE_SET('',(#9493));
#9493 = TRIMMED_CURVE('',#9494,(#9498,PARAMETER_VALUE(0.)),(#9499,
    PARAMETER_VALUE(693.42)),.T.,.PARAMETER.);
#9494 = LINE('',#9495,#9496);
#9495 = CARTESIAN_POINT('',(-1.743002E+03,2.808672883E+03,0.));
#9496 = VECTOR('',#9497,1.);
#9497 = DIRECTION('',(0.,-1.,0.));
#9498 = CARTESIAN_POINT('',(-1.743002E+03,2.808672883E+03,0.));
#9499 = CARTESIAN_POINT('',(-1.743002E+03,2.115252883E+03,0.));
#9500 = GEOMETRIC_CURVE_SET('',(#9501));
#9501 = TRIMMED_CURVE('',#9502,(#9506,PARAMETER_VALUE(0.)),(#9507,
    PARAMETER_VALUE(230.122883)),.T.,.PARAMETER.);
#9502 = LINE('',#9503,#9504);
#9503 = CARTESIAN_POINT('',(-1.743002E+03,743.652883,0.));
#9504 = VECTOR('',#9505,1.);
#9505 = DIRECTION('',(0.,-1.,0.));
#9506 = CARTESIAN_POINT('',(-1.743002E+03,743.652883,0.));
#9507 = CARTESIAN_POINT('',(-1.743002E+03,513.53,0.));
#9508 = GEOMETRIC_CURVE_SET('',(#9509));
#9509 = TRIMMED_CURVE('',#9510,(#9514,PARAMETER_VALUE(0.)),(#9515,
    PARAMETER_VALUE(693.42)),.T.,.PARAMETER.);
#9510 = LINE('',#9511,#9512);
#9511 = CARTESIAN_POINT('',(-1.623002E+03,2.808672883E+03,0.));
#9512 = VECTOR('',#9513,1.);
#9513 = DIRECTION('',(0.,-1.,0.));
#9514 = CARTESIAN_POINT('',(-1.623002E+03,2.808672883E+03,0.));
#9515 = CARTESIAN_POINT('',(-1.623002E+03,2.115252883E+03,0.));
#9516 = GEOMETRIC_CURVE_SET('',(#9517));
#9517 = TRIMMED_CURVE('',#9518,(#9522,PARAMETER_VALUE(0.)),(#9523,
    PARAMETER_VALUE(290.122883)),.T.,.PARAMETER.);
#9518 = LINE('',#9519,#9520);
#9519 = CARTESIAN_POINT('',(-1.623002E+03,743.652883,0.));
#9520 = VECTOR('',#9521,1.);
#9521 = DIRECTION('',(0.,-1.,0.));
#9522 = CARTESIAN_POINT('',(-1.623002E+03,743.652883,0.));
#9523 = CARTESIAN_POINT('',(-1.623002E+03,453.53,0.));
#9524 = GEOMETRIC_CURVE_SET('',(#9525));
#9525 = TRIMMED_CURVE('',#9526,(#9530,PARAMETER_VALUE(0.)),(#9531,
    PARAMETER_VALUE(2.295142883E+03)),.T.,.PARAMETER.);
#9526 = LINE('',#9527,#9528);
#9527 = CARTESIAN_POINT('',(-3.571802E+03,513.53,0.));
#9528 = VECTOR('',#9529,1.);
#9529 = DIRECTION('',(0.,1.,0.));
#9530 = CARTESIAN_POINT('',(-3.571802E+03,513.53,0.));
#9531 = CARTESIAN_POINT('',(-3.571802E+03,2.808672883E+03,0.));
#9532 = GEOMETRIC_CURVE_SET('',(#9533));
#9533 = TRIMMED_CURVE('',#9534,(#9538,PARAMETER_VALUE(0.)),(#9539,
    PARAMETER_VALUE(2.295142883E+03)),.T.,.PARAMETER.);
#9534 = LINE('',#9535,#9536);
#9535 = CARTESIAN_POINT('',(-3.691802E+03,513.53,0.));
#9536 = VECTOR('',#9537,1.);
#9537 = DIRECTION('',(0.,1.,0.));
#9538 = CARTESIAN_POINT('',(-3.691802E+03,513.53,0.));
#9539 = CARTESIAN_POINT('',(-3.691802E+03,2.808672883E+03,0.));
#9540 = GEOMETRIC_CURVE_SET('',(#9541));
#9541 = TRIMMED_CURVE('',#9542,(#9546,PARAMETER_VALUE(0.)),(#9547,
    PARAMETER_VALUE(180.)),.T.,.PARAMETER.);
#9542 = LINE('',#9543,#9544);
#9543 = CARTESIAN_POINT('',(-1.833002E+03,2.115252883E+03,0.));
#9544 = VECTOR('',#9545,1.);
#9545 = DIRECTION('',(1.,0.,0.));
#9546 = CARTESIAN_POINT('',(-1.833002E+03,2.115252883E+03,0.));
#9547 = CARTESIAN_POINT('',(-1.653002E+03,2.115252883E+03,0.));
#9548 = GEOMETRIC_CURVE_SET('',(#9549));
#9549 = TRIMMED_CURVE('',#9550,(#9554,PARAMETER_VALUE(0.)),(#9555,
    PARAMETER_VALUE(180.)),.T.,.PARAMETER.);
#9550 = LINE('',#9551,#9552);
#9551 = CARTESIAN_POINT('',(-1.833002E+03,743.652883,0.));
#9552 = VECTOR('',#9553,1.);
#9553 = DIRECTION('',(1.,0.,0.));
#9554 = CARTESIAN_POINT('',(-1.833002E+03,743.652883,0.));
#9555 = CARTESIAN_POINT('',(-1.653002E+03,743.652883,0.));
#9556 = GEOMETRIC_CURVE_SET('',(#9557,#9564,#9571,#9578));
#9557 = TRIMMED_CURVE('',#9558,(#9562,PARAMETER_VALUE(0.)),(#9563,
    PARAMETER_VALUE(1.9812E+03)),.T.,.PARAMETER.);
#9558 = LINE('',#9559,#9560);
#9559 = CARTESIAN_POINT('',(-3.724202E+03,513.53,0.));
#9560 = VECTOR('',#9561,1.);
#9561 = DIRECTION('',(1.,0.,0.));
#9562 = CARTESIAN_POINT('',(-3.724202E+03,513.53,0.));
#9563 = CARTESIAN_POINT('',(-1.743002E+03,513.53,0.));
#9564 = TRIMMED_CURVE('',#9565,(#9569,PARAMETER_VALUE(0.)),(#9570,
    PARAMETER_VALUE(120.)),.T.,.PARAMETER.);
#9565 = LINE('',#9566,#9567);
#9566 = CARTESIAN_POINT('',(-1.743002E+03,513.53,0.));
#9567 = VECTOR('',#9568,1.);
#9568 = DIRECTION('',(0.,-1.,0.));
#9569 = CARTESIAN_POINT('',(-1.743002E+03,513.53,0.));
#9570 = CARTESIAN_POINT('',(-1.743002E+03,393.53,0.));
#9571 = TRIMMED_CURVE('',#9572,(#9576,PARAMETER_VALUE(0.)),(#9577,
    PARAMETER_VALUE(1.9812E+03)),.T.,.PARAMETER.);
#9572 = LINE('',#9573,#9574);
#9573 = CARTESIAN_POINT('',(-1.743002E+03,393.53,0.));
#9574 = VECTOR('',#9575,1.);
#9575 = DIRECTION('',(-1.,0.,0.));
#9576 = CARTESIAN_POINT('',(-1.743002E+03,393.53,0.));
#9577 = CARTESIAN_POINT('',(-3.724202E+03,393.53,0.));
#9578 = TRIMMED_CURVE('',#9579,(#9583,PARAMETER_VALUE(0.)),(#9584,
    PARAMETER_VALUE(120.)),.T.,.PARAMETER.);
#9579 = LINE('',#9580,#9581);
#9580 = CARTESIAN_POINT('',(-3.724202E+03,393.53,0.));
#9581 = VECTOR('',#9582,1.);
#9582 = DIRECTION('',(0.,1.,0.));
#9583 = CARTESIAN_POINT('',(-3.724202E+03,393.53,0.));
#9584 = CARTESIAN_POINT('',(-3.724202E+03,513.53,0.));
#9585 = ( GEOMETRIC_REPRESENTATION_CONTEXT(3) 
GLOBAL_UNCERTAINTY_ASSIGNED_CONTEXT((#9589)) 
GLOBAL_UNIT_ASSIGNED_CONTEXT((#9586,#9587,#9588)) REPRESENTATION_CONTEXT
('Context #1','3D Context with UNIT and UNCERTAINTY') );
#9586 = ( LENGTH_UNIT() NAMED_UNIT(*) SI_UNIT(.MILLI.,.METRE.) );
#9587 = ( NAMED_UNIT(*) PLANE_ANGLE_UNIT() SI_UNIT($,.RADIAN.) );
#9588 = ( NAMED_UNIT(*) SI_UNIT($,.STERADIAN.) SOLID_ANGLE_UNIT() );
#9589 = UNCERTAINTY_MEASURE_WITH_UNIT(LENGTH_MEASURE(1.E-07),#9586,
  'distance_accuracy_value','confusion accuracy');
#9590 = PRODUCT_RELATED_PRODUCT_CATEGORY('part',$,(#7));
ENDSEC;
END-ISO-10303-21;
