ISO-10303-21;
HEADER;
FILE_DESCRIPTION(('FreeCAD Model'),'2;1');
FILE_NAME('Open CASCADE Shape Model','2026-09-11T16:12:01',('FreeCAD'),(
    'FreeCAD'),'Open CASCADE STEP processor 7.8','FreeCAD','Unknown');
FILE_SCHEMA(('AUTOMOTIVE_DESIGN { 1 0 10303 214 1 1 1 1 }'));
ENDSEC;
DATA;
#1 = APPLICATION_PROTOCOL_DEFINITION('international standard',
  'automotive_design',2000,#2);
#2 = APPLICATION_CONTEXT(
  'core data for automotive mechanical design processes');
#3 = SHAPE_DEFINITION_REPRESENTATION(#4,#10);
#4 = PRODUCT_DEFINITION_SHAPE('','',#5);
#5 = PRODUCT_DEFINITION('design','',#6,#9);
#6 = PRODUCT_DEFINITION_FORMATION('','',#7);
#7 = PRODUCT('Open CASCADE STEP translator 7.8 2',
  'Open CASCADE STEP translator 7.8 2','',(#8));
#8 = PRODUCT_CONTEXT('',#2,'mechanical');
#9 = PRODUCT_DEFINITION_CONTEXT('part definition',#2,'design');
#10 = SHAPE_REPRESENTATION('',(#11,#15,#165,#315,#465,#615,#765,#915,
    #1065,#1215,#1365,#1515,#1665,#1815,#1868,#1921,#1974,#2027,#2080,
    #2133,#2186,#2239,#2292,#2345,#2398,#2548,#2698,#2848,#2998,#3148,
    #3298,#3351,#3501,#3651,#3704,#3854,#4004,#4057,#4207,#4260,#4313,
    #4366,#4419,#4569,#4719,#4869,#5019,#5169,#5319,#5372,#5522,#5672,
    #5725,#5875,#6025,#6078,#6228,#6281,#6334,#6387,#6440,#6493,#6546,
    #6599,#6652,#6705,#6758,#6811,#6864,#6917,#6970,#7120,#7270,#7420,
    #7570,#7623,#7773,#7826,#7976,#8029,#8037,#8045,#8053,#8061,#8069,
    #8077,#8085,#8093,#8101,#8109,#8117,#8125,#8133,#8141,#8149,#8157,
    #8165,#8173,#8181,#8189,#8197,#8205,#8213,#8221),#8229);
#11 = AXIS2_PLACEMENT_3D('',#12,#13,#14);
#12 = CARTESIAN_POINT('',(0.,0.,0.));
#13 = DIRECTION('',(0.,0.,1.));
#14 = DIRECTION('',(1.,0.,-0.));
#15 = MANIFOLD_SOLID_BREP('',#16);
#16 = CLOSED_SHELL('',(#17,#57,#97,#119,#141,#153));
#17 = ADVANCED_FACE('',(#18),#52,.F.);
#18 = FACE_BOUND('',#19,.F.);
#19 = EDGE_LOOP('',(#20,#30,#38,#46));
#20 = ORIENTED_EDGE('',*,*,#21,.F.);
#21 = EDGE_CURVE('',#22,#24,#26,.T.);
#22 = VERTEX_POINT('',#23);
#23 = CARTESIAN_POINT('',(-5.372602E+03,-1.44607E+03,987.));
#24 = VERTEX_POINT('',#25);
#25 = CARTESIAN_POINT('',(-5.372602E+03,-1.44607E+03,1.017E+03));
#26 = LINE('',#27,#28);
#27 = CARTESIAN_POINT('',(-5.372602E+03,-1.44607E+03,987.));
#28 = VECTOR('',#29,1.);
#29 = DIRECTION('',(0.,0.,1.));
#30 = ORIENTED_EDGE('',*,*,#31,.T.);
#31 = EDGE_CURVE('',#22,#32,#34,.T.);
#32 = VERTEX_POINT('',#33);
#33 = CARTESIAN_POINT('',(-5.880602E+03,-1.44607E+03,987.));
#34 = LINE('',#35,#36);
#35 = CARTESIAN_POINT('',(-5.372602E+03,-1.44607E+03,987.));
#36 = VECTOR('',#37,1.);
#37 = DIRECTION('',(-1.,2.22044604925E-16,0.));
#38 = ORIENTED_EDGE('',*,*,#39,.T.);
#39 = EDGE_CURVE('',#32,#40,#42,.T.);
#40 = VERTEX_POINT('',#41);
#41 = CARTESIAN_POINT('',(-5.880602E+03,-1.44607E+03,1.017E+03));
#42 = LINE('',#43,#44);
#43 = CARTESIAN_POINT('',(-5.880602E+03,-1.44607E+03,987.));
#44 = VECTOR('',#45,1.);
#45 = DIRECTION('',(0.,0.,1.));
#46 = ORIENTED_EDGE('',*,*,#47,.F.);
#47 = EDGE_CURVE('',#24,#40,#48,.T.);
#48 = LINE('',#49,#50);
#49 = CARTESIAN_POINT('',(-5.372602E+03,-1.44607E+03,1.017E+03));
#50 = VECTOR('',#51,1.);
#51 = DIRECTION('',(-1.,2.22044604925E-16,0.));
#52 = PLANE('',#53);
#53 = AXIS2_PLACEMENT_3D('',#54,#55,#56);
#54 = CARTESIAN_POINT('',(-5.372602E+03,-1.44607E+03,987.));
#55 = DIRECTION('',(2.22044604925E-16,1.,0.));
#56 = DIRECTION('',(0.,0.,1.));
#57 = ADVANCED_FACE('',(#58),#92,.T.);
#58 = FACE_BOUND('',#59,.T.);
#59 = EDGE_LOOP('',(#60,#70,#78,#86));
#60 = ORIENTED_EDGE('',*,*,#61,.F.);
#61 = EDGE_CURVE('',#62,#64,#66,.T.);
#62 = VERTEX_POINT('',#63);
#63 = CARTESIAN_POINT('',(-5.372602E+03,-531.67,987.));
#64 = VERTEX_POINT('',#65);
#65 = CARTESIAN_POINT('',(-5.372602E+03,-531.67,1.017E+03));
#66 = LINE('',#67,#68);
#67 = CARTESIAN_POINT('',(-5.372602E+03,-531.67,987.));
#68 = VECTOR('',#69,1.);
#69 = DIRECTION('',(0.,0.,1.));
#70 = ORIENTED_EDGE('',*,*,#71,.T.);
#71 = EDGE_CURVE('',#62,#72,#74,.T.);
#72 = VERTEX_POINT('',#73);
#73 = CARTESIAN_POINT('',(-5.880602E+03,-531.67,987.));
#74 = LINE('',#75,#76);
#75 = CARTESIAN_POINT('',(-5.372602E+03,-531.67,987.));
#76 = VECTOR('',#77,1.);
#77 = DIRECTION('',(-1.,2.22044604925E-16,0.));
#78 = ORIENTED_EDGE('',*,*,#79,.T.);
#79 = EDGE_CURVE('',#72,#80,#82,.T.);
#80 = VERTEX_POINT('',#81);
#81 = CARTESIAN_POINT('',(-5.880602E+03,-531.67,1.017E+03));
#82 = LINE('',#83,#84);
#83 = CARTESIAN_POINT('',(-5.880602E+03,-531.67,987.));
#84 = VECTOR('',#85,1.);
#85 = DIRECTION('',(0.,0.,1.));
#86 = ORIENTED_EDGE('',*,*,#87,.F.);
#87 = EDGE_CURVE('',#64,#80,#88,.T.);
#88 = LINE('',#89,#90);
#89 = CARTESIAN_POINT('',(-5.372602E+03,-531.67,1.017E+03));
#90 = VECTOR('',#91,1.);
#91 = DIRECTION('',(-1.,2.22044604925E-16,0.));
#92 = PLANE('',#93);
#93 = AXIS2_PLACEMENT_3D('',#94,#95,#96);
#94 = CARTESIAN_POINT('',(-5.372602E+03,-531.67,987.));
#95 = DIRECTION('',(2.22044604925E-16,1.,0.));
#96 = DIRECTION('',(0.,0.,1.));
#97 = ADVANCED_FACE('',(#98),#114,.F.);
#98 = FACE_BOUND('',#99,.F.);
#99 = EDGE_LOOP('',(#100,#106,#107,#113));
#100 = ORIENTED_EDGE('',*,*,#101,.F.);
#101 = EDGE_CURVE('',#22,#62,#102,.T.);
#102 = LINE('',#103,#104);
#103 = CARTESIAN_POINT('',(-5.372602E+03,-1.44607E+03,987.));
#104 = VECTOR('',#105,1.);
#105 = DIRECTION('',(2.22044604925E-16,1.,0.));
#106 = ORIENTED_EDGE('',*,*,#21,.T.);
#107 = ORIENTED_EDGE('',*,*,#108,.T.);
#108 = EDGE_CURVE('',#24,#64,#109,.T.);
#109 = LINE('',#110,#111);
#110 = CARTESIAN_POINT('',(-5.372602E+03,-1.44607E+03,1.017E+03));
#111 = VECTOR('',#112,1.);
#112 = DIRECTION('',(2.22044604925E-16,1.,0.));
#113 = ORIENTED_EDGE('',*,*,#61,.F.);
#114 = PLANE('',#115);
#115 = AXIS2_PLACEMENT_3D('',#116,#117,#118);
#116 = CARTESIAN_POINT('',(-5.372602E+03,-1.44607E+03,987.));
#117 = DIRECTION('',(-1.,2.22044604925E-16,0.));
#118 = DIRECTION('',(0.,0.,1.));
#119 = ADVANCED_FACE('',(#120),#136,.T.);
#120 = FACE_BOUND('',#121,.T.);
#121 = EDGE_LOOP('',(#122,#128,#129,#135));
#122 = ORIENTED_EDGE('',*,*,#123,.F.);
#123 = EDGE_CURVE('',#32,#72,#124,.T.);
#124 = LINE('',#125,#126);
#125 = CARTESIAN_POINT('',(-5.880602E+03,-1.44607E+03,987.));
#126 = VECTOR('',#127,1.);
#127 = DIRECTION('',(2.22044604925E-16,1.,0.));
#128 = ORIENTED_EDGE('',*,*,#39,.T.);
#129 = ORIENTED_EDGE('',*,*,#130,.T.);
#130 = EDGE_CURVE('',#40,#80,#131,.T.);
#131 = LINE('',#132,#133);
#132 = CARTESIAN_POINT('',(-5.880602E+03,-1.44607E+03,1.017E+03));
#133 = VECTOR('',#134,1.);
#134 = DIRECTION('',(2.22044604925E-16,1.,0.));
#135 = ORIENTED_EDGE('',*,*,#79,.F.);
#136 = PLANE('',#137);
#137 = AXIS2_PLACEMENT_3D('',#138,#139,#140);
#138 = CARTESIAN_POINT('',(-5.880602E+03,-1.44607E+03,987.));
#139 = DIRECTION('',(-1.,2.22044604925E-16,0.));
#140 = DIRECTION('',(0.,0.,1.));
#141 = ADVANCED_FACE('',(#142),#148,.F.);
#142 = FACE_BOUND('',#143,.F.);
#143 = EDGE_LOOP('',(#144,#145,#146,#147));
#144 = ORIENTED_EDGE('',*,*,#31,.F.);
#145 = ORIENTED_EDGE('',*,*,#101,.T.);
#146 = ORIENTED_EDGE('',*,*,#71,.T.);
#147 = ORIENTED_EDGE('',*,*,#123,.F.);
#148 = PLANE('',#149);
#149 = AXIS2_PLACEMENT_3D('',#150,#151,#152);
#150 = CARTESIAN_POINT('',(-5.372602E+03,-1.44607E+03,987.));
#151 = DIRECTION('',(0.,0.,1.));
#152 = DIRECTION('',(2.22044604925E-16,1.,0.));
#153 = ADVANCED_FACE('',(#154),#160,.T.);
#154 = FACE_BOUND('',#155,.T.);
#155 = EDGE_LOOP('',(#156,#157,#158,#159));
#156 = ORIENTED_EDGE('',*,*,#47,.F.);
#157 = ORIENTED_EDGE('',*,*,#108,.T.);
#158 = ORIENTED_EDGE('',*,*,#87,.T.);
#159 = ORIENTED_EDGE('',*,*,#130,.F.);
#160 = PLANE('',#161);
#161 = AXIS2_PLACEMENT_3D('',#162,#163,#164);
#162 = CARTESIAN_POINT('',(-5.372602E+03,-1.44607E+03,1.017E+03));
#163 = DIRECTION('',(0.,0.,1.));
#164 = DIRECTION('',(2.22044604925E-16,1.,0.));
#165 = MANIFOLD_SOLID_BREP('',#166);
#166 = CLOSED_SHELL('',(#167,#207,#247,#269,#291,#303));
#167 = ADVANCED_FACE('',(#168),#202,.F.);
#168 = FACE_BOUND('',#169,.F.);
#169 = EDGE_LOOP('',(#170,#180,#188,#196));
#170 = ORIENTED_EDGE('',*,*,#171,.F.);
#171 = EDGE_CURVE('',#172,#174,#176,.T.);
#172 = VERTEX_POINT('',#173);
#173 = CARTESIAN_POINT('',(-5.372602E+03,-1.44607E+03,111.));
#174 = VERTEX_POINT('',#175);
#175 = CARTESIAN_POINT('',(-5.372602E+03,-1.44607E+03,987.));
#176 = LINE('',#177,#178);
#177 = CARTESIAN_POINT('',(-5.372602E+03,-1.44607E+03,111.));
#178 = VECTOR('',#179,1.);
#179 = DIRECTION('',(0.,0.,1.));
#180 = ORIENTED_EDGE('',*,*,#181,.T.);
#181 = EDGE_CURVE('',#172,#182,#184,.T.);
#182 = VERTEX_POINT('',#183);
#183 = CARTESIAN_POINT('',(-5.396602E+03,-1.44607E+03,111.));
#184 = LINE('',#185,#186);
#185 = CARTESIAN_POINT('',(-5.372602E+03,-1.44607E+03,111.));
#186 = VECTOR('',#187,1.);
#187 = DIRECTION('',(-1.,2.22044604925E-16,0.));
#188 = ORIENTED_EDGE('',*,*,#189,.T.);
#189 = EDGE_CURVE('',#182,#190,#192,.T.);
#190 = VERTEX_POINT('',#191);
#191 = CARTESIAN_POINT('',(-5.396602E+03,-1.44607E+03,987.));
#192 = LINE('',#193,#194);
#193 = CARTESIAN_POINT('',(-5.396602E+03,-1.44607E+03,111.));
#194 = VECTOR('',#195,1.);
#195 = DIRECTION('',(0.,0.,1.));
#196 = ORIENTED_EDGE('',*,*,#197,.F.);
#197 = EDGE_CURVE('',#174,#190,#198,.T.);
#198 = LINE('',#199,#200);
#199 = CARTESIAN_POINT('',(-5.372602E+03,-1.44607E+03,987.));
#200 = VECTOR('',#201,1.);
#201 = DIRECTION('',(-1.,2.22044604925E-16,0.));
#202 = PLANE('',#203);
#203 = AXIS2_PLACEMENT_3D('',#204,#205,#206);
#204 = CARTESIAN_POINT('',(-5.372602E+03,-1.44607E+03,111.));
#205 = DIRECTION('',(2.22044604925E-16,1.,0.));
#206 = DIRECTION('',(0.,0.,1.));
#207 = ADVANCED_FACE('',(#208),#242,.T.);
#208 = FACE_BOUND('',#209,.T.);
#209 = EDGE_LOOP('',(#210,#220,#228,#236));
#210 = ORIENTED_EDGE('',*,*,#211,.F.);
#211 = EDGE_CURVE('',#212,#214,#216,.T.);
#212 = VERTEX_POINT('',#213);
#213 = CARTESIAN_POINT('',(-5.372602E+03,-531.67,111.));
#214 = VERTEX_POINT('',#215);
#215 = CARTESIAN_POINT('',(-5.372602E+03,-531.67,987.));
#216 = LINE('',#217,#218);
#217 = CARTESIAN_POINT('',(-5.372602E+03,-531.67,111.));
#218 = VECTOR('',#219,1.);
#219 = DIRECTION('',(0.,0.,1.));
#220 = ORIENTED_EDGE('',*,*,#221,.T.);
#221 = EDGE_CURVE('',#212,#222,#224,.T.);
#222 = VERTEX_POINT('',#223);
#223 = CARTESIAN_POINT('',(-5.396602E+03,-531.67,111.));
#224 = LINE('',#225,#226);
#225 = CARTESIAN_POINT('',(-5.372602E+03,-531.67,111.));
#226 = VECTOR('',#227,1.);
#227 = DIRECTION('',(-1.,2.22044604925E-16,0.));
#228 = ORIENTED_EDGE('',*,*,#229,.T.);
#229 = EDGE_CURVE('',#222,#230,#232,.T.);
#230 = VERTEX_POINT('',#231);
#231 = CARTESIAN_POINT('',(-5.396602E+03,-531.67,987.));
#232 = LINE('',#233,#234);
#233 = CARTESIAN_POINT('',(-5.396602E+03,-531.67,111.));
#234 = VECTOR('',#235,1.);
#235 = DIRECTION('',(0.,0.,1.));
#236 = ORIENTED_EDGE('',*,*,#237,.F.);
#237 = EDGE_CURVE('',#214,#230,#238,.T.);
#238 = LINE('',#239,#240);
#239 = CARTESIAN_POINT('',(-5.372602E+03,-531.67,987.));
#240 = VECTOR('',#241,1.);
#241 = DIRECTION('',(-1.,2.22044604925E-16,0.));
#242 = PLANE('',#243);
#243 = AXIS2_PLACEMENT_3D('',#244,#245,#246);
#244 = CARTESIAN_POINT('',(-5.372602E+03,-531.67,111.));
#245 = DIRECTION('',(2.22044604925E-16,1.,0.));
#246 = DIRECTION('',(0.,0.,1.));
#247 = ADVANCED_FACE('',(#248),#264,.F.);
#248 = FACE_BOUND('',#249,.F.);
#249 = EDGE_LOOP('',(#250,#256,#257,#263));
#250 = ORIENTED_EDGE('',*,*,#251,.F.);
#251 = EDGE_CURVE('',#172,#212,#252,.T.);
#252 = LINE('',#253,#254);
#253 = CARTESIAN_POINT('',(-5.372602E+03,-1.44607E+03,111.));
#254 = VECTOR('',#255,1.);
#255 = DIRECTION('',(2.22044604925E-16,1.,0.));
#256 = ORIENTED_EDGE('',*,*,#171,.T.);
#257 = ORIENTED_EDGE('',*,*,#258,.T.);
#258 = EDGE_CURVE('',#174,#214,#259,.T.);
#259 = LINE('',#260,#261);
#260 = CARTESIAN_POINT('',(-5.372602E+03,-1.44607E+03,987.));
#261 = VECTOR('',#262,1.);
#262 = DIRECTION('',(2.22044604925E-16,1.,0.));
#263 = ORIENTED_EDGE('',*,*,#211,.F.);
#264 = PLANE('',#265);
#265 = AXIS2_PLACEMENT_3D('',#266,#267,#268);
#266 = CARTESIAN_POINT('',(-5.372602E+03,-1.44607E+03,111.));
#267 = DIRECTION('',(-1.,2.22044604925E-16,0.));
#268 = DIRECTION('',(0.,0.,1.));
#269 = ADVANCED_FACE('',(#270),#286,.T.);
#270 = FACE_BOUND('',#271,.T.);
#271 = EDGE_LOOP('',(#272,#278,#279,#285));
#272 = ORIENTED_EDGE('',*,*,#273,.F.);
#273 = EDGE_CURVE('',#182,#222,#274,.T.);
#274 = LINE('',#275,#276);
#275 = CARTESIAN_POINT('',(-5.396602E+03,-1.44607E+03,111.));
#276 = VECTOR('',#277,1.);
#277 = DIRECTION('',(2.22044604925E-16,1.,0.));
#278 = ORIENTED_EDGE('',*,*,#189,.T.);
#279 = ORIENTED_EDGE('',*,*,#280,.T.);
#280 = EDGE_CURVE('',#190,#230,#281,.T.);
#281 = LINE('',#282,#283);
#282 = CARTESIAN_POINT('',(-5.396602E+03,-1.44607E+03,987.));
#283 = VECTOR('',#284,1.);
#284 = DIRECTION('',(2.22044604925E-16,1.,0.));
#285 = ORIENTED_EDGE('',*,*,#229,.F.);
#286 = PLANE('',#287);
#287 = AXIS2_PLACEMENT_3D('',#288,#289,#290);
#288 = CARTESIAN_POINT('',(-5.396602E+03,-1.44607E+03,111.));
#289 = DIRECTION('',(-1.,2.22044604925E-16,0.));
#290 = DIRECTION('',(0.,0.,1.));
#291 = ADVANCED_FACE('',(#292),#298,.F.);
#292 = FACE_BOUND('',#293,.F.);
#293 = EDGE_LOOP('',(#294,#295,#296,#297));
#294 = ORIENTED_EDGE('',*,*,#181,.F.);
#295 = ORIENTED_EDGE('',*,*,#251,.T.);
#296 = ORIENTED_EDGE('',*,*,#221,.T.);
#297 = ORIENTED_EDGE('',*,*,#273,.F.);
#298 = PLANE('',#299);
#299 = AXIS2_PLACEMENT_3D('',#300,#301,#302);
#300 = CARTESIAN_POINT('',(-5.372602E+03,-1.44607E+03,111.));
#301 = DIRECTION('',(0.,0.,1.));
#302 = DIRECTION('',(2.22044604925E-16,1.,0.));
#303 = ADVANCED_FACE('',(#304),#310,.T.);
#304 = FACE_BOUND('',#305,.T.);
#305 = EDGE_LOOP('',(#306,#307,#308,#309));
#306 = ORIENTED_EDGE('',*,*,#197,.F.);
#307 = ORIENTED_EDGE('',*,*,#258,.T.);
#308 = ORIENTED_EDGE('',*,*,#237,.T.);
#309 = ORIENTED_EDGE('',*,*,#280,.F.);
#310 = PLANE('',#311);
#311 = AXIS2_PLACEMENT_3D('',#312,#313,#314);
#312 = CARTESIAN_POINT('',(-5.372602E+03,-1.44607E+03,987.));
#313 = DIRECTION('',(0.,0.,1.));
#314 = DIRECTION('',(2.22044604925E-16,1.,0.));
#315 = MANIFOLD_SOLID_BREP('',#316);
#316 = CLOSED_SHELL('',(#317,#357,#397,#419,#441,#453));
#317 = ADVANCED_FACE('',(#318),#352,.F.);
#318 = FACE_BOUND('',#319,.F.);
#319 = EDGE_LOOP('',(#320,#330,#338,#346));
#320 = ORIENTED_EDGE('',*,*,#321,.F.);
#321 = EDGE_CURVE('',#322,#324,#326,.T.);
#322 = VERTEX_POINT('',#323);
#323 = CARTESIAN_POINT('',(-5.396602E+03,-1.44607E+03,111.));
#324 = VERTEX_POINT('',#325);
#325 = CARTESIAN_POINT('',(-5.396602E+03,-1.44607E+03,987.));
#326 = LINE('',#327,#328);
#327 = CARTESIAN_POINT('',(-5.396602E+03,-1.44607E+03,111.));
#328 = VECTOR('',#329,1.);
#329 = DIRECTION('',(0.,0.,1.));
#330 = ORIENTED_EDGE('',*,*,#331,.T.);
#331 = EDGE_CURVE('',#322,#332,#334,.T.);
#332 = VERTEX_POINT('',#333);
#333 = CARTESIAN_POINT('',(-5.880602E+03,-1.44607E+03,111.));
#334 = LINE('',#335,#336);
#335 = CARTESIAN_POINT('',(-5.396602E+03,-1.44607E+03,111.));
#336 = VECTOR('',#337,1.);
#337 = DIRECTION('',(-1.,2.22044604925E-16,0.));
#338 = ORIENTED_EDGE('',*,*,#339,.T.);
#339 = EDGE_CURVE('',#332,#340,#342,.T.);
#340 = VERTEX_POINT('',#341);
#341 = CARTESIAN_POINT('',(-5.880602E+03,-1.44607E+03,987.));
#342 = LINE('',#343,#344);
#343 = CARTESIAN_POINT('',(-5.880602E+03,-1.44607E+03,111.));
#344 = VECTOR('',#345,1.);
#345 = DIRECTION('',(0.,0.,1.));
#346 = ORIENTED_EDGE('',*,*,#347,.F.);
#347 = EDGE_CURVE('',#324,#340,#348,.T.);
#348 = LINE('',#349,#350);
#349 = CARTESIAN_POINT('',(-5.396602E+03,-1.44607E+03,987.));
#350 = VECTOR('',#351,1.);
#351 = DIRECTION('',(-1.,2.22044604925E-16,0.));
#352 = PLANE('',#353);
#353 = AXIS2_PLACEMENT_3D('',#354,#355,#356);
#354 = CARTESIAN_POINT('',(-5.396602E+03,-1.44607E+03,111.));
#355 = DIRECTION('',(2.22044604925E-16,1.,0.));
#356 = DIRECTION('',(0.,0.,1.));
#357 = ADVANCED_FACE('',(#358),#392,.T.);
#358 = FACE_BOUND('',#359,.T.);
#359 = EDGE_LOOP('',(#360,#370,#378,#386));
#360 = ORIENTED_EDGE('',*,*,#361,.F.);
#361 = EDGE_CURVE('',#362,#364,#366,.T.);
#362 = VERTEX_POINT('',#363);
#363 = CARTESIAN_POINT('',(-5.396602E+03,-1.42207E+03,111.));
#364 = VERTEX_POINT('',#365);
#365 = CARTESIAN_POINT('',(-5.396602E+03,-1.42207E+03,987.));
#366 = LINE('',#367,#368);
#367 = CARTESIAN_POINT('',(-5.396602E+03,-1.42207E+03,111.));
#368 = VECTOR('',#369,1.);
#369 = DIRECTION('',(0.,0.,1.));
#370 = ORIENTED_EDGE('',*,*,#371,.T.);
#371 = EDGE_CURVE('',#362,#372,#374,.T.);
#372 = VERTEX_POINT('',#373);
#373 = CARTESIAN_POINT('',(-5.880602E+03,-1.42207E+03,111.));
#374 = LINE('',#375,#376);
#375 = CARTESIAN_POINT('',(-5.396602E+03,-1.42207E+03,111.));
#376 = VECTOR('',#377,1.);
#377 = DIRECTION('',(-1.,2.22044604925E-16,0.));
#378 = ORIENTED_EDGE('',*,*,#379,.T.);
#379 = EDGE_CURVE('',#372,#380,#382,.T.);
#380 = VERTEX_POINT('',#381);
#381 = CARTESIAN_POINT('',(-5.880602E+03,-1.42207E+03,987.));
#382 = LINE('',#383,#384);
#383 = CARTESIAN_POINT('',(-5.880602E+03,-1.42207E+03,111.));
#384 = VECTOR('',#385,1.);
#385 = DIRECTION('',(0.,0.,1.));
#386 = ORIENTED_EDGE('',*,*,#387,.F.);
#387 = EDGE_CURVE('',#364,#380,#388,.T.);
#388 = LINE('',#389,#390);
#389 = CARTESIAN_POINT('',(-5.396602E+03,-1.42207E+03,987.));
#390 = VECTOR('',#391,1.);
#391 = DIRECTION('',(-1.,2.22044604925E-16,0.));
#392 = PLANE('',#393);
#393 = AXIS2_PLACEMENT_3D('',#394,#395,#396);
#394 = CARTESIAN_POINT('',(-5.396602E+03,-1.42207E+03,111.));
#395 = DIRECTION('',(2.22044604925E-16,1.,0.));
#396 = DIRECTION('',(0.,0.,1.));
#397 = ADVANCED_FACE('',(#398),#414,.F.);
#398 = FACE_BOUND('',#399,.F.);
#399 = EDGE_LOOP('',(#400,#406,#407,#413));
#400 = ORIENTED_EDGE('',*,*,#401,.F.);
#401 = EDGE_CURVE('',#322,#362,#402,.T.);
#402 = LINE('',#403,#404);
#403 = CARTESIAN_POINT('',(-5.396602E+03,-1.44607E+03,111.));
#404 = VECTOR('',#405,1.);
#405 = DIRECTION('',(2.22044604925E-16,1.,0.));
#406 = ORIENTED_EDGE('',*,*,#321,.T.);
#407 = ORIENTED_EDGE('',*,*,#408,.T.);
#408 = EDGE_CURVE('',#324,#364,#409,.T.);
#409 = LINE('',#410,#411);
#410 = CARTESIAN_POINT('',(-5.396602E+03,-1.44607E+03,987.));
#411 = VECTOR('',#412,1.);
#412 = DIRECTION('',(2.22044604925E-16,1.,0.));
#413 = ORIENTED_EDGE('',*,*,#361,.F.);
#414 = PLANE('',#415);
#415 = AXIS2_PLACEMENT_3D('',#416,#417,#418);
#416 = CARTESIAN_POINT('',(-5.396602E+03,-1.44607E+03,111.));
#417 = DIRECTION('',(-1.,2.22044604925E-16,0.));
#418 = DIRECTION('',(0.,0.,1.));
#419 = ADVANCED_FACE('',(#420),#436,.T.);
#420 = FACE_BOUND('',#421,.T.);
#421 = EDGE_LOOP('',(#422,#428,#429,#435));
#422 = ORIENTED_EDGE('',*,*,#423,.F.);
#423 = EDGE_CURVE('',#332,#372,#424,.T.);
#424 = LINE('',#425,#426);
#425 = CARTESIAN_POINT('',(-5.880602E+03,-1.44607E+03,111.));
#426 = VECTOR('',#427,1.);
#427 = DIRECTION('',(2.22044604925E-16,1.,0.));
#428 = ORIENTED_EDGE('',*,*,#339,.T.);
#429 = ORIENTED_EDGE('',*,*,#430,.T.);
#430 = EDGE_CURVE('',#340,#380,#431,.T.);
#431 = LINE('',#432,#433);
#432 = CARTESIAN_POINT('',(-5.880602E+03,-1.44607E+03,987.));
#433 = VECTOR('',#434,1.);
#434 = DIRECTION('',(2.22044604925E-16,1.,0.));
#435 = ORIENTED_EDGE('',*,*,#379,.F.);
#436 = PLANE('',#437);
#437 = AXIS2_PLACEMENT_3D('',#438,#439,#440);
#438 = CARTESIAN_POINT('',(-5.880602E+03,-1.44607E+03,111.));
#439 = DIRECTION('',(-1.,2.22044604925E-16,0.));
#440 = DIRECTION('',(0.,0.,1.));
#441 = ADVANCED_FACE('',(#442),#448,.F.);
#442 = FACE_BOUND('',#443,.F.);
#443 = EDGE_LOOP('',(#444,#445,#446,#447));
#444 = ORIENTED_EDGE('',*,*,#331,.F.);
#445 = ORIENTED_EDGE('',*,*,#401,.T.);
#446 = ORIENTED_EDGE('',*,*,#371,.T.);
#447 = ORIENTED_EDGE('',*,*,#423,.F.);
#448 = PLANE('',#449);
#449 = AXIS2_PLACEMENT_3D('',#450,#451,#452);
#450 = CARTESIAN_POINT('',(-5.396602E+03,-1.44607E+03,111.));
#451 = DIRECTION('',(0.,0.,1.));
#452 = DIRECTION('',(2.22044604925E-16,1.,0.));
#453 = ADVANCED_FACE('',(#454),#460,.T.);
#454 = FACE_BOUND('',#455,.T.);
#455 = EDGE_LOOP('',(#456,#457,#458,#459));
#456 = ORIENTED_EDGE('',*,*,#347,.F.);
#457 = ORIENTED_EDGE('',*,*,#408,.T.);
#458 = ORIENTED_EDGE('',*,*,#387,.T.);
#459 = ORIENTED_EDGE('',*,*,#430,.F.);
#460 = PLANE('',#461);
#461 = AXIS2_PLACEMENT_3D('',#462,#463,#464);
#462 = CARTESIAN_POINT('',(-5.396602E+03,-1.44607E+03,987.));
#463 = DIRECTION('',(0.,0.,1.));
#464 = DIRECTION('',(2.22044604925E-16,1.,0.));
#465 = MANIFOLD_SOLID_BREP('',#466);
#466 = CLOSED_SHELL('',(#467,#507,#547,#569,#591,#603));
#467 = ADVANCED_FACE('',(#468),#502,.F.);
#468 = FACE_BOUND('',#469,.F.);
#469 = EDGE_LOOP('',(#470,#480,#488,#496));
#470 = ORIENTED_EDGE('',*,*,#471,.F.);
#471 = EDGE_CURVE('',#472,#474,#476,.T.);
#472 = VERTEX_POINT('',#473);
#473 = CARTESIAN_POINT('',(-5.397602E+03,-1.44407E+03,1.));
#474 = VERTEX_POINT('',#475);
#475 = CARTESIAN_POINT('',(-5.397602E+03,-1.44407E+03,987.));
#476 = LINE('',#477,#478);
#477 = CARTESIAN_POINT('',(-5.397602E+03,-1.44407E+03,1.));
#478 = VECTOR('',#479,1.);
#479 = DIRECTION('',(0.,0.,1.));
#480 = ORIENTED_EDGE('',*,*,#481,.T.);
#481 = EDGE_CURVE('',#472,#482,#484,.T.);
#482 = VERTEX_POINT('',#483);
#483 = CARTESIAN_POINT('',(-5.422602E+03,-1.44407E+03,1.));
#484 = LINE('',#485,#486);
#485 = CARTESIAN_POINT('',(-5.397602E+03,-1.44407E+03,1.));
#486 = VECTOR('',#487,1.);
#487 = DIRECTION('',(-1.,2.22044604925E-16,0.));
#488 = ORIENTED_EDGE('',*,*,#489,.T.);
#489 = EDGE_CURVE('',#482,#490,#492,.T.);
#490 = VERTEX_POINT('',#491);
#491 = CARTESIAN_POINT('',(-5.422602E+03,-1.44407E+03,987.));
#492 = LINE('',#493,#494);
#493 = CARTESIAN_POINT('',(-5.422602E+03,-1.44407E+03,1.));
#494 = VECTOR('',#495,1.);
#495 = DIRECTION('',(0.,0.,1.));
#496 = ORIENTED_EDGE('',*,*,#497,.F.);
#497 = EDGE_CURVE('',#474,#490,#498,.T.);
#498 = LINE('',#499,#500);
#499 = CARTESIAN_POINT('',(-5.397602E+03,-1.44407E+03,987.));
#500 = VECTOR('',#501,1.);
#501 = DIRECTION('',(-1.,2.22044604925E-16,0.));
#502 = PLANE('',#503);
#503 = AXIS2_PLACEMENT_3D('',#504,#505,#506);
#504 = CARTESIAN_POINT('',(-5.397602E+03,-1.44407E+03,1.));
#505 = DIRECTION('',(2.22044604925E-16,1.,0.));
#506 = DIRECTION('',(0.,0.,1.));
#507 = ADVANCED_FACE('',(#508),#542,.T.);
#508 = FACE_BOUND('',#509,.T.);
#509 = EDGE_LOOP('',(#510,#520,#528,#536));
#510 = ORIENTED_EDGE('',*,*,#511,.F.);
#511 = EDGE_CURVE('',#512,#514,#516,.T.);
#512 = VERTEX_POINT('',#513);
#513 = CARTESIAN_POINT('',(-5.397602E+03,-1.41907E+03,1.));
#514 = VERTEX_POINT('',#515);
#515 = CARTESIAN_POINT('',(-5.397602E+03,-1.41907E+03,987.));
#516 = LINE('',#517,#518);
#517 = CARTESIAN_POINT('',(-5.397602E+03,-1.41907E+03,1.));
#518 = VECTOR('',#519,1.);
#519 = DIRECTION('',(0.,0.,1.));
#520 = ORIENTED_EDGE('',*,*,#521,.T.);
#521 = EDGE_CURVE('',#512,#522,#524,.T.);
#522 = VERTEX_POINT('',#523);
#523 = CARTESIAN_POINT('',(-5.422602E+03,-1.41907E+03,1.));
#524 = LINE('',#525,#526);
#525 = CARTESIAN_POINT('',(-5.397602E+03,-1.41907E+03,1.));
#526 = VECTOR('',#527,1.);
#527 = DIRECTION('',(-1.,2.22044604925E-16,0.));
#528 = ORIENTED_EDGE('',*,*,#529,.T.);
#529 = EDGE_CURVE('',#522,#530,#532,.T.);
#530 = VERTEX_POINT('',#531);
#531 = CARTESIAN_POINT('',(-5.422602E+03,-1.41907E+03,987.));
#532 = LINE('',#533,#534);
#533 = CARTESIAN_POINT('',(-5.422602E+03,-1.41907E+03,1.));
#534 = VECTOR('',#535,1.);
#535 = DIRECTION('',(0.,0.,1.));
#536 = ORIENTED_EDGE('',*,*,#537,.F.);
#537 = EDGE_CURVE('',#514,#530,#538,.T.);
#538 = LINE('',#539,#540);
#539 = CARTESIAN_POINT('',(-5.397602E+03,-1.41907E+03,987.));
#540 = VECTOR('',#541,1.);
#541 = DIRECTION('',(-1.,2.22044604925E-16,0.));
#542 = PLANE('',#543);
#543 = AXIS2_PLACEMENT_3D('',#544,#545,#546);
#544 = CARTESIAN_POINT('',(-5.397602E+03,-1.41907E+03,1.));
#545 = DIRECTION('',(2.22044604925E-16,1.,0.));
#546 = DIRECTION('',(0.,0.,1.));
#547 = ADVANCED_FACE('',(#548),#564,.F.);
#548 = FACE_BOUND('',#549,.F.);
#549 = EDGE_LOOP('',(#550,#556,#557,#563));
#550 = ORIENTED_EDGE('',*,*,#551,.F.);
#551 = EDGE_CURVE('',#472,#512,#552,.T.);
#552 = LINE('',#553,#554);
#553 = CARTESIAN_POINT('',(-5.397602E+03,-1.44407E+03,1.));
#554 = VECTOR('',#555,1.);
#555 = DIRECTION('',(2.22044604925E-16,1.,0.));
#556 = ORIENTED_EDGE('',*,*,#471,.T.);
#557 = ORIENTED_EDGE('',*,*,#558,.T.);
#558 = EDGE_CURVE('',#474,#514,#559,.T.);
#559 = LINE('',#560,#561);
#560 = CARTESIAN_POINT('',(-5.397602E+03,-1.44407E+03,987.));
#561 = VECTOR('',#562,1.);
#562 = DIRECTION('',(2.22044604925E-16,1.,0.));
#563 = ORIENTED_EDGE('',*,*,#511,.F.);
#564 = PLANE('',#565);
#565 = AXIS2_PLACEMENT_3D('',#566,#567,#568);
#566 = CARTESIAN_POINT('',(-5.397602E+03,-1.44407E+03,1.));
#567 = DIRECTION('',(-1.,2.22044604925E-16,0.));
#568 = DIRECTION('',(0.,0.,1.));
#569 = ADVANCED_FACE('',(#570),#586,.T.);
#570 = FACE_BOUND('',#571,.T.);
#571 = EDGE_LOOP('',(#572,#578,#579,#585));
#572 = ORIENTED_EDGE('',*,*,#573,.F.);
#573 = EDGE_CURVE('',#482,#522,#574,.T.);
#574 = LINE('',#575,#576);
#575 = CARTESIAN_POINT('',(-5.422602E+03,-1.44407E+03,1.));
#576 = VECTOR('',#577,1.);
#577 = DIRECTION('',(2.22044604925E-16,1.,0.));
#578 = ORIENTED_EDGE('',*,*,#489,.T.);
#579 = ORIENTED_EDGE('',*,*,#580,.T.);
#580 = EDGE_CURVE('',#490,#530,#581,.T.);
#581 = LINE('',#582,#583);
#582 = CARTESIAN_POINT('',(-5.422602E+03,-1.44407E+03,987.));
#583 = VECTOR('',#584,1.);
#584 = DIRECTION('',(2.22044604925E-16,1.,0.));
#585 = ORIENTED_EDGE('',*,*,#529,.F.);
#586 = PLANE('',#587);
#587 = AXIS2_PLACEMENT_3D('',#588,#589,#590);
#588 = CARTESIAN_POINT('',(-5.422602E+03,-1.44407E+03,1.));
#589 = DIRECTION('',(-1.,2.22044604925E-16,0.));
#590 = DIRECTION('',(0.,0.,1.));
#591 = ADVANCED_FACE('',(#592),#598,.F.);
#592 = FACE_BOUND('',#593,.F.);
#593 = EDGE_LOOP('',(#594,#595,#596,#597));
#594 = ORIENTED_EDGE('',*,*,#481,.F.);
#595 = ORIENTED_EDGE('',*,*,#551,.T.);
#596 = ORIENTED_EDGE('',*,*,#521,.T.);
#597 = ORIENTED_EDGE('',*,*,#573,.F.);
#598 = PLANE('',#599);
#599 = AXIS2_PLACEMENT_3D('',#600,#601,#602);
#600 = CARTESIAN_POINT('',(-5.397602E+03,-1.44407E+03,1.));
#601 = DIRECTION('',(0.,0.,1.));
#602 = DIRECTION('',(2.22044604925E-16,1.,0.));
#603 = ADVANCED_FACE('',(#604),#610,.T.);
#604 = FACE_BOUND('',#605,.T.);
#605 = EDGE_LOOP('',(#606,#607,#608,#609));
#606 = ORIENTED_EDGE('',*,*,#497,.F.);
#607 = ORIENTED_EDGE('',*,*,#558,.T.);
#608 = ORIENTED_EDGE('',*,*,#537,.T.);
#609 = ORIENTED_EDGE('',*,*,#580,.F.);
#610 = PLANE('',#611);
#611 = AXIS2_PLACEMENT_3D('',#612,#613,#614);
#612 = CARTESIAN_POINT('',(-5.397602E+03,-1.44407E+03,987.));
#613 = DIRECTION('',(0.,0.,1.));
#614 = DIRECTION('',(2.22044604925E-16,1.,0.));
#615 = MANIFOLD_SOLID_BREP('',#616);
#616 = CLOSED_SHELL('',(#617,#657,#697,#719,#741,#753));
#617 = ADVANCED_FACE('',(#618),#652,.F.);
#618 = FACE_BOUND('',#619,.F.);
#619 = EDGE_LOOP('',(#620,#630,#638,#646));
#620 = ORIENTED_EDGE('',*,*,#621,.F.);
#621 = EDGE_CURVE('',#622,#624,#626,.T.);
#622 = VERTEX_POINT('',#623);
#623 = CARTESIAN_POINT('',(-5.830602E+03,-1.44407E+03,1.));
#624 = VERTEX_POINT('',#625);
#625 = CARTESIAN_POINT('',(-5.830602E+03,-1.44407E+03,987.));
#626 = LINE('',#627,#628);
#627 = CARTESIAN_POINT('',(-5.830602E+03,-1.44407E+03,1.));
#628 = VECTOR('',#629,1.);
#629 = DIRECTION('',(0.,0.,1.));
#630 = ORIENTED_EDGE('',*,*,#631,.T.);
#631 = EDGE_CURVE('',#622,#632,#634,.T.);
#632 = VERTEX_POINT('',#633);
#633 = CARTESIAN_POINT('',(-5.855602E+03,-1.44407E+03,1.));
#634 = LINE('',#635,#636);
#635 = CARTESIAN_POINT('',(-5.830602E+03,-1.44407E+03,1.));
#636 = VECTOR('',#637,1.);
#637 = DIRECTION('',(-1.,2.22044604925E-16,0.));
#638 = ORIENTED_EDGE('',*,*,#639,.T.);
#639 = EDGE_CURVE('',#632,#640,#642,.T.);
#640 = VERTEX_POINT('',#641);
#641 = CARTESIAN_POINT('',(-5.855602E+03,-1.44407E+03,987.));
#642 = LINE('',#643,#644);
#643 = CARTESIAN_POINT('',(-5.855602E+03,-1.44407E+03,1.));
#644 = VECTOR('',#645,1.);
#645 = DIRECTION('',(0.,0.,1.));
#646 = ORIENTED_EDGE('',*,*,#647,.F.);
#647 = EDGE_CURVE('',#624,#640,#648,.T.);
#648 = LINE('',#649,#650);
#649 = CARTESIAN_POINT('',(-5.830602E+03,-1.44407E+03,987.));
#650 = VECTOR('',#651,1.);
#651 = DIRECTION('',(-1.,2.22044604925E-16,0.));
#652 = PLANE('',#653);
#653 = AXIS2_PLACEMENT_3D('',#654,#655,#656);
#654 = CARTESIAN_POINT('',(-5.830602E+03,-1.44407E+03,1.));
#655 = DIRECTION('',(2.22044604925E-16,1.,0.));
#656 = DIRECTION('',(0.,0.,1.));
#657 = ADVANCED_FACE('',(#658),#692,.T.);
#658 = FACE_BOUND('',#659,.T.);
#659 = EDGE_LOOP('',(#660,#670,#678,#686));
#660 = ORIENTED_EDGE('',*,*,#661,.F.);
#661 = EDGE_CURVE('',#662,#664,#666,.T.);
#662 = VERTEX_POINT('',#663);
#663 = CARTESIAN_POINT('',(-5.830602E+03,-1.41907E+03,1.));
#664 = VERTEX_POINT('',#665);
#665 = CARTESIAN_POINT('',(-5.830602E+03,-1.41907E+03,987.));
#666 = LINE('',#667,#668);
#667 = CARTESIAN_POINT('',(-5.830602E+03,-1.41907E+03,1.));
#668 = VECTOR('',#669,1.);
#669 = DIRECTION('',(0.,0.,1.));
#670 = ORIENTED_EDGE('',*,*,#671,.T.);
#671 = EDGE_CURVE('',#662,#672,#674,.T.);
#672 = VERTEX_POINT('',#673);
#673 = CARTESIAN_POINT('',(-5.855602E+03,-1.41907E+03,1.));
#674 = LINE('',#675,#676);
#675 = CARTESIAN_POINT('',(-5.830602E+03,-1.41907E+03,1.));
#676 = VECTOR('',#677,1.);
#677 = DIRECTION('',(-1.,2.22044604925E-16,0.));
#678 = ORIENTED_EDGE('',*,*,#679,.T.);
#679 = EDGE_CURVE('',#672,#680,#682,.T.);
#680 = VERTEX_POINT('',#681);
#681 = CARTESIAN_POINT('',(-5.855602E+03,-1.41907E+03,987.));
#682 = LINE('',#683,#684);
#683 = CARTESIAN_POINT('',(-5.855602E+03,-1.41907E+03,1.));
#684 = VECTOR('',#685,1.);
#685 = DIRECTION('',(0.,0.,1.));
#686 = ORIENTED_EDGE('',*,*,#687,.F.);
#687 = EDGE_CURVE('',#664,#680,#688,.T.);
#688 = LINE('',#689,#690);
#689 = CARTESIAN_POINT('',(-5.830602E+03,-1.41907E+03,987.));
#690 = VECTOR('',#691,1.);
#691 = DIRECTION('',(-1.,2.22044604925E-16,0.));
#692 = PLANE('',#693);
#693 = AXIS2_PLACEMENT_3D('',#694,#695,#696);
#694 = CARTESIAN_POINT('',(-5.830602E+03,-1.41907E+03,1.));
#695 = DIRECTION('',(2.22044604925E-16,1.,0.));
#696 = DIRECTION('',(0.,0.,1.));
#697 = ADVANCED_FACE('',(#698),#714,.F.);
#698 = FACE_BOUND('',#699,.F.);
#699 = EDGE_LOOP('',(#700,#706,#707,#713));
#700 = ORIENTED_EDGE('',*,*,#701,.F.);
#701 = EDGE_CURVE('',#622,#662,#702,.T.);
#702 = LINE('',#703,#704);
#703 = CARTESIAN_POINT('',(-5.830602E+03,-1.44407E+03,1.));
#704 = VECTOR('',#705,1.);
#705 = DIRECTION('',(2.22044604925E-16,1.,0.));
#706 = ORIENTED_EDGE('',*,*,#621,.T.);
#707 = ORIENTED_EDGE('',*,*,#708,.T.);
#708 = EDGE_CURVE('',#624,#664,#709,.T.);
#709 = LINE('',#710,#711);
#710 = CARTESIAN_POINT('',(-5.830602E+03,-1.44407E+03,987.));
#711 = VECTOR('',#712,1.);
#712 = DIRECTION('',(2.22044604925E-16,1.,0.));
#713 = ORIENTED_EDGE('',*,*,#661,.F.);
#714 = PLANE('',#715);
#715 = AXIS2_PLACEMENT_3D('',#716,#717,#718);
#716 = CARTESIAN_POINT('',(-5.830602E+03,-1.44407E+03,1.));
#717 = DIRECTION('',(-1.,2.22044604925E-16,0.));
#718 = DIRECTION('',(0.,0.,1.));
#719 = ADVANCED_FACE('',(#720),#736,.T.);
#720 = FACE_BOUND('',#721,.T.);
#721 = EDGE_LOOP('',(#722,#728,#729,#735));
#722 = ORIENTED_EDGE('',*,*,#723,.F.);
#723 = EDGE_CURVE('',#632,#672,#724,.T.);
#724 = LINE('',#725,#726);
#725 = CARTESIAN_POINT('',(-5.855602E+03,-1.44407E+03,1.));
#726 = VECTOR('',#727,1.);
#727 = DIRECTION('',(2.22044604925E-16,1.,0.));
#728 = ORIENTED_EDGE('',*,*,#639,.T.);
#729 = ORIENTED_EDGE('',*,*,#730,.T.);
#730 = EDGE_CURVE('',#640,#680,#731,.T.);
#731 = LINE('',#732,#733);
#732 = CARTESIAN_POINT('',(-5.855602E+03,-1.44407E+03,987.));
#733 = VECTOR('',#734,1.);
#734 = DIRECTION('',(2.22044604925E-16,1.,0.));
#735 = ORIENTED_EDGE('',*,*,#679,.F.);
#736 = PLANE('',#737);
#737 = AXIS2_PLACEMENT_3D('',#738,#739,#740);
#738 = CARTESIAN_POINT('',(-5.855602E+03,-1.44407E+03,1.));
#739 = DIRECTION('',(-1.,2.22044604925E-16,0.));
#740 = DIRECTION('',(0.,0.,1.));
#741 = ADVANCED_FACE('',(#742),#748,.F.);
#742 = FACE_BOUND('',#743,.F.);
#743 = EDGE_LOOP('',(#744,#745,#746,#747));
#744 = ORIENTED_EDGE('',*,*,#631,.F.);
#745 = ORIENTED_EDGE('',*,*,#701,.T.);
#746 = ORIENTED_EDGE('',*,*,#671,.T.);
#747 = ORIENTED_EDGE('',*,*,#723,.F.);
#748 = PLANE('',#749);
#749 = AXIS2_PLACEMENT_3D('',#750,#751,#752);
#750 = CARTESIAN_POINT('',(-5.830602E+03,-1.44407E+03,1.));
#751 = DIRECTION('',(0.,0.,1.));
#752 = DIRECTION('',(2.22044604925E-16,1.,0.));
#753 = ADVANCED_FACE('',(#754),#760,.T.);
#754 = FACE_BOUND('',#755,.T.);
#755 = EDGE_LOOP('',(#756,#757,#758,#759));
#756 = ORIENTED_EDGE('',*,*,#647,.F.);
#757 = ORIENTED_EDGE('',*,*,#708,.T.);
#758 = ORIENTED_EDGE('',*,*,#687,.T.);
#759 = ORIENTED_EDGE('',*,*,#730,.F.);
#760 = PLANE('',#761);
#761 = AXIS2_PLACEMENT_3D('',#762,#763,#764);
#762 = CARTESIAN_POINT('',(-5.830602E+03,-1.44407E+03,987.));
#763 = DIRECTION('',(0.,0.,1.));
#764 = DIRECTION('',(2.22044604925E-16,1.,0.));
#765 = MANIFOLD_SOLID_BREP('',#766);
#766 = CLOSED_SHELL('',(#767,#807,#847,#869,#891,#903));
#767 = ADVANCED_FACE('',(#768),#802,.F.);
#768 = FACE_BOUND('',#769,.F.);
#769 = EDGE_LOOP('',(#770,#780,#788,#796));
#770 = ORIENTED_EDGE('',*,*,#771,.F.);
#771 = EDGE_CURVE('',#772,#774,#776,.T.);
#772 = VERTEX_POINT('',#773);
#773 = CARTESIAN_POINT('',(-5.396602E+03,-555.67,111.));
#774 = VERTEX_POINT('',#775);
#775 = CARTESIAN_POINT('',(-5.396602E+03,-555.67,987.));
#776 = LINE('',#777,#778);
#777 = CARTESIAN_POINT('',(-5.396602E+03,-555.67,111.));
#778 = VECTOR('',#779,1.);
#779 = DIRECTION('',(0.,0.,1.));
#780 = ORIENTED_EDGE('',*,*,#781,.T.);
#781 = EDGE_CURVE('',#772,#782,#784,.T.);
#782 = VERTEX_POINT('',#783);
#783 = CARTESIAN_POINT('',(-5.880602E+03,-555.67,111.));
#784 = LINE('',#785,#786);
#785 = CARTESIAN_POINT('',(-5.396602E+03,-555.67,111.));
#786 = VECTOR('',#787,1.);
#787 = DIRECTION('',(-1.,2.22044604925E-16,0.));
#788 = ORIENTED_EDGE('',*,*,#789,.T.);
#789 = EDGE_CURVE('',#782,#790,#792,.T.);
#790 = VERTEX_POINT('',#791);
#791 = CARTESIAN_POINT('',(-5.880602E+03,-555.67,987.));
#792 = LINE('',#793,#794);
#793 = CARTESIAN_POINT('',(-5.880602E+03,-555.67,111.));
#794 = VECTOR('',#795,1.);
#795 = DIRECTION('',(0.,0.,1.));
#796 = ORIENTED_EDGE('',*,*,#797,.F.);
#797 = EDGE_CURVE('',#774,#790,#798,.T.);
#798 = LINE('',#799,#800);
#799 = CARTESIAN_POINT('',(-5.396602E+03,-555.67,987.));
#800 = VECTOR('',#801,1.);
#801 = DIRECTION('',(-1.,2.22044604925E-16,0.));
#802 = PLANE('',#803);
#803 = AXIS2_PLACEMENT_3D('',#804,#805,#806);
#804 = CARTESIAN_POINT('',(-5.396602E+03,-555.67,111.));
#805 = DIRECTION('',(2.22044604925E-16,1.,0.));
#806 = DIRECTION('',(0.,0.,1.));
#807 = ADVANCED_FACE('',(#808),#842,.T.);
#808 = FACE_BOUND('',#809,.T.);
#809 = EDGE_LOOP('',(#810,#820,#828,#836));
#810 = ORIENTED_EDGE('',*,*,#811,.F.);
#811 = EDGE_CURVE('',#812,#814,#816,.T.);
#812 = VERTEX_POINT('',#813);
#813 = CARTESIAN_POINT('',(-5.396602E+03,-531.67,111.));
#814 = VERTEX_POINT('',#815);
#815 = CARTESIAN_POINT('',(-5.396602E+03,-531.67,987.));
#816 = LINE('',#817,#818);
#817 = CARTESIAN_POINT('',(-5.396602E+03,-531.67,111.));
#818 = VECTOR('',#819,1.);
#819 = DIRECTION('',(0.,0.,1.));
#820 = ORIENTED_EDGE('',*,*,#821,.T.);
#821 = EDGE_CURVE('',#812,#822,#824,.T.);
#822 = VERTEX_POINT('',#823);
#823 = CARTESIAN_POINT('',(-5.880602E+03,-531.67,111.));
#824 = LINE('',#825,#826);
#825 = CARTESIAN_POINT('',(-5.396602E+03,-531.67,111.));
#826 = VECTOR('',#827,1.);
#827 = DIRECTION('',(-1.,2.22044604925E-16,0.));
#828 = ORIENTED_EDGE('',*,*,#829,.T.);
#829 = EDGE_CURVE('',#822,#830,#832,.T.);
#830 = VERTEX_POINT('',#831);
#831 = CARTESIAN_POINT('',(-5.880602E+03,-531.67,987.));
#832 = LINE('',#833,#834);
#833 = CARTESIAN_POINT('',(-5.880602E+03,-531.67,111.));
#834 = VECTOR('',#835,1.);
#835 = DIRECTION('',(0.,0.,1.));
#836 = ORIENTED_EDGE('',*,*,#837,.F.);
#837 = EDGE_CURVE('',#814,#830,#838,.T.);
#838 = LINE('',#839,#840);
#839 = CARTESIAN_POINT('',(-5.396602E+03,-531.67,987.));
#840 = VECTOR('',#841,1.);
#841 = DIRECTION('',(-1.,2.22044604925E-16,0.));
#842 = PLANE('',#843);
#843 = AXIS2_PLACEMENT_3D('',#844,#845,#846);
#844 = CARTESIAN_POINT('',(-5.396602E+03,-531.67,111.));
#845 = DIRECTION('',(2.22044604925E-16,1.,0.));
#846 = DIRECTION('',(0.,0.,1.));
#847 = ADVANCED_FACE('',(#848),#864,.F.);
#848 = FACE_BOUND('',#849,.F.);
#849 = EDGE_LOOP('',(#850,#856,#857,#863));
#850 = ORIENTED_EDGE('',*,*,#851,.F.);
#851 = EDGE_CURVE('',#772,#812,#852,.T.);
#852 = LINE('',#853,#854);
#853 = CARTESIAN_POINT('',(-5.396602E+03,-555.67,111.));
#854 = VECTOR('',#855,1.);
#855 = DIRECTION('',(2.22044604925E-16,1.,0.));
#856 = ORIENTED_EDGE('',*,*,#771,.T.);
#857 = ORIENTED_EDGE('',*,*,#858,.T.);
#858 = EDGE_CURVE('',#774,#814,#859,.T.);
#859 = LINE('',#860,#861);
#860 = CARTESIAN_POINT('',(-5.396602E+03,-555.67,987.));
#861 = VECTOR('',#862,1.);
#862 = DIRECTION('',(2.22044604925E-16,1.,0.));
#863 = ORIENTED_EDGE('',*,*,#811,.F.);
#864 = PLANE('',#865);
#865 = AXIS2_PLACEMENT_3D('',#866,#867,#868);
#866 = CARTESIAN_POINT('',(-5.396602E+03,-555.67,111.));
#867 = DIRECTION('',(-1.,2.22044604925E-16,0.));
#868 = DIRECTION('',(0.,0.,1.));
#869 = ADVANCED_FACE('',(#870),#886,.T.);
#870 = FACE_BOUND('',#871,.T.);
#871 = EDGE_LOOP('',(#872,#878,#879,#885));
#872 = ORIENTED_EDGE('',*,*,#873,.F.);
#873 = EDGE_CURVE('',#782,#822,#874,.T.);
#874 = LINE('',#875,#876);
#875 = CARTESIAN_POINT('',(-5.880602E+03,-555.67,111.));
#876 = VECTOR('',#877,1.);
#877 = DIRECTION('',(2.22044604925E-16,1.,0.));
#878 = ORIENTED_EDGE('',*,*,#789,.T.);
#879 = ORIENTED_EDGE('',*,*,#880,.T.);
#880 = EDGE_CURVE('',#790,#830,#881,.T.);
#881 = LINE('',#882,#883);
#882 = CARTESIAN_POINT('',(-5.880602E+03,-555.67,987.));
#883 = VECTOR('',#884,1.);
#884 = DIRECTION('',(2.22044604925E-16,1.,0.));
#885 = ORIENTED_EDGE('',*,*,#829,.F.);
#886 = PLANE('',#887);
#887 = AXIS2_PLACEMENT_3D('',#888,#889,#890);
#888 = CARTESIAN_POINT('',(-5.880602E+03,-555.67,111.));
#889 = DIRECTION('',(-1.,2.22044604925E-16,0.));
#890 = DIRECTION('',(0.,0.,1.));
#891 = ADVANCED_FACE('',(#892),#898,.F.);
#892 = FACE_BOUND('',#893,.F.);
#893 = EDGE_LOOP('',(#894,#895,#896,#897));
#894 = ORIENTED_EDGE('',*,*,#781,.F.);
#895 = ORIENTED_EDGE('',*,*,#851,.T.);
#896 = ORIENTED_EDGE('',*,*,#821,.T.);
#897 = ORIENTED_EDGE('',*,*,#873,.F.);
#898 = PLANE('',#899);
#899 = AXIS2_PLACEMENT_3D('',#900,#901,#902);
#900 = CARTESIAN_POINT('',(-5.396602E+03,-555.67,111.));
#901 = DIRECTION('',(0.,0.,1.));
#902 = DIRECTION('',(2.22044604925E-16,1.,0.));
#903 = ADVANCED_FACE('',(#904),#910,.T.);
#904 = FACE_BOUND('',#905,.T.);
#905 = EDGE_LOOP('',(#906,#907,#908,#909));
#906 = ORIENTED_EDGE('',*,*,#797,.F.);
#907 = ORIENTED_EDGE('',*,*,#858,.T.);
#908 = ORIENTED_EDGE('',*,*,#837,.T.);
#909 = ORIENTED_EDGE('',*,*,#880,.F.);
#910 = PLANE('',#911);
#911 = AXIS2_PLACEMENT_3D('',#912,#913,#914);
#912 = CARTESIAN_POINT('',(-5.396602E+03,-555.67,987.));
#913 = DIRECTION('',(0.,0.,1.));
#914 = DIRECTION('',(2.22044604925E-16,1.,0.));
#915 = MANIFOLD_SOLID_BREP('',#916);
#916 = CLOSED_SHELL('',(#917,#957,#997,#1019,#1041,#1053));
#917 = ADVANCED_FACE('',(#918),#952,.F.);
#918 = FACE_BOUND('',#919,.F.);
#919 = EDGE_LOOP('',(#920,#930,#938,#946));
#920 = ORIENTED_EDGE('',*,*,#921,.F.);
#921 = EDGE_CURVE('',#922,#924,#926,.T.);
#922 = VERTEX_POINT('',#923);
#923 = CARTESIAN_POINT('',(-5.397602E+03,-558.67,1.));
#924 = VERTEX_POINT('',#925);
#925 = CARTESIAN_POINT('',(-5.397602E+03,-558.67,987.));
#926 = LINE('',#927,#928);
#927 = CARTESIAN_POINT('',(-5.397602E+03,-558.67,1.));
#928 = VECTOR('',#929,1.);
#929 = DIRECTION('',(0.,0.,1.));
#930 = ORIENTED_EDGE('',*,*,#931,.T.);
#931 = EDGE_CURVE('',#922,#932,#934,.T.);
#932 = VERTEX_POINT('',#933);
#933 = CARTESIAN_POINT('',(-5.422602E+03,-558.67,1.));
#934 = LINE('',#935,#936);
#935 = CARTESIAN_POINT('',(-5.397602E+03,-558.67,1.));
#936 = VECTOR('',#937,1.);
#937 = DIRECTION('',(-1.,2.22044604925E-16,0.));
#938 = ORIENTED_EDGE('',*,*,#939,.T.);
#939 = EDGE_CURVE('',#932,#940,#942,.T.);
#940 = VERTEX_POINT('',#941);
#941 = CARTESIAN_POINT('',(-5.422602E+03,-558.67,987.));
#942 = LINE('',#943,#944);
#943 = CARTESIAN_POINT('',(-5.422602E+03,-558.67,1.));
#944 = VECTOR('',#945,1.);
#945 = DIRECTION('',(0.,0.,1.));
#946 = ORIENTED_EDGE('',*,*,#947,.F.);
#947 = EDGE_CURVE('',#924,#940,#948,.T.);
#948 = LINE('',#949,#950);
#949 = CARTESIAN_POINT('',(-5.397602E+03,-558.67,987.));
#950 = VECTOR('',#951,1.);
#951 = DIRECTION('',(-1.,2.22044604925E-16,0.));
#952 = PLANE('',#953);
#953 = AXIS2_PLACEMENT_3D('',#954,#955,#956);
#954 = CARTESIAN_POINT('',(-5.397602E+03,-558.67,1.));
#955 = DIRECTION('',(2.22044604925E-16,1.,0.));
#956 = DIRECTION('',(0.,0.,1.));
#957 = ADVANCED_FACE('',(#958),#992,.T.);
#958 = FACE_BOUND('',#959,.T.);
#959 = EDGE_LOOP('',(#960,#970,#978,#986));
#960 = ORIENTED_EDGE('',*,*,#961,.F.);
#961 = EDGE_CURVE('',#962,#964,#966,.T.);
#962 = VERTEX_POINT('',#963);
#963 = CARTESIAN_POINT('',(-5.397602E+03,-533.67,1.));
#964 = VERTEX_POINT('',#965);
#965 = CARTESIAN_POINT('',(-5.397602E+03,-533.67,987.));
#966 = LINE('',#967,#968);
#967 = CARTESIAN_POINT('',(-5.397602E+03,-533.67,1.));
#968 = VECTOR('',#969,1.);
#969 = DIRECTION('',(0.,0.,1.));
#970 = ORIENTED_EDGE('',*,*,#971,.T.);
#971 = EDGE_CURVE('',#962,#972,#974,.T.);
#972 = VERTEX_POINT('',#973);
#973 = CARTESIAN_POINT('',(-5.422602E+03,-533.67,1.));
#974 = LINE('',#975,#976);
#975 = CARTESIAN_POINT('',(-5.397602E+03,-533.67,1.));
#976 = VECTOR('',#977,1.);
#977 = DIRECTION('',(-1.,2.22044604925E-16,0.));
#978 = ORIENTED_EDGE('',*,*,#979,.T.);
#979 = EDGE_CURVE('',#972,#980,#982,.T.);
#980 = VERTEX_POINT('',#981);
#981 = CARTESIAN_POINT('',(-5.422602E+03,-533.67,987.));
#982 = LINE('',#983,#984);
#983 = CARTESIAN_POINT('',(-5.422602E+03,-533.67,1.));
#984 = VECTOR('',#985,1.);
#985 = DIRECTION('',(0.,0.,1.));
#986 = ORIENTED_EDGE('',*,*,#987,.F.);
#987 = EDGE_CURVE('',#964,#980,#988,.T.);
#988 = LINE('',#989,#990);
#989 = CARTESIAN_POINT('',(-5.397602E+03,-533.67,987.));
#990 = VECTOR('',#991,1.);
#991 = DIRECTION('',(-1.,2.22044604925E-16,0.));
#992 = PLANE('',#993);
#993 = AXIS2_PLACEMENT_3D('',#994,#995,#996);
#994 = CARTESIAN_POINT('',(-5.397602E+03,-533.67,1.));
#995 = DIRECTION('',(2.22044604925E-16,1.,0.));
#996 = DIRECTION('',(0.,0.,1.));
#997 = ADVANCED_FACE('',(#998),#1014,.F.);
#998 = FACE_BOUND('',#999,.F.);
#999 = EDGE_LOOP('',(#1000,#1006,#1007,#1013));
#1000 = ORIENTED_EDGE('',*,*,#1001,.F.);
#1001 = EDGE_CURVE('',#922,#962,#1002,.T.);
#1002 = LINE('',#1003,#1004);
#1003 = CARTESIAN_POINT('',(-5.397602E+03,-558.67,1.));
#1004 = VECTOR('',#1005,1.);
#1005 = DIRECTION('',(2.22044604925E-16,1.,0.));
#1006 = ORIENTED_EDGE('',*,*,#921,.T.);
#1007 = ORIENTED_EDGE('',*,*,#1008,.T.);
#1008 = EDGE_CURVE('',#924,#964,#1009,.T.);
#1009 = LINE('',#1010,#1011);
#1010 = CARTESIAN_POINT('',(-5.397602E+03,-558.67,987.));
#1011 = VECTOR('',#1012,1.);
#1012 = DIRECTION('',(2.22044604925E-16,1.,0.));
#1013 = ORIENTED_EDGE('',*,*,#961,.F.);
#1014 = PLANE('',#1015);
#1015 = AXIS2_PLACEMENT_3D('',#1016,#1017,#1018);
#1016 = CARTESIAN_POINT('',(-5.397602E+03,-558.67,1.));
#1017 = DIRECTION('',(-1.,2.22044604925E-16,0.));
#1018 = DIRECTION('',(0.,0.,1.));
#1019 = ADVANCED_FACE('',(#1020),#1036,.T.);
#1020 = FACE_BOUND('',#1021,.T.);
#1021 = EDGE_LOOP('',(#1022,#1028,#1029,#1035));
#1022 = ORIENTED_EDGE('',*,*,#1023,.F.);
#1023 = EDGE_CURVE('',#932,#972,#1024,.T.);
#1024 = LINE('',#1025,#1026);
#1025 = CARTESIAN_POINT('',(-5.422602E+03,-558.67,1.));
#1026 = VECTOR('',#1027,1.);
#1027 = DIRECTION('',(2.22044604925E-16,1.,0.));
#1028 = ORIENTED_EDGE('',*,*,#939,.T.);
#1029 = ORIENTED_EDGE('',*,*,#1030,.T.);
#1030 = EDGE_CURVE('',#940,#980,#1031,.T.);
#1031 = LINE('',#1032,#1033);
#1032 = CARTESIAN_POINT('',(-5.422602E+03,-558.67,987.));
#1033 = VECTOR('',#1034,1.);
#1034 = DIRECTION('',(2.22044604925E-16,1.,0.));
#1035 = ORIENTED_EDGE('',*,*,#979,.F.);
#1036 = PLANE('',#1037);
#1037 = AXIS2_PLACEMENT_3D('',#1038,#1039,#1040);
#1038 = CARTESIAN_POINT('',(-5.422602E+03,-558.67,1.));
#1039 = DIRECTION('',(-1.,2.22044604925E-16,0.));
#1040 = DIRECTION('',(0.,0.,1.));
#1041 = ADVANCED_FACE('',(#1042),#1048,.F.);
#1042 = FACE_BOUND('',#1043,.F.);
#1043 = EDGE_LOOP('',(#1044,#1045,#1046,#1047));
#1044 = ORIENTED_EDGE('',*,*,#931,.F.);
#1045 = ORIENTED_EDGE('',*,*,#1001,.T.);
#1046 = ORIENTED_EDGE('',*,*,#971,.T.);
#1047 = ORIENTED_EDGE('',*,*,#1023,.F.);
#1048 = PLANE('',#1049);
#1049 = AXIS2_PLACEMENT_3D('',#1050,#1051,#1052);
#1050 = CARTESIAN_POINT('',(-5.397602E+03,-558.67,1.));
#1051 = DIRECTION('',(0.,0.,1.));
#1052 = DIRECTION('',(2.22044604925E-16,1.,0.));
#1053 = ADVANCED_FACE('',(#1054),#1060,.T.);
#1054 = FACE_BOUND('',#1055,.T.);
#1055 = EDGE_LOOP('',(#1056,#1057,#1058,#1059));
#1056 = ORIENTED_EDGE('',*,*,#947,.F.);
#1057 = ORIENTED_EDGE('',*,*,#1008,.T.);
#1058 = ORIENTED_EDGE('',*,*,#987,.T.);
#1059 = ORIENTED_EDGE('',*,*,#1030,.F.);
#1060 = PLANE('',#1061);
#1061 = AXIS2_PLACEMENT_3D('',#1062,#1063,#1064);
#1062 = CARTESIAN_POINT('',(-5.397602E+03,-558.67,987.));
#1063 = DIRECTION('',(0.,0.,1.));
#1064 = DIRECTION('',(2.22044604925E-16,1.,0.));
#1065 = MANIFOLD_SOLID_BREP('',#1066);
#1066 = CLOSED_SHELL('',(#1067,#1107,#1147,#1169,#1191,#1203));
#1067 = ADVANCED_FACE('',(#1068),#1102,.F.);
#1068 = FACE_BOUND('',#1069,.F.);
#1069 = EDGE_LOOP('',(#1070,#1080,#1088,#1096));
#1070 = ORIENTED_EDGE('',*,*,#1071,.F.);
#1071 = EDGE_CURVE('',#1072,#1074,#1076,.T.);
#1072 = VERTEX_POINT('',#1073);
#1073 = CARTESIAN_POINT('',(-5.830602E+03,-558.67,1.));
#1074 = VERTEX_POINT('',#1075);
#1075 = CARTESIAN_POINT('',(-5.830602E+03,-558.67,987.));
#1076 = LINE('',#1077,#1078);
#1077 = CARTESIAN_POINT('',(-5.830602E+03,-558.67,1.));
#1078 = VECTOR('',#1079,1.);
#1079 = DIRECTION('',(0.,0.,1.));
#1080 = ORIENTED_EDGE('',*,*,#1081,.T.);
#1081 = EDGE_CURVE('',#1072,#1082,#1084,.T.);
#1082 = VERTEX_POINT('',#1083);
#1083 = CARTESIAN_POINT('',(-5.855602E+03,-558.67,1.));
#1084 = LINE('',#1085,#1086);
#1085 = CARTESIAN_POINT('',(-5.830602E+03,-558.67,1.));
#1086 = VECTOR('',#1087,1.);
#1087 = DIRECTION('',(-1.,2.22044604925E-16,0.));
#1088 = ORIENTED_EDGE('',*,*,#1089,.T.);
#1089 = EDGE_CURVE('',#1082,#1090,#1092,.T.);
#1090 = VERTEX_POINT('',#1091);
#1091 = CARTESIAN_POINT('',(-5.855602E+03,-558.67,987.));
#1092 = LINE('',#1093,#1094);
#1093 = CARTESIAN_POINT('',(-5.855602E+03,-558.67,1.));
#1094 = VECTOR('',#1095,1.);
#1095 = DIRECTION('',(0.,0.,1.));
#1096 = ORIENTED_EDGE('',*,*,#1097,.F.);
#1097 = EDGE_CURVE('',#1074,#1090,#1098,.T.);
#1098 = LINE('',#1099,#1100);
#1099 = CARTESIAN_POINT('',(-5.830602E+03,-558.67,987.));
#1100 = VECTOR('',#1101,1.);
#1101 = DIRECTION('',(-1.,2.22044604925E-16,0.));
#1102 = PLANE('',#1103);
#1103 = AXIS2_PLACEMENT_3D('',#1104,#1105,#1106);
#1104 = CARTESIAN_POINT('',(-5.830602E+03,-558.67,1.));
#1105 = DIRECTION('',(2.22044604925E-16,1.,0.));
#1106 = DIRECTION('',(0.,0.,1.));
#1107 = ADVANCED_FACE('',(#1108),#1142,.T.);
#1108 = FACE_BOUND('',#1109,.T.);
#1109 = EDGE_LOOP('',(#1110,#1120,#1128,#1136));
#1110 = ORIENTED_EDGE('',*,*,#1111,.F.);
#1111 = EDGE_CURVE('',#1112,#1114,#1116,.T.);
#1112 = VERTEX_POINT('',#1113);
#1113 = CARTESIAN_POINT('',(-5.830602E+03,-533.67,1.));
#1114 = VERTEX_POINT('',#1115);
#1115 = CARTESIAN_POINT('',(-5.830602E+03,-533.67,987.));
#1116 = LINE('',#1117,#1118);
#1117 = CARTESIAN_POINT('',(-5.830602E+03,-533.67,1.));
#1118 = VECTOR('',#1119,1.);
#1119 = DIRECTION('',(0.,0.,1.));
#1120 = ORIENTED_EDGE('',*,*,#1121,.T.);
#1121 = EDGE_CURVE('',#1112,#1122,#1124,.T.);
#1122 = VERTEX_POINT('',#1123);
#1123 = CARTESIAN_POINT('',(-5.855602E+03,-533.67,1.));
#1124 = LINE('',#1125,#1126);
#1125 = CARTESIAN_POINT('',(-5.830602E+03,-533.67,1.));
#1126 = VECTOR('',#1127,1.);
#1127 = DIRECTION('',(-1.,2.22044604925E-16,0.));
#1128 = ORIENTED_EDGE('',*,*,#1129,.T.);
#1129 = EDGE_CURVE('',#1122,#1130,#1132,.T.);
#1130 = VERTEX_POINT('',#1131);
#1131 = CARTESIAN_POINT('',(-5.855602E+03,-533.67,987.));
#1132 = LINE('',#1133,#1134);
#1133 = CARTESIAN_POINT('',(-5.855602E+03,-533.67,1.));
#1134 = VECTOR('',#1135,1.);
#1135 = DIRECTION('',(0.,0.,1.));
#1136 = ORIENTED_EDGE('',*,*,#1137,.F.);
#1137 = EDGE_CURVE('',#1114,#1130,#1138,.T.);
#1138 = LINE('',#1139,#1140);
#1139 = CARTESIAN_POINT('',(-5.830602E+03,-533.67,987.));
#1140 = VECTOR('',#1141,1.);
#1141 = DIRECTION('',(-1.,2.22044604925E-16,0.));
#1142 = PLANE('',#1143);
#1143 = AXIS2_PLACEMENT_3D('',#1144,#1145,#1146);
#1144 = CARTESIAN_POINT('',(-5.830602E+03,-533.67,1.));
#1145 = DIRECTION('',(2.22044604925E-16,1.,0.));
#1146 = DIRECTION('',(0.,0.,1.));
#1147 = ADVANCED_FACE('',(#1148),#1164,.F.);
#1148 = FACE_BOUND('',#1149,.F.);
#1149 = EDGE_LOOP('',(#1150,#1156,#1157,#1163));
#1150 = ORIENTED_EDGE('',*,*,#1151,.F.);
#1151 = EDGE_CURVE('',#1072,#1112,#1152,.T.);
#1152 = LINE('',#1153,#1154);
#1153 = CARTESIAN_POINT('',(-5.830602E+03,-558.67,1.));
#1154 = VECTOR('',#1155,1.);
#1155 = DIRECTION('',(2.22044604925E-16,1.,0.));
#1156 = ORIENTED_EDGE('',*,*,#1071,.T.);
#1157 = ORIENTED_EDGE('',*,*,#1158,.T.);
#1158 = EDGE_CURVE('',#1074,#1114,#1159,.T.);
#1159 = LINE('',#1160,#1161);
#1160 = CARTESIAN_POINT('',(-5.830602E+03,-558.67,987.));
#1161 = VECTOR('',#1162,1.);
#1162 = DIRECTION('',(2.22044604925E-16,1.,0.));
#1163 = ORIENTED_EDGE('',*,*,#1111,.F.);
#1164 = PLANE('',#1165);
#1165 = AXIS2_PLACEMENT_3D('',#1166,#1167,#1168);
#1166 = CARTESIAN_POINT('',(-5.830602E+03,-558.67,1.));
#1167 = DIRECTION('',(-1.,2.22044604925E-16,0.));
#1168 = DIRECTION('',(0.,0.,1.));
#1169 = ADVANCED_FACE('',(#1170),#1186,.T.);
#1170 = FACE_BOUND('',#1171,.T.);
#1171 = EDGE_LOOP('',(#1172,#1178,#1179,#1185));
#1172 = ORIENTED_EDGE('',*,*,#1173,.F.);
#1173 = EDGE_CURVE('',#1082,#1122,#1174,.T.);
#1174 = LINE('',#1175,#1176);
#1175 = CARTESIAN_POINT('',(-5.855602E+03,-558.67,1.));
#1176 = VECTOR('',#1177,1.);
#1177 = DIRECTION('',(2.22044604925E-16,1.,0.));
#1178 = ORIENTED_EDGE('',*,*,#1089,.T.);
#1179 = ORIENTED_EDGE('',*,*,#1180,.T.);
#1180 = EDGE_CURVE('',#1090,#1130,#1181,.T.);
#1181 = LINE('',#1182,#1183);
#1182 = CARTESIAN_POINT('',(-5.855602E+03,-558.67,987.));
#1183 = VECTOR('',#1184,1.);
#1184 = DIRECTION('',(2.22044604925E-16,1.,0.));
#1185 = ORIENTED_EDGE('',*,*,#1129,.F.);
#1186 = PLANE('',#1187);
#1187 = AXIS2_PLACEMENT_3D('',#1188,#1189,#1190);
#1188 = CARTESIAN_POINT('',(-5.855602E+03,-558.67,1.));
#1189 = DIRECTION('',(-1.,2.22044604925E-16,0.));
#1190 = DIRECTION('',(0.,0.,1.));
#1191 = ADVANCED_FACE('',(#1192),#1198,.F.);
#1192 = FACE_BOUND('',#1193,.F.);
#1193 = EDGE_LOOP('',(#1194,#1195,#1196,#1197));
#1194 = ORIENTED_EDGE('',*,*,#1081,.F.);
#1195 = ORIENTED_EDGE('',*,*,#1151,.T.);
#1196 = ORIENTED_EDGE('',*,*,#1121,.T.);
#1197 = ORIENTED_EDGE('',*,*,#1173,.F.);
#1198 = PLANE('',#1199);
#1199 = AXIS2_PLACEMENT_3D('',#1200,#1201,#1202);
#1200 = CARTESIAN_POINT('',(-5.830602E+03,-558.67,1.));
#1201 = DIRECTION('',(0.,0.,1.));
#1202 = DIRECTION('',(2.22044604925E-16,1.,0.));
#1203 = ADVANCED_FACE('',(#1204),#1210,.T.);
#1204 = FACE_BOUND('',#1205,.T.);
#1205 = EDGE_LOOP('',(#1206,#1207,#1208,#1209));
#1206 = ORIENTED_EDGE('',*,*,#1097,.F.);
#1207 = ORIENTED_EDGE('',*,*,#1158,.T.);
#1208 = ORIENTED_EDGE('',*,*,#1137,.T.);
#1209 = ORIENTED_EDGE('',*,*,#1180,.F.);
#1210 = PLANE('',#1211);
#1211 = AXIS2_PLACEMENT_3D('',#1212,#1213,#1214);
#1212 = CARTESIAN_POINT('',(-5.830602E+03,-558.67,987.));
#1213 = DIRECTION('',(0.,0.,1.));
#1214 = DIRECTION('',(2.22044604925E-16,1.,0.));
#1215 = MANIFOLD_SOLID_BREP('',#1216);
#1216 = CLOSED_SHELL('',(#1217,#1257,#1297,#1319,#1341,#1353));
#1217 = ADVANCED_FACE('',(#1218),#1252,.F.);
#1218 = FACE_BOUND('',#1219,.F.);
#1219 = EDGE_LOOP('',(#1220,#1230,#1238,#1246));
#1220 = ORIENTED_EDGE('',*,*,#1221,.F.);
#1221 = EDGE_CURVE('',#1222,#1224,#1226,.T.);
#1222 = VERTEX_POINT('',#1223);
#1223 = CARTESIAN_POINT('',(-5.397602E+03,-1.42107E+03,41.));
#1224 = VERTEX_POINT('',#1225);
#1225 = CARTESIAN_POINT('',(-5.397602E+03,-1.42107E+03,66.));
#1226 = LINE('',#1227,#1228);
#1227 = CARTESIAN_POINT('',(-5.397602E+03,-1.42107E+03,41.));
#1228 = VECTOR('',#1229,1.);
#1229 = DIRECTION('',(0.,0.,1.));
#1230 = ORIENTED_EDGE('',*,*,#1231,.T.);
#1231 = EDGE_CURVE('',#1222,#1232,#1234,.T.);
#1232 = VERTEX_POINT('',#1233);
#1233 = CARTESIAN_POINT('',(-5.422602E+03,-1.42107E+03,41.));
#1234 = LINE('',#1235,#1236);
#1235 = CARTESIAN_POINT('',(-5.397602E+03,-1.42107E+03,41.));
#1236 = VECTOR('',#1237,1.);
#1237 = DIRECTION('',(-1.,2.22044604925E-16,0.));
#1238 = ORIENTED_EDGE('',*,*,#1239,.T.);
#1239 = EDGE_CURVE('',#1232,#1240,#1242,.T.);
#1240 = VERTEX_POINT('',#1241);
#1241 = CARTESIAN_POINT('',(-5.422602E+03,-1.42107E+03,66.));
#1242 = LINE('',#1243,#1244);
#1243 = CARTESIAN_POINT('',(-5.422602E+03,-1.42107E+03,41.));
#1244 = VECTOR('',#1245,1.);
#1245 = DIRECTION('',(0.,0.,1.));
#1246 = ORIENTED_EDGE('',*,*,#1247,.F.);
#1247 = EDGE_CURVE('',#1224,#1240,#1248,.T.);
#1248 = LINE('',#1249,#1250);
#1249 = CARTESIAN_POINT('',(-5.397602E+03,-1.42107E+03,66.));
#1250 = VECTOR('',#1251,1.);
#1251 = DIRECTION('',(-1.,2.22044604925E-16,0.));
#1252 = PLANE('',#1253);
#1253 = AXIS2_PLACEMENT_3D('',#1254,#1255,#1256);
#1254 = CARTESIAN_POINT('',(-5.397602E+03,-1.42107E+03,41.));
#1255 = DIRECTION('',(2.22044604925E-16,1.,0.));
#1256 = DIRECTION('',(0.,0.,1.));
#1257 = ADVANCED_FACE('',(#1258),#1292,.T.);
#1258 = FACE_BOUND('',#1259,.T.);
#1259 = EDGE_LOOP('',(#1260,#1270,#1278,#1286));
#1260 = ORIENTED_EDGE('',*,*,#1261,.F.);
#1261 = EDGE_CURVE('',#1262,#1264,#1266,.T.);
#1262 = VERTEX_POINT('',#1263);
#1263 = CARTESIAN_POINT('',(-5.397602E+03,-556.67,41.));
#1264 = VERTEX_POINT('',#1265);
#1265 = CARTESIAN_POINT('',(-5.397602E+03,-556.67,66.));
#1266 = LINE('',#1267,#1268);
#1267 = CARTESIAN_POINT('',(-5.397602E+03,-556.67,41.));
#1268 = VECTOR('',#1269,1.);
#1269 = DIRECTION('',(0.,0.,1.));
#1270 = ORIENTED_EDGE('',*,*,#1271,.T.);
#1271 = EDGE_CURVE('',#1262,#1272,#1274,.T.);
#1272 = VERTEX_POINT('',#1273);
#1273 = CARTESIAN_POINT('',(-5.422602E+03,-556.67,41.));
#1274 = LINE('',#1275,#1276);
#1275 = CARTESIAN_POINT('',(-5.397602E+03,-556.67,41.));
#1276 = VECTOR('',#1277,1.);
#1277 = DIRECTION('',(-1.,2.22044604925E-16,0.));
#1278 = ORIENTED_EDGE('',*,*,#1279,.T.);
#1279 = EDGE_CURVE('',#1272,#1280,#1282,.T.);
#1280 = VERTEX_POINT('',#1281);
#1281 = CARTESIAN_POINT('',(-5.422602E+03,-556.67,66.));
#1282 = LINE('',#1283,#1284);
#1283 = CARTESIAN_POINT('',(-5.422602E+03,-556.67,41.));
#1284 = VECTOR('',#1285,1.);
#1285 = DIRECTION('',(0.,0.,1.));
#1286 = ORIENTED_EDGE('',*,*,#1287,.F.);
#1287 = EDGE_CURVE('',#1264,#1280,#1288,.T.);
#1288 = LINE('',#1289,#1290);
#1289 = CARTESIAN_POINT('',(-5.397602E+03,-556.67,66.));
#1290 = VECTOR('',#1291,1.);
#1291 = DIRECTION('',(-1.,2.22044604925E-16,0.));
#1292 = PLANE('',#1293);
#1293 = AXIS2_PLACEMENT_3D('',#1294,#1295,#1296);
#1294 = CARTESIAN_POINT('',(-5.397602E+03,-556.67,41.));
#1295 = DIRECTION('',(2.22044604925E-16,1.,0.));
#1296 = DIRECTION('',(0.,0.,1.));
#1297 = ADVANCED_FACE('',(#1298),#1314,.F.);
#1298 = FACE_BOUND('',#1299,.F.);
#1299 = EDGE_LOOP('',(#1300,#1306,#1307,#1313));
#1300 = ORIENTED_EDGE('',*,*,#1301,.F.);
#1301 = EDGE_CURVE('',#1222,#1262,#1302,.T.);
#1302 = LINE('',#1303,#1304);
#1303 = CARTESIAN_POINT('',(-5.397602E+03,-1.42107E+03,41.));
#1304 = VECTOR('',#1305,1.);
#1305 = DIRECTION('',(2.22044604925E-16,1.,0.));
#1306 = ORIENTED_EDGE('',*,*,#1221,.T.);
#1307 = ORIENTED_EDGE('',*,*,#1308,.T.);
#1308 = EDGE_CURVE('',#1224,#1264,#1309,.T.);
#1309 = LINE('',#1310,#1311);
#1310 = CARTESIAN_POINT('',(-5.397602E+03,-1.42107E+03,66.));
#1311 = VECTOR('',#1312,1.);
#1312 = DIRECTION('',(2.22044604925E-16,1.,0.));
#1313 = ORIENTED_EDGE('',*,*,#1261,.F.);
#1314 = PLANE('',#1315);
#1315 = AXIS2_PLACEMENT_3D('',#1316,#1317,#1318);
#1316 = CARTESIAN_POINT('',(-5.397602E+03,-1.42107E+03,41.));
#1317 = DIRECTION('',(-1.,2.22044604925E-16,0.));
#1318 = DIRECTION('',(0.,0.,1.));
#1319 = ADVANCED_FACE('',(#1320),#1336,.T.);
#1320 = FACE_BOUND('',#1321,.T.);
#1321 = EDGE_LOOP('',(#1322,#1328,#1329,#1335));
#1322 = ORIENTED_EDGE('',*,*,#1323,.F.);
#1323 = EDGE_CURVE('',#1232,#1272,#1324,.T.);
#1324 = LINE('',#1325,#1326);
#1325 = CARTESIAN_POINT('',(-5.422602E+03,-1.42107E+03,41.));
#1326 = VECTOR('',#1327,1.);
#1327 = DIRECTION('',(2.22044604925E-16,1.,0.));
#1328 = ORIENTED_EDGE('',*,*,#1239,.T.);
#1329 = ORIENTED_EDGE('',*,*,#1330,.T.);
#1330 = EDGE_CURVE('',#1240,#1280,#1331,.T.);
#1331 = LINE('',#1332,#1333);
#1332 = CARTESIAN_POINT('',(-5.422602E+03,-1.42107E+03,66.));
#1333 = VECTOR('',#1334,1.);
#1334 = DIRECTION('',(2.22044604925E-16,1.,0.));
#1335 = ORIENTED_EDGE('',*,*,#1279,.F.);
#1336 = PLANE('',#1337);
#1337 = AXIS2_PLACEMENT_3D('',#1338,#1339,#1340);
#1338 = CARTESIAN_POINT('',(-5.422602E+03,-1.42107E+03,41.));
#1339 = DIRECTION('',(-1.,2.22044604925E-16,0.));
#1340 = DIRECTION('',(0.,0.,1.));
#1341 = ADVANCED_FACE('',(#1342),#1348,.F.);
#1342 = FACE_BOUND('',#1343,.F.);
#1343 = EDGE_LOOP('',(#1344,#1345,#1346,#1347));
#1344 = ORIENTED_EDGE('',*,*,#1231,.F.);
#1345 = ORIENTED_EDGE('',*,*,#1301,.T.);
#1346 = ORIENTED_EDGE('',*,*,#1271,.T.);
#1347 = ORIENTED_EDGE('',*,*,#1323,.F.);
#1348 = PLANE('',#1349);
#1349 = AXIS2_PLACEMENT_3D('',#1350,#1351,#1352);
#1350 = CARTESIAN_POINT('',(-5.397602E+03,-1.42107E+03,41.));
#1351 = DIRECTION('',(0.,0.,1.));
#1352 = DIRECTION('',(2.22044604925E-16,1.,0.));
#1353 = ADVANCED_FACE('',(#1354),#1360,.T.);
#1354 = FACE_BOUND('',#1355,.T.);
#1355 = EDGE_LOOP('',(#1356,#1357,#1358,#1359));
#1356 = ORIENTED_EDGE('',*,*,#1247,.F.);
#1357 = ORIENTED_EDGE('',*,*,#1308,.T.);
#1358 = ORIENTED_EDGE('',*,*,#1287,.T.);
#1359 = ORIENTED_EDGE('',*,*,#1330,.F.);
#1360 = PLANE('',#1361);
#1361 = AXIS2_PLACEMENT_3D('',#1362,#1363,#1364);
#1362 = CARTESIAN_POINT('',(-5.397602E+03,-1.42107E+03,66.));
#1363 = DIRECTION('',(0.,0.,1.));
#1364 = DIRECTION('',(2.22044604925E-16,1.,0.));
#1365 = MANIFOLD_SOLID_BREP('',#1366);
#1366 = CLOSED_SHELL('',(#1367,#1407,#1447,#1469,#1491,#1503));
#1367 = ADVANCED_FACE('',(#1368),#1402,.F.);
#1368 = FACE_BOUND('',#1369,.F.);
#1369 = EDGE_LOOP('',(#1370,#1380,#1388,#1396));
#1370 = ORIENTED_EDGE('',*,*,#1371,.F.);
#1371 = EDGE_CURVE('',#1372,#1374,#1376,.T.);
#1372 = VERTEX_POINT('',#1373);
#1373 = CARTESIAN_POINT('',(-5.830602E+03,-1.42107E+03,41.));
#1374 = VERTEX_POINT('',#1375);
#1375 = CARTESIAN_POINT('',(-5.830602E+03,-1.42107E+03,66.));
#1376 = LINE('',#1377,#1378);
#1377 = CARTESIAN_POINT('',(-5.830602E+03,-1.42107E+03,41.));
#1378 = VECTOR('',#1379,1.);
#1379 = DIRECTION('',(0.,0.,1.));
#1380 = ORIENTED_EDGE('',*,*,#1381,.T.);
#1381 = EDGE_CURVE('',#1372,#1382,#1384,.T.);
#1382 = VERTEX_POINT('',#1383);
#1383 = CARTESIAN_POINT('',(-5.855602E+03,-1.42107E+03,41.));
#1384 = LINE('',#1385,#1386);
#1385 = CARTESIAN_POINT('',(-5.830602E+03,-1.42107E+03,41.));
#1386 = VECTOR('',#1387,1.);
#1387 = DIRECTION('',(-1.,2.22044604925E-16,0.));
#1388 = ORIENTED_EDGE('',*,*,#1389,.T.);
#1389 = EDGE_CURVE('',#1382,#1390,#1392,.T.);
#1390 = VERTEX_POINT('',#1391);
#1391 = CARTESIAN_POINT('',(-5.855602E+03,-1.42107E+03,66.));
#1392 = LINE('',#1393,#1394);
#1393 = CARTESIAN_POINT('',(-5.855602E+03,-1.42107E+03,41.));
#1394 = VECTOR('',#1395,1.);
#1395 = DIRECTION('',(0.,0.,1.));
#1396 = ORIENTED_EDGE('',*,*,#1397,.F.);
#1397 = EDGE_CURVE('',#1374,#1390,#1398,.T.);
#1398 = LINE('',#1399,#1400);
#1399 = CARTESIAN_POINT('',(-5.830602E+03,-1.42107E+03,66.));
#1400 = VECTOR('',#1401,1.);
#1401 = DIRECTION('',(-1.,2.22044604925E-16,0.));
#1402 = PLANE('',#1403);
#1403 = AXIS2_PLACEMENT_3D('',#1404,#1405,#1406);
#1404 = CARTESIAN_POINT('',(-5.830602E+03,-1.42107E+03,41.));
#1405 = DIRECTION('',(2.22044604925E-16,1.,0.));
#1406 = DIRECTION('',(0.,0.,1.));
#1407 = ADVANCED_FACE('',(#1408),#1442,.T.);
#1408 = FACE_BOUND('',#1409,.T.);
#1409 = EDGE_LOOP('',(#1410,#1420,#1428,#1436));
#1410 = ORIENTED_EDGE('',*,*,#1411,.F.);
#1411 = EDGE_CURVE('',#1412,#1414,#1416,.T.);
#1412 = VERTEX_POINT('',#1413);
#1413 = CARTESIAN_POINT('',(-5.830602E+03,-556.67,41.));
#1414 = VERTEX_POINT('',#1415);
#1415 = CARTESIAN_POINT('',(-5.830602E+03,-556.67,66.));
#1416 = LINE('',#1417,#1418);
#1417 = CARTESIAN_POINT('',(-5.830602E+03,-556.67,41.));
#1418 = VECTOR('',#1419,1.);
#1419 = DIRECTION('',(0.,0.,1.));
#1420 = ORIENTED_EDGE('',*,*,#1421,.T.);
#1421 = EDGE_CURVE('',#1412,#1422,#1424,.T.);
#1422 = VERTEX_POINT('',#1423);
#1423 = CARTESIAN_POINT('',(-5.855602E+03,-556.67,41.));
#1424 = LINE('',#1425,#1426);
#1425 = CARTESIAN_POINT('',(-5.830602E+03,-556.67,41.));
#1426 = VECTOR('',#1427,1.);
#1427 = DIRECTION('',(-1.,2.22044604925E-16,0.));
#1428 = ORIENTED_EDGE('',*,*,#1429,.T.);
#1429 = EDGE_CURVE('',#1422,#1430,#1432,.T.);
#1430 = VERTEX_POINT('',#1431);
#1431 = CARTESIAN_POINT('',(-5.855602E+03,-556.67,66.));
#1432 = LINE('',#1433,#1434);
#1433 = CARTESIAN_POINT('',(-5.855602E+03,-556.67,41.));
#1434 = VECTOR('',#1435,1.);
#1435 = DIRECTION('',(0.,0.,1.));
#1436 = ORIENTED_EDGE('',*,*,#1437,.F.);
#1437 = EDGE_CURVE('',#1414,#1430,#1438,.T.);
#1438 = LINE('',#1439,#1440);
#1439 = CARTESIAN_POINT('',(-5.830602E+03,-556.67,66.));
#1440 = VECTOR('',#1441,1.);
#1441 = DIRECTION('',(-1.,2.22044604925E-16,0.));
#1442 = PLANE('',#1443);
#1443 = AXIS2_PLACEMENT_3D('',#1444,#1445,#1446);
#1444 = CARTESIAN_POINT('',(-5.830602E+03,-556.67,41.));
#1445 = DIRECTION('',(2.22044604925E-16,1.,0.));
#1446 = DIRECTION('',(0.,0.,1.));
#1447 = ADVANCED_FACE('',(#1448),#1464,.F.);
#1448 = FACE_BOUND('',#1449,.F.);
#1449 = EDGE_LOOP('',(#1450,#1456,#1457,#1463));
#1450 = ORIENTED_EDGE('',*,*,#1451,.F.);
#1451 = EDGE_CURVE('',#1372,#1412,#1452,.T.);
#1452 = LINE('',#1453,#1454);
#1453 = CARTESIAN_POINT('',(-5.830602E+03,-1.42107E+03,41.));
#1454 = VECTOR('',#1455,1.);
#1455 = DIRECTION('',(2.22044604925E-16,1.,0.));
#1456 = ORIENTED_EDGE('',*,*,#1371,.T.);
#1457 = ORIENTED_EDGE('',*,*,#1458,.T.);
#1458 = EDGE_CURVE('',#1374,#1414,#1459,.T.);
#1459 = LINE('',#1460,#1461);
#1460 = CARTESIAN_POINT('',(-5.830602E+03,-1.42107E+03,66.));
#1461 = VECTOR('',#1462,1.);
#1462 = DIRECTION('',(2.22044604925E-16,1.,0.));
#1463 = ORIENTED_EDGE('',*,*,#1411,.F.);
#1464 = PLANE('',#1465);
#1465 = AXIS2_PLACEMENT_3D('',#1466,#1467,#1468);
#1466 = CARTESIAN_POINT('',(-5.830602E+03,-1.42107E+03,41.));
#1467 = DIRECTION('',(-1.,2.22044604925E-16,0.));
#1468 = DIRECTION('',(0.,0.,1.));
#1469 = ADVANCED_FACE('',(#1470),#1486,.T.);
#1470 = FACE_BOUND('',#1471,.T.);
#1471 = EDGE_LOOP('',(#1472,#1478,#1479,#1485));
#1472 = ORIENTED_EDGE('',*,*,#1473,.F.);
#1473 = EDGE_CURVE('',#1382,#1422,#1474,.T.);
#1474 = LINE('',#1475,#1476);
#1475 = CARTESIAN_POINT('',(-5.855602E+03,-1.42107E+03,41.));
#1476 = VECTOR('',#1477,1.);
#1477 = DIRECTION('',(2.22044604925E-16,1.,0.));
#1478 = ORIENTED_EDGE('',*,*,#1389,.T.);
#1479 = ORIENTED_EDGE('',*,*,#1480,.T.);
#1480 = EDGE_CURVE('',#1390,#1430,#1481,.T.);
#1481 = LINE('',#1482,#1483);
#1482 = CARTESIAN_POINT('',(-5.855602E+03,-1.42107E+03,66.));
#1483 = VECTOR('',#1484,1.);
#1484 = DIRECTION('',(2.22044604925E-16,1.,0.));
#1485 = ORIENTED_EDGE('',*,*,#1429,.F.);
#1486 = PLANE('',#1487);
#1487 = AXIS2_PLACEMENT_3D('',#1488,#1489,#1490);
#1488 = CARTESIAN_POINT('',(-5.855602E+03,-1.42107E+03,41.));
#1489 = DIRECTION('',(-1.,2.22044604925E-16,0.));
#1490 = DIRECTION('',(0.,0.,1.));
#1491 = ADVANCED_FACE('',(#1492),#1498,.F.);
#1492 = FACE_BOUND('',#1493,.F.);
#1493 = EDGE_LOOP('',(#1494,#1495,#1496,#1497));
#1494 = ORIENTED_EDGE('',*,*,#1381,.F.);
#1495 = ORIENTED_EDGE('',*,*,#1451,.T.);
#1496 = ORIENTED_EDGE('',*,*,#1421,.T.);
#1497 = ORIENTED_EDGE('',*,*,#1473,.F.);
#1498 = PLANE('',#1499);
#1499 = AXIS2_PLACEMENT_3D('',#1500,#1501,#1502);
#1500 = CARTESIAN_POINT('',(-5.830602E+03,-1.42107E+03,41.));
#1501 = DIRECTION('',(0.,0.,1.));
#1502 = DIRECTION('',(2.22044604925E-16,1.,0.));
#1503 = ADVANCED_FACE('',(#1504),#1510,.T.);
#1504 = FACE_BOUND('',#1505,.T.);
#1505 = EDGE_LOOP('',(#1506,#1507,#1508,#1509));
#1506 = ORIENTED_EDGE('',*,*,#1397,.F.);
#1507 = ORIENTED_EDGE('',*,*,#1458,.T.);
#1508 = ORIENTED_EDGE('',*,*,#1437,.T.);
#1509 = ORIENTED_EDGE('',*,*,#1480,.F.);
#1510 = PLANE('',#1511);
#1511 = AXIS2_PLACEMENT_3D('',#1512,#1513,#1514);
#1512 = CARTESIAN_POINT('',(-5.830602E+03,-1.42107E+03,66.));
#1513 = DIRECTION('',(0.,0.,1.));
#1514 = DIRECTION('',(2.22044604925E-16,1.,0.));
#1515 = MANIFOLD_SOLID_BREP('',#1516);
#1516 = CLOSED_SHELL('',(#1517,#1557,#1597,#1619,#1641,#1653));
#1517 = ADVANCED_FACE('',(#1518),#1552,.F.);
#1518 = FACE_BOUND('',#1519,.F.);
#1519 = EDGE_LOOP('',(#1520,#1530,#1538,#1546));
#1520 = ORIENTED_EDGE('',*,*,#1521,.F.);
#1521 = EDGE_CURVE('',#1522,#1524,#1526,.T.);
#1522 = VERTEX_POINT('',#1523);
#1523 = CARTESIAN_POINT('',(-5.591602E+03,-1.07887E+03,1.017E+03));
#1524 = VERTEX_POINT('',#1525);
#1525 = CARTESIAN_POINT('',(-5.591602E+03,-1.07887E+03,1.041E+03));
#1526 = LINE('',#1527,#1528);
#1527 = CARTESIAN_POINT('',(-5.591602E+03,-1.07887E+03,1.017E+03));
#1528 = VECTOR('',#1529,1.);
#1529 = DIRECTION('',(0.,0.,1.));
#1530 = ORIENTED_EDGE('',*,*,#1531,.T.);
#1531 = EDGE_CURVE('',#1522,#1532,#1534,.T.);
#1532 = VERTEX_POINT('',#1533);
#1533 = CARTESIAN_POINT('',(-5.801602E+03,-1.07887E+03,1.017E+03));
#1534 = LINE('',#1535,#1536);
#1535 = CARTESIAN_POINT('',(-5.591602E+03,-1.07887E+03,1.017E+03));
#1536 = VECTOR('',#1537,1.);
#1537 = DIRECTION('',(-1.,2.22044604925E-16,0.));
#1538 = ORIENTED_EDGE('',*,*,#1539,.T.);
#1539 = EDGE_CURVE('',#1532,#1540,#1542,.T.);
#1540 = VERTEX_POINT('',#1541);
#1541 = CARTESIAN_POINT('',(-5.801602E+03,-1.07887E+03,1.041E+03));
#1542 = LINE('',#1543,#1544);
#1543 = CARTESIAN_POINT('',(-5.801602E+03,-1.07887E+03,1.017E+03));
#1544 = VECTOR('',#1545,1.);
#1545 = DIRECTION('',(0.,0.,1.));
#1546 = ORIENTED_EDGE('',*,*,#1547,.F.);
#1547 = EDGE_CURVE('',#1524,#1540,#1548,.T.);
#1548 = LINE('',#1549,#1550);
#1549 = CARTESIAN_POINT('',(-5.591602E+03,-1.07887E+03,1.041E+03));
#1550 = VECTOR('',#1551,1.);
#1551 = DIRECTION('',(-1.,2.22044604925E-16,0.));
#1552 = PLANE('',#1553);
#1553 = AXIS2_PLACEMENT_3D('',#1554,#1555,#1556);
#1554 = CARTESIAN_POINT('',(-5.591602E+03,-1.07887E+03,1.017E+03));
#1555 = DIRECTION('',(2.22044604925E-16,1.,0.));
#1556 = DIRECTION('',(0.,0.,1.));
#1557 = ADVANCED_FACE('',(#1558),#1592,.T.);
#1558 = FACE_BOUND('',#1559,.T.);
#1559 = EDGE_LOOP('',(#1560,#1570,#1578,#1586));
#1560 = ORIENTED_EDGE('',*,*,#1561,.F.);
#1561 = EDGE_CURVE('',#1562,#1564,#1566,.T.);
#1562 = VERTEX_POINT('',#1563);
#1563 = CARTESIAN_POINT('',(-5.591602E+03,-778.87,1.017E+03));
#1564 = VERTEX_POINT('',#1565);
#1565 = CARTESIAN_POINT('',(-5.591602E+03,-778.87,1.041E+03));
#1566 = LINE('',#1567,#1568);
#1567 = CARTESIAN_POINT('',(-5.591602E+03,-778.87,1.017E+03));
#1568 = VECTOR('',#1569,1.);
#1569 = DIRECTION('',(0.,0.,1.));
#1570 = ORIENTED_EDGE('',*,*,#1571,.T.);
#1571 = EDGE_CURVE('',#1562,#1572,#1574,.T.);
#1572 = VERTEX_POINT('',#1573);
#1573 = CARTESIAN_POINT('',(-5.801602E+03,-778.87,1.017E+03));
#1574 = LINE('',#1575,#1576);
#1575 = CARTESIAN_POINT('',(-5.591602E+03,-778.87,1.017E+03));
#1576 = VECTOR('',#1577,1.);
#1577 = DIRECTION('',(-1.,2.22044604925E-16,0.));
#1578 = ORIENTED_EDGE('',*,*,#1579,.T.);
#1579 = EDGE_CURVE('',#1572,#1580,#1582,.T.);
#1580 = VERTEX_POINT('',#1581);
#1581 = CARTESIAN_POINT('',(-5.801602E+03,-778.87,1.041E+03));
#1582 = LINE('',#1583,#1584);
#1583 = CARTESIAN_POINT('',(-5.801602E+03,-778.87,1.017E+03));
#1584 = VECTOR('',#1585,1.);
#1585 = DIRECTION('',(0.,0.,1.));
#1586 = ORIENTED_EDGE('',*,*,#1587,.F.);
#1587 = EDGE_CURVE('',#1564,#1580,#1588,.T.);
#1588 = LINE('',#1589,#1590);
#1589 = CARTESIAN_POINT('',(-5.591602E+03,-778.87,1.041E+03));
#1590 = VECTOR('',#1591,1.);
#1591 = DIRECTION('',(-1.,2.22044604925E-16,0.));
#1592 = PLANE('',#1593);
#1593 = AXIS2_PLACEMENT_3D('',#1594,#1595,#1596);
#1594 = CARTESIAN_POINT('',(-5.591602E+03,-778.87,1.017E+03));
#1595 = DIRECTION('',(2.22044604925E-16,1.,0.));
#1596 = DIRECTION('',(0.,0.,1.));
#1597 = ADVANCED_FACE('',(#1598),#1614,.F.);
#1598 = FACE_BOUND('',#1599,.F.);
#1599 = EDGE_LOOP('',(#1600,#1606,#1607,#1613));
#1600 = ORIENTED_EDGE('',*,*,#1601,.F.);
#1601 = EDGE_CURVE('',#1522,#1562,#1602,.T.);
#1602 = LINE('',#1603,#1604);
#1603 = CARTESIAN_POINT('',(-5.591602E+03,-1.07887E+03,1.017E+03));
#1604 = VECTOR('',#1605,1.);
#1605 = DIRECTION('',(2.22044604925E-16,1.,0.));
#1606 = ORIENTED_EDGE('',*,*,#1521,.T.);
#1607 = ORIENTED_EDGE('',*,*,#1608,.T.);
#1608 = EDGE_CURVE('',#1524,#1564,#1609,.T.);
#1609 = LINE('',#1610,#1611);
#1610 = CARTESIAN_POINT('',(-5.591602E+03,-1.07887E+03,1.041E+03));
#1611 = VECTOR('',#1612,1.);
#1612 = DIRECTION('',(2.22044604925E-16,1.,0.));
#1613 = ORIENTED_EDGE('',*,*,#1561,.F.);
#1614 = PLANE('',#1615);
#1615 = AXIS2_PLACEMENT_3D('',#1616,#1617,#1618);
#1616 = CARTESIAN_POINT('',(-5.591602E+03,-1.07887E+03,1.017E+03));
#1617 = DIRECTION('',(-1.,2.22044604925E-16,0.));
#1618 = DIRECTION('',(0.,0.,1.));
#1619 = ADVANCED_FACE('',(#1620),#1636,.T.);
#1620 = FACE_BOUND('',#1621,.T.);
#1621 = EDGE_LOOP('',(#1622,#1628,#1629,#1635));
#1622 = ORIENTED_EDGE('',*,*,#1623,.F.);
#1623 = EDGE_CURVE('',#1532,#1572,#1624,.T.);
#1624 = LINE('',#1625,#1626);
#1625 = CARTESIAN_POINT('',(-5.801602E+03,-1.07887E+03,1.017E+03));
#1626 = VECTOR('',#1627,1.);
#1627 = DIRECTION('',(2.22044604925E-16,1.,0.));
#1628 = ORIENTED_EDGE('',*,*,#1539,.T.);
#1629 = ORIENTED_EDGE('',*,*,#1630,.T.);
#1630 = EDGE_CURVE('',#1540,#1580,#1631,.T.);
#1631 = LINE('',#1632,#1633);
#1632 = CARTESIAN_POINT('',(-5.801602E+03,-1.07887E+03,1.041E+03));
#1633 = VECTOR('',#1634,1.);
#1634 = DIRECTION('',(2.22044604925E-16,1.,0.));
#1635 = ORIENTED_EDGE('',*,*,#1579,.F.);
#1636 = PLANE('',#1637);
#1637 = AXIS2_PLACEMENT_3D('',#1638,#1639,#1640);
#1638 = CARTESIAN_POINT('',(-5.801602E+03,-1.07887E+03,1.017E+03));
#1639 = DIRECTION('',(-1.,2.22044604925E-16,0.));
#1640 = DIRECTION('',(0.,0.,1.));
#1641 = ADVANCED_FACE('',(#1642),#1648,.F.);
#1642 = FACE_BOUND('',#1643,.F.);
#1643 = EDGE_LOOP('',(#1644,#1645,#1646,#1647));
#1644 = ORIENTED_EDGE('',*,*,#1531,.F.);
#1645 = ORIENTED_EDGE('',*,*,#1601,.T.);
#1646 = ORIENTED_EDGE('',*,*,#1571,.T.);
#1647 = ORIENTED_EDGE('',*,*,#1623,.F.);
#1648 = PLANE('',#1649);
#1649 = AXIS2_PLACEMENT_3D('',#1650,#1651,#1652);
#1650 = CARTESIAN_POINT('',(-5.591602E+03,-1.07887E+03,1.017E+03));
#1651 = DIRECTION('',(0.,0.,1.));
#1652 = DIRECTION('',(2.22044604925E-16,1.,0.));
#1653 = ADVANCED_FACE('',(#1654),#1660,.T.);
#1654 = FACE_BOUND('',#1655,.T.);
#1655 = EDGE_LOOP('',(#1656,#1657,#1658,#1659));
#1656 = ORIENTED_EDGE('',*,*,#1547,.F.);
#1657 = ORIENTED_EDGE('',*,*,#1608,.T.);
#1658 = ORIENTED_EDGE('',*,*,#1587,.T.);
#1659 = ORIENTED_EDGE('',*,*,#1630,.F.);
#1660 = PLANE('',#1661);
#1661 = AXIS2_PLACEMENT_3D('',#1662,#1663,#1664);
#1662 = CARTESIAN_POINT('',(-5.591602E+03,-1.07887E+03,1.041E+03));
#1663 = DIRECTION('',(0.,0.,1.));
#1664 = DIRECTION('',(2.22044604925E-16,1.,0.));
#1665 = MANIFOLD_SOLID_BREP('',#1666);
#1666 = CLOSED_SHELL('',(#1667,#1707,#1747,#1769,#1791,#1803));
#1667 = ADVANCED_FACE('',(#1668),#1702,.F.);
#1668 = FACE_BOUND('',#1669,.F.);
#1669 = EDGE_LOOP('',(#1670,#1680,#1688,#1696));
#1670 = ORIENTED_EDGE('',*,*,#1671,.F.);
#1671 = EDGE_CURVE('',#1672,#1674,#1676,.T.);
#1672 = VERTEX_POINT('',#1673);
#1673 = CARTESIAN_POINT('',(-5.615105140362E+03,-1.07887E+03,
    1.030152490456E+03));
#1674 = VERTEX_POINT('',#1675);
#1675 = CARTESIAN_POINT('',(-5.574377927549E+03,-1.07887E+03,
    1.231066138913E+03));
#1676 = LINE('',#1677,#1678);
#1677 = CARTESIAN_POINT('',(-5.615105140362E+03,-1.07887E+03,
    1.030152490456E+03));
#1678 = VECTOR('',#1679,1.);
#1679 = DIRECTION('',(0.198669330795,-8.747001612575E-18,0.980066577841)
  );
#1680 = ORIENTED_EDGE('',*,*,#1681,.T.);
#1681 = EDGE_CURVE('',#1672,#1682,#1684,.T.);
#1682 = VERTEX_POINT('',#1683);
#1683 = CARTESIAN_POINT('',(-5.628826072451E+03,-1.07887E+03,
    1.032933861087E+03));
#1684 = LINE('',#1685,#1686);
#1685 = CARTESIAN_POINT('',(-5.615105140362E+03,-1.07887E+03,
    1.030152490456E+03));
#1686 = VECTOR('',#1687,1.);
#1687 = DIRECTION('',(-0.980066577841,1.115072628498E-16,0.198669330795)
  );
#1688 = ORIENTED_EDGE('',*,*,#1689,.T.);
#1689 = EDGE_CURVE('',#1682,#1690,#1692,.T.);
#1690 = VERTEX_POINT('',#1691);
#1691 = CARTESIAN_POINT('',(-5.588098859638E+03,-1.07887E+03,
    1.233847509544E+03));
#1692 = LINE('',#1693,#1694);
#1693 = CARTESIAN_POINT('',(-5.628826072451E+03,-1.07887E+03,
    1.032933861087E+03));
#1694 = VECTOR('',#1695,1.);
#1695 = DIRECTION('',(0.198669330795,-8.747001612575E-18,0.980066577841)
  );
#1696 = ORIENTED_EDGE('',*,*,#1697,.F.);
#1697 = EDGE_CURVE('',#1674,#1690,#1698,.T.);
#1698 = LINE('',#1699,#1700);
#1699 = CARTESIAN_POINT('',(-5.574377927549E+03,-1.07887E+03,
    1.231066138913E+03));
#1700 = VECTOR('',#1701,1.);
#1701 = DIRECTION('',(-0.980066577841,1.115072628498E-16,0.198669330795)
  );
#1702 = PLANE('',#1703);
#1703 = AXIS2_PLACEMENT_3D('',#1704,#1705,#1706);
#1704 = CARTESIAN_POINT('',(-5.615105140362E+03,-1.07887E+03,
    1.030152490456E+03));
#1705 = DIRECTION('',(1.110223024625E-16,1.,-1.358042935236E-17));
#1706 = DIRECTION('',(0.198669330795,-8.747001612575E-18,0.980066577841)
  );
#1707 = ADVANCED_FACE('',(#1708),#1742,.T.);
#1708 = FACE_BOUND('',#1709,.T.);
#1709 = EDGE_LOOP('',(#1710,#1720,#1728,#1736));
#1710 = ORIENTED_EDGE('',*,*,#1711,.F.);
#1711 = EDGE_CURVE('',#1712,#1714,#1716,.T.);
#1712 = VERTEX_POINT('',#1713);
#1713 = CARTESIAN_POINT('',(-5.615105140362E+03,-778.87,
    1.030152490456E+03));
#1714 = VERTEX_POINT('',#1715);
#1715 = CARTESIAN_POINT('',(-5.574377927549E+03,-778.87,
    1.231066138913E+03));
#1716 = LINE('',#1717,#1718);
#1717 = CARTESIAN_POINT('',(-5.615105140362E+03,-778.87,
    1.030152490456E+03));
#1718 = VECTOR('',#1719,1.);
#1719 = DIRECTION('',(0.198669330795,-8.747001612575E-18,0.980066577841)
  );
#1720 = ORIENTED_EDGE('',*,*,#1721,.T.);
#1721 = EDGE_CURVE('',#1712,#1722,#1724,.T.);
#1722 = VERTEX_POINT('',#1723);
#1723 = CARTESIAN_POINT('',(-5.628826072451E+03,-778.87,
    1.032933861087E+03));
#1724 = LINE('',#1725,#1726);
#1725 = CARTESIAN_POINT('',(-5.615105140362E+03,-778.87,
    1.030152490456E+03));
#1726 = VECTOR('',#1727,1.);
#1727 = DIRECTION('',(-0.980066577841,1.115072628498E-16,0.198669330795)
  );
#1728 = ORIENTED_EDGE('',*,*,#1729,.T.);
#1729 = EDGE_CURVE('',#1722,#1730,#1732,.T.);
#1730 = VERTEX_POINT('',#1731);
#1731 = CARTESIAN_POINT('',(-5.588098859638E+03,-778.87,
    1.233847509544E+03));
#1732 = LINE('',#1733,#1734);
#1733 = CARTESIAN_POINT('',(-5.628826072451E+03,-778.87,
    1.032933861087E+03));
#1734 = VECTOR('',#1735,1.);
#1735 = DIRECTION('',(0.198669330795,-8.747001612575E-18,0.980066577841)
  );
#1736 = ORIENTED_EDGE('',*,*,#1737,.F.);
#1737 = EDGE_CURVE('',#1714,#1730,#1738,.T.);
#1738 = LINE('',#1739,#1740);
#1739 = CARTESIAN_POINT('',(-5.574377927549E+03,-778.87,
    1.231066138913E+03));
#1740 = VECTOR('',#1741,1.);
#1741 = DIRECTION('',(-0.980066577841,1.115072628498E-16,0.198669330795)
  );
#1742 = PLANE('',#1743);
#1743 = AXIS2_PLACEMENT_3D('',#1744,#1745,#1746);
#1744 = CARTESIAN_POINT('',(-5.615105140362E+03,-778.87,
    1.030152490456E+03));
#1745 = DIRECTION('',(1.110223024625E-16,1.,-1.358042935236E-17));
#1746 = DIRECTION('',(0.198669330795,-8.747001612575E-18,0.980066577841)
  );
#1747 = ADVANCED_FACE('',(#1748),#1764,.F.);
#1748 = FACE_BOUND('',#1749,.F.);
#1749 = EDGE_LOOP('',(#1750,#1756,#1757,#1763));
#1750 = ORIENTED_EDGE('',*,*,#1751,.F.);
#1751 = EDGE_CURVE('',#1672,#1712,#1752,.T.);
#1752 = LINE('',#1753,#1754);
#1753 = CARTESIAN_POINT('',(-5.615105140362E+03,-1.07887E+03,
    1.030152490456E+03));
#1754 = VECTOR('',#1755,1.);
#1755 = DIRECTION('',(1.110223024625E-16,1.,-1.358042935236E-17));
#1756 = ORIENTED_EDGE('',*,*,#1671,.T.);
#1757 = ORIENTED_EDGE('',*,*,#1758,.T.);
#1758 = EDGE_CURVE('',#1674,#1714,#1759,.T.);
#1759 = LINE('',#1760,#1761);
#1760 = CARTESIAN_POINT('',(-5.574377927549E+03,-1.07887E+03,
    1.231066138913E+03));
#1761 = VECTOR('',#1762,1.);
#1762 = DIRECTION('',(1.110223024625E-16,1.,-1.358042935236E-17));
#1763 = ORIENTED_EDGE('',*,*,#1711,.F.);
#1764 = PLANE('',#1765);
#1765 = AXIS2_PLACEMENT_3D('',#1766,#1767,#1768);
#1766 = CARTESIAN_POINT('',(-5.615105140362E+03,-1.07887E+03,
    1.030152490456E+03));
#1767 = DIRECTION('',(-0.980066577841,1.115072628498E-16,0.198669330795)
  );
#1768 = DIRECTION('',(0.198669330795,-8.747001612575E-18,0.980066577841)
  );
#1769 = ADVANCED_FACE('',(#1770),#1786,.T.);
#1770 = FACE_BOUND('',#1771,.T.);
#1771 = EDGE_LOOP('',(#1772,#1778,#1779,#1785));
#1772 = ORIENTED_EDGE('',*,*,#1773,.F.);
#1773 = EDGE_CURVE('',#1682,#1722,#1774,.T.);
#1774 = LINE('',#1775,#1776);
#1775 = CARTESIAN_POINT('',(-5.628826072451E+03,-1.07887E+03,
    1.032933861087E+03));
#1776 = VECTOR('',#1777,1.);
#1777 = DIRECTION('',(1.110223024625E-16,1.,-1.358042935236E-17));
#1778 = ORIENTED_EDGE('',*,*,#1689,.T.);
#1779 = ORIENTED_EDGE('',*,*,#1780,.T.);
#1780 = EDGE_CURVE('',#1690,#1730,#1781,.T.);
#1781 = LINE('',#1782,#1783);
#1782 = CARTESIAN_POINT('',(-5.588098859638E+03,-1.07887E+03,
    1.233847509544E+03));
#1783 = VECTOR('',#1784,1.);
#1784 = DIRECTION('',(1.110223024625E-16,1.,-1.358042935236E-17));
#1785 = ORIENTED_EDGE('',*,*,#1729,.F.);
#1786 = PLANE('',#1787);
#1787 = AXIS2_PLACEMENT_3D('',#1788,#1789,#1790);
#1788 = CARTESIAN_POINT('',(-5.628826072451E+03,-1.07887E+03,
    1.032933861087E+03));
#1789 = DIRECTION('',(-0.980066577841,1.115072628498E-16,0.198669330795)
  );
#1790 = DIRECTION('',(0.198669330795,-8.747001612575E-18,0.980066577841)
  );
#1791 = ADVANCED_FACE('',(#1792),#1798,.F.);
#1792 = FACE_BOUND('',#1793,.F.);
#1793 = EDGE_LOOP('',(#1794,#1795,#1796,#1797));
#1794 = ORIENTED_EDGE('',*,*,#1681,.F.);
#1795 = ORIENTED_EDGE('',*,*,#1751,.T.);
#1796 = ORIENTED_EDGE('',*,*,#1721,.T.);
#1797 = ORIENTED_EDGE('',*,*,#1773,.F.);
#1798 = PLANE('',#1799);
#1799 = AXIS2_PLACEMENT_3D('',#1800,#1801,#1802);
#1800 = CARTESIAN_POINT('',(-5.615105140362E+03,-1.07887E+03,
    1.030152490456E+03));
#1801 = DIRECTION('',(0.198669330795,-8.747001612575E-18,0.980066577841)
  );
#1802 = DIRECTION('',(1.110223024625E-16,1.,-1.358042935236E-17));
#1803 = ADVANCED_FACE('',(#1804),#1810,.T.);
#1804 = FACE_BOUND('',#1805,.T.);
#1805 = EDGE_LOOP('',(#1806,#1807,#1808,#1809));
#1806 = ORIENTED_EDGE('',*,*,#1697,.F.);
#1807 = ORIENTED_EDGE('',*,*,#1758,.T.);
#1808 = ORIENTED_EDGE('',*,*,#1737,.T.);
#1809 = ORIENTED_EDGE('',*,*,#1780,.F.);
#1810 = PLANE('',#1811);
#1811 = AXIS2_PLACEMENT_3D('',#1812,#1813,#1814);
#1812 = CARTESIAN_POINT('',(-5.574377927549E+03,-1.07887E+03,
    1.231066138913E+03));
#1813 = DIRECTION('',(0.198669330795,-8.747001612575E-18,0.980066577841)
  );
#1814 = DIRECTION('',(1.110223024625E-16,1.,-1.358042935236E-17));
#1815 = MANIFOLD_SOLID_BREP('',#1816);
#1816 = CLOSED_SHELL('',(#1817,#1850,#1859));
#1817 = ADVANCED_FACE('',(#1818),#1845,.T.);
#1818 = FACE_BOUND('',#1819,.F.);
#1819 = EDGE_LOOP('',(#1820,#1830,#1837,#1838));
#1820 = ORIENTED_EDGE('',*,*,#1821,.T.);
#1821 = EDGE_CURVE('',#1822,#1824,#1826,.T.);
#1822 = VERTEX_POINT('',#1823);
#1823 = CARTESIAN_POINT('',(-5.581602E+03,-1.192334E+03,1.017E+03));
#1824 = VERTEX_POINT('',#1825);
#1825 = CARTESIAN_POINT('',(-5.581602E+03,-1.192334E+03,1.037E+03));
#1826 = LINE('',#1827,#1828);
#1827 = CARTESIAN_POINT('',(-5.581602E+03,-1.192334E+03,1.017E+03));
#1828 = VECTOR('',#1829,1.);
#1829 = DIRECTION('',(0.,0.,1.));
#1830 = ORIENTED_EDGE('',*,*,#1831,.T.);
#1831 = EDGE_CURVE('',#1824,#1824,#1832,.T.);
#1832 = CIRCLE('',#1833,80.);
#1833 = AXIS2_PLACEMENT_3D('',#1834,#1835,#1836);
#1834 = CARTESIAN_POINT('',(-5.581602E+03,-1.272334E+03,1.037E+03));
#1835 = DIRECTION('',(0.,-0.,1.));
#1836 = DIRECTION('',(2.22044604925E-16,1.,0.));
#1837 = ORIENTED_EDGE('',*,*,#1821,.F.);
#1838 = ORIENTED_EDGE('',*,*,#1839,.F.);
#1839 = EDGE_CURVE('',#1822,#1822,#1840,.T.);
#1840 = CIRCLE('',#1841,80.);
#1841 = AXIS2_PLACEMENT_3D('',#1842,#1843,#1844);
#1842 = CARTESIAN_POINT('',(-5.581602E+03,-1.272334E+03,1.017E+03));
#1843 = DIRECTION('',(0.,-0.,1.));
#1844 = DIRECTION('',(2.22044604925E-16,1.,0.));
#1845 = CYLINDRICAL_SURFACE('',#1846,80.);
#1846 = AXIS2_PLACEMENT_3D('',#1847,#1848,#1849);
#1847 = CARTESIAN_POINT('',(-5.581602E+03,-1.272334E+03,1.017E+03));
#1848 = DIRECTION('',(0.,-0.,-1.));
#1849 = DIRECTION('',(2.22044604925E-16,1.,0.));
#1850 = ADVANCED_FACE('',(#1851),#1854,.F.);
#1851 = FACE_BOUND('',#1852,.T.);
#1852 = EDGE_LOOP('',(#1853));
#1853 = ORIENTED_EDGE('',*,*,#1839,.F.);
#1854 = PLANE('',#1855);
#1855 = AXIS2_PLACEMENT_3D('',#1856,#1857,#1858);
#1856 = CARTESIAN_POINT('',(-5.581602E+03,-1.272334E+03,1.017E+03));
#1857 = DIRECTION('',(0.,0.,1.));
#1858 = DIRECTION('',(2.22044604925E-16,1.,0.));
#1859 = ADVANCED_FACE('',(#1860),#1863,.T.);
#1860 = FACE_BOUND('',#1861,.F.);
#1861 = EDGE_LOOP('',(#1862));
#1862 = ORIENTED_EDGE('',*,*,#1831,.F.);
#1863 = PLANE('',#1864);
#1864 = AXIS2_PLACEMENT_3D('',#1865,#1866,#1867);
#1865 = CARTESIAN_POINT('',(-5.581602E+03,-1.272334E+03,1.037E+03));
#1866 = DIRECTION('',(0.,0.,1.));
#1867 = DIRECTION('',(2.22044604925E-16,1.,0.));
#1868 = MANIFOLD_SOLID_BREP('',#1869);
#1869 = CLOSED_SHELL('',(#1870,#1903,#1912));
#1870 = ADVANCED_FACE('',(#1871),#1898,.T.);
#1871 = FACE_BOUND('',#1872,.F.);
#1872 = EDGE_LOOP('',(#1873,#1883,#1890,#1891));
#1873 = ORIENTED_EDGE('',*,*,#1874,.T.);
#1874 = EDGE_CURVE('',#1875,#1877,#1879,.T.);
#1875 = VERTEX_POINT('',#1876);
#1876 = CARTESIAN_POINT('',(-5.581602E+03,-1.261334E+03,1.037E+03));
#1877 = VERTEX_POINT('',#1878);
#1878 = CARTESIAN_POINT('',(-5.581602E+03,-1.261334E+03,1.357E+03));
#1879 = LINE('',#1880,#1881);
#1880 = CARTESIAN_POINT('',(-5.581602E+03,-1.261334E+03,1.037E+03));
#1881 = VECTOR('',#1882,1.);
#1882 = DIRECTION('',(0.,0.,1.));
#1883 = ORIENTED_EDGE('',*,*,#1884,.T.);
#1884 = EDGE_CURVE('',#1877,#1877,#1885,.T.);
#1885 = CIRCLE('',#1886,11.);
#1886 = AXIS2_PLACEMENT_3D('',#1887,#1888,#1889);
#1887 = CARTESIAN_POINT('',(-5.581602E+03,-1.272334E+03,1.357E+03));
#1888 = DIRECTION('',(0.,-0.,1.));
#1889 = DIRECTION('',(2.22044604925E-16,1.,0.));
#1890 = ORIENTED_EDGE('',*,*,#1874,.F.);
#1891 = ORIENTED_EDGE('',*,*,#1892,.F.);
#1892 = EDGE_CURVE('',#1875,#1875,#1893,.T.);
#1893 = CIRCLE('',#1894,11.);
#1894 = AXIS2_PLACEMENT_3D('',#1895,#1896,#1897);
#1895 = CARTESIAN_POINT('',(-5.581602E+03,-1.272334E+03,1.037E+03));
#1896 = DIRECTION('',(0.,-0.,1.));
#1897 = DIRECTION('',(2.22044604925E-16,1.,0.));
#1898 = CYLINDRICAL_SURFACE('',#1899,11.);
#1899 = AXIS2_PLACEMENT_3D('',#1900,#1901,#1902);
#1900 = CARTESIAN_POINT('',(-5.581602E+03,-1.272334E+03,1.037E+03));
#1901 = DIRECTION('',(0.,-0.,-1.));
#1902 = DIRECTION('',(2.22044604925E-16,1.,0.));
#1903 = ADVANCED_FACE('',(#1904),#1907,.F.);
#1904 = FACE_BOUND('',#1905,.T.);
#1905 = EDGE_LOOP('',(#1906));
#1906 = ORIENTED_EDGE('',*,*,#1892,.F.);
#1907 = PLANE('',#1908);
#1908 = AXIS2_PLACEMENT_3D('',#1909,#1910,#1911);
#1909 = CARTESIAN_POINT('',(-5.581602E+03,-1.272334E+03,1.037E+03));
#1910 = DIRECTION('',(0.,0.,1.));
#1911 = DIRECTION('',(2.22044604925E-16,1.,0.));
#1912 = ADVANCED_FACE('',(#1913),#1916,.T.);
#1913 = FACE_BOUND('',#1914,.F.);
#1914 = EDGE_LOOP('',(#1915));
#1915 = ORIENTED_EDGE('',*,*,#1884,.F.);
#1916 = PLANE('',#1917);
#1917 = AXIS2_PLACEMENT_3D('',#1918,#1919,#1920);
#1918 = CARTESIAN_POINT('',(-5.581602E+03,-1.272334E+03,1.357E+03));
#1919 = DIRECTION('',(0.,0.,1.));
#1920 = DIRECTION('',(2.22044604925E-16,1.,0.));
#1921 = MANIFOLD_SOLID_BREP('',#1922);
#1922 = CLOSED_SHELL('',(#1923,#1956,#1965));
#1923 = ADVANCED_FACE('',(#1924),#1951,.T.);
#1924 = FACE_BOUND('',#1925,.F.);
#1925 = EDGE_LOOP('',(#1926,#1936,#1943,#1944));
#1926 = ORIENTED_EDGE('',*,*,#1927,.T.);
#1927 = EDGE_CURVE('',#1928,#1930,#1932,.T.);
#1928 = VERTEX_POINT('',#1929);
#1929 = CARTESIAN_POINT('',(-5.581602E+03,-1.268000887716E+03,
    1.34688940467E+03));
#1930 = VERTEX_POINT('',#1931);
#1931 = CARTESIAN_POINT('',(-5.581602E+03,-1.128000887716E+03,
    1.40688940467E+03));
#1932 = LINE('',#1933,#1934);
#1933 = CARTESIAN_POINT('',(-5.581602E+03,-1.268000887716E+03,
    1.34688940467E+03));
#1934 = VECTOR('',#1935,1.);
#1935 = DIRECTION('',(-1.977373439138E-16,0.919145030018,0.393919298579)
  );
#1936 = ORIENTED_EDGE('',*,*,#1937,.T.);
#1937 = EDGE_CURVE('',#1930,#1930,#1938,.T.);
#1938 = CIRCLE('',#1939,11.);
#1939 = AXIS2_PLACEMENT_3D('',#1940,#1941,#1942);
#1940 = CARTESIAN_POINT('',(-5.581602E+03,-1.132334E+03,1.417E+03));
#1941 = DIRECTION('',(-1.977373439138E-16,0.919145030018,0.393919298579)
  );
#1942 = DIRECTION('',(-2.22044604925E-16,0.393919298579,-0.919145030018)
  );
#1943 = ORIENTED_EDGE('',*,*,#1927,.F.);
#1944 = ORIENTED_EDGE('',*,*,#1945,.F.);
#1945 = EDGE_CURVE('',#1928,#1928,#1946,.T.);
#1946 = CIRCLE('',#1947,11.);
#1947 = AXIS2_PLACEMENT_3D('',#1948,#1949,#1950);
#1948 = CARTESIAN_POINT('',(-5.581602E+03,-1.272334E+03,1.357E+03));
#1949 = DIRECTION('',(-1.977373439138E-16,0.919145030018,0.393919298579)
  );
#1950 = DIRECTION('',(-2.22044604925E-16,0.393919298579,-0.919145030018)
  );
#1951 = CYLINDRICAL_SURFACE('',#1952,11.);
#1952 = AXIS2_PLACEMENT_3D('',#1953,#1954,#1955);
#1953 = CARTESIAN_POINT('',(-5.581602E+03,-1.272334E+03,1.357E+03));
#1954 = DIRECTION('',(1.977373439138E-16,-0.919145030018,-0.393919298579
    ));
#1955 = DIRECTION('',(-2.22044604925E-16,0.393919298579,-0.919145030018)
  );
#1956 = ADVANCED_FACE('',(#1957),#1960,.F.);
#1957 = FACE_BOUND('',#1958,.T.);
#1958 = EDGE_LOOP('',(#1959));
#1959 = ORIENTED_EDGE('',*,*,#1945,.F.);
#1960 = PLANE('',#1961);
#1961 = AXIS2_PLACEMENT_3D('',#1962,#1963,#1964);
#1962 = CARTESIAN_POINT('',(-5.581602E+03,-1.272334E+03,1.357E+03));
#1963 = DIRECTION('',(-1.977373439138E-16,0.919145030018,0.393919298579)
  );
#1964 = DIRECTION('',(-2.22044604925E-16,0.393919298579,-0.919145030018)
  );
#1965 = ADVANCED_FACE('',(#1966),#1969,.T.);
#1966 = FACE_BOUND('',#1967,.F.);
#1967 = EDGE_LOOP('',(#1968));
#1968 = ORIENTED_EDGE('',*,*,#1937,.F.);
#1969 = PLANE('',#1970);
#1970 = AXIS2_PLACEMENT_3D('',#1971,#1972,#1973);
#1971 = CARTESIAN_POINT('',(-5.581602E+03,-1.132334E+03,1.417E+03));
#1972 = DIRECTION('',(-1.977373439138E-16,0.919145030018,0.393919298579)
  );
#1973 = DIRECTION('',(-2.22044604925E-16,0.393919298579,-0.919145030018)
  );
#1974 = MANIFOLD_SOLID_BREP('',#1975);
#1975 = CLOSED_SHELL('',(#1976,#2009,#2018));
#1976 = ADVANCED_FACE('',(#1977),#2004,.T.);
#1977 = FACE_BOUND('',#1978,.F.);
#1978 = EDGE_LOOP('',(#1979,#1989,#1996,#1997));
#1979 = ORIENTED_EDGE('',*,*,#1980,.T.);
#1980 = EDGE_CURVE('',#1981,#1983,#1985,.T.);
#1981 = VERTEX_POINT('',#1982);
#1982 = CARTESIAN_POINT('',(-5.581602E+03,-1.067334E+03,1.357E+03));
#1983 = VERTEX_POINT('',#1984);
#1984 = CARTESIAN_POINT('',(-5.581602E+03,-1.067334E+03,1.432E+03));
#1985 = LINE('',#1986,#1987);
#1986 = CARTESIAN_POINT('',(-5.581602E+03,-1.067334E+03,1.357E+03));
#1987 = VECTOR('',#1988,1.);
#1988 = DIRECTION('',(0.,0.,1.));
#1989 = ORIENTED_EDGE('',*,*,#1990,.T.);
#1990 = EDGE_CURVE('',#1983,#1983,#1991,.T.);
#1991 = CIRCLE('',#1992,65.);
#1992 = AXIS2_PLACEMENT_3D('',#1993,#1994,#1995);
#1993 = CARTESIAN_POINT('',(-5.581602E+03,-1.132334E+03,1.432E+03));
#1994 = DIRECTION('',(0.,-0.,1.));
#1995 = DIRECTION('',(2.22044604925E-16,1.,0.));
#1996 = ORIENTED_EDGE('',*,*,#1980,.F.);
#1997 = ORIENTED_EDGE('',*,*,#1998,.F.);
#1998 = EDGE_CURVE('',#1981,#1981,#1999,.T.);
#1999 = CIRCLE('',#2000,65.);
#2000 = AXIS2_PLACEMENT_3D('',#2001,#2002,#2003);
#2001 = CARTESIAN_POINT('',(-5.581602E+03,-1.132334E+03,1.357E+03));
#2002 = DIRECTION('',(0.,-0.,1.));
#2003 = DIRECTION('',(2.22044604925E-16,1.,0.));
#2004 = CYLINDRICAL_SURFACE('',#2005,65.);
#2005 = AXIS2_PLACEMENT_3D('',#2006,#2007,#2008);
#2006 = CARTESIAN_POINT('',(-5.581602E+03,-1.132334E+03,1.357E+03));
#2007 = DIRECTION('',(0.,-0.,-1.));
#2008 = DIRECTION('',(2.22044604925E-16,1.,0.));
#2009 = ADVANCED_FACE('',(#2010),#2013,.F.);
#2010 = FACE_BOUND('',#2011,.T.);
#2011 = EDGE_LOOP('',(#2012));
#2012 = ORIENTED_EDGE('',*,*,#1998,.F.);
#2013 = PLANE('',#2014);
#2014 = AXIS2_PLACEMENT_3D('',#2015,#2016,#2017);
#2015 = CARTESIAN_POINT('',(-5.581602E+03,-1.132334E+03,1.357E+03));
#2016 = DIRECTION('',(0.,0.,1.));
#2017 = DIRECTION('',(2.22044604925E-16,1.,0.));
#2018 = ADVANCED_FACE('',(#2019),#2022,.T.);
#2019 = FACE_BOUND('',#2020,.F.);
#2020 = EDGE_LOOP('',(#2021));
#2021 = ORIENTED_EDGE('',*,*,#1990,.F.);
#2022 = PLANE('',#2023);
#2023 = AXIS2_PLACEMENT_3D('',#2024,#2025,#2026);
#2024 = CARTESIAN_POINT('',(-5.581602E+03,-1.132334E+03,1.432E+03));
#2025 = DIRECTION('',(0.,0.,1.));
#2026 = DIRECTION('',(2.22044604925E-16,1.,0.));
#2027 = MANIFOLD_SOLID_BREP('',#2028);
#2028 = CLOSED_SHELL('',(#2029,#2062,#2071));
#2029 = ADVANCED_FACE('',(#2030),#2057,.T.);
#2030 = FACE_BOUND('',#2031,.F.);
#2031 = EDGE_LOOP('',(#2032,#2042,#2049,#2050));
#2032 = ORIENTED_EDGE('',*,*,#2033,.T.);
#2033 = EDGE_CURVE('',#2034,#2036,#2038,.T.);
#2034 = VERTEX_POINT('',#2035);
#2035 = CARTESIAN_POINT('',(-5.768842E+03,-1.227078E+03,1.017E+03));
#2036 = VERTEX_POINT('',#2037);
#2037 = CARTESIAN_POINT('',(-5.768842E+03,-1.227078E+03,1.0731E+03));
#2038 = LINE('',#2039,#2040);
#2039 = CARTESIAN_POINT('',(-5.768842E+03,-1.227078E+03,1.017E+03));
#2040 = VECTOR('',#2041,1.);
#2041 = DIRECTION('',(0.,0.,1.));
#2042 = ORIENTED_EDGE('',*,*,#2043,.T.);
#2043 = EDGE_CURVE('',#2036,#2036,#2044,.T.);
#2044 = CIRCLE('',#2045,54.4);
#2045 = AXIS2_PLACEMENT_3D('',#2046,#2047,#2048);
#2046 = CARTESIAN_POINT('',(-5.768842E+03,-1.281478E+03,1.0731E+03));
#2047 = DIRECTION('',(0.,-0.,1.));
#2048 = DIRECTION('',(2.22044604925E-16,1.,0.));
#2049 = ORIENTED_EDGE('',*,*,#2033,.F.);
#2050 = ORIENTED_EDGE('',*,*,#2051,.F.);
#2051 = EDGE_CURVE('',#2034,#2034,#2052,.T.);
#2052 = CIRCLE('',#2053,54.4);
#2053 = AXIS2_PLACEMENT_3D('',#2054,#2055,#2056);
#2054 = CARTESIAN_POINT('',(-5.768842E+03,-1.281478E+03,1.017E+03));
#2055 = DIRECTION('',(0.,-0.,1.));
#2056 = DIRECTION('',(2.22044604925E-16,1.,0.));
#2057 = CYLINDRICAL_SURFACE('',#2058,54.4);
#2058 = AXIS2_PLACEMENT_3D('',#2059,#2060,#2061);
#2059 = CARTESIAN_POINT('',(-5.768842E+03,-1.281478E+03,1.017E+03));
#2060 = DIRECTION('',(0.,-0.,-1.));
#2061 = DIRECTION('',(2.22044604925E-16,1.,0.));
#2062 = ADVANCED_FACE('',(#2063),#2066,.F.);
#2063 = FACE_BOUND('',#2064,.T.);
#2064 = EDGE_LOOP('',(#2065));
#2065 = ORIENTED_EDGE('',*,*,#2051,.F.);
#2066 = PLANE('',#2067);
#2067 = AXIS2_PLACEMENT_3D('',#2068,#2069,#2070);
#2068 = CARTESIAN_POINT('',(-5.768842E+03,-1.281478E+03,1.017E+03));
#2069 = DIRECTION('',(0.,0.,1.));
#2070 = DIRECTION('',(2.22044604925E-16,1.,0.));
#2071 = ADVANCED_FACE('',(#2072),#2075,.T.);
#2072 = FACE_BOUND('',#2073,.F.);
#2073 = EDGE_LOOP('',(#2074));
#2074 = ORIENTED_EDGE('',*,*,#2043,.F.);
#2075 = PLANE('',#2076);
#2076 = AXIS2_PLACEMENT_3D('',#2077,#2078,#2079);
#2077 = CARTESIAN_POINT('',(-5.768842E+03,-1.281478E+03,1.0731E+03));
#2078 = DIRECTION('',(0.,0.,1.));
#2079 = DIRECTION('',(2.22044604925E-16,1.,0.));
#2080 = MANIFOLD_SOLID_BREP('',#2081);
#2081 = CLOSED_SHELL('',(#2082,#2115,#2124));
#2082 = ADVANCED_FACE('',(#2083),#2110,.T.);
#2083 = FACE_BOUND('',#2084,.F.);
#2084 = EDGE_LOOP('',(#2085,#2095,#2102,#2103));
#2085 = ORIENTED_EDGE('',*,*,#2086,.T.);
#2086 = EDGE_CURVE('',#2087,#2089,#2091,.T.);
#2087 = VERTEX_POINT('',#2088);
#2088 = CARTESIAN_POINT('',(-5.768842E+03,-1.269478E+03,1.0731E+03));
#2089 = VERTEX_POINT('',#2090);
#2090 = CARTESIAN_POINT('',(-5.768842E+03,-1.269478E+03,1.1734E+03));
#2091 = LINE('',#2092,#2093);
#2092 = CARTESIAN_POINT('',(-5.768842E+03,-1.269478E+03,1.0731E+03));
#2093 = VECTOR('',#2094,1.);
#2094 = DIRECTION('',(0.,0.,1.));
#2095 = ORIENTED_EDGE('',*,*,#2096,.T.);
#2096 = EDGE_CURVE('',#2089,#2089,#2097,.T.);
#2097 = CIRCLE('',#2098,12.);
#2098 = AXIS2_PLACEMENT_3D('',#2099,#2100,#2101);
#2099 = CARTESIAN_POINT('',(-5.768842E+03,-1.281478E+03,1.1734E+03));
#2100 = DIRECTION('',(0.,-0.,1.));
#2101 = DIRECTION('',(2.22044604925E-16,1.,0.));
#2102 = ORIENTED_EDGE('',*,*,#2086,.F.);
#2103 = ORIENTED_EDGE('',*,*,#2104,.F.);
#2104 = EDGE_CURVE('',#2087,#2087,#2105,.T.);
#2105 = CIRCLE('',#2106,12.);
#2106 = AXIS2_PLACEMENT_3D('',#2107,#2108,#2109);
#2107 = CARTESIAN_POINT('',(-5.768842E+03,-1.281478E+03,1.0731E+03));
#2108 = DIRECTION('',(0.,-0.,1.));
#2109 = DIRECTION('',(2.22044604925E-16,1.,0.));
#2110 = CYLINDRICAL_SURFACE('',#2111,12.);
#2111 = AXIS2_PLACEMENT_3D('',#2112,#2113,#2114);
#2112 = CARTESIAN_POINT('',(-5.768842E+03,-1.281478E+03,1.0731E+03));
#2113 = DIRECTION('',(0.,-0.,-1.));
#2114 = DIRECTION('',(2.22044604925E-16,1.,0.));
#2115 = ADVANCED_FACE('',(#2116),#2119,.F.);
#2116 = FACE_BOUND('',#2117,.T.);
#2117 = EDGE_LOOP('',(#2118));
#2118 = ORIENTED_EDGE('',*,*,#2104,.F.);
#2119 = PLANE('',#2120);
#2120 = AXIS2_PLACEMENT_3D('',#2121,#2122,#2123);
#2121 = CARTESIAN_POINT('',(-5.768842E+03,-1.281478E+03,1.0731E+03));
#2122 = DIRECTION('',(0.,0.,1.));
#2123 = DIRECTION('',(2.22044604925E-16,1.,0.));
#2124 = ADVANCED_FACE('',(#2125),#2128,.T.);
#2125 = FACE_BOUND('',#2126,.F.);
#2126 = EDGE_LOOP('',(#2127));
#2127 = ORIENTED_EDGE('',*,*,#2096,.F.);
#2128 = PLANE('',#2129);
#2129 = AXIS2_PLACEMENT_3D('',#2130,#2131,#2132);
#2130 = CARTESIAN_POINT('',(-5.768842E+03,-1.281478E+03,1.1734E+03));
#2131 = DIRECTION('',(0.,0.,1.));
#2132 = DIRECTION('',(2.22044604925E-16,1.,0.));
#2133 = MANIFOLD_SOLID_BREP('',#2134);
#2134 = CLOSED_SHELL('',(#2135,#2168,#2177));
#2135 = ADVANCED_FACE('',(#2136),#2163,.T.);
#2136 = FACE_BOUND('',#2137,.F.);
#2137 = EDGE_LOOP('',(#2138,#2148,#2155,#2156));
#2138 = ORIENTED_EDGE('',*,*,#2139,.T.);
#2139 = EDGE_CURVE('',#2140,#2142,#2144,.T.);
#2140 = VERTEX_POINT('',#2141);
#2141 = CARTESIAN_POINT('',(-5.768842E+03,-1.277186500227E+03,
    1.084264095957E+03));
#2142 = VERTEX_POINT('',#2143);
#2143 = CARTESIAN_POINT('',(-5.768842E+03,-1.208386500227E+03,
    1.092764095957E+03));
#2144 = LINE('',#2145,#2146);
#2145 = CARTESIAN_POINT('',(-5.768842E+03,-1.277186500227E+03,
    1.084264095957E+03));
#2146 = VECTOR('',#2147,1.);
#2147 = DIRECTION('',(-2.097391370959E-16,0.992454401235,0.122614279222)
  );
#2148 = ORIENTED_EDGE('',*,*,#2149,.T.);
#2149 = EDGE_CURVE('',#2142,#2142,#2150,.T.);
#2150 = CIRCLE('',#2151,35.);
#2151 = AXIS2_PLACEMENT_3D('',#2152,#2153,#2154);
#2152 = CARTESIAN_POINT('',(-5.768842E+03,-1.212678E+03,1.1275E+03));
#2153 = DIRECTION('',(-2.097391370959E-16,0.992454401235,0.122614279222)
  );
#2154 = DIRECTION('',(-2.22044604925E-16,0.122614279222,-0.992454401235)
  );
#2155 = ORIENTED_EDGE('',*,*,#2139,.F.);
#2156 = ORIENTED_EDGE('',*,*,#2157,.F.);
#2157 = EDGE_CURVE('',#2140,#2140,#2158,.T.);
#2158 = CIRCLE('',#2159,35.);
#2159 = AXIS2_PLACEMENT_3D('',#2160,#2161,#2162);
#2160 = CARTESIAN_POINT('',(-5.768842E+03,-1.281478E+03,1.119E+03));
#2161 = DIRECTION('',(-2.097391370959E-16,0.992454401235,0.122614279222)
  );
#2162 = DIRECTION('',(-2.22044604925E-16,0.122614279222,-0.992454401235)
  );
#2163 = CYLINDRICAL_SURFACE('',#2164,35.);
#2164 = AXIS2_PLACEMENT_3D('',#2165,#2166,#2167);
#2165 = CARTESIAN_POINT('',(-5.768842E+03,-1.281478E+03,1.119E+03));
#2166 = DIRECTION('',(2.097391370959E-16,-0.992454401235,-0.122614279222
    ));
#2167 = DIRECTION('',(-2.22044604925E-16,0.122614279222,-0.992454401235)
  );
#2168 = ADVANCED_FACE('',(#2169),#2172,.F.);
#2169 = FACE_BOUND('',#2170,.T.);
#2170 = EDGE_LOOP('',(#2171));
#2171 = ORIENTED_EDGE('',*,*,#2157,.F.);
#2172 = PLANE('',#2173);
#2173 = AXIS2_PLACEMENT_3D('',#2174,#2175,#2176);
#2174 = CARTESIAN_POINT('',(-5.768842E+03,-1.281478E+03,1.119E+03));
#2175 = DIRECTION('',(-2.097391370959E-16,0.992454401235,0.122614279222)
  );
#2176 = DIRECTION('',(-2.22044604925E-16,0.122614279222,-0.992454401235)
  );
#2177 = ADVANCED_FACE('',(#2178),#2181,.T.);
#2178 = FACE_BOUND('',#2179,.F.);
#2179 = EDGE_LOOP('',(#2180));
#2180 = ORIENTED_EDGE('',*,*,#2149,.F.);
#2181 = PLANE('',#2182);
#2182 = AXIS2_PLACEMENT_3D('',#2183,#2184,#2185);
#2183 = CARTESIAN_POINT('',(-5.768842E+03,-1.212678E+03,1.1275E+03));
#2184 = DIRECTION('',(-2.097391370959E-16,0.992454401235,0.122614279222)
  );
#2185 = DIRECTION('',(-2.22044604925E-16,0.122614279222,-0.992454401235)
  );
#2186 = MANIFOLD_SOLID_BREP('',#2187);
#2187 = CLOSED_SHELL('',(#2188,#2221,#2230));
#2188 = ADVANCED_FACE('',(#2189),#2216,.T.);
#2189 = FACE_BOUND('',#2190,.F.);
#2190 = EDGE_LOOP('',(#2191,#2201,#2208,#2209));
#2191 = ORIENTED_EDGE('',*,*,#2192,.T.);
#2192 = EDGE_CURVE('',#2193,#2195,#2197,.T.);
#2193 = VERTEX_POINT('',#2194);
#2194 = CARTESIAN_POINT('',(-5.761253700849E+03,-1.248943587855E+03,
    1.108563058763E+03));
#2195 = VERTEX_POINT('',#2196);
#2196 = CARTESIAN_POINT('',(-5.826686389171E+03,-1.227683218642E+03,
    1.127263058763E+03));
#2197 = LINE('',#2198,#2199);
#2198 = CARTESIAN_POINT('',(-5.761253700849E+03,-1.248943587855E+03,
    1.108563058763E+03));
#2199 = VECTOR('',#2200,1.);
#2200 = DIRECTION('',(-0.917760063495,0.298198321046,0.262286536404));
#2201 = ORIENTED_EDGE('',*,*,#2202,.T.);
#2202 = EDGE_CURVE('',#2195,#2195,#2203,.T.);
#2203 = CIRCLE('',#2204,35.);
#2204 = AXIS2_PLACEMENT_3D('',#2205,#2206,#2207);
#2205 = CARTESIAN_POINT('',(-5.834274688321E+03,-1.260217630787E+03,
    1.1377E+03));
#2206 = DIRECTION('',(-0.917760063495,0.298198321046,0.262286536404));
#2207 = DIRECTION('',(0.21680854716,0.929554632716,-0.298198321046));
#2208 = ORIENTED_EDGE('',*,*,#2192,.F.);
#2209 = ORIENTED_EDGE('',*,*,#2210,.F.);
#2210 = EDGE_CURVE('',#2193,#2193,#2211,.T.);
#2211 = CIRCLE('',#2212,35.);
#2212 = AXIS2_PLACEMENT_3D('',#2213,#2214,#2215);
#2213 = CARTESIAN_POINT('',(-5.768842E+03,-1.281478E+03,1.119E+03));
#2214 = DIRECTION('',(-0.917760063495,0.298198321046,0.262286536404));
#2215 = DIRECTION('',(0.21680854716,0.929554632716,-0.298198321046));
#2216 = CYLINDRICAL_SURFACE('',#2217,35.);
#2217 = AXIS2_PLACEMENT_3D('',#2218,#2219,#2220);
#2218 = CARTESIAN_POINT('',(-5.768842E+03,-1.281478E+03,1.119E+03));
#2219 = DIRECTION('',(0.917760063495,-0.298198321046,-0.262286536404));
#2220 = DIRECTION('',(0.21680854716,0.929554632716,-0.298198321046));
#2221 = ADVANCED_FACE('',(#2222),#2225,.F.);
#2222 = FACE_BOUND('',#2223,.T.);
#2223 = EDGE_LOOP('',(#2224));
#2224 = ORIENTED_EDGE('',*,*,#2210,.F.);
#2225 = PLANE('',#2226);
#2226 = AXIS2_PLACEMENT_3D('',#2227,#2228,#2229);
#2227 = CARTESIAN_POINT('',(-5.768842E+03,-1.281478E+03,1.119E+03));
#2228 = DIRECTION('',(-0.917760063495,0.298198321046,0.262286536404));
#2229 = DIRECTION('',(0.21680854716,0.929554632716,-0.298198321046));
#2230 = ADVANCED_FACE('',(#2231),#2234,.T.);
#2231 = FACE_BOUND('',#2232,.F.);
#2232 = EDGE_LOOP('',(#2233));
#2233 = ORIENTED_EDGE('',*,*,#2202,.F.);
#2234 = PLANE('',#2235);
#2235 = AXIS2_PLACEMENT_3D('',#2236,#2237,#2238);
#2236 = CARTESIAN_POINT('',(-5.834274688321E+03,-1.260217630787E+03,
    1.1377E+03));
#2237 = DIRECTION('',(-0.917760063495,0.298198321046,0.262286536404));
#2238 = DIRECTION('',(0.21680854716,0.929554632716,-0.298198321046));
#2239 = MANIFOLD_SOLID_BREP('',#2240);
#2240 = CLOSED_SHELL('',(#2241,#2274,#2283));
#2241 = ADVANCED_FACE('',(#2242),#2269,.T.);
#2242 = FACE_BOUND('',#2243,.F.);
#2243 = EDGE_LOOP('',(#2244,#2254,#2261,#2262));
#2244 = ORIENTED_EDGE('',*,*,#2245,.T.);
#2245 = EDGE_CURVE('',#2246,#2248,#2250,.T.);
#2246 = VERTEX_POINT('',#2247);
#2247 = CARTESIAN_POINT('',(-5.783444759623E+03,-1.266576974335E+03,
    1.147101936686E+03));
#2248 = VERTEX_POINT('',#2249);
#2249 = CARTESIAN_POINT('',(-5.823884384981E+03,-1.322237343548E+03,
    1.155601936686E+03));
#2250 = LINE('',#2251,#2252);
#2251 = CARTESIAN_POINT('',(-5.783444759623E+03,-1.266576974335E+03,
    1.147101936686E+03));
#2252 = VECTOR('',#2253,1.);
#2253 = DIRECTION('',(-0.583350060619,-0.802912476741,0.122614279222));
#2254 = ORIENTED_EDGE('',*,*,#2255,.T.);
#2255 = EDGE_CURVE('',#2248,#2248,#2256,.T.);
#2256 = CIRCLE('',#2257,35.);
#2257 = AXIS2_PLACEMENT_3D('',#2258,#2259,#2260);
#2258 = CARTESIAN_POINT('',(-5.809281625358E+03,-1.337138369213E+03,
    1.1275E+03));
#2259 = DIRECTION('',(-0.583350060619,-0.802912476741,0.122614279222));
#2260 = DIRECTION('',(-0.417221703525,0.42574359044,0.802912476741));
#2261 = ORIENTED_EDGE('',*,*,#2245,.F.);
#2262 = ORIENTED_EDGE('',*,*,#2263,.F.);
#2263 = EDGE_CURVE('',#2246,#2246,#2264,.T.);
#2264 = CIRCLE('',#2265,35.);
#2265 = AXIS2_PLACEMENT_3D('',#2266,#2267,#2268);
#2266 = CARTESIAN_POINT('',(-5.768842E+03,-1.281478E+03,1.119E+03));
#2267 = DIRECTION('',(-0.583350060619,-0.802912476741,0.122614279222));
#2268 = DIRECTION('',(-0.417221703525,0.42574359044,0.802912476741));
#2269 = CYLINDRICAL_SURFACE('',#2270,35.);
#2270 = AXIS2_PLACEMENT_3D('',#2271,#2272,#2273);
#2271 = CARTESIAN_POINT('',(-5.768842E+03,-1.281478E+03,1.119E+03));
#2272 = DIRECTION('',(0.583350060619,0.802912476741,-0.122614279222));
#2273 = DIRECTION('',(-0.417221703525,0.42574359044,0.802912476741));
#2274 = ADVANCED_FACE('',(#2275),#2278,.F.);
#2275 = FACE_BOUND('',#2276,.T.);
#2276 = EDGE_LOOP('',(#2277));
#2277 = ORIENTED_EDGE('',*,*,#2263,.F.);
#2278 = PLANE('',#2279);
#2279 = AXIS2_PLACEMENT_3D('',#2280,#2281,#2282);
#2280 = CARTESIAN_POINT('',(-5.768842E+03,-1.281478E+03,1.119E+03));
#2281 = DIRECTION('',(-0.583350060619,-0.802912476741,0.122614279222));
#2282 = DIRECTION('',(-0.417221703525,0.42574359044,0.802912476741));
#2283 = ADVANCED_FACE('',(#2284),#2287,.T.);
#2284 = FACE_BOUND('',#2285,.F.);
#2285 = EDGE_LOOP('',(#2286));
#2286 = ORIENTED_EDGE('',*,*,#2255,.F.);
#2287 = PLANE('',#2288);
#2288 = AXIS2_PLACEMENT_3D('',#2289,#2290,#2291);
#2289 = CARTESIAN_POINT('',(-5.809281625358E+03,-1.337138369213E+03,
    1.1275E+03));
#2290 = DIRECTION('',(-0.583350060619,-0.802912476741,0.122614279222));
#2291 = DIRECTION('',(-0.417221703525,0.42574359044,0.802912476741));
#2292 = MANIFOLD_SOLID_BREP('',#2293);
#2293 = CLOSED_SHELL('',(#2294,#2327,#2336));
#2294 = ADVANCED_FACE('',(#2295),#2322,.T.);
#2295 = FACE_BOUND('',#2296,.F.);
#2296 = EDGE_LOOP('',(#2297,#2307,#2314,#2315));
#2297 = ORIENTED_EDGE('',*,*,#2298,.T.);
#2298 = EDGE_CURVE('',#2299,#2301,#2303,.T.);
#2299 = VERTEX_POINT('',#2300);
#2300 = CARTESIAN_POINT('',(-5.756563874058E+03,-1.263377390564E+03,
    1.146324266896E+03));
#2301 = VERTEX_POINT('',#2302);
#2302 = CARTESIAN_POINT('',(-5.7161242487E+03,-1.319037759777E+03,
    1.165024266896E+03));
#2303 = LINE('',#2304,#2305);
#2304 = CARTESIAN_POINT('',(-5.756563874058E+03,-1.263377390564E+03,
    1.146324266896E+03));
#2305 = VECTOR('',#2306,1.);
#2306 = DIRECTION('',(0.567206912757,-0.780693339885,0.262286536404));
#2307 = ORIENTED_EDGE('',*,*,#2308,.T.);
#2308 = EDGE_CURVE('',#2301,#2301,#2309,.T.);
#2309 = CIRCLE('',#2310,35.);
#2310 = AXIS2_PLACEMENT_3D('',#2311,#2312,#2313);
#2311 = CARTESIAN_POINT('',(-5.728402374642E+03,-1.337138369213E+03,
    1.1377E+03));
#2312 = DIRECTION('',(0.567206912757,-0.780693339885,0.262286536404));
#2313 = DIRECTION('',(0.350803598356,0.517160269587,0.780693339885));
#2314 = ORIENTED_EDGE('',*,*,#2298,.F.);
#2315 = ORIENTED_EDGE('',*,*,#2316,.F.);
#2316 = EDGE_CURVE('',#2299,#2299,#2317,.T.);
#2317 = CIRCLE('',#2318,35.);
#2318 = AXIS2_PLACEMENT_3D('',#2319,#2320,#2321);
#2319 = CARTESIAN_POINT('',(-5.768842E+03,-1.281478E+03,1.119E+03));
#2320 = DIRECTION('',(0.567206912757,-0.780693339885,0.262286536404));
#2321 = DIRECTION('',(0.350803598356,0.517160269587,0.780693339885));
#2322 = CYLINDRICAL_SURFACE('',#2323,35.);
#2323 = AXIS2_PLACEMENT_3D('',#2324,#2325,#2326);
#2324 = CARTESIAN_POINT('',(-5.768842E+03,-1.281478E+03,1.119E+03));
#2325 = DIRECTION('',(-0.567206912757,0.780693339885,-0.262286536404));
#2326 = DIRECTION('',(0.350803598356,0.517160269587,0.780693339885));
#2327 = ADVANCED_FACE('',(#2328),#2331,.F.);
#2328 = FACE_BOUND('',#2329,.T.);
#2329 = EDGE_LOOP('',(#2330));
#2330 = ORIENTED_EDGE('',*,*,#2316,.F.);
#2331 = PLANE('',#2332);
#2332 = AXIS2_PLACEMENT_3D('',#2333,#2334,#2335);
#2333 = CARTESIAN_POINT('',(-5.768842E+03,-1.281478E+03,1.119E+03));
#2334 = DIRECTION('',(0.567206912757,-0.780693339885,0.262286536404));
#2335 = DIRECTION('',(0.350803598356,0.517160269587,0.780693339885));
#2336 = ADVANCED_FACE('',(#2337),#2340,.T.);
#2337 = FACE_BOUND('',#2338,.F.);
#2338 = EDGE_LOOP('',(#2339));
#2339 = ORIENTED_EDGE('',*,*,#2308,.F.);
#2340 = PLANE('',#2341);
#2341 = AXIS2_PLACEMENT_3D('',#2342,#2343,#2344);
#2342 = CARTESIAN_POINT('',(-5.728402374642E+03,-1.337138369213E+03,
    1.1377E+03));
#2343 = DIRECTION('',(0.567206912757,-0.780693339885,0.262286536404));
#2344 = DIRECTION('',(0.350803598356,0.517160269587,0.780693339885));
#2345 = MANIFOLD_SOLID_BREP('',#2346);
#2346 = CLOSED_SHELL('',(#2347,#2380,#2389));
#2347 = ADVANCED_FACE('',(#2348),#2375,.T.);
#2348 = FACE_BOUND('',#2349,.F.);
#2349 = EDGE_LOOP('',(#2350,#2360,#2367,#2368));
#2350 = ORIENTED_EDGE('',*,*,#2351,.T.);
#2351 = EDGE_CURVE('',#2352,#2354,#2356,.T.);
#2352 = VERTEX_POINT('',#2353);
#2353 = CARTESIAN_POINT('',(-5.777867001777E+03,-1.249410400836E+03,
    1.108266015336E+03));
#2354 = VERTEX_POINT('',#2355);
#2355 = CARTESIAN_POINT('',(-5.712434313456E+03,-1.228150031623E+03,
    1.116766015336E+03));
#2356 = LINE('',#2357,#2358);
#2357 = CARTESIAN_POINT('',(-5.777867001777E+03,-1.249410400836E+03,
    1.108266015336E+03));
#2358 = VECTOR('',#2359,1.);
#2359 = DIRECTION('',(0.94388022542,0.306685276124,0.122614279222));
#2360 = ORIENTED_EDGE('',*,*,#2361,.T.);
#2361 = EDGE_CURVE('',#2354,#2354,#2362,.T.);
#2362 = CIRCLE('',#2363,35.);
#2363 = AXIS2_PLACEMENT_3D('',#2364,#2365,#2366);
#2364 = CARTESIAN_POINT('',(-5.703409311679E+03,-1.260217630787E+03,
    1.1275E+03));
#2365 = DIRECTION('',(0.94388022542,0.306685276124,0.122614279222));
#2366 = DIRECTION('',(-0.257857193623,0.916217118977,-0.306685276124));
#2367 = ORIENTED_EDGE('',*,*,#2351,.F.);
#2368 = ORIENTED_EDGE('',*,*,#2369,.F.);
#2369 = EDGE_CURVE('',#2352,#2352,#2370,.T.);
#2370 = CIRCLE('',#2371,35.);
#2371 = AXIS2_PLACEMENT_3D('',#2372,#2373,#2374);
#2372 = CARTESIAN_POINT('',(-5.768842E+03,-1.281478E+03,1.119E+03));
#2373 = DIRECTION('',(0.94388022542,0.306685276124,0.122614279222));
#2374 = DIRECTION('',(-0.257857193623,0.916217118977,-0.306685276124));
#2375 = CYLINDRICAL_SURFACE('',#2376,35.);
#2376 = AXIS2_PLACEMENT_3D('',#2377,#2378,#2379);
#2377 = CARTESIAN_POINT('',(-5.768842E+03,-1.281478E+03,1.119E+03));
#2378 = DIRECTION('',(-0.94388022542,-0.306685276124,-0.122614279222));
#2379 = DIRECTION('',(-0.257857193623,0.916217118977,-0.306685276124));
#2380 = ADVANCED_FACE('',(#2381),#2384,.F.);
#2381 = FACE_BOUND('',#2382,.T.);
#2382 = EDGE_LOOP('',(#2383));
#2383 = ORIENTED_EDGE('',*,*,#2369,.F.);
#2384 = PLANE('',#2385);
#2385 = AXIS2_PLACEMENT_3D('',#2386,#2387,#2388);
#2386 = CARTESIAN_POINT('',(-5.768842E+03,-1.281478E+03,1.119E+03));
#2387 = DIRECTION('',(0.94388022542,0.306685276124,0.122614279222));
#2388 = DIRECTION('',(-0.257857193623,0.916217118977,-0.306685276124));
#2389 = ADVANCED_FACE('',(#2390),#2393,.T.);
#2390 = FACE_BOUND('',#2391,.F.);
#2391 = EDGE_LOOP('',(#2392));
#2392 = ORIENTED_EDGE('',*,*,#2361,.F.);
#2393 = PLANE('',#2394);
#2394 = AXIS2_PLACEMENT_3D('',#2395,#2396,#2397);
#2395 = CARTESIAN_POINT('',(-5.703409311679E+03,-1.260217630787E+03,
    1.1275E+03));
#2396 = DIRECTION('',(0.94388022542,0.306685276124,0.122614279222));
#2397 = DIRECTION('',(-0.257857193623,0.916217118977,-0.306685276124));
#2398 = MANIFOLD_SOLID_BREP('',#2399);
#2399 = CLOSED_SHELL('',(#2400,#2440,#2480,#2502,#2524,#2536));
#2400 = ADVANCED_FACE('',(#2401),#2435,.F.);
#2401 = FACE_BOUND('',#2402,.F.);
#2402 = EDGE_LOOP('',(#2403,#2413,#2421,#2429));
#2403 = ORIENTED_EDGE('',*,*,#2404,.F.);
#2404 = EDGE_CURVE('',#2405,#2407,#2409,.T.);
#2405 = VERTEX_POINT('',#2406);
#2406 = CARTESIAN_POINT('',(-6.5548E+03,119.53,1.));
#2407 = VERTEX_POINT('',#2408);
#2408 = CARTESIAN_POINT('',(-6.5548E+03,119.53,1.6774E+03));
#2409 = LINE('',#2410,#2411);
#2410 = CARTESIAN_POINT('',(-6.5548E+03,119.53,1.));
#2411 = VECTOR('',#2412,1.);
#2412 = DIRECTION('',(0.,0.,1.));
#2413 = ORIENTED_EDGE('',*,*,#2414,.T.);
#2414 = EDGE_CURVE('',#2405,#2415,#2417,.T.);
#2415 = VERTEX_POINT('',#2416);
#2416 = CARTESIAN_POINT('',(-6.5548E+03,144.53,1.));
#2417 = LINE('',#2418,#2419);
#2418 = CARTESIAN_POINT('',(-6.5548E+03,119.53,1.));
#2419 = VECTOR('',#2420,1.);
#2420 = DIRECTION('',(0.,1.,0.));
#2421 = ORIENTED_EDGE('',*,*,#2422,.T.);
#2422 = EDGE_CURVE('',#2415,#2423,#2425,.T.);
#2423 = VERTEX_POINT('',#2424);
#2424 = CARTESIAN_POINT('',(-6.5548E+03,144.53,1.6774E+03));
#2425 = LINE('',#2426,#2427);
#2426 = CARTESIAN_POINT('',(-6.5548E+03,144.53,1.));
#2427 = VECTOR('',#2428,1.);
#2428 = DIRECTION('',(0.,0.,1.));
#2429 = ORIENTED_EDGE('',*,*,#2430,.F.);
#2430 = EDGE_CURVE('',#2407,#2423,#2431,.T.);
#2431 = LINE('',#2432,#2433);
#2432 = CARTESIAN_POINT('',(-6.5548E+03,119.53,1.6774E+03));
#2433 = VECTOR('',#2434,1.);
#2434 = DIRECTION('',(0.,1.,0.));
#2435 = PLANE('',#2436);
#2436 = AXIS2_PLACEMENT_3D('',#2437,#2438,#2439);
#2437 = CARTESIAN_POINT('',(-6.5548E+03,119.53,1.));
#2438 = DIRECTION('',(1.,0.,0.));
#2439 = DIRECTION('',(0.,0.,1.));
#2440 = ADVANCED_FACE('',(#2441),#2475,.T.);
#2441 = FACE_BOUND('',#2442,.T.);
#2442 = EDGE_LOOP('',(#2443,#2453,#2461,#2469));
#2443 = ORIENTED_EDGE('',*,*,#2444,.F.);
#2444 = EDGE_CURVE('',#2445,#2447,#2449,.T.);
#2445 = VERTEX_POINT('',#2446);
#2446 = CARTESIAN_POINT('',(-6.5298E+03,119.53,1.));
#2447 = VERTEX_POINT('',#2448);
#2448 = CARTESIAN_POINT('',(-6.5298E+03,119.53,1.6774E+03));
#2449 = LINE('',#2450,#2451);
#2450 = CARTESIAN_POINT('',(-6.5298E+03,119.53,1.));
#2451 = VECTOR('',#2452,1.);
#2452 = DIRECTION('',(0.,0.,1.));
#2453 = ORIENTED_EDGE('',*,*,#2454,.T.);
#2454 = EDGE_CURVE('',#2445,#2455,#2457,.T.);
#2455 = VERTEX_POINT('',#2456);
#2456 = CARTESIAN_POINT('',(-6.5298E+03,144.53,1.));
#2457 = LINE('',#2458,#2459);
#2458 = CARTESIAN_POINT('',(-6.5298E+03,119.53,1.));
#2459 = VECTOR('',#2460,1.);
#2460 = DIRECTION('',(0.,1.,0.));
#2461 = ORIENTED_EDGE('',*,*,#2462,.T.);
#2462 = EDGE_CURVE('',#2455,#2463,#2465,.T.);
#2463 = VERTEX_POINT('',#2464);
#2464 = CARTESIAN_POINT('',(-6.5298E+03,144.53,1.6774E+03));
#2465 = LINE('',#2466,#2467);
#2466 = CARTESIAN_POINT('',(-6.5298E+03,144.53,1.));
#2467 = VECTOR('',#2468,1.);
#2468 = DIRECTION('',(0.,0.,1.));
#2469 = ORIENTED_EDGE('',*,*,#2470,.F.);
#2470 = EDGE_CURVE('',#2447,#2463,#2471,.T.);
#2471 = LINE('',#2472,#2473);
#2472 = CARTESIAN_POINT('',(-6.5298E+03,119.53,1.6774E+03));
#2473 = VECTOR('',#2474,1.);
#2474 = DIRECTION('',(0.,1.,0.));
#2475 = PLANE('',#2476);
#2476 = AXIS2_PLACEMENT_3D('',#2477,#2478,#2479);
#2477 = CARTESIAN_POINT('',(-6.5298E+03,119.53,1.));
#2478 = DIRECTION('',(1.,0.,0.));
#2479 = DIRECTION('',(0.,0.,1.));
#2480 = ADVANCED_FACE('',(#2481),#2497,.F.);
#2481 = FACE_BOUND('',#2482,.F.);
#2482 = EDGE_LOOP('',(#2483,#2489,#2490,#2496));
#2483 = ORIENTED_EDGE('',*,*,#2484,.F.);
#2484 = EDGE_CURVE('',#2405,#2445,#2485,.T.);
#2485 = LINE('',#2486,#2487);
#2486 = CARTESIAN_POINT('',(-6.5548E+03,119.53,1.));
#2487 = VECTOR('',#2488,1.);
#2488 = DIRECTION('',(1.,0.,0.));
#2489 = ORIENTED_EDGE('',*,*,#2404,.T.);
#2490 = ORIENTED_EDGE('',*,*,#2491,.T.);
#2491 = EDGE_CURVE('',#2407,#2447,#2492,.T.);
#2492 = LINE('',#2493,#2494);
#2493 = CARTESIAN_POINT('',(-6.5548E+03,119.53,1.6774E+03));
#2494 = VECTOR('',#2495,1.);
#2495 = DIRECTION('',(1.,0.,0.));
#2496 = ORIENTED_EDGE('',*,*,#2444,.F.);
#2497 = PLANE('',#2498);
#2498 = AXIS2_PLACEMENT_3D('',#2499,#2500,#2501);
#2499 = CARTESIAN_POINT('',(-6.5548E+03,119.53,1.));
#2500 = DIRECTION('',(0.,1.,0.));
#2501 = DIRECTION('',(0.,0.,1.));
#2502 = ADVANCED_FACE('',(#2503),#2519,.T.);
#2503 = FACE_BOUND('',#2504,.T.);
#2504 = EDGE_LOOP('',(#2505,#2511,#2512,#2518));
#2505 = ORIENTED_EDGE('',*,*,#2506,.F.);
#2506 = EDGE_CURVE('',#2415,#2455,#2507,.T.);
#2507 = LINE('',#2508,#2509);
#2508 = CARTESIAN_POINT('',(-6.5548E+03,144.53,1.));
#2509 = VECTOR('',#2510,1.);
#2510 = DIRECTION('',(1.,0.,0.));
#2511 = ORIENTED_EDGE('',*,*,#2422,.T.);
#2512 = ORIENTED_EDGE('',*,*,#2513,.T.);
#2513 = EDGE_CURVE('',#2423,#2463,#2514,.T.);
#2514 = LINE('',#2515,#2516);
#2515 = CARTESIAN_POINT('',(-6.5548E+03,144.53,1.6774E+03));
#2516 = VECTOR('',#2517,1.);
#2517 = DIRECTION('',(1.,0.,0.));
#2518 = ORIENTED_EDGE('',*,*,#2462,.F.);
#2519 = PLANE('',#2520);
#2520 = AXIS2_PLACEMENT_3D('',#2521,#2522,#2523);
#2521 = CARTESIAN_POINT('',(-6.5548E+03,144.53,1.));
#2522 = DIRECTION('',(0.,1.,0.));
#2523 = DIRECTION('',(0.,0.,1.));
#2524 = ADVANCED_FACE('',(#2525),#2531,.F.);
#2525 = FACE_BOUND('',#2526,.F.);
#2526 = EDGE_LOOP('',(#2527,#2528,#2529,#2530));
#2527 = ORIENTED_EDGE('',*,*,#2414,.F.);
#2528 = ORIENTED_EDGE('',*,*,#2484,.T.);
#2529 = ORIENTED_EDGE('',*,*,#2454,.T.);
#2530 = ORIENTED_EDGE('',*,*,#2506,.F.);
#2531 = PLANE('',#2532);
#2532 = AXIS2_PLACEMENT_3D('',#2533,#2534,#2535);
#2533 = CARTESIAN_POINT('',(-6.5548E+03,119.53,1.));
#2534 = DIRECTION('',(0.,0.,1.));
#2535 = DIRECTION('',(1.,0.,0.));
#2536 = ADVANCED_FACE('',(#2537),#2543,.T.);
#2537 = FACE_BOUND('',#2538,.T.);
#2538 = EDGE_LOOP('',(#2539,#2540,#2541,#2542));
#2539 = ORIENTED_EDGE('',*,*,#2430,.F.);
#2540 = ORIENTED_EDGE('',*,*,#2491,.T.);
#2541 = ORIENTED_EDGE('',*,*,#2470,.T.);
#2542 = ORIENTED_EDGE('',*,*,#2513,.F.);
#2543 = PLANE('',#2544);
#2544 = AXIS2_PLACEMENT_3D('',#2545,#2546,#2547);
#2545 = CARTESIAN_POINT('',(-6.5548E+03,119.53,1.6774E+03));
#2546 = DIRECTION('',(0.,0.,1.));
#2547 = DIRECTION('',(1.,0.,0.));
#2548 = MANIFOLD_SOLID_BREP('',#2549);
#2549 = CLOSED_SHELL('',(#2550,#2590,#2630,#2652,#2674,#2686));
#2550 = ADVANCED_FACE('',(#2551),#2585,.F.);
#2551 = FACE_BOUND('',#2552,.F.);
#2552 = EDGE_LOOP('',(#2553,#2563,#2571,#2579));
#2553 = ORIENTED_EDGE('',*,*,#2554,.F.);
#2554 = EDGE_CURVE('',#2555,#2557,#2559,.T.);
#2555 = VERTEX_POINT('',#2556);
#2556 = CARTESIAN_POINT('',(-6.5548E+03,348.53,1.));
#2557 = VERTEX_POINT('',#2558);
#2558 = CARTESIAN_POINT('',(-6.5548E+03,348.53,1.6774E+03));
#2559 = LINE('',#2560,#2561);
#2560 = CARTESIAN_POINT('',(-6.5548E+03,348.53,1.));
#2561 = VECTOR('',#2562,1.);
#2562 = DIRECTION('',(0.,0.,1.));
#2563 = ORIENTED_EDGE('',*,*,#2564,.T.);
#2564 = EDGE_CURVE('',#2555,#2565,#2567,.T.);
#2565 = VERTEX_POINT('',#2566);
#2566 = CARTESIAN_POINT('',(-6.5548E+03,373.53,1.));
#2567 = LINE('',#2568,#2569);
#2568 = CARTESIAN_POINT('',(-6.5548E+03,348.53,1.));
#2569 = VECTOR('',#2570,1.);
#2570 = DIRECTION('',(0.,1.,0.));
#2571 = ORIENTED_EDGE('',*,*,#2572,.T.);
#2572 = EDGE_CURVE('',#2565,#2573,#2575,.T.);
#2573 = VERTEX_POINT('',#2574);
#2574 = CARTESIAN_POINT('',(-6.5548E+03,373.53,1.6774E+03));
#2575 = LINE('',#2576,#2577);
#2576 = CARTESIAN_POINT('',(-6.5548E+03,373.53,1.));
#2577 = VECTOR('',#2578,1.);
#2578 = DIRECTION('',(0.,0.,1.));
#2579 = ORIENTED_EDGE('',*,*,#2580,.F.);
#2580 = EDGE_CURVE('',#2557,#2573,#2581,.T.);
#2581 = LINE('',#2582,#2583);
#2582 = CARTESIAN_POINT('',(-6.5548E+03,348.53,1.6774E+03));
#2583 = VECTOR('',#2584,1.);
#2584 = DIRECTION('',(0.,1.,0.));
#2585 = PLANE('',#2586);
#2586 = AXIS2_PLACEMENT_3D('',#2587,#2588,#2589);
#2587 = CARTESIAN_POINT('',(-6.5548E+03,348.53,1.));
#2588 = DIRECTION('',(1.,0.,0.));
#2589 = DIRECTION('',(0.,0.,1.));
#2590 = ADVANCED_FACE('',(#2591),#2625,.T.);
#2591 = FACE_BOUND('',#2592,.T.);
#2592 = EDGE_LOOP('',(#2593,#2603,#2611,#2619));
#2593 = ORIENTED_EDGE('',*,*,#2594,.F.);
#2594 = EDGE_CURVE('',#2595,#2597,#2599,.T.);
#2595 = VERTEX_POINT('',#2596);
#2596 = CARTESIAN_POINT('',(-6.5298E+03,348.53,1.));
#2597 = VERTEX_POINT('',#2598);
#2598 = CARTESIAN_POINT('',(-6.5298E+03,348.53,1.6774E+03));
#2599 = LINE('',#2600,#2601);
#2600 = CARTESIAN_POINT('',(-6.5298E+03,348.53,1.));
#2601 = VECTOR('',#2602,1.);
#2602 = DIRECTION('',(0.,0.,1.));
#2603 = ORIENTED_EDGE('',*,*,#2604,.T.);
#2604 = EDGE_CURVE('',#2595,#2605,#2607,.T.);
#2605 = VERTEX_POINT('',#2606);
#2606 = CARTESIAN_POINT('',(-6.5298E+03,373.53,1.));
#2607 = LINE('',#2608,#2609);
#2608 = CARTESIAN_POINT('',(-6.5298E+03,348.53,1.));
#2609 = VECTOR('',#2610,1.);
#2610 = DIRECTION('',(0.,1.,0.));
#2611 = ORIENTED_EDGE('',*,*,#2612,.T.);
#2612 = EDGE_CURVE('',#2605,#2613,#2615,.T.);
#2613 = VERTEX_POINT('',#2614);
#2614 = CARTESIAN_POINT('',(-6.5298E+03,373.53,1.6774E+03));
#2615 = LINE('',#2616,#2617);
#2616 = CARTESIAN_POINT('',(-6.5298E+03,373.53,1.));
#2617 = VECTOR('',#2618,1.);
#2618 = DIRECTION('',(0.,0.,1.));
#2619 = ORIENTED_EDGE('',*,*,#2620,.F.);
#2620 = EDGE_CURVE('',#2597,#2613,#2621,.T.);
#2621 = LINE('',#2622,#2623);
#2622 = CARTESIAN_POINT('',(-6.5298E+03,348.53,1.6774E+03));
#2623 = VECTOR('',#2624,1.);
#2624 = DIRECTION('',(0.,1.,0.));
#2625 = PLANE('',#2626);
#2626 = AXIS2_PLACEMENT_3D('',#2627,#2628,#2629);
#2627 = CARTESIAN_POINT('',(-6.5298E+03,348.53,1.));
#2628 = DIRECTION('',(1.,0.,0.));
#2629 = DIRECTION('',(0.,0.,1.));
#2630 = ADVANCED_FACE('',(#2631),#2647,.F.);
#2631 = FACE_BOUND('',#2632,.F.);
#2632 = EDGE_LOOP('',(#2633,#2639,#2640,#2646));
#2633 = ORIENTED_EDGE('',*,*,#2634,.F.);
#2634 = EDGE_CURVE('',#2555,#2595,#2635,.T.);
#2635 = LINE('',#2636,#2637);
#2636 = CARTESIAN_POINT('',(-6.5548E+03,348.53,1.));
#2637 = VECTOR('',#2638,1.);
#2638 = DIRECTION('',(1.,0.,0.));
#2639 = ORIENTED_EDGE('',*,*,#2554,.T.);
#2640 = ORIENTED_EDGE('',*,*,#2641,.T.);
#2641 = EDGE_CURVE('',#2557,#2597,#2642,.T.);
#2642 = LINE('',#2643,#2644);
#2643 = CARTESIAN_POINT('',(-6.5548E+03,348.53,1.6774E+03));
#2644 = VECTOR('',#2645,1.);
#2645 = DIRECTION('',(1.,0.,0.));
#2646 = ORIENTED_EDGE('',*,*,#2594,.F.);
#2647 = PLANE('',#2648);
#2648 = AXIS2_PLACEMENT_3D('',#2649,#2650,#2651);
#2649 = CARTESIAN_POINT('',(-6.5548E+03,348.53,1.));
#2650 = DIRECTION('',(0.,1.,0.));
#2651 = DIRECTION('',(0.,0.,1.));
#2652 = ADVANCED_FACE('',(#2653),#2669,.T.);
#2653 = FACE_BOUND('',#2654,.T.);
#2654 = EDGE_LOOP('',(#2655,#2661,#2662,#2668));
#2655 = ORIENTED_EDGE('',*,*,#2656,.F.);
#2656 = EDGE_CURVE('',#2565,#2605,#2657,.T.);
#2657 = LINE('',#2658,#2659);
#2658 = CARTESIAN_POINT('',(-6.5548E+03,373.53,1.));
#2659 = VECTOR('',#2660,1.);
#2660 = DIRECTION('',(1.,0.,0.));
#2661 = ORIENTED_EDGE('',*,*,#2572,.T.);
#2662 = ORIENTED_EDGE('',*,*,#2663,.T.);
#2663 = EDGE_CURVE('',#2573,#2613,#2664,.T.);
#2664 = LINE('',#2665,#2666);
#2665 = CARTESIAN_POINT('',(-6.5548E+03,373.53,1.6774E+03));
#2666 = VECTOR('',#2667,1.);
#2667 = DIRECTION('',(1.,0.,0.));
#2668 = ORIENTED_EDGE('',*,*,#2612,.F.);
#2669 = PLANE('',#2670);
#2670 = AXIS2_PLACEMENT_3D('',#2671,#2672,#2673);
#2671 = CARTESIAN_POINT('',(-6.5548E+03,373.53,1.));
#2672 = DIRECTION('',(0.,1.,0.));
#2673 = DIRECTION('',(0.,0.,1.));
#2674 = ADVANCED_FACE('',(#2675),#2681,.F.);
#2675 = FACE_BOUND('',#2676,.F.);
#2676 = EDGE_LOOP('',(#2677,#2678,#2679,#2680));
#2677 = ORIENTED_EDGE('',*,*,#2564,.F.);
#2678 = ORIENTED_EDGE('',*,*,#2634,.T.);
#2679 = ORIENTED_EDGE('',*,*,#2604,.T.);
#2680 = ORIENTED_EDGE('',*,*,#2656,.F.);
#2681 = PLANE('',#2682);
#2682 = AXIS2_PLACEMENT_3D('',#2683,#2684,#2685);
#2683 = CARTESIAN_POINT('',(-6.5548E+03,348.53,1.));
#2684 = DIRECTION('',(0.,0.,1.));
#2685 = DIRECTION('',(1.,0.,0.));
#2686 = ADVANCED_FACE('',(#2687),#2693,.T.);
#2687 = FACE_BOUND('',#2688,.T.);
#2688 = EDGE_LOOP('',(#2689,#2690,#2691,#2692));
#2689 = ORIENTED_EDGE('',*,*,#2580,.F.);
#2690 = ORIENTED_EDGE('',*,*,#2641,.T.);
#2691 = ORIENTED_EDGE('',*,*,#2620,.T.);
#2692 = ORIENTED_EDGE('',*,*,#2663,.F.);
#2693 = PLANE('',#2694);
#2694 = AXIS2_PLACEMENT_3D('',#2695,#2696,#2697);
#2695 = CARTESIAN_POINT('',(-6.5548E+03,348.53,1.6774E+03));
#2696 = DIRECTION('',(0.,0.,1.));
#2697 = DIRECTION('',(1.,0.,0.));
#2698 = MANIFOLD_SOLID_BREP('',#2699);
#2699 = CLOSED_SHELL('',(#2700,#2740,#2780,#2802,#2824,#2836));
#2700 = ADVANCED_FACE('',(#2701),#2735,.F.);
#2701 = FACE_BOUND('',#2702,.F.);
#2702 = EDGE_LOOP('',(#2703,#2713,#2721,#2729));
#2703 = ORIENTED_EDGE('',*,*,#2704,.F.);
#2704 = EDGE_CURVE('',#2705,#2707,#2709,.T.);
#2705 = VERTEX_POINT('',#2706);
#2706 = CARTESIAN_POINT('',(-5.9702E+03,119.53,1.));
#2707 = VERTEX_POINT('',#2708);
#2708 = CARTESIAN_POINT('',(-5.9702E+03,119.53,1.6774E+03));
#2709 = LINE('',#2710,#2711);
#2710 = CARTESIAN_POINT('',(-5.9702E+03,119.53,1.));
#2711 = VECTOR('',#2712,1.);
#2712 = DIRECTION('',(0.,0.,1.));
#2713 = ORIENTED_EDGE('',*,*,#2714,.T.);
#2714 = EDGE_CURVE('',#2705,#2715,#2717,.T.);
#2715 = VERTEX_POINT('',#2716);
#2716 = CARTESIAN_POINT('',(-5.9702E+03,144.53,1.));
#2717 = LINE('',#2718,#2719);
#2718 = CARTESIAN_POINT('',(-5.9702E+03,119.53,1.));
#2719 = VECTOR('',#2720,1.);
#2720 = DIRECTION('',(0.,1.,0.));
#2721 = ORIENTED_EDGE('',*,*,#2722,.T.);
#2722 = EDGE_CURVE('',#2715,#2723,#2725,.T.);
#2723 = VERTEX_POINT('',#2724);
#2724 = CARTESIAN_POINT('',(-5.9702E+03,144.53,1.6774E+03));
#2725 = LINE('',#2726,#2727);
#2726 = CARTESIAN_POINT('',(-5.9702E+03,144.53,1.));
#2727 = VECTOR('',#2728,1.);
#2728 = DIRECTION('',(0.,0.,1.));
#2729 = ORIENTED_EDGE('',*,*,#2730,.F.);
#2730 = EDGE_CURVE('',#2707,#2723,#2731,.T.);
#2731 = LINE('',#2732,#2733);
#2732 = CARTESIAN_POINT('',(-5.9702E+03,119.53,1.6774E+03));
#2733 = VECTOR('',#2734,1.);
#2734 = DIRECTION('',(0.,1.,0.));
#2735 = PLANE('',#2736);
#2736 = AXIS2_PLACEMENT_3D('',#2737,#2738,#2739);
#2737 = CARTESIAN_POINT('',(-5.9702E+03,119.53,1.));
#2738 = DIRECTION('',(1.,0.,0.));
#2739 = DIRECTION('',(0.,0.,1.));
#2740 = ADVANCED_FACE('',(#2741),#2775,.T.);
#2741 = FACE_BOUND('',#2742,.T.);
#2742 = EDGE_LOOP('',(#2743,#2753,#2761,#2769));
#2743 = ORIENTED_EDGE('',*,*,#2744,.F.);
#2744 = EDGE_CURVE('',#2745,#2747,#2749,.T.);
#2745 = VERTEX_POINT('',#2746);
#2746 = CARTESIAN_POINT('',(-5.9452E+03,119.53,1.));
#2747 = VERTEX_POINT('',#2748);
#2748 = CARTESIAN_POINT('',(-5.9452E+03,119.53,1.6774E+03));
#2749 = LINE('',#2750,#2751);
#2750 = CARTESIAN_POINT('',(-5.9452E+03,119.53,1.));
#2751 = VECTOR('',#2752,1.);
#2752 = DIRECTION('',(0.,0.,1.));
#2753 = ORIENTED_EDGE('',*,*,#2754,.T.);
#2754 = EDGE_CURVE('',#2745,#2755,#2757,.T.);
#2755 = VERTEX_POINT('',#2756);
#2756 = CARTESIAN_POINT('',(-5.9452E+03,144.53,1.));
#2757 = LINE('',#2758,#2759);
#2758 = CARTESIAN_POINT('',(-5.9452E+03,119.53,1.));
#2759 = VECTOR('',#2760,1.);
#2760 = DIRECTION('',(0.,1.,0.));
#2761 = ORIENTED_EDGE('',*,*,#2762,.T.);
#2762 = EDGE_CURVE('',#2755,#2763,#2765,.T.);
#2763 = VERTEX_POINT('',#2764);
#2764 = CARTESIAN_POINT('',(-5.9452E+03,144.53,1.6774E+03));
#2765 = LINE('',#2766,#2767);
#2766 = CARTESIAN_POINT('',(-5.9452E+03,144.53,1.));
#2767 = VECTOR('',#2768,1.);
#2768 = DIRECTION('',(0.,0.,1.));
#2769 = ORIENTED_EDGE('',*,*,#2770,.F.);
#2770 = EDGE_CURVE('',#2747,#2763,#2771,.T.);
#2771 = LINE('',#2772,#2773);
#2772 = CARTESIAN_POINT('',(-5.9452E+03,119.53,1.6774E+03));
#2773 = VECTOR('',#2774,1.);
#2774 = DIRECTION('',(0.,1.,0.));
#2775 = PLANE('',#2776);
#2776 = AXIS2_PLACEMENT_3D('',#2777,#2778,#2779);
#2777 = CARTESIAN_POINT('',(-5.9452E+03,119.53,1.));
#2778 = DIRECTION('',(1.,0.,0.));
#2779 = DIRECTION('',(0.,0.,1.));
#2780 = ADVANCED_FACE('',(#2781),#2797,.F.);
#2781 = FACE_BOUND('',#2782,.F.);
#2782 = EDGE_LOOP('',(#2783,#2789,#2790,#2796));
#2783 = ORIENTED_EDGE('',*,*,#2784,.F.);
#2784 = EDGE_CURVE('',#2705,#2745,#2785,.T.);
#2785 = LINE('',#2786,#2787);
#2786 = CARTESIAN_POINT('',(-5.9702E+03,119.53,1.));
#2787 = VECTOR('',#2788,1.);
#2788 = DIRECTION('',(1.,0.,0.));
#2789 = ORIENTED_EDGE('',*,*,#2704,.T.);
#2790 = ORIENTED_EDGE('',*,*,#2791,.T.);
#2791 = EDGE_CURVE('',#2707,#2747,#2792,.T.);
#2792 = LINE('',#2793,#2794);
#2793 = CARTESIAN_POINT('',(-5.9702E+03,119.53,1.6774E+03));
#2794 = VECTOR('',#2795,1.);
#2795 = DIRECTION('',(1.,0.,0.));
#2796 = ORIENTED_EDGE('',*,*,#2744,.F.);
#2797 = PLANE('',#2798);
#2798 = AXIS2_PLACEMENT_3D('',#2799,#2800,#2801);
#2799 = CARTESIAN_POINT('',(-5.9702E+03,119.53,1.));
#2800 = DIRECTION('',(0.,1.,0.));
#2801 = DIRECTION('',(0.,0.,1.));
#2802 = ADVANCED_FACE('',(#2803),#2819,.T.);
#2803 = FACE_BOUND('',#2804,.T.);
#2804 = EDGE_LOOP('',(#2805,#2811,#2812,#2818));
#2805 = ORIENTED_EDGE('',*,*,#2806,.F.);
#2806 = EDGE_CURVE('',#2715,#2755,#2807,.T.);
#2807 = LINE('',#2808,#2809);
#2808 = CARTESIAN_POINT('',(-5.9702E+03,144.53,1.));
#2809 = VECTOR('',#2810,1.);
#2810 = DIRECTION('',(1.,0.,0.));
#2811 = ORIENTED_EDGE('',*,*,#2722,.T.);
#2812 = ORIENTED_EDGE('',*,*,#2813,.T.);
#2813 = EDGE_CURVE('',#2723,#2763,#2814,.T.);
#2814 = LINE('',#2815,#2816);
#2815 = CARTESIAN_POINT('',(-5.9702E+03,144.53,1.6774E+03));
#2816 = VECTOR('',#2817,1.);
#2817 = DIRECTION('',(1.,0.,0.));
#2818 = ORIENTED_EDGE('',*,*,#2762,.F.);
#2819 = PLANE('',#2820);
#2820 = AXIS2_PLACEMENT_3D('',#2821,#2822,#2823);
#2821 = CARTESIAN_POINT('',(-5.9702E+03,144.53,1.));
#2822 = DIRECTION('',(0.,1.,0.));
#2823 = DIRECTION('',(0.,0.,1.));
#2824 = ADVANCED_FACE('',(#2825),#2831,.F.);
#2825 = FACE_BOUND('',#2826,.F.);
#2826 = EDGE_LOOP('',(#2827,#2828,#2829,#2830));
#2827 = ORIENTED_EDGE('',*,*,#2714,.F.);
#2828 = ORIENTED_EDGE('',*,*,#2784,.T.);
#2829 = ORIENTED_EDGE('',*,*,#2754,.T.);
#2830 = ORIENTED_EDGE('',*,*,#2806,.F.);
#2831 = PLANE('',#2832);
#2832 = AXIS2_PLACEMENT_3D('',#2833,#2834,#2835);
#2833 = CARTESIAN_POINT('',(-5.9702E+03,119.53,1.));
#2834 = DIRECTION('',(0.,0.,1.));
#2835 = DIRECTION('',(1.,0.,0.));
#2836 = ADVANCED_FACE('',(#2837),#2843,.T.);
#2837 = FACE_BOUND('',#2838,.T.);
#2838 = EDGE_LOOP('',(#2839,#2840,#2841,#2842));
#2839 = ORIENTED_EDGE('',*,*,#2730,.F.);
#2840 = ORIENTED_EDGE('',*,*,#2791,.T.);
#2841 = ORIENTED_EDGE('',*,*,#2770,.T.);
#2842 = ORIENTED_EDGE('',*,*,#2813,.F.);
#2843 = PLANE('',#2844);
#2844 = AXIS2_PLACEMENT_3D('',#2845,#2846,#2847);
#2845 = CARTESIAN_POINT('',(-5.9702E+03,119.53,1.6774E+03));
#2846 = DIRECTION('',(0.,0.,1.));
#2847 = DIRECTION('',(1.,0.,0.));
#2848 = MANIFOLD_SOLID_BREP('',#2849);
#2849 = CLOSED_SHELL('',(#2850,#2890,#2930,#2952,#2974,#2986));
#2850 = ADVANCED_FACE('',(#2851),#2885,.F.);
#2851 = FACE_BOUND('',#2852,.F.);
#2852 = EDGE_LOOP('',(#2853,#2863,#2871,#2879));
#2853 = ORIENTED_EDGE('',*,*,#2854,.F.);
#2854 = EDGE_CURVE('',#2855,#2857,#2859,.T.);
#2855 = VERTEX_POINT('',#2856);
#2856 = CARTESIAN_POINT('',(-5.9702E+03,348.53,1.));
#2857 = VERTEX_POINT('',#2858);
#2858 = CARTESIAN_POINT('',(-5.9702E+03,348.53,1.6774E+03));
#2859 = LINE('',#2860,#2861);
#2860 = CARTESIAN_POINT('',(-5.9702E+03,348.53,1.));
#2861 = VECTOR('',#2862,1.);
#2862 = DIRECTION('',(0.,0.,1.));
#2863 = ORIENTED_EDGE('',*,*,#2864,.T.);
#2864 = EDGE_CURVE('',#2855,#2865,#2867,.T.);
#2865 = VERTEX_POINT('',#2866);
#2866 = CARTESIAN_POINT('',(-5.9702E+03,373.53,1.));
#2867 = LINE('',#2868,#2869);
#2868 = CARTESIAN_POINT('',(-5.9702E+03,348.53,1.));
#2869 = VECTOR('',#2870,1.);
#2870 = DIRECTION('',(0.,1.,0.));
#2871 = ORIENTED_EDGE('',*,*,#2872,.T.);
#2872 = EDGE_CURVE('',#2865,#2873,#2875,.T.);
#2873 = VERTEX_POINT('',#2874);
#2874 = CARTESIAN_POINT('',(-5.9702E+03,373.53,1.6774E+03));
#2875 = LINE('',#2876,#2877);
#2876 = CARTESIAN_POINT('',(-5.9702E+03,373.53,1.));
#2877 = VECTOR('',#2878,1.);
#2878 = DIRECTION('',(0.,0.,1.));
#2879 = ORIENTED_EDGE('',*,*,#2880,.F.);
#2880 = EDGE_CURVE('',#2857,#2873,#2881,.T.);
#2881 = LINE('',#2882,#2883);
#2882 = CARTESIAN_POINT('',(-5.9702E+03,348.53,1.6774E+03));
#2883 = VECTOR('',#2884,1.);
#2884 = DIRECTION('',(0.,1.,0.));
#2885 = PLANE('',#2886);
#2886 = AXIS2_PLACEMENT_3D('',#2887,#2888,#2889);
#2887 = CARTESIAN_POINT('',(-5.9702E+03,348.53,1.));
#2888 = DIRECTION('',(1.,0.,0.));
#2889 = DIRECTION('',(0.,0.,1.));
#2890 = ADVANCED_FACE('',(#2891),#2925,.T.);
#2891 = FACE_BOUND('',#2892,.T.);
#2892 = EDGE_LOOP('',(#2893,#2903,#2911,#2919));
#2893 = ORIENTED_EDGE('',*,*,#2894,.F.);
#2894 = EDGE_CURVE('',#2895,#2897,#2899,.T.);
#2895 = VERTEX_POINT('',#2896);
#2896 = CARTESIAN_POINT('',(-5.9452E+03,348.53,1.));
#2897 = VERTEX_POINT('',#2898);
#2898 = CARTESIAN_POINT('',(-5.9452E+03,348.53,1.6774E+03));
#2899 = LINE('',#2900,#2901);
#2900 = CARTESIAN_POINT('',(-5.9452E+03,348.53,1.));
#2901 = VECTOR('',#2902,1.);
#2902 = DIRECTION('',(0.,0.,1.));
#2903 = ORIENTED_EDGE('',*,*,#2904,.T.);
#2904 = EDGE_CURVE('',#2895,#2905,#2907,.T.);
#2905 = VERTEX_POINT('',#2906);
#2906 = CARTESIAN_POINT('',(-5.9452E+03,373.53,1.));
#2907 = LINE('',#2908,#2909);
#2908 = CARTESIAN_POINT('',(-5.9452E+03,348.53,1.));
#2909 = VECTOR('',#2910,1.);
#2910 = DIRECTION('',(0.,1.,0.));
#2911 = ORIENTED_EDGE('',*,*,#2912,.T.);
#2912 = EDGE_CURVE('',#2905,#2913,#2915,.T.);
#2913 = VERTEX_POINT('',#2914);
#2914 = CARTESIAN_POINT('',(-5.9452E+03,373.53,1.6774E+03));
#2915 = LINE('',#2916,#2917);
#2916 = CARTESIAN_POINT('',(-5.9452E+03,373.53,1.));
#2917 = VECTOR('',#2918,1.);
#2918 = DIRECTION('',(0.,0.,1.));
#2919 = ORIENTED_EDGE('',*,*,#2920,.F.);
#2920 = EDGE_CURVE('',#2897,#2913,#2921,.T.);
#2921 = LINE('',#2922,#2923);
#2922 = CARTESIAN_POINT('',(-5.9452E+03,348.53,1.6774E+03));
#2923 = VECTOR('',#2924,1.);
#2924 = DIRECTION('',(0.,1.,0.));
#2925 = PLANE('',#2926);
#2926 = AXIS2_PLACEMENT_3D('',#2927,#2928,#2929);
#2927 = CARTESIAN_POINT('',(-5.9452E+03,348.53,1.));
#2928 = DIRECTION('',(1.,0.,0.));
#2929 = DIRECTION('',(0.,0.,1.));
#2930 = ADVANCED_FACE('',(#2931),#2947,.F.);
#2931 = FACE_BOUND('',#2932,.F.);
#2932 = EDGE_LOOP('',(#2933,#2939,#2940,#2946));
#2933 = ORIENTED_EDGE('',*,*,#2934,.F.);
#2934 = EDGE_CURVE('',#2855,#2895,#2935,.T.);
#2935 = LINE('',#2936,#2937);
#2936 = CARTESIAN_POINT('',(-5.9702E+03,348.53,1.));
#2937 = VECTOR('',#2938,1.);
#2938 = DIRECTION('',(1.,0.,0.));
#2939 = ORIENTED_EDGE('',*,*,#2854,.T.);
#2940 = ORIENTED_EDGE('',*,*,#2941,.T.);
#2941 = EDGE_CURVE('',#2857,#2897,#2942,.T.);
#2942 = LINE('',#2943,#2944);
#2943 = CARTESIAN_POINT('',(-5.9702E+03,348.53,1.6774E+03));
#2944 = VECTOR('',#2945,1.);
#2945 = DIRECTION('',(1.,0.,0.));
#2946 = ORIENTED_EDGE('',*,*,#2894,.F.);
#2947 = PLANE('',#2948);
#2948 = AXIS2_PLACEMENT_3D('',#2949,#2950,#2951);
#2949 = CARTESIAN_POINT('',(-5.9702E+03,348.53,1.));
#2950 = DIRECTION('',(0.,1.,0.));
#2951 = DIRECTION('',(0.,0.,1.));
#2952 = ADVANCED_FACE('',(#2953),#2969,.T.);
#2953 = FACE_BOUND('',#2954,.T.);
#2954 = EDGE_LOOP('',(#2955,#2961,#2962,#2968));
#2955 = ORIENTED_EDGE('',*,*,#2956,.F.);
#2956 = EDGE_CURVE('',#2865,#2905,#2957,.T.);
#2957 = LINE('',#2958,#2959);
#2958 = CARTESIAN_POINT('',(-5.9702E+03,373.53,1.));
#2959 = VECTOR('',#2960,1.);
#2960 = DIRECTION('',(1.,0.,0.));
#2961 = ORIENTED_EDGE('',*,*,#2872,.T.);
#2962 = ORIENTED_EDGE('',*,*,#2963,.T.);
#2963 = EDGE_CURVE('',#2873,#2913,#2964,.T.);
#2964 = LINE('',#2965,#2966);
#2965 = CARTESIAN_POINT('',(-5.9702E+03,373.53,1.6774E+03));
#2966 = VECTOR('',#2967,1.);
#2967 = DIRECTION('',(1.,0.,0.));
#2968 = ORIENTED_EDGE('',*,*,#2912,.F.);
#2969 = PLANE('',#2970);
#2970 = AXIS2_PLACEMENT_3D('',#2971,#2972,#2973);
#2971 = CARTESIAN_POINT('',(-5.9702E+03,373.53,1.));
#2972 = DIRECTION('',(0.,1.,0.));
#2973 = DIRECTION('',(0.,0.,1.));
#2974 = ADVANCED_FACE('',(#2975),#2981,.F.);
#2975 = FACE_BOUND('',#2976,.F.);
#2976 = EDGE_LOOP('',(#2977,#2978,#2979,#2980));
#2977 = ORIENTED_EDGE('',*,*,#2864,.F.);
#2978 = ORIENTED_EDGE('',*,*,#2934,.T.);
#2979 = ORIENTED_EDGE('',*,*,#2904,.T.);
#2980 = ORIENTED_EDGE('',*,*,#2956,.F.);
#2981 = PLANE('',#2982);
#2982 = AXIS2_PLACEMENT_3D('',#2983,#2984,#2985);
#2983 = CARTESIAN_POINT('',(-5.9702E+03,348.53,1.));
#2984 = DIRECTION('',(0.,0.,1.));
#2985 = DIRECTION('',(1.,0.,0.));
#2986 = ADVANCED_FACE('',(#2987),#2993,.T.);
#2987 = FACE_BOUND('',#2988,.T.);
#2988 = EDGE_LOOP('',(#2989,#2990,#2991,#2992));
#2989 = ORIENTED_EDGE('',*,*,#2880,.F.);
#2990 = ORIENTED_EDGE('',*,*,#2941,.T.);
#2991 = ORIENTED_EDGE('',*,*,#2920,.T.);
#2992 = ORIENTED_EDGE('',*,*,#2963,.F.);
#2993 = PLANE('',#2994);
#2994 = AXIS2_PLACEMENT_3D('',#2995,#2996,#2997);
#2995 = CARTESIAN_POINT('',(-5.9702E+03,348.53,1.6774E+03));
#2996 = DIRECTION('',(0.,0.,1.));
#2997 = DIRECTION('',(1.,0.,0.));
#2998 = MANIFOLD_SOLID_BREP('',#2999);
#2999 = CLOSED_SHELL('',(#3000,#3040,#3080,#3102,#3124,#3136));
#3000 = ADVANCED_FACE('',(#3001),#3035,.F.);
#3001 = FACE_BOUND('',#3002,.F.);
#3002 = EDGE_LOOP('',(#3003,#3013,#3021,#3029));
#3003 = ORIENTED_EDGE('',*,*,#3004,.F.);
#3004 = EDGE_CURVE('',#3005,#3007,#3009,.T.);
#3005 = VERTEX_POINT('',#3006);
#3006 = CARTESIAN_POINT('',(-6.5448E+03,129.53,91.));
#3007 = VERTEX_POINT('',#3008);
#3008 = CARTESIAN_POINT('',(-6.5448E+03,129.53,113.));
#3009 = LINE('',#3010,#3011);
#3010 = CARTESIAN_POINT('',(-6.5448E+03,129.53,91.));
#3011 = VECTOR('',#3012,1.);
#3012 = DIRECTION('',(0.,0.,1.));
#3013 = ORIENTED_EDGE('',*,*,#3014,.T.);
#3014 = EDGE_CURVE('',#3005,#3015,#3017,.T.);
#3015 = VERTEX_POINT('',#3016);
#3016 = CARTESIAN_POINT('',(-6.5448E+03,363.53,91.));
#3017 = LINE('',#3018,#3019);
#3018 = CARTESIAN_POINT('',(-6.5448E+03,129.53,91.));
#3019 = VECTOR('',#3020,1.);
#3020 = DIRECTION('',(0.,1.,0.));
#3021 = ORIENTED_EDGE('',*,*,#3022,.T.);
#3022 = EDGE_CURVE('',#3015,#3023,#3025,.T.);
#3023 = VERTEX_POINT('',#3024);
#3024 = CARTESIAN_POINT('',(-6.5448E+03,363.53,113.));
#3025 = LINE('',#3026,#3027);
#3026 = CARTESIAN_POINT('',(-6.5448E+03,363.53,91.));
#3027 = VECTOR('',#3028,1.);
#3028 = DIRECTION('',(0.,0.,1.));
#3029 = ORIENTED_EDGE('',*,*,#3030,.F.);
#3030 = EDGE_CURVE('',#3007,#3023,#3031,.T.);
#3031 = LINE('',#3032,#3033);
#3032 = CARTESIAN_POINT('',(-6.5448E+03,129.53,113.));
#3033 = VECTOR('',#3034,1.);
#3034 = DIRECTION('',(0.,1.,0.));
#3035 = PLANE('',#3036);
#3036 = AXIS2_PLACEMENT_3D('',#3037,#3038,#3039);
#3037 = CARTESIAN_POINT('',(-6.5448E+03,129.53,91.));
#3038 = DIRECTION('',(1.,0.,0.));
#3039 = DIRECTION('',(0.,0.,1.));
#3040 = ADVANCED_FACE('',(#3041),#3075,.T.);
#3041 = FACE_BOUND('',#3042,.T.);
#3042 = EDGE_LOOP('',(#3043,#3053,#3061,#3069));
#3043 = ORIENTED_EDGE('',*,*,#3044,.F.);
#3044 = EDGE_CURVE('',#3045,#3047,#3049,.T.);
#3045 = VERTEX_POINT('',#3046);
#3046 = CARTESIAN_POINT('',(-5.9552E+03,129.53,91.));
#3047 = VERTEX_POINT('',#3048);
#3048 = CARTESIAN_POINT('',(-5.9552E+03,129.53,113.));
#3049 = LINE('',#3050,#3051);
#3050 = CARTESIAN_POINT('',(-5.9552E+03,129.53,91.));
#3051 = VECTOR('',#3052,1.);
#3052 = DIRECTION('',(0.,0.,1.));
#3053 = ORIENTED_EDGE('',*,*,#3054,.T.);
#3054 = EDGE_CURVE('',#3045,#3055,#3057,.T.);
#3055 = VERTEX_POINT('',#3056);
#3056 = CARTESIAN_POINT('',(-5.9552E+03,363.53,91.));
#3057 = LINE('',#3058,#3059);
#3058 = CARTESIAN_POINT('',(-5.9552E+03,129.53,91.));
#3059 = VECTOR('',#3060,1.);
#3060 = DIRECTION('',(0.,1.,0.));
#3061 = ORIENTED_EDGE('',*,*,#3062,.T.);
#3062 = EDGE_CURVE('',#3055,#3063,#3065,.T.);
#3063 = VERTEX_POINT('',#3064);
#3064 = CARTESIAN_POINT('',(-5.9552E+03,363.53,113.));
#3065 = LINE('',#3066,#3067);
#3066 = CARTESIAN_POINT('',(-5.9552E+03,363.53,91.));
#3067 = VECTOR('',#3068,1.);
#3068 = DIRECTION('',(0.,0.,1.));
#3069 = ORIENTED_EDGE('',*,*,#3070,.F.);
#3070 = EDGE_CURVE('',#3047,#3063,#3071,.T.);
#3071 = LINE('',#3072,#3073);
#3072 = CARTESIAN_POINT('',(-5.9552E+03,129.53,113.));
#3073 = VECTOR('',#3074,1.);
#3074 = DIRECTION('',(0.,1.,0.));
#3075 = PLANE('',#3076);
#3076 = AXIS2_PLACEMENT_3D('',#3077,#3078,#3079);
#3077 = CARTESIAN_POINT('',(-5.9552E+03,129.53,91.));
#3078 = DIRECTION('',(1.,0.,0.));
#3079 = DIRECTION('',(0.,0.,1.));
#3080 = ADVANCED_FACE('',(#3081),#3097,.F.);
#3081 = FACE_BOUND('',#3082,.F.);
#3082 = EDGE_LOOP('',(#3083,#3089,#3090,#3096));
#3083 = ORIENTED_EDGE('',*,*,#3084,.F.);
#3084 = EDGE_CURVE('',#3005,#3045,#3085,.T.);
#3085 = LINE('',#3086,#3087);
#3086 = CARTESIAN_POINT('',(-6.5448E+03,129.53,91.));
#3087 = VECTOR('',#3088,1.);
#3088 = DIRECTION('',(1.,0.,0.));
#3089 = ORIENTED_EDGE('',*,*,#3004,.T.);
#3090 = ORIENTED_EDGE('',*,*,#3091,.T.);
#3091 = EDGE_CURVE('',#3007,#3047,#3092,.T.);
#3092 = LINE('',#3093,#3094);
#3093 = CARTESIAN_POINT('',(-6.5448E+03,129.53,113.));
#3094 = VECTOR('',#3095,1.);
#3095 = DIRECTION('',(1.,0.,0.));
#3096 = ORIENTED_EDGE('',*,*,#3044,.F.);
#3097 = PLANE('',#3098);
#3098 = AXIS2_PLACEMENT_3D('',#3099,#3100,#3101);
#3099 = CARTESIAN_POINT('',(-6.5448E+03,129.53,91.));
#3100 = DIRECTION('',(0.,1.,0.));
#3101 = DIRECTION('',(0.,0.,1.));
#3102 = ADVANCED_FACE('',(#3103),#3119,.T.);
#3103 = FACE_BOUND('',#3104,.T.);
#3104 = EDGE_LOOP('',(#3105,#3111,#3112,#3118));
#3105 = ORIENTED_EDGE('',*,*,#3106,.F.);
#3106 = EDGE_CURVE('',#3015,#3055,#3107,.T.);
#3107 = LINE('',#3108,#3109);
#3108 = CARTESIAN_POINT('',(-6.5448E+03,363.53,91.));
#3109 = VECTOR('',#3110,1.);
#3110 = DIRECTION('',(1.,0.,0.));
#3111 = ORIENTED_EDGE('',*,*,#3022,.T.);
#3112 = ORIENTED_EDGE('',*,*,#3113,.T.);
#3113 = EDGE_CURVE('',#3023,#3063,#3114,.T.);
#3114 = LINE('',#3115,#3116);
#3115 = CARTESIAN_POINT('',(-6.5448E+03,363.53,113.));
#3116 = VECTOR('',#3117,1.);
#3117 = DIRECTION('',(1.,0.,0.));
#3118 = ORIENTED_EDGE('',*,*,#3062,.F.);
#3119 = PLANE('',#3120);
#3120 = AXIS2_PLACEMENT_3D('',#3121,#3122,#3123);
#3121 = CARTESIAN_POINT('',(-6.5448E+03,363.53,91.));
#3122 = DIRECTION('',(0.,1.,0.));
#3123 = DIRECTION('',(0.,0.,1.));
#3124 = ADVANCED_FACE('',(#3125),#3131,.F.);
#3125 = FACE_BOUND('',#3126,.F.);
#3126 = EDGE_LOOP('',(#3127,#3128,#3129,#3130));
#3127 = ORIENTED_EDGE('',*,*,#3014,.F.);
#3128 = ORIENTED_EDGE('',*,*,#3084,.T.);
#3129 = ORIENTED_EDGE('',*,*,#3054,.T.);
#3130 = ORIENTED_EDGE('',*,*,#3106,.F.);
#3131 = PLANE('',#3132);
#3132 = AXIS2_PLACEMENT_3D('',#3133,#3134,#3135);
#3133 = CARTESIAN_POINT('',(-6.5448E+03,129.53,91.));
#3134 = DIRECTION('',(0.,0.,1.));
#3135 = DIRECTION('',(1.,0.,0.));
#3136 = ADVANCED_FACE('',(#3137),#3143,.T.);
#3137 = FACE_BOUND('',#3138,.T.);
#3138 = EDGE_LOOP('',(#3139,#3140,#3141,#3142));
#3139 = ORIENTED_EDGE('',*,*,#3030,.F.);
#3140 = ORIENTED_EDGE('',*,*,#3091,.T.);
#3141 = ORIENTED_EDGE('',*,*,#3070,.T.);
#3142 = ORIENTED_EDGE('',*,*,#3113,.F.);
#3143 = PLANE('',#3144);
#3144 = AXIS2_PLACEMENT_3D('',#3145,#3146,#3147);
#3145 = CARTESIAN_POINT('',(-6.5448E+03,129.53,113.));
#3146 = DIRECTION('',(0.,0.,1.));
#3147 = DIRECTION('',(1.,0.,0.));
#3148 = MANIFOLD_SOLID_BREP('',#3149);
#3149 = CLOSED_SHELL('',(#3150,#3190,#3230,#3252,#3274,#3286));
#3150 = ADVANCED_FACE('',(#3151),#3185,.F.);
#3151 = FACE_BOUND('',#3152,.F.);
#3152 = EDGE_LOOP('',(#3153,#3163,#3171,#3179));
#3153 = ORIENTED_EDGE('',*,*,#3154,.F.);
#3154 = EDGE_CURVE('',#3155,#3157,#3159,.T.);
#3155 = VERTEX_POINT('',#3156);
#3156 = CARTESIAN_POINT('',(-6.469456E+03,163.98,113.));
#3157 = VERTEX_POINT('',#3158);
#3158 = CARTESIAN_POINT('',(-6.469456E+03,163.98,213.));
#3159 = LINE('',#3160,#3161);
#3160 = CARTESIAN_POINT('',(-6.469456E+03,163.98,113.));
#3161 = VECTOR('',#3162,1.);
#3162 = DIRECTION('',(0.,0.,1.));
#3163 = ORIENTED_EDGE('',*,*,#3164,.T.);
#3164 = EDGE_CURVE('',#3155,#3165,#3167,.T.);
#3165 = VERTEX_POINT('',#3166);
#3166 = CARTESIAN_POINT('',(-6.469456E+03,329.08,113.));
#3167 = LINE('',#3168,#3169);
#3168 = CARTESIAN_POINT('',(-6.469456E+03,163.98,113.));
#3169 = VECTOR('',#3170,1.);
#3170 = DIRECTION('',(0.,1.,0.));
#3171 = ORIENTED_EDGE('',*,*,#3172,.T.);
#3172 = EDGE_CURVE('',#3165,#3173,#3175,.T.);
#3173 = VERTEX_POINT('',#3174);
#3174 = CARTESIAN_POINT('',(-6.469456E+03,329.08,213.));
#3175 = LINE('',#3176,#3177);
#3176 = CARTESIAN_POINT('',(-6.469456E+03,329.08,113.));
#3177 = VECTOR('',#3178,1.);
#3178 = DIRECTION('',(0.,0.,1.));
#3179 = ORIENTED_EDGE('',*,*,#3180,.F.);
#3180 = EDGE_CURVE('',#3157,#3173,#3181,.T.);
#3181 = LINE('',#3182,#3183);
#3182 = CARTESIAN_POINT('',(-6.469456E+03,163.98,213.));
#3183 = VECTOR('',#3184,1.);
#3184 = DIRECTION('',(0.,1.,0.));
#3185 = PLANE('',#3186);
#3186 = AXIS2_PLACEMENT_3D('',#3187,#3188,#3189);
#3187 = CARTESIAN_POINT('',(-6.469456E+03,163.98,113.));
#3188 = DIRECTION('',(1.,0.,0.));
#3189 = DIRECTION('',(0.,0.,1.));
#3190 = ADVANCED_FACE('',(#3191),#3225,.T.);
#3191 = FACE_BOUND('',#3192,.T.);
#3192 = EDGE_LOOP('',(#3193,#3203,#3211,#3219));
#3193 = ORIENTED_EDGE('',*,*,#3194,.F.);
#3194 = EDGE_CURVE('',#3195,#3197,#3199,.T.);
#3195 = VERTEX_POINT('',#3196);
#3196 = CARTESIAN_POINT('',(-6.286576E+03,163.98,113.));
#3197 = VERTEX_POINT('',#3198);
#3198 = CARTESIAN_POINT('',(-6.286576E+03,163.98,213.));
#3199 = LINE('',#3200,#3201);
#3200 = CARTESIAN_POINT('',(-6.286576E+03,163.98,113.));
#3201 = VECTOR('',#3202,1.);
#3202 = DIRECTION('',(0.,0.,1.));
#3203 = ORIENTED_EDGE('',*,*,#3204,.T.);
#3204 = EDGE_CURVE('',#3195,#3205,#3207,.T.);
#3205 = VERTEX_POINT('',#3206);
#3206 = CARTESIAN_POINT('',(-6.286576E+03,329.08,113.));
#3207 = LINE('',#3208,#3209);
#3208 = CARTESIAN_POINT('',(-6.286576E+03,163.98,113.));
#3209 = VECTOR('',#3210,1.);
#3210 = DIRECTION('',(0.,1.,0.));
#3211 = ORIENTED_EDGE('',*,*,#3212,.T.);
#3212 = EDGE_CURVE('',#3205,#3213,#3215,.T.);
#3213 = VERTEX_POINT('',#3214);
#3214 = CARTESIAN_POINT('',(-6.286576E+03,329.08,213.));
#3215 = LINE('',#3216,#3217);
#3216 = CARTESIAN_POINT('',(-6.286576E+03,329.08,113.));
#3217 = VECTOR('',#3218,1.);
#3218 = DIRECTION('',(0.,0.,1.));
#3219 = ORIENTED_EDGE('',*,*,#3220,.F.);
#3220 = EDGE_CURVE('',#3197,#3213,#3221,.T.);
#3221 = LINE('',#3222,#3223);
#3222 = CARTESIAN_POINT('',(-6.286576E+03,163.98,213.));
#3223 = VECTOR('',#3224,1.);
#3224 = DIRECTION('',(0.,1.,0.));
#3225 = PLANE('',#3226);
#3226 = AXIS2_PLACEMENT_3D('',#3227,#3228,#3229);
#3227 = CARTESIAN_POINT('',(-6.286576E+03,163.98,113.));
#3228 = DIRECTION('',(1.,0.,0.));
#3229 = DIRECTION('',(0.,0.,1.));
#3230 = ADVANCED_FACE('',(#3231),#3247,.F.);
#3231 = FACE_BOUND('',#3232,.F.);
#3232 = EDGE_LOOP('',(#3233,#3239,#3240,#3246));
#3233 = ORIENTED_EDGE('',*,*,#3234,.F.);
#3234 = EDGE_CURVE('',#3155,#3195,#3235,.T.);
#3235 = LINE('',#3236,#3237);
#3236 = CARTESIAN_POINT('',(-6.469456E+03,163.98,113.));
#3237 = VECTOR('',#3238,1.);
#3238 = DIRECTION('',(1.,0.,0.));
#3239 = ORIENTED_EDGE('',*,*,#3154,.T.);
#3240 = ORIENTED_EDGE('',*,*,#3241,.T.);
#3241 = EDGE_CURVE('',#3157,#3197,#3242,.T.);
#3242 = LINE('',#3243,#3244);
#3243 = CARTESIAN_POINT('',(-6.469456E+03,163.98,213.));
#3244 = VECTOR('',#3245,1.);
#3245 = DIRECTION('',(1.,0.,0.));
#3246 = ORIENTED_EDGE('',*,*,#3194,.F.);
#3247 = PLANE('',#3248);
#3248 = AXIS2_PLACEMENT_3D('',#3249,#3250,#3251);
#3249 = CARTESIAN_POINT('',(-6.469456E+03,163.98,113.));
#3250 = DIRECTION('',(0.,1.,0.));
#3251 = DIRECTION('',(0.,0.,1.));
#3252 = ADVANCED_FACE('',(#3253),#3269,.T.);
#3253 = FACE_BOUND('',#3254,.T.);
#3254 = EDGE_LOOP('',(#3255,#3261,#3262,#3268));
#3255 = ORIENTED_EDGE('',*,*,#3256,.F.);
#3256 = EDGE_CURVE('',#3165,#3205,#3257,.T.);
#3257 = LINE('',#3258,#3259);
#3258 = CARTESIAN_POINT('',(-6.469456E+03,329.08,113.));
#3259 = VECTOR('',#3260,1.);
#3260 = DIRECTION('',(1.,0.,0.));
#3261 = ORIENTED_EDGE('',*,*,#3172,.T.);
#3262 = ORIENTED_EDGE('',*,*,#3263,.T.);
#3263 = EDGE_CURVE('',#3173,#3213,#3264,.T.);
#3264 = LINE('',#3265,#3266);
#3265 = CARTESIAN_POINT('',(-6.469456E+03,329.08,213.));
#3266 = VECTOR('',#3267,1.);
#3267 = DIRECTION('',(1.,0.,0.));
#3268 = ORIENTED_EDGE('',*,*,#3212,.F.);
#3269 = PLANE('',#3270);
#3270 = AXIS2_PLACEMENT_3D('',#3271,#3272,#3273);
#3271 = CARTESIAN_POINT('',(-6.469456E+03,329.08,113.));
#3272 = DIRECTION('',(0.,1.,0.));
#3273 = DIRECTION('',(0.,0.,1.));
#3274 = ADVANCED_FACE('',(#3275),#3281,.F.);
#3275 = FACE_BOUND('',#3276,.F.);
#3276 = EDGE_LOOP('',(#3277,#3278,#3279,#3280));
#3277 = ORIENTED_EDGE('',*,*,#3164,.F.);
#3278 = ORIENTED_EDGE('',*,*,#3234,.T.);
#3279 = ORIENTED_EDGE('',*,*,#3204,.T.);
#3280 = ORIENTED_EDGE('',*,*,#3256,.F.);
#3281 = PLANE('',#3282);
#3282 = AXIS2_PLACEMENT_3D('',#3283,#3284,#3285);
#3283 = CARTESIAN_POINT('',(-6.469456E+03,163.98,113.));
#3284 = DIRECTION('',(0.,0.,1.));
#3285 = DIRECTION('',(1.,0.,0.));
#3286 = ADVANCED_FACE('',(#3287),#3293,.T.);
#3287 = FACE_BOUND('',#3288,.T.);
#3288 = EDGE_LOOP('',(#3289,#3290,#3291,#3292));
#3289 = ORIENTED_EDGE('',*,*,#3180,.F.);
#3290 = ORIENTED_EDGE('',*,*,#3241,.T.);
#3291 = ORIENTED_EDGE('',*,*,#3220,.T.);
#3292 = ORIENTED_EDGE('',*,*,#3263,.F.);
#3293 = PLANE('',#3294);
#3294 = AXIS2_PLACEMENT_3D('',#3295,#3296,#3297);
#3295 = CARTESIAN_POINT('',(-6.469456E+03,163.98,213.));
#3296 = DIRECTION('',(0.,0.,1.));
#3297 = DIRECTION('',(1.,0.,0.));
#3298 = MANIFOLD_SOLID_BREP('',#3299);
#3299 = CLOSED_SHELL('',(#3300,#3333,#3342));
#3300 = ADVANCED_FACE('',(#3301),#3328,.T.);
#3301 = FACE_BOUND('',#3302,.F.);
#3302 = EDGE_LOOP('',(#3303,#3313,#3320,#3321));
#3303 = ORIENTED_EDGE('',*,*,#3304,.T.);
#3304 = EDGE_CURVE('',#3305,#3307,#3309,.T.);
#3305 = VERTEX_POINT('',#3306);
#3306 = CARTESIAN_POINT('',(-6.051696E+03,246.53,113.));
#3307 = VERTEX_POINT('',#3308);
#3308 = CARTESIAN_POINT('',(-6.051696E+03,246.53,223.));
#3309 = LINE('',#3310,#3311);
#3310 = CARTESIAN_POINT('',(-6.051696E+03,246.53,113.));
#3311 = VECTOR('',#3312,1.);
#3312 = DIRECTION('',(0.,0.,1.));
#3313 = ORIENTED_EDGE('',*,*,#3314,.T.);
#3314 = EDGE_CURVE('',#3307,#3307,#3315,.T.);
#3315 = CIRCLE('',#3316,52.);
#3316 = AXIS2_PLACEMENT_3D('',#3317,#3318,#3319);
#3317 = CARTESIAN_POINT('',(-6.103696E+03,246.53,223.));
#3318 = DIRECTION('',(0.,0.,1.));
#3319 = DIRECTION('',(1.,0.,0.));
#3320 = ORIENTED_EDGE('',*,*,#3304,.F.);
#3321 = ORIENTED_EDGE('',*,*,#3322,.F.);
#3322 = EDGE_CURVE('',#3305,#3305,#3323,.T.);
#3323 = CIRCLE('',#3324,52.);
#3324 = AXIS2_PLACEMENT_3D('',#3325,#3326,#3327);
#3325 = CARTESIAN_POINT('',(-6.103696E+03,246.53,113.));
#3326 = DIRECTION('',(0.,0.,1.));
#3327 = DIRECTION('',(1.,0.,0.));
#3328 = CYLINDRICAL_SURFACE('',#3329,52.);
#3329 = AXIS2_PLACEMENT_3D('',#3330,#3331,#3332);
#3330 = CARTESIAN_POINT('',(-6.103696E+03,246.53,113.));
#3331 = DIRECTION('',(-0.,-0.,-1.));
#3332 = DIRECTION('',(1.,0.,0.));
#3333 = ADVANCED_FACE('',(#3334),#3337,.F.);
#3334 = FACE_BOUND('',#3335,.T.);
#3335 = EDGE_LOOP('',(#3336));
#3336 = ORIENTED_EDGE('',*,*,#3322,.F.);
#3337 = PLANE('',#3338);
#3338 = AXIS2_PLACEMENT_3D('',#3339,#3340,#3341);
#3339 = CARTESIAN_POINT('',(-6.103696E+03,246.53,113.));
#3340 = DIRECTION('',(0.,0.,1.));
#3341 = DIRECTION('',(1.,0.,0.));
#3342 = ADVANCED_FACE('',(#3343),#3346,.T.);
#3343 = FACE_BOUND('',#3344,.F.);
#3344 = EDGE_LOOP('',(#3345));
#3345 = ORIENTED_EDGE('',*,*,#3314,.F.);
#3346 = PLANE('',#3347);
#3347 = AXIS2_PLACEMENT_3D('',#3348,#3349,#3350);
#3348 = CARTESIAN_POINT('',(-6.103696E+03,246.53,223.));
#3349 = DIRECTION('',(0.,0.,1.));
#3350 = DIRECTION('',(1.,0.,0.));
#3351 = MANIFOLD_SOLID_BREP('',#3352);
#3352 = CLOSED_SHELL('',(#3353,#3393,#3433,#3455,#3477,#3489));
#3353 = ADVANCED_FACE('',(#3354),#3388,.F.);
#3354 = FACE_BOUND('',#3355,.F.);
#3355 = EDGE_LOOP('',(#3356,#3366,#3374,#3382));
#3356 = ORIENTED_EDGE('',*,*,#3357,.F.);
#3357 = EDGE_CURVE('',#3358,#3360,#3362,.T.);
#3358 = VERTEX_POINT('',#3359);
#3359 = CARTESIAN_POINT('',(-6.5448E+03,129.53,609.8));
#3360 = VERTEX_POINT('',#3361);
#3361 = CARTESIAN_POINT('',(-6.5448E+03,129.53,631.8));
#3362 = LINE('',#3363,#3364);
#3363 = CARTESIAN_POINT('',(-6.5448E+03,129.53,609.8));
#3364 = VECTOR('',#3365,1.);
#3365 = DIRECTION('',(0.,0.,1.));
#3366 = ORIENTED_EDGE('',*,*,#3367,.T.);
#3367 = EDGE_CURVE('',#3358,#3368,#3370,.T.);
#3368 = VERTEX_POINT('',#3369);
#3369 = CARTESIAN_POINT('',(-6.5448E+03,363.53,609.8));
#3370 = LINE('',#3371,#3372);
#3371 = CARTESIAN_POINT('',(-6.5448E+03,129.53,609.8));
#3372 = VECTOR('',#3373,1.);
#3373 = DIRECTION('',(0.,1.,0.));
#3374 = ORIENTED_EDGE('',*,*,#3375,.T.);
#3375 = EDGE_CURVE('',#3368,#3376,#3378,.T.);
#3376 = VERTEX_POINT('',#3377);
#3377 = CARTESIAN_POINT('',(-6.5448E+03,363.53,631.8));
#3378 = LINE('',#3379,#3380);
#3379 = CARTESIAN_POINT('',(-6.5448E+03,363.53,609.8));
#3380 = VECTOR('',#3381,1.);
#3381 = DIRECTION('',(0.,0.,1.));
#3382 = ORIENTED_EDGE('',*,*,#3383,.F.);
#3383 = EDGE_CURVE('',#3360,#3376,#3384,.T.);
#3384 = LINE('',#3385,#3386);
#3385 = CARTESIAN_POINT('',(-6.5448E+03,129.53,631.8));
#3386 = VECTOR('',#3387,1.);
#3387 = DIRECTION('',(0.,1.,0.));
#3388 = PLANE('',#3389);
#3389 = AXIS2_PLACEMENT_3D('',#3390,#3391,#3392);
#3390 = CARTESIAN_POINT('',(-6.5448E+03,129.53,609.8));
#3391 = DIRECTION('',(1.,0.,0.));
#3392 = DIRECTION('',(0.,0.,1.));
#3393 = ADVANCED_FACE('',(#3394),#3428,.T.);
#3394 = FACE_BOUND('',#3395,.T.);
#3395 = EDGE_LOOP('',(#3396,#3406,#3414,#3422));
#3396 = ORIENTED_EDGE('',*,*,#3397,.F.);
#3397 = EDGE_CURVE('',#3398,#3400,#3402,.T.);
#3398 = VERTEX_POINT('',#3399);
#3399 = CARTESIAN_POINT('',(-5.9552E+03,129.53,609.8));
#3400 = VERTEX_POINT('',#3401);
#3401 = CARTESIAN_POINT('',(-5.9552E+03,129.53,631.8));
#3402 = LINE('',#3403,#3404);
#3403 = CARTESIAN_POINT('',(-5.9552E+03,129.53,609.8));
#3404 = VECTOR('',#3405,1.);
#3405 = DIRECTION('',(0.,0.,1.));
#3406 = ORIENTED_EDGE('',*,*,#3407,.T.);
#3407 = EDGE_CURVE('',#3398,#3408,#3410,.T.);
#3408 = VERTEX_POINT('',#3409);
#3409 = CARTESIAN_POINT('',(-5.9552E+03,363.53,609.8));
#3410 = LINE('',#3411,#3412);
#3411 = CARTESIAN_POINT('',(-5.9552E+03,129.53,609.8));
#3412 = VECTOR('',#3413,1.);
#3413 = DIRECTION('',(0.,1.,0.));
#3414 = ORIENTED_EDGE('',*,*,#3415,.T.);
#3415 = EDGE_CURVE('',#3408,#3416,#3418,.T.);
#3416 = VERTEX_POINT('',#3417);
#3417 = CARTESIAN_POINT('',(-5.9552E+03,363.53,631.8));
#3418 = LINE('',#3419,#3420);
#3419 = CARTESIAN_POINT('',(-5.9552E+03,363.53,609.8));
#3420 = VECTOR('',#3421,1.);
#3421 = DIRECTION('',(0.,0.,1.));
#3422 = ORIENTED_EDGE('',*,*,#3423,.F.);
#3423 = EDGE_CURVE('',#3400,#3416,#3424,.T.);
#3424 = LINE('',#3425,#3426);
#3425 = CARTESIAN_POINT('',(-5.9552E+03,129.53,631.8));
#3426 = VECTOR('',#3427,1.);
#3427 = DIRECTION('',(0.,1.,0.));
#3428 = PLANE('',#3429);
#3429 = AXIS2_PLACEMENT_3D('',#3430,#3431,#3432);
#3430 = CARTESIAN_POINT('',(-5.9552E+03,129.53,609.8));
#3431 = DIRECTION('',(1.,0.,0.));
#3432 = DIRECTION('',(0.,0.,1.));
#3433 = ADVANCED_FACE('',(#3434),#3450,.F.);
#3434 = FACE_BOUND('',#3435,.F.);
#3435 = EDGE_LOOP('',(#3436,#3442,#3443,#3449));
#3436 = ORIENTED_EDGE('',*,*,#3437,.F.);
#3437 = EDGE_CURVE('',#3358,#3398,#3438,.T.);
#3438 = LINE('',#3439,#3440);
#3439 = CARTESIAN_POINT('',(-6.5448E+03,129.53,609.8));
#3440 = VECTOR('',#3441,1.);
#3441 = DIRECTION('',(1.,0.,0.));
#3442 = ORIENTED_EDGE('',*,*,#3357,.T.);
#3443 = ORIENTED_EDGE('',*,*,#3444,.T.);
#3444 = EDGE_CURVE('',#3360,#3400,#3445,.T.);
#3445 = LINE('',#3446,#3447);
#3446 = CARTESIAN_POINT('',(-6.5448E+03,129.53,631.8));
#3447 = VECTOR('',#3448,1.);
#3448 = DIRECTION('',(1.,0.,0.));
#3449 = ORIENTED_EDGE('',*,*,#3397,.F.);
#3450 = PLANE('',#3451);
#3451 = AXIS2_PLACEMENT_3D('',#3452,#3453,#3454);
#3452 = CARTESIAN_POINT('',(-6.5448E+03,129.53,609.8));
#3453 = DIRECTION('',(0.,1.,0.));
#3454 = DIRECTION('',(0.,0.,1.));
#3455 = ADVANCED_FACE('',(#3456),#3472,.T.);
#3456 = FACE_BOUND('',#3457,.T.);
#3457 = EDGE_LOOP('',(#3458,#3464,#3465,#3471));
#3458 = ORIENTED_EDGE('',*,*,#3459,.F.);
#3459 = EDGE_CURVE('',#3368,#3408,#3460,.T.);
#3460 = LINE('',#3461,#3462);
#3461 = CARTESIAN_POINT('',(-6.5448E+03,363.53,609.8));
#3462 = VECTOR('',#3463,1.);
#3463 = DIRECTION('',(1.,0.,0.));
#3464 = ORIENTED_EDGE('',*,*,#3375,.T.);
#3465 = ORIENTED_EDGE('',*,*,#3466,.T.);
#3466 = EDGE_CURVE('',#3376,#3416,#3467,.T.);
#3467 = LINE('',#3468,#3469);
#3468 = CARTESIAN_POINT('',(-6.5448E+03,363.53,631.8));
#3469 = VECTOR('',#3470,1.);
#3470 = DIRECTION('',(1.,0.,0.));
#3471 = ORIENTED_EDGE('',*,*,#3415,.F.);
#3472 = PLANE('',#3473);
#3473 = AXIS2_PLACEMENT_3D('',#3474,#3475,#3476);
#3474 = CARTESIAN_POINT('',(-6.5448E+03,363.53,609.8));
#3475 = DIRECTION('',(0.,1.,0.));
#3476 = DIRECTION('',(0.,0.,1.));
#3477 = ADVANCED_FACE('',(#3478),#3484,.F.);
#3478 = FACE_BOUND('',#3479,.F.);
#3479 = EDGE_LOOP('',(#3480,#3481,#3482,#3483));
#3480 = ORIENTED_EDGE('',*,*,#3367,.F.);
#3481 = ORIENTED_EDGE('',*,*,#3437,.T.);
#3482 = ORIENTED_EDGE('',*,*,#3407,.T.);
#3483 = ORIENTED_EDGE('',*,*,#3459,.F.);
#3484 = PLANE('',#3485);
#3485 = AXIS2_PLACEMENT_3D('',#3486,#3487,#3488);
#3486 = CARTESIAN_POINT('',(-6.5448E+03,129.53,609.8));
#3487 = DIRECTION('',(0.,0.,1.));
#3488 = DIRECTION('',(1.,0.,0.));
#3489 = ADVANCED_FACE('',(#3490),#3496,.T.);
#3490 = FACE_BOUND('',#3491,.T.);
#3491 = EDGE_LOOP('',(#3492,#3493,#3494,#3495));
#3492 = ORIENTED_EDGE('',*,*,#3383,.F.);
#3493 = ORIENTED_EDGE('',*,*,#3444,.T.);
#3494 = ORIENTED_EDGE('',*,*,#3423,.T.);
#3495 = ORIENTED_EDGE('',*,*,#3466,.F.);
#3496 = PLANE('',#3497);
#3497 = AXIS2_PLACEMENT_3D('',#3498,#3499,#3500);
#3498 = CARTESIAN_POINT('',(-6.5448E+03,129.53,631.8));
#3499 = DIRECTION('',(0.,0.,1.));
#3500 = DIRECTION('',(1.,0.,0.));
#3501 = MANIFOLD_SOLID_BREP('',#3502);
#3502 = CLOSED_SHELL('',(#3503,#3543,#3583,#3605,#3627,#3639));
#3503 = ADVANCED_FACE('',(#3504),#3538,.F.);
#3504 = FACE_BOUND('',#3505,.F.);
#3505 = EDGE_LOOP('',(#3506,#3516,#3524,#3532));
#3506 = ORIENTED_EDGE('',*,*,#3507,.F.);
#3507 = EDGE_CURVE('',#3508,#3510,#3512,.T.);
#3508 = VERTEX_POINT('',#3509);
#3509 = CARTESIAN_POINT('',(-6.469456E+03,163.98,631.8));
#3510 = VERTEX_POINT('',#3511);
#3511 = CARTESIAN_POINT('',(-6.469456E+03,163.98,731.8));
#3512 = LINE('',#3513,#3514);
#3513 = CARTESIAN_POINT('',(-6.469456E+03,163.98,631.8));
#3514 = VECTOR('',#3515,1.);
#3515 = DIRECTION('',(0.,0.,1.));
#3516 = ORIENTED_EDGE('',*,*,#3517,.T.);
#3517 = EDGE_CURVE('',#3508,#3518,#3520,.T.);
#3518 = VERTEX_POINT('',#3519);
#3519 = CARTESIAN_POINT('',(-6.469456E+03,329.08,631.8));
#3520 = LINE('',#3521,#3522);
#3521 = CARTESIAN_POINT('',(-6.469456E+03,163.98,631.8));
#3522 = VECTOR('',#3523,1.);
#3523 = DIRECTION('',(0.,1.,0.));
#3524 = ORIENTED_EDGE('',*,*,#3525,.T.);
#3525 = EDGE_CURVE('',#3518,#3526,#3528,.T.);
#3526 = VERTEX_POINT('',#3527);
#3527 = CARTESIAN_POINT('',(-6.469456E+03,329.08,731.8));
#3528 = LINE('',#3529,#3530);
#3529 = CARTESIAN_POINT('',(-6.469456E+03,329.08,631.8));
#3530 = VECTOR('',#3531,1.);
#3531 = DIRECTION('',(0.,0.,1.));
#3532 = ORIENTED_EDGE('',*,*,#3533,.F.);
#3533 = EDGE_CURVE('',#3510,#3526,#3534,.T.);
#3534 = LINE('',#3535,#3536);
#3535 = CARTESIAN_POINT('',(-6.469456E+03,163.98,731.8));
#3536 = VECTOR('',#3537,1.);
#3537 = DIRECTION('',(0.,1.,0.));
#3538 = PLANE('',#3539);
#3539 = AXIS2_PLACEMENT_3D('',#3540,#3541,#3542);
#3540 = CARTESIAN_POINT('',(-6.469456E+03,163.98,631.8));
#3541 = DIRECTION('',(1.,0.,0.));
#3542 = DIRECTION('',(0.,0.,1.));
#3543 = ADVANCED_FACE('',(#3544),#3578,.T.);
#3544 = FACE_BOUND('',#3545,.T.);
#3545 = EDGE_LOOP('',(#3546,#3556,#3564,#3572));
#3546 = ORIENTED_EDGE('',*,*,#3547,.F.);
#3547 = EDGE_CURVE('',#3548,#3550,#3552,.T.);
#3548 = VERTEX_POINT('',#3549);
#3549 = CARTESIAN_POINT('',(-6.286576E+03,163.98,631.8));
#3550 = VERTEX_POINT('',#3551);
#3551 = CARTESIAN_POINT('',(-6.286576E+03,163.98,731.8));
#3552 = LINE('',#3553,#3554);
#3553 = CARTESIAN_POINT('',(-6.286576E+03,163.98,631.8));
#3554 = VECTOR('',#3555,1.);
#3555 = DIRECTION('',(0.,0.,1.));
#3556 = ORIENTED_EDGE('',*,*,#3557,.T.);
#3557 = EDGE_CURVE('',#3548,#3558,#3560,.T.);
#3558 = VERTEX_POINT('',#3559);
#3559 = CARTESIAN_POINT('',(-6.286576E+03,329.08,631.8));
#3560 = LINE('',#3561,#3562);
#3561 = CARTESIAN_POINT('',(-6.286576E+03,163.98,631.8));
#3562 = VECTOR('',#3563,1.);
#3563 = DIRECTION('',(0.,1.,0.));
#3564 = ORIENTED_EDGE('',*,*,#3565,.T.);
#3565 = EDGE_CURVE('',#3558,#3566,#3568,.T.);
#3566 = VERTEX_POINT('',#3567);
#3567 = CARTESIAN_POINT('',(-6.286576E+03,329.08,731.8));
#3568 = LINE('',#3569,#3570);
#3569 = CARTESIAN_POINT('',(-6.286576E+03,329.08,631.8));
#3570 = VECTOR('',#3571,1.);
#3571 = DIRECTION('',(0.,0.,1.));
#3572 = ORIENTED_EDGE('',*,*,#3573,.F.);
#3573 = EDGE_CURVE('',#3550,#3566,#3574,.T.);
#3574 = LINE('',#3575,#3576);
#3575 = CARTESIAN_POINT('',(-6.286576E+03,163.98,731.8));
#3576 = VECTOR('',#3577,1.);
#3577 = DIRECTION('',(0.,1.,0.));
#3578 = PLANE('',#3579);
#3579 = AXIS2_PLACEMENT_3D('',#3580,#3581,#3582);
#3580 = CARTESIAN_POINT('',(-6.286576E+03,163.98,631.8));
#3581 = DIRECTION('',(1.,0.,0.));
#3582 = DIRECTION('',(0.,0.,1.));
#3583 = ADVANCED_FACE('',(#3584),#3600,.F.);
#3584 = FACE_BOUND('',#3585,.F.);
#3585 = EDGE_LOOP('',(#3586,#3592,#3593,#3599));
#3586 = ORIENTED_EDGE('',*,*,#3587,.F.);
#3587 = EDGE_CURVE('',#3508,#3548,#3588,.T.);
#3588 = LINE('',#3589,#3590);
#3589 = CARTESIAN_POINT('',(-6.469456E+03,163.98,631.8));
#3590 = VECTOR('',#3591,1.);
#3591 = DIRECTION('',(1.,0.,0.));
#3592 = ORIENTED_EDGE('',*,*,#3507,.T.);
#3593 = ORIENTED_EDGE('',*,*,#3594,.T.);
#3594 = EDGE_CURVE('',#3510,#3550,#3595,.T.);
#3595 = LINE('',#3596,#3597);
#3596 = CARTESIAN_POINT('',(-6.469456E+03,163.98,731.8));
#3597 = VECTOR('',#3598,1.);
#3598 = DIRECTION('',(1.,0.,0.));
#3599 = ORIENTED_EDGE('',*,*,#3547,.F.);
#3600 = PLANE('',#3601);
#3601 = AXIS2_PLACEMENT_3D('',#3602,#3603,#3604);
#3602 = CARTESIAN_POINT('',(-6.469456E+03,163.98,631.8));
#3603 = DIRECTION('',(0.,1.,0.));
#3604 = DIRECTION('',(0.,0.,1.));
#3605 = ADVANCED_FACE('',(#3606),#3622,.T.);
#3606 = FACE_BOUND('',#3607,.T.);
#3607 = EDGE_LOOP('',(#3608,#3614,#3615,#3621));
#3608 = ORIENTED_EDGE('',*,*,#3609,.F.);
#3609 = EDGE_CURVE('',#3518,#3558,#3610,.T.);
#3610 = LINE('',#3611,#3612);
#3611 = CARTESIAN_POINT('',(-6.469456E+03,329.08,631.8));
#3612 = VECTOR('',#3613,1.);
#3613 = DIRECTION('',(1.,0.,0.));
#3614 = ORIENTED_EDGE('',*,*,#3525,.T.);
#3615 = ORIENTED_EDGE('',*,*,#3616,.T.);
#3616 = EDGE_CURVE('',#3526,#3566,#3617,.T.);
#3617 = LINE('',#3618,#3619);
#3618 = CARTESIAN_POINT('',(-6.469456E+03,329.08,731.8));
#3619 = VECTOR('',#3620,1.);
#3620 = DIRECTION('',(1.,0.,0.));
#3621 = ORIENTED_EDGE('',*,*,#3565,.F.);
#3622 = PLANE('',#3623);
#3623 = AXIS2_PLACEMENT_3D('',#3624,#3625,#3626);
#3624 = CARTESIAN_POINT('',(-6.469456E+03,329.08,631.8));
#3625 = DIRECTION('',(0.,1.,0.));
#3626 = DIRECTION('',(0.,0.,1.));
#3627 = ADVANCED_FACE('',(#3628),#3634,.F.);
#3628 = FACE_BOUND('',#3629,.F.);
#3629 = EDGE_LOOP('',(#3630,#3631,#3632,#3633));
#3630 = ORIENTED_EDGE('',*,*,#3517,.F.);
#3631 = ORIENTED_EDGE('',*,*,#3587,.T.);
#3632 = ORIENTED_EDGE('',*,*,#3557,.T.);
#3633 = ORIENTED_EDGE('',*,*,#3609,.F.);
#3634 = PLANE('',#3635);
#3635 = AXIS2_PLACEMENT_3D('',#3636,#3637,#3638);
#3636 = CARTESIAN_POINT('',(-6.469456E+03,163.98,631.8));
#3637 = DIRECTION('',(0.,0.,1.));
#3638 = DIRECTION('',(1.,0.,0.));
#3639 = ADVANCED_FACE('',(#3640),#3646,.T.);
#3640 = FACE_BOUND('',#3641,.T.);
#3641 = EDGE_LOOP('',(#3642,#3643,#3644,#3645));
#3642 = ORIENTED_EDGE('',*,*,#3533,.F.);
#3643 = ORIENTED_EDGE('',*,*,#3594,.T.);
#3644 = ORIENTED_EDGE('',*,*,#3573,.T.);
#3645 = ORIENTED_EDGE('',*,*,#3616,.F.);
#3646 = PLANE('',#3647);
#3647 = AXIS2_PLACEMENT_3D('',#3648,#3649,#3650);
#3648 = CARTESIAN_POINT('',(-6.469456E+03,163.98,731.8));
#3649 = DIRECTION('',(0.,0.,1.));
#3650 = DIRECTION('',(1.,0.,0.));
#3651 = MANIFOLD_SOLID_BREP('',#3652);
#3652 = CLOSED_SHELL('',(#3653,#3686,#3695));
#3653 = ADVANCED_FACE('',(#3654),#3681,.T.);
#3654 = FACE_BOUND('',#3655,.F.);
#3655 = EDGE_LOOP('',(#3656,#3666,#3673,#3674));
#3656 = ORIENTED_EDGE('',*,*,#3657,.T.);
#3657 = EDGE_CURVE('',#3658,#3660,#3662,.T.);
#3658 = VERTEX_POINT('',#3659);
#3659 = CARTESIAN_POINT('',(-6.051696E+03,246.53,631.8));
#3660 = VERTEX_POINT('',#3661);
#3661 = CARTESIAN_POINT('',(-6.051696E+03,246.53,741.8));
#3662 = LINE('',#3663,#3664);
#3663 = CARTESIAN_POINT('',(-6.051696E+03,246.53,631.8));
#3664 = VECTOR('',#3665,1.);
#3665 = DIRECTION('',(0.,0.,1.));
#3666 = ORIENTED_EDGE('',*,*,#3667,.T.);
#3667 = EDGE_CURVE('',#3660,#3660,#3668,.T.);
#3668 = CIRCLE('',#3669,52.);
#3669 = AXIS2_PLACEMENT_3D('',#3670,#3671,#3672);
#3670 = CARTESIAN_POINT('',(-6.103696E+03,246.53,741.8));
#3671 = DIRECTION('',(0.,0.,1.));
#3672 = DIRECTION('',(1.,0.,0.));
#3673 = ORIENTED_EDGE('',*,*,#3657,.F.);
#3674 = ORIENTED_EDGE('',*,*,#3675,.F.);
#3675 = EDGE_CURVE('',#3658,#3658,#3676,.T.);
#3676 = CIRCLE('',#3677,52.);
#3677 = AXIS2_PLACEMENT_3D('',#3678,#3679,#3680);
#3678 = CARTESIAN_POINT('',(-6.103696E+03,246.53,631.8));
#3679 = DIRECTION('',(0.,0.,1.));
#3680 = DIRECTION('',(1.,0.,0.));
#3681 = CYLINDRICAL_SURFACE('',#3682,52.);
#3682 = AXIS2_PLACEMENT_3D('',#3683,#3684,#3685);
#3683 = CARTESIAN_POINT('',(-6.103696E+03,246.53,631.8));
#3684 = DIRECTION('',(-0.,-0.,-1.));
#3685 = DIRECTION('',(1.,0.,0.));
#3686 = ADVANCED_FACE('',(#3687),#3690,.F.);
#3687 = FACE_BOUND('',#3688,.T.);
#3688 = EDGE_LOOP('',(#3689));
#3689 = ORIENTED_EDGE('',*,*,#3675,.F.);
#3690 = PLANE('',#3691);
#3691 = AXIS2_PLACEMENT_3D('',#3692,#3693,#3694);
#3692 = CARTESIAN_POINT('',(-6.103696E+03,246.53,631.8));
#3693 = DIRECTION('',(0.,0.,1.));
#3694 = DIRECTION('',(1.,0.,0.));
#3695 = ADVANCED_FACE('',(#3696),#3699,.T.);
#3696 = FACE_BOUND('',#3697,.F.);
#3697 = EDGE_LOOP('',(#3698));
#3698 = ORIENTED_EDGE('',*,*,#3667,.F.);
#3699 = PLANE('',#3700);
#3700 = AXIS2_PLACEMENT_3D('',#3701,#3702,#3703);
#3701 = CARTESIAN_POINT('',(-6.103696E+03,246.53,741.8));
#3702 = DIRECTION('',(0.,0.,1.));
#3703 = DIRECTION('',(1.,0.,0.));
#3704 = MANIFOLD_SOLID_BREP('',#3705);
#3705 = CLOSED_SHELL('',(#3706,#3746,#3786,#3808,#3830,#3842));
#3706 = ADVANCED_FACE('',(#3707),#3741,.F.);
#3707 = FACE_BOUND('',#3708,.F.);
#3708 = EDGE_LOOP('',(#3709,#3719,#3727,#3735));
#3709 = ORIENTED_EDGE('',*,*,#3710,.F.);
#3710 = EDGE_CURVE('',#3711,#3713,#3715,.T.);
#3711 = VERTEX_POINT('',#3712);
#3712 = CARTESIAN_POINT('',(-6.5448E+03,129.53,1.1286E+03));
#3713 = VERTEX_POINT('',#3714);
#3714 = CARTESIAN_POINT('',(-6.5448E+03,129.53,1.1506E+03));
#3715 = LINE('',#3716,#3717);
#3716 = CARTESIAN_POINT('',(-6.5448E+03,129.53,1.1286E+03));
#3717 = VECTOR('',#3718,1.);
#3718 = DIRECTION('',(0.,0.,1.));
#3719 = ORIENTED_EDGE('',*,*,#3720,.T.);
#3720 = EDGE_CURVE('',#3711,#3721,#3723,.T.);
#3721 = VERTEX_POINT('',#3722);
#3722 = CARTESIAN_POINT('',(-6.5448E+03,363.53,1.1286E+03));
#3723 = LINE('',#3724,#3725);
#3724 = CARTESIAN_POINT('',(-6.5448E+03,129.53,1.1286E+03));
#3725 = VECTOR('',#3726,1.);
#3726 = DIRECTION('',(0.,1.,0.));
#3727 = ORIENTED_EDGE('',*,*,#3728,.T.);
#3728 = EDGE_CURVE('',#3721,#3729,#3731,.T.);
#3729 = VERTEX_POINT('',#3730);
#3730 = CARTESIAN_POINT('',(-6.5448E+03,363.53,1.1506E+03));
#3731 = LINE('',#3732,#3733);
#3732 = CARTESIAN_POINT('',(-6.5448E+03,363.53,1.1286E+03));
#3733 = VECTOR('',#3734,1.);
#3734 = DIRECTION('',(0.,0.,1.));
#3735 = ORIENTED_EDGE('',*,*,#3736,.F.);
#3736 = EDGE_CURVE('',#3713,#3729,#3737,.T.);
#3737 = LINE('',#3738,#3739);
#3738 = CARTESIAN_POINT('',(-6.5448E+03,129.53,1.1506E+03));
#3739 = VECTOR('',#3740,1.);
#3740 = DIRECTION('',(0.,1.,0.));
#3741 = PLANE('',#3742);
#3742 = AXIS2_PLACEMENT_3D('',#3743,#3744,#3745);
#3743 = CARTESIAN_POINT('',(-6.5448E+03,129.53,1.1286E+03));
#3744 = DIRECTION('',(1.,0.,0.));
#3745 = DIRECTION('',(0.,0.,1.));
#3746 = ADVANCED_FACE('',(#3747),#3781,.T.);
#3747 = FACE_BOUND('',#3748,.T.);
#3748 = EDGE_LOOP('',(#3749,#3759,#3767,#3775));
#3749 = ORIENTED_EDGE('',*,*,#3750,.F.);
#3750 = EDGE_CURVE('',#3751,#3753,#3755,.T.);
#3751 = VERTEX_POINT('',#3752);
#3752 = CARTESIAN_POINT('',(-5.9552E+03,129.53,1.1286E+03));
#3753 = VERTEX_POINT('',#3754);
#3754 = CARTESIAN_POINT('',(-5.9552E+03,129.53,1.1506E+03));
#3755 = LINE('',#3756,#3757);
#3756 = CARTESIAN_POINT('',(-5.9552E+03,129.53,1.1286E+03));
#3757 = VECTOR('',#3758,1.);
#3758 = DIRECTION('',(0.,0.,1.));
#3759 = ORIENTED_EDGE('',*,*,#3760,.T.);
#3760 = EDGE_CURVE('',#3751,#3761,#3763,.T.);
#3761 = VERTEX_POINT('',#3762);
#3762 = CARTESIAN_POINT('',(-5.9552E+03,363.53,1.1286E+03));
#3763 = LINE('',#3764,#3765);
#3764 = CARTESIAN_POINT('',(-5.9552E+03,129.53,1.1286E+03));
#3765 = VECTOR('',#3766,1.);
#3766 = DIRECTION('',(0.,1.,0.));
#3767 = ORIENTED_EDGE('',*,*,#3768,.T.);
#3768 = EDGE_CURVE('',#3761,#3769,#3771,.T.);
#3769 = VERTEX_POINT('',#3770);
#3770 = CARTESIAN_POINT('',(-5.9552E+03,363.53,1.1506E+03));
#3771 = LINE('',#3772,#3773);
#3772 = CARTESIAN_POINT('',(-5.9552E+03,363.53,1.1286E+03));
#3773 = VECTOR('',#3774,1.);
#3774 = DIRECTION('',(0.,0.,1.));
#3775 = ORIENTED_EDGE('',*,*,#3776,.F.);
#3776 = EDGE_CURVE('',#3753,#3769,#3777,.T.);
#3777 = LINE('',#3778,#3779);
#3778 = CARTESIAN_POINT('',(-5.9552E+03,129.53,1.1506E+03));
#3779 = VECTOR('',#3780,1.);
#3780 = DIRECTION('',(0.,1.,0.));
#3781 = PLANE('',#3782);
#3782 = AXIS2_PLACEMENT_3D('',#3783,#3784,#3785);
#3783 = CARTESIAN_POINT('',(-5.9552E+03,129.53,1.1286E+03));
#3784 = DIRECTION('',(1.,0.,0.));
#3785 = DIRECTION('',(0.,0.,1.));
#3786 = ADVANCED_FACE('',(#3787),#3803,.F.);
#3787 = FACE_BOUND('',#3788,.F.);
#3788 = EDGE_LOOP('',(#3789,#3795,#3796,#3802));
#3789 = ORIENTED_EDGE('',*,*,#3790,.F.);
#3790 = EDGE_CURVE('',#3711,#3751,#3791,.T.);
#3791 = LINE('',#3792,#3793);
#3792 = CARTESIAN_POINT('',(-6.5448E+03,129.53,1.1286E+03));
#3793 = VECTOR('',#3794,1.);
#3794 = DIRECTION('',(1.,0.,0.));
#3795 = ORIENTED_EDGE('',*,*,#3710,.T.);
#3796 = ORIENTED_EDGE('',*,*,#3797,.T.);
#3797 = EDGE_CURVE('',#3713,#3753,#3798,.T.);
#3798 = LINE('',#3799,#3800);
#3799 = CARTESIAN_POINT('',(-6.5448E+03,129.53,1.1506E+03));
#3800 = VECTOR('',#3801,1.);
#3801 = DIRECTION('',(1.,0.,0.));
#3802 = ORIENTED_EDGE('',*,*,#3750,.F.);
#3803 = PLANE('',#3804);
#3804 = AXIS2_PLACEMENT_3D('',#3805,#3806,#3807);
#3805 = CARTESIAN_POINT('',(-6.5448E+03,129.53,1.1286E+03));
#3806 = DIRECTION('',(0.,1.,0.));
#3807 = DIRECTION('',(0.,0.,1.));
#3808 = ADVANCED_FACE('',(#3809),#3825,.T.);
#3809 = FACE_BOUND('',#3810,.T.);
#3810 = EDGE_LOOP('',(#3811,#3817,#3818,#3824));
#3811 = ORIENTED_EDGE('',*,*,#3812,.F.);
#3812 = EDGE_CURVE('',#3721,#3761,#3813,.T.);
#3813 = LINE('',#3814,#3815);
#3814 = CARTESIAN_POINT('',(-6.5448E+03,363.53,1.1286E+03));
#3815 = VECTOR('',#3816,1.);
#3816 = DIRECTION('',(1.,0.,0.));
#3817 = ORIENTED_EDGE('',*,*,#3728,.T.);
#3818 = ORIENTED_EDGE('',*,*,#3819,.T.);
#3819 = EDGE_CURVE('',#3729,#3769,#3820,.T.);
#3820 = LINE('',#3821,#3822);
#3821 = CARTESIAN_POINT('',(-6.5448E+03,363.53,1.1506E+03));
#3822 = VECTOR('',#3823,1.);
#3823 = DIRECTION('',(1.,0.,0.));
#3824 = ORIENTED_EDGE('',*,*,#3768,.F.);
#3825 = PLANE('',#3826);
#3826 = AXIS2_PLACEMENT_3D('',#3827,#3828,#3829);
#3827 = CARTESIAN_POINT('',(-6.5448E+03,363.53,1.1286E+03));
#3828 = DIRECTION('',(0.,1.,0.));
#3829 = DIRECTION('',(0.,0.,1.));
#3830 = ADVANCED_FACE('',(#3831),#3837,.F.);
#3831 = FACE_BOUND('',#3832,.F.);
#3832 = EDGE_LOOP('',(#3833,#3834,#3835,#3836));
#3833 = ORIENTED_EDGE('',*,*,#3720,.F.);
#3834 = ORIENTED_EDGE('',*,*,#3790,.T.);
#3835 = ORIENTED_EDGE('',*,*,#3760,.T.);
#3836 = ORIENTED_EDGE('',*,*,#3812,.F.);
#3837 = PLANE('',#3838);
#3838 = AXIS2_PLACEMENT_3D('',#3839,#3840,#3841);
#3839 = CARTESIAN_POINT('',(-6.5448E+03,129.53,1.1286E+03));
#3840 = DIRECTION('',(0.,0.,1.));
#3841 = DIRECTION('',(1.,0.,0.));
#3842 = ADVANCED_FACE('',(#3843),#3849,.T.);
#3843 = FACE_BOUND('',#3844,.T.);
#3844 = EDGE_LOOP('',(#3845,#3846,#3847,#3848));
#3845 = ORIENTED_EDGE('',*,*,#3736,.F.);
#3846 = ORIENTED_EDGE('',*,*,#3797,.T.);
#3847 = ORIENTED_EDGE('',*,*,#3776,.T.);
#3848 = ORIENTED_EDGE('',*,*,#3819,.F.);
#3849 = PLANE('',#3850);
#3850 = AXIS2_PLACEMENT_3D('',#3851,#3852,#3853);
#3851 = CARTESIAN_POINT('',(-6.5448E+03,129.53,1.1506E+03));
#3852 = DIRECTION('',(0.,0.,1.));
#3853 = DIRECTION('',(1.,0.,0.));
#3854 = MANIFOLD_SOLID_BREP('',#3855);
#3855 = CLOSED_SHELL('',(#3856,#3896,#3936,#3958,#3980,#3992));
#3856 = ADVANCED_FACE('',(#3857),#3891,.F.);
#3857 = FACE_BOUND('',#3858,.F.);
#3858 = EDGE_LOOP('',(#3859,#3869,#3877,#3885));
#3859 = ORIENTED_EDGE('',*,*,#3860,.F.);
#3860 = EDGE_CURVE('',#3861,#3863,#3865,.T.);
#3861 = VERTEX_POINT('',#3862);
#3862 = CARTESIAN_POINT('',(-6.469456E+03,163.98,1.1506E+03));
#3863 = VERTEX_POINT('',#3864);
#3864 = CARTESIAN_POINT('',(-6.469456E+03,163.98,1.2506E+03));
#3865 = LINE('',#3866,#3867);
#3866 = CARTESIAN_POINT('',(-6.469456E+03,163.98,1.1506E+03));
#3867 = VECTOR('',#3868,1.);
#3868 = DIRECTION('',(0.,0.,1.));
#3869 = ORIENTED_EDGE('',*,*,#3870,.T.);
#3870 = EDGE_CURVE('',#3861,#3871,#3873,.T.);
#3871 = VERTEX_POINT('',#3872);
#3872 = CARTESIAN_POINT('',(-6.469456E+03,329.08,1.1506E+03));
#3873 = LINE('',#3874,#3875);
#3874 = CARTESIAN_POINT('',(-6.469456E+03,163.98,1.1506E+03));
#3875 = VECTOR('',#3876,1.);
#3876 = DIRECTION('',(0.,1.,0.));
#3877 = ORIENTED_EDGE('',*,*,#3878,.T.);
#3878 = EDGE_CURVE('',#3871,#3879,#3881,.T.);
#3879 = VERTEX_POINT('',#3880);
#3880 = CARTESIAN_POINT('',(-6.469456E+03,329.08,1.2506E+03));
#3881 = LINE('',#3882,#3883);
#3882 = CARTESIAN_POINT('',(-6.469456E+03,329.08,1.1506E+03));
#3883 = VECTOR('',#3884,1.);
#3884 = DIRECTION('',(0.,0.,1.));
#3885 = ORIENTED_EDGE('',*,*,#3886,.F.);
#3886 = EDGE_CURVE('',#3863,#3879,#3887,.T.);
#3887 = LINE('',#3888,#3889);
#3888 = CARTESIAN_POINT('',(-6.469456E+03,163.98,1.2506E+03));
#3889 = VECTOR('',#3890,1.);
#3890 = DIRECTION('',(0.,1.,0.));
#3891 = PLANE('',#3892);
#3892 = AXIS2_PLACEMENT_3D('',#3893,#3894,#3895);
#3893 = CARTESIAN_POINT('',(-6.469456E+03,163.98,1.1506E+03));
#3894 = DIRECTION('',(1.,0.,0.));
#3895 = DIRECTION('',(0.,0.,1.));
#3896 = ADVANCED_FACE('',(#3897),#3931,.T.);
#3897 = FACE_BOUND('',#3898,.T.);
#3898 = EDGE_LOOP('',(#3899,#3909,#3917,#3925));
#3899 = ORIENTED_EDGE('',*,*,#3900,.F.);
#3900 = EDGE_CURVE('',#3901,#3903,#3905,.T.);
#3901 = VERTEX_POINT('',#3902);
#3902 = CARTESIAN_POINT('',(-6.286576E+03,163.98,1.1506E+03));
#3903 = VERTEX_POINT('',#3904);
#3904 = CARTESIAN_POINT('',(-6.286576E+03,163.98,1.2506E+03));
#3905 = LINE('',#3906,#3907);
#3906 = CARTESIAN_POINT('',(-6.286576E+03,163.98,1.1506E+03));
#3907 = VECTOR('',#3908,1.);
#3908 = DIRECTION('',(0.,0.,1.));
#3909 = ORIENTED_EDGE('',*,*,#3910,.T.);
#3910 = EDGE_CURVE('',#3901,#3911,#3913,.T.);
#3911 = VERTEX_POINT('',#3912);
#3912 = CARTESIAN_POINT('',(-6.286576E+03,329.08,1.1506E+03));
#3913 = LINE('',#3914,#3915);
#3914 = CARTESIAN_POINT('',(-6.286576E+03,163.98,1.1506E+03));
#3915 = VECTOR('',#3916,1.);
#3916 = DIRECTION('',(0.,1.,0.));
#3917 = ORIENTED_EDGE('',*,*,#3918,.T.);
#3918 = EDGE_CURVE('',#3911,#3919,#3921,.T.);
#3919 = VERTEX_POINT('',#3920);
#3920 = CARTESIAN_POINT('',(-6.286576E+03,329.08,1.2506E+03));
#3921 = LINE('',#3922,#3923);
#3922 = CARTESIAN_POINT('',(-6.286576E+03,329.08,1.1506E+03));
#3923 = VECTOR('',#3924,1.);
#3924 = DIRECTION('',(0.,0.,1.));
#3925 = ORIENTED_EDGE('',*,*,#3926,.F.);
#3926 = EDGE_CURVE('',#3903,#3919,#3927,.T.);
#3927 = LINE('',#3928,#3929);
#3928 = CARTESIAN_POINT('',(-6.286576E+03,163.98,1.2506E+03));
#3929 = VECTOR('',#3930,1.);
#3930 = DIRECTION('',(0.,1.,0.));
#3931 = PLANE('',#3932);
#3932 = AXIS2_PLACEMENT_3D('',#3933,#3934,#3935);
#3933 = CARTESIAN_POINT('',(-6.286576E+03,163.98,1.1506E+03));
#3934 = DIRECTION('',(1.,0.,0.));
#3935 = DIRECTION('',(0.,0.,1.));
#3936 = ADVANCED_FACE('',(#3937),#3953,.F.);
#3937 = FACE_BOUND('',#3938,.F.);
#3938 = EDGE_LOOP('',(#3939,#3945,#3946,#3952));
#3939 = ORIENTED_EDGE('',*,*,#3940,.F.);
#3940 = EDGE_CURVE('',#3861,#3901,#3941,.T.);
#3941 = LINE('',#3942,#3943);
#3942 = CARTESIAN_POINT('',(-6.469456E+03,163.98,1.1506E+03));
#3943 = VECTOR('',#3944,1.);
#3944 = DIRECTION('',(1.,0.,0.));
#3945 = ORIENTED_EDGE('',*,*,#3860,.T.);
#3946 = ORIENTED_EDGE('',*,*,#3947,.T.);
#3947 = EDGE_CURVE('',#3863,#3903,#3948,.T.);
#3948 = LINE('',#3949,#3950);
#3949 = CARTESIAN_POINT('',(-6.469456E+03,163.98,1.2506E+03));
#3950 = VECTOR('',#3951,1.);
#3951 = DIRECTION('',(1.,0.,0.));
#3952 = ORIENTED_EDGE('',*,*,#3900,.F.);
#3953 = PLANE('',#3954);
#3954 = AXIS2_PLACEMENT_3D('',#3955,#3956,#3957);
#3955 = CARTESIAN_POINT('',(-6.469456E+03,163.98,1.1506E+03));
#3956 = DIRECTION('',(0.,1.,0.));
#3957 = DIRECTION('',(0.,0.,1.));
#3958 = ADVANCED_FACE('',(#3959),#3975,.T.);
#3959 = FACE_BOUND('',#3960,.T.);
#3960 = EDGE_LOOP('',(#3961,#3967,#3968,#3974));
#3961 = ORIENTED_EDGE('',*,*,#3962,.F.);
#3962 = EDGE_CURVE('',#3871,#3911,#3963,.T.);
#3963 = LINE('',#3964,#3965);
#3964 = CARTESIAN_POINT('',(-6.469456E+03,329.08,1.1506E+03));
#3965 = VECTOR('',#3966,1.);
#3966 = DIRECTION('',(1.,0.,0.));
#3967 = ORIENTED_EDGE('',*,*,#3878,.T.);
#3968 = ORIENTED_EDGE('',*,*,#3969,.T.);
#3969 = EDGE_CURVE('',#3879,#3919,#3970,.T.);
#3970 = LINE('',#3971,#3972);
#3971 = CARTESIAN_POINT('',(-6.469456E+03,329.08,1.2506E+03));
#3972 = VECTOR('',#3973,1.);
#3973 = DIRECTION('',(1.,0.,0.));
#3974 = ORIENTED_EDGE('',*,*,#3918,.F.);
#3975 = PLANE('',#3976);
#3976 = AXIS2_PLACEMENT_3D('',#3977,#3978,#3979);
#3977 = CARTESIAN_POINT('',(-6.469456E+03,329.08,1.1506E+03));
#3978 = DIRECTION('',(0.,1.,0.));
#3979 = DIRECTION('',(0.,0.,1.));
#3980 = ADVANCED_FACE('',(#3981),#3987,.F.);
#3981 = FACE_BOUND('',#3982,.F.);
#3982 = EDGE_LOOP('',(#3983,#3984,#3985,#3986));
#3983 = ORIENTED_EDGE('',*,*,#3870,.F.);
#3984 = ORIENTED_EDGE('',*,*,#3940,.T.);
#3985 = ORIENTED_EDGE('',*,*,#3910,.T.);
#3986 = ORIENTED_EDGE('',*,*,#3962,.F.);
#3987 = PLANE('',#3988);
#3988 = AXIS2_PLACEMENT_3D('',#3989,#3990,#3991);
#3989 = CARTESIAN_POINT('',(-6.469456E+03,163.98,1.1506E+03));
#3990 = DIRECTION('',(0.,0.,1.));
#3991 = DIRECTION('',(1.,0.,0.));
#3992 = ADVANCED_FACE('',(#3993),#3999,.T.);
#3993 = FACE_BOUND('',#3994,.T.);
#3994 = EDGE_LOOP('',(#3995,#3996,#3997,#3998));
#3995 = ORIENTED_EDGE('',*,*,#3886,.F.);
#3996 = ORIENTED_EDGE('',*,*,#3947,.T.);
#3997 = ORIENTED_EDGE('',*,*,#3926,.T.);
#3998 = ORIENTED_EDGE('',*,*,#3969,.F.);
#3999 = PLANE('',#4000);
#4000 = AXIS2_PLACEMENT_3D('',#4001,#4002,#4003);
#4001 = CARTESIAN_POINT('',(-6.469456E+03,163.98,1.2506E+03));
#4002 = DIRECTION('',(0.,0.,1.));
#4003 = DIRECTION('',(1.,0.,0.));
#4004 = MANIFOLD_SOLID_BREP('',#4005);
#4005 = CLOSED_SHELL('',(#4006,#4039,#4048));
#4006 = ADVANCED_FACE('',(#4007),#4034,.T.);
#4007 = FACE_BOUND('',#4008,.F.);
#4008 = EDGE_LOOP('',(#4009,#4019,#4026,#4027));
#4009 = ORIENTED_EDGE('',*,*,#4010,.T.);
#4010 = EDGE_CURVE('',#4011,#4013,#4015,.T.);
#4011 = VERTEX_POINT('',#4012);
#4012 = CARTESIAN_POINT('',(-6.051696E+03,246.53,1.1506E+03));
#4013 = VERTEX_POINT('',#4014);
#4014 = CARTESIAN_POINT('',(-6.051696E+03,246.53,1.2606E+03));
#4015 = LINE('',#4016,#4017);
#4016 = CARTESIAN_POINT('',(-6.051696E+03,246.53,1.1506E+03));
#4017 = VECTOR('',#4018,1.);
#4018 = DIRECTION('',(0.,0.,1.));
#4019 = ORIENTED_EDGE('',*,*,#4020,.T.);
#4020 = EDGE_CURVE('',#4013,#4013,#4021,.T.);
#4021 = CIRCLE('',#4022,52.);
#4022 = AXIS2_PLACEMENT_3D('',#4023,#4024,#4025);
#4023 = CARTESIAN_POINT('',(-6.103696E+03,246.53,1.2606E+03));
#4024 = DIRECTION('',(0.,0.,1.));
#4025 = DIRECTION('',(1.,0.,0.));
#4026 = ORIENTED_EDGE('',*,*,#4010,.F.);
#4027 = ORIENTED_EDGE('',*,*,#4028,.F.);
#4028 = EDGE_CURVE('',#4011,#4011,#4029,.T.);
#4029 = CIRCLE('',#4030,52.);
#4030 = AXIS2_PLACEMENT_3D('',#4031,#4032,#4033);
#4031 = CARTESIAN_POINT('',(-6.103696E+03,246.53,1.1506E+03));
#4032 = DIRECTION('',(0.,0.,1.));
#4033 = DIRECTION('',(1.,0.,0.));
#4034 = CYLINDRICAL_SURFACE('',#4035,52.);
#4035 = AXIS2_PLACEMENT_3D('',#4036,#4037,#4038);
#4036 = CARTESIAN_POINT('',(-6.103696E+03,246.53,1.1506E+03));
#4037 = DIRECTION('',(-0.,-0.,-1.));
#4038 = DIRECTION('',(1.,0.,0.));
#4039 = ADVANCED_FACE('',(#4040),#4043,.F.);
#4040 = FACE_BOUND('',#4041,.T.);
#4041 = EDGE_LOOP('',(#4042));
#4042 = ORIENTED_EDGE('',*,*,#4028,.F.);
#4043 = PLANE('',#4044);
#4044 = AXIS2_PLACEMENT_3D('',#4045,#4046,#4047);
#4045 = CARTESIAN_POINT('',(-6.103696E+03,246.53,1.1506E+03));
#4046 = DIRECTION('',(0.,0.,1.));
#4047 = DIRECTION('',(1.,0.,0.));
#4048 = ADVANCED_FACE('',(#4049),#4052,.T.);
#4049 = FACE_BOUND('',#4050,.F.);
#4050 = EDGE_LOOP('',(#4051));
#4051 = ORIENTED_EDGE('',*,*,#4020,.F.);
#4052 = PLANE('',#4053);
#4053 = AXIS2_PLACEMENT_3D('',#4054,#4055,#4056);
#4054 = CARTESIAN_POINT('',(-6.103696E+03,246.53,1.2606E+03));
#4055 = DIRECTION('',(0.,0.,1.));
#4056 = DIRECTION('',(1.,0.,0.));
#4057 = MANIFOLD_SOLID_BREP('',#4058);
#4058 = CLOSED_SHELL('',(#4059,#4099,#4139,#4161,#4183,#4195));
#4059 = ADVANCED_FACE('',(#4060),#4094,.F.);
#4060 = FACE_BOUND('',#4061,.F.);
#4061 = EDGE_LOOP('',(#4062,#4072,#4080,#4088));
#4062 = ORIENTED_EDGE('',*,*,#4063,.F.);
#4063 = EDGE_CURVE('',#4064,#4066,#4068,.T.);
#4064 = VERTEX_POINT('',#4065);
#4065 = CARTESIAN_POINT('',(-6.5448E+03,129.53,1.6474E+03));
#4066 = VERTEX_POINT('',#4067);
#4067 = CARTESIAN_POINT('',(-6.5448E+03,129.53,1.6694E+03));
#4068 = LINE('',#4069,#4070);
#4069 = CARTESIAN_POINT('',(-6.5448E+03,129.53,1.6474E+03));
#4070 = VECTOR('',#4071,1.);
#4071 = DIRECTION('',(0.,0.,1.));
#4072 = ORIENTED_EDGE('',*,*,#4073,.T.);
#4073 = EDGE_CURVE('',#4064,#4074,#4076,.T.);
#4074 = VERTEX_POINT('',#4075);
#4075 = CARTESIAN_POINT('',(-6.5448E+03,363.53,1.6474E+03));
#4076 = LINE('',#4077,#4078);
#4077 = CARTESIAN_POINT('',(-6.5448E+03,129.53,1.6474E+03));
#4078 = VECTOR('',#4079,1.);
#4079 = DIRECTION('',(0.,1.,0.));
#4080 = ORIENTED_EDGE('',*,*,#4081,.T.);
#4081 = EDGE_CURVE('',#4074,#4082,#4084,.T.);
#4082 = VERTEX_POINT('',#4083);
#4083 = CARTESIAN_POINT('',(-6.5448E+03,363.53,1.6694E+03));
#4084 = LINE('',#4085,#4086);
#4085 = CARTESIAN_POINT('',(-6.5448E+03,363.53,1.6474E+03));
#4086 = VECTOR('',#4087,1.);
#4087 = DIRECTION('',(0.,0.,1.));
#4088 = ORIENTED_EDGE('',*,*,#4089,.F.);
#4089 = EDGE_CURVE('',#4066,#4082,#4090,.T.);
#4090 = LINE('',#4091,#4092);
#4091 = CARTESIAN_POINT('',(-6.5448E+03,129.53,1.6694E+03));
#4092 = VECTOR('',#4093,1.);
#4093 = DIRECTION('',(0.,1.,0.));
#4094 = PLANE('',#4095);
#4095 = AXIS2_PLACEMENT_3D('',#4096,#4097,#4098);
#4096 = CARTESIAN_POINT('',(-6.5448E+03,129.53,1.6474E+03));
#4097 = DIRECTION('',(1.,0.,0.));
#4098 = DIRECTION('',(0.,0.,1.));
#4099 = ADVANCED_FACE('',(#4100),#4134,.T.);
#4100 = FACE_BOUND('',#4101,.T.);
#4101 = EDGE_LOOP('',(#4102,#4112,#4120,#4128));
#4102 = ORIENTED_EDGE('',*,*,#4103,.F.);
#4103 = EDGE_CURVE('',#4104,#4106,#4108,.T.);
#4104 = VERTEX_POINT('',#4105);
#4105 = CARTESIAN_POINT('',(-5.9552E+03,129.53,1.6474E+03));
#4106 = VERTEX_POINT('',#4107);
#4107 = CARTESIAN_POINT('',(-5.9552E+03,129.53,1.6694E+03));
#4108 = LINE('',#4109,#4110);
#4109 = CARTESIAN_POINT('',(-5.9552E+03,129.53,1.6474E+03));
#4110 = VECTOR('',#4111,1.);
#4111 = DIRECTION('',(0.,0.,1.));
#4112 = ORIENTED_EDGE('',*,*,#4113,.T.);
#4113 = EDGE_CURVE('',#4104,#4114,#4116,.T.);
#4114 = VERTEX_POINT('',#4115);
#4115 = CARTESIAN_POINT('',(-5.9552E+03,363.53,1.6474E+03));
#4116 = LINE('',#4117,#4118);
#4117 = CARTESIAN_POINT('',(-5.9552E+03,129.53,1.6474E+03));
#4118 = VECTOR('',#4119,1.);
#4119 = DIRECTION('',(0.,1.,0.));
#4120 = ORIENTED_EDGE('',*,*,#4121,.T.);
#4121 = EDGE_CURVE('',#4114,#4122,#4124,.T.);
#4122 = VERTEX_POINT('',#4123);
#4123 = CARTESIAN_POINT('',(-5.9552E+03,363.53,1.6694E+03));
#4124 = LINE('',#4125,#4126);
#4125 = CARTESIAN_POINT('',(-5.9552E+03,363.53,1.6474E+03));
#4126 = VECTOR('',#4127,1.);
#4127 = DIRECTION('',(0.,0.,1.));
#4128 = ORIENTED_EDGE('',*,*,#4129,.F.);
#4129 = EDGE_CURVE('',#4106,#4122,#4130,.T.);
#4130 = LINE('',#4131,#4132);
#4131 = CARTESIAN_POINT('',(-5.9552E+03,129.53,1.6694E+03));
#4132 = VECTOR('',#4133,1.);
#4133 = DIRECTION('',(0.,1.,0.));
#4134 = PLANE('',#4135);
#4135 = AXIS2_PLACEMENT_3D('',#4136,#4137,#4138);
#4136 = CARTESIAN_POINT('',(-5.9552E+03,129.53,1.6474E+03));
#4137 = DIRECTION('',(1.,0.,0.));
#4138 = DIRECTION('',(0.,0.,1.));
#4139 = ADVANCED_FACE('',(#4140),#4156,.F.);
#4140 = FACE_BOUND('',#4141,.F.);
#4141 = EDGE_LOOP('',(#4142,#4148,#4149,#4155));
#4142 = ORIENTED_EDGE('',*,*,#4143,.F.);
#4143 = EDGE_CURVE('',#4064,#4104,#4144,.T.);
#4144 = LINE('',#4145,#4146);
#4145 = CARTESIAN_POINT('',(-6.5448E+03,129.53,1.6474E+03));
#4146 = VECTOR('',#4147,1.);
#4147 = DIRECTION('',(1.,0.,0.));
#4148 = ORIENTED_EDGE('',*,*,#4063,.T.);
#4149 = ORIENTED_EDGE('',*,*,#4150,.T.);
#4150 = EDGE_CURVE('',#4066,#4106,#4151,.T.);
#4151 = LINE('',#4152,#4153);
#4152 = CARTESIAN_POINT('',(-6.5448E+03,129.53,1.6694E+03));
#4153 = VECTOR('',#4154,1.);
#4154 = DIRECTION('',(1.,0.,0.));
#4155 = ORIENTED_EDGE('',*,*,#4103,.F.);
#4156 = PLANE('',#4157);
#4157 = AXIS2_PLACEMENT_3D('',#4158,#4159,#4160);
#4158 = CARTESIAN_POINT('',(-6.5448E+03,129.53,1.6474E+03));
#4159 = DIRECTION('',(0.,1.,0.));
#4160 = DIRECTION('',(0.,0.,1.));
#4161 = ADVANCED_FACE('',(#4162),#4178,.T.);
#4162 = FACE_BOUND('',#4163,.T.);
#4163 = EDGE_LOOP('',(#4164,#4170,#4171,#4177));
#4164 = ORIENTED_EDGE('',*,*,#4165,.F.);
#4165 = EDGE_CURVE('',#4074,#4114,#4166,.T.);
#4166 = LINE('',#4167,#4168);
#4167 = CARTESIAN_POINT('',(-6.5448E+03,363.53,1.6474E+03));
#4168 = VECTOR('',#4169,1.);
#4169 = DIRECTION('',(1.,0.,0.));
#4170 = ORIENTED_EDGE('',*,*,#4081,.T.);
#4171 = ORIENTED_EDGE('',*,*,#4172,.T.);
#4172 = EDGE_CURVE('',#4082,#4122,#4173,.T.);
#4173 = LINE('',#4174,#4175);
#4174 = CARTESIAN_POINT('',(-6.5448E+03,363.53,1.6694E+03));
#4175 = VECTOR('',#4176,1.);
#4176 = DIRECTION('',(1.,0.,0.));
#4177 = ORIENTED_EDGE('',*,*,#4121,.F.);
#4178 = PLANE('',#4179);
#4179 = AXIS2_PLACEMENT_3D('',#4180,#4181,#4182);
#4180 = CARTESIAN_POINT('',(-6.5448E+03,363.53,1.6474E+03));
#4181 = DIRECTION('',(0.,1.,0.));
#4182 = DIRECTION('',(0.,0.,1.));
#4183 = ADVANCED_FACE('',(#4184),#4190,.F.);
#4184 = FACE_BOUND('',#4185,.F.);
#4185 = EDGE_LOOP('',(#4186,#4187,#4188,#4189));
#4186 = ORIENTED_EDGE('',*,*,#4073,.F.);
#4187 = ORIENTED_EDGE('',*,*,#4143,.T.);
#4188 = ORIENTED_EDGE('',*,*,#4113,.T.);
#4189 = ORIENTED_EDGE('',*,*,#4165,.F.);
#4190 = PLANE('',#4191);
#4191 = AXIS2_PLACEMENT_3D('',#4192,#4193,#4194);
#4192 = CARTESIAN_POINT('',(-6.5448E+03,129.53,1.6474E+03));
#4193 = DIRECTION('',(0.,0.,1.));
#4194 = DIRECTION('',(1.,0.,0.));
#4195 = ADVANCED_FACE('',(#4196),#4202,.T.);
#4196 = FACE_BOUND('',#4197,.T.);
#4197 = EDGE_LOOP('',(#4198,#4199,#4200,#4201));
#4198 = ORIENTED_EDGE('',*,*,#4089,.F.);
#4199 = ORIENTED_EDGE('',*,*,#4150,.T.);
#4200 = ORIENTED_EDGE('',*,*,#4129,.T.);
#4201 = ORIENTED_EDGE('',*,*,#4172,.F.);
#4202 = PLANE('',#4203);
#4203 = AXIS2_PLACEMENT_3D('',#4204,#4205,#4206);
#4204 = CARTESIAN_POINT('',(-6.5448E+03,129.53,1.6694E+03));
#4205 = DIRECTION('',(0.,0.,1.));
#4206 = DIRECTION('',(1.,0.,0.));
#4207 = MANIFOLD_SOLID_BREP('',#4208);
#4208 = CLOSED_SHELL('',(#4209,#4242,#4251));
#4209 = ADVANCED_FACE('',(#4210),#4237,.T.);
#4210 = FACE_BOUND('',#4211,.F.);
#4211 = EDGE_LOOP('',(#4212,#4222,#4229,#4230));
#4212 = ORIENTED_EDGE('',*,*,#4213,.T.);
#4213 = EDGE_CURVE('',#4214,#4216,#4218,.T.);
#4214 = VERTEX_POINT('',#4215);
#4215 = CARTESIAN_POINT('',(-6.3224E+03,246.53,1.6274E+03));
#4216 = VERTEX_POINT('',#4217);
#4217 = CARTESIAN_POINT('',(-6.3224E+03,246.53,1.6474E+03));
#4218 = LINE('',#4219,#4220);
#4219 = CARTESIAN_POINT('',(-6.3224E+03,246.53,1.6274E+03));
#4220 = VECTOR('',#4221,1.);
#4221 = DIRECTION('',(0.,0.,1.));
#4222 = ORIENTED_EDGE('',*,*,#4223,.T.);
#4223 = EDGE_CURVE('',#4216,#4216,#4224,.T.);
#4224 = CIRCLE('',#4225,80.);
#4225 = AXIS2_PLACEMENT_3D('',#4226,#4227,#4228);
#4226 = CARTESIAN_POINT('',(-6.4024E+03,246.53,1.6474E+03));
#4227 = DIRECTION('',(0.,0.,1.));
#4228 = DIRECTION('',(1.,0.,0.));
#4229 = ORIENTED_EDGE('',*,*,#4213,.F.);
#4230 = ORIENTED_EDGE('',*,*,#4231,.F.);
#4231 = EDGE_CURVE('',#4214,#4214,#4232,.T.);
#4232 = CIRCLE('',#4233,80.);
#4233 = AXIS2_PLACEMENT_3D('',#4234,#4235,#4236);
#4234 = CARTESIAN_POINT('',(-6.4024E+03,246.53,1.6274E+03));
#4235 = DIRECTION('',(0.,0.,1.));
#4236 = DIRECTION('',(1.,0.,0.));
#4237 = CYLINDRICAL_SURFACE('',#4238,80.);
#4238 = AXIS2_PLACEMENT_3D('',#4239,#4240,#4241);
#4239 = CARTESIAN_POINT('',(-6.4024E+03,246.53,1.6274E+03));
#4240 = DIRECTION('',(-0.,-0.,-1.));
#4241 = DIRECTION('',(1.,0.,0.));
#4242 = ADVANCED_FACE('',(#4243),#4246,.F.);
#4243 = FACE_BOUND('',#4244,.T.);
#4244 = EDGE_LOOP('',(#4245));
#4245 = ORIENTED_EDGE('',*,*,#4231,.F.);
#4246 = PLANE('',#4247);
#4247 = AXIS2_PLACEMENT_3D('',#4248,#4249,#4250);
#4248 = CARTESIAN_POINT('',(-6.4024E+03,246.53,1.6274E+03));
#4249 = DIRECTION('',(0.,0.,1.));
#4250 = DIRECTION('',(1.,0.,0.));
#4251 = ADVANCED_FACE('',(#4252),#4255,.T.);
#4252 = FACE_BOUND('',#4253,.F.);
#4253 = EDGE_LOOP('',(#4254));
#4254 = ORIENTED_EDGE('',*,*,#4223,.F.);
#4255 = PLANE('',#4256);
#4256 = AXIS2_PLACEMENT_3D('',#4257,#4258,#4259);
#4257 = CARTESIAN_POINT('',(-6.4024E+03,246.53,1.6474E+03));
#4258 = DIRECTION('',(0.,0.,1.));
#4259 = DIRECTION('',(1.,0.,0.));
#4260 = MANIFOLD_SOLID_BREP('',#4261);
#4261 = CLOSED_SHELL('',(#4262,#4295,#4304));
#4262 = ADVANCED_FACE('',(#4263),#4290,.T.);
#4263 = FACE_BOUND('',#4264,.F.);
#4264 = EDGE_LOOP('',(#4265,#4275,#4282,#4283));
#4265 = ORIENTED_EDGE('',*,*,#4266,.T.);
#4266 = EDGE_CURVE('',#4267,#4269,#4271,.T.);
#4267 = VERTEX_POINT('',#4268);
#4268 = CARTESIAN_POINT('',(-6.3914E+03,246.53,1.6474E+03));
#4269 = VERTEX_POINT('',#4270);
#4270 = CARTESIAN_POINT('',(-6.3914E+03,246.53,1.9674E+03));
#4271 = LINE('',#4272,#4273);
#4272 = CARTESIAN_POINT('',(-6.3914E+03,246.53,1.6474E+03));
#4273 = VECTOR('',#4274,1.);
#4274 = DIRECTION('',(0.,0.,1.));
#4275 = ORIENTED_EDGE('',*,*,#4276,.T.);
#4276 = EDGE_CURVE('',#4269,#4269,#4277,.T.);
#4277 = CIRCLE('',#4278,11.);
#4278 = AXIS2_PLACEMENT_3D('',#4279,#4280,#4281);
#4279 = CARTESIAN_POINT('',(-6.4024E+03,246.53,1.9674E+03));
#4280 = DIRECTION('',(0.,0.,1.));
#4281 = DIRECTION('',(1.,0.,0.));
#4282 = ORIENTED_EDGE('',*,*,#4266,.F.);
#4283 = ORIENTED_EDGE('',*,*,#4284,.F.);
#4284 = EDGE_CURVE('',#4267,#4267,#4285,.T.);
#4285 = CIRCLE('',#4286,11.);
#4286 = AXIS2_PLACEMENT_3D('',#4287,#4288,#4289);
#4287 = CARTESIAN_POINT('',(-6.4024E+03,246.53,1.6474E+03));
#4288 = DIRECTION('',(0.,0.,1.));
#4289 = DIRECTION('',(1.,0.,0.));
#4290 = CYLINDRICAL_SURFACE('',#4291,11.);
#4291 = AXIS2_PLACEMENT_3D('',#4292,#4293,#4294);
#4292 = CARTESIAN_POINT('',(-6.4024E+03,246.53,1.6474E+03));
#4293 = DIRECTION('',(-0.,-0.,-1.));
#4294 = DIRECTION('',(1.,0.,0.));
#4295 = ADVANCED_FACE('',(#4296),#4299,.F.);
#4296 = FACE_BOUND('',#4297,.T.);
#4297 = EDGE_LOOP('',(#4298));
#4298 = ORIENTED_EDGE('',*,*,#4284,.F.);
#4299 = PLANE('',#4300);
#4300 = AXIS2_PLACEMENT_3D('',#4301,#4302,#4303);
#4301 = CARTESIAN_POINT('',(-6.4024E+03,246.53,1.6474E+03));
#4302 = DIRECTION('',(0.,0.,1.));
#4303 = DIRECTION('',(1.,0.,0.));
#4304 = ADVANCED_FACE('',(#4305),#4308,.T.);
#4305 = FACE_BOUND('',#4306,.F.);
#4306 = EDGE_LOOP('',(#4307));
#4307 = ORIENTED_EDGE('',*,*,#4276,.F.);
#4308 = PLANE('',#4309);
#4309 = AXIS2_PLACEMENT_3D('',#4310,#4311,#4312);
#4310 = CARTESIAN_POINT('',(-6.4024E+03,246.53,1.9674E+03));
#4311 = DIRECTION('',(0.,0.,1.));
#4312 = DIRECTION('',(1.,0.,0.));
#4313 = MANIFOLD_SOLID_BREP('',#4314);
#4314 = CLOSED_SHELL('',(#4315,#4348,#4357));
#4315 = ADVANCED_FACE('',(#4316),#4343,.T.);
#4316 = FACE_BOUND('',#4317,.F.);
#4317 = EDGE_LOOP('',(#4318,#4328,#4335,#4336));
#4318 = ORIENTED_EDGE('',*,*,#4319,.T.);
#4319 = EDGE_CURVE('',#4320,#4322,#4324,.T.);
#4320 = VERTEX_POINT('',#4321);
#4321 = CARTESIAN_POINT('',(-6.398066887716E+03,246.53,1.95728940467E+03
    ));
#4322 = VERTEX_POINT('',#4323);
#4323 = CARTESIAN_POINT('',(-6.258066887716E+03,246.53,2.01728940467E+03
    ));
#4324 = LINE('',#4325,#4326);
#4325 = CARTESIAN_POINT('',(-6.398066887716E+03,246.53,1.95728940467E+03
    ));
#4326 = VECTOR('',#4327,1.);
#4327 = DIRECTION('',(0.919145030018,0.,0.393919298579));
#4328 = ORIENTED_EDGE('',*,*,#4329,.T.);
#4329 = EDGE_CURVE('',#4322,#4322,#4330,.T.);
#4330 = CIRCLE('',#4331,11.);
#4331 = AXIS2_PLACEMENT_3D('',#4332,#4333,#4334);
#4332 = CARTESIAN_POINT('',(-6.2624E+03,246.53,2.0274E+03));
#4333 = DIRECTION('',(0.919145030018,-0.,0.393919298579));
#4334 = DIRECTION('',(0.393919298579,0.,-0.919145030018));
#4335 = ORIENTED_EDGE('',*,*,#4319,.F.);
#4336 = ORIENTED_EDGE('',*,*,#4337,.F.);
#4337 = EDGE_CURVE('',#4320,#4320,#4338,.T.);
#4338 = CIRCLE('',#4339,11.);
#4339 = AXIS2_PLACEMENT_3D('',#4340,#4341,#4342);
#4340 = CARTESIAN_POINT('',(-6.4024E+03,246.53,1.9674E+03));
#4341 = DIRECTION('',(0.919145030018,-0.,0.393919298579));
#4342 = DIRECTION('',(0.393919298579,0.,-0.919145030018));
#4343 = CYLINDRICAL_SURFACE('',#4344,11.);
#4344 = AXIS2_PLACEMENT_3D('',#4345,#4346,#4347);
#4345 = CARTESIAN_POINT('',(-6.4024E+03,246.53,1.9674E+03));
#4346 = DIRECTION('',(-0.919145030018,-0.,-0.393919298579));
#4347 = DIRECTION('',(0.393919298579,0.,-0.919145030018));
#4348 = ADVANCED_FACE('',(#4349),#4352,.F.);
#4349 = FACE_BOUND('',#4350,.T.);
#4350 = EDGE_LOOP('',(#4351));
#4351 = ORIENTED_EDGE('',*,*,#4337,.F.);
#4352 = PLANE('',#4353);
#4353 = AXIS2_PLACEMENT_3D('',#4354,#4355,#4356);
#4354 = CARTESIAN_POINT('',(-6.4024E+03,246.53,1.9674E+03));
#4355 = DIRECTION('',(0.919145030018,0.,0.393919298579));
#4356 = DIRECTION('',(0.393919298579,0.,-0.919145030018));
#4357 = ADVANCED_FACE('',(#4358),#4361,.T.);
#4358 = FACE_BOUND('',#4359,.F.);
#4359 = EDGE_LOOP('',(#4360));
#4360 = ORIENTED_EDGE('',*,*,#4329,.F.);
#4361 = PLANE('',#4362);
#4362 = AXIS2_PLACEMENT_3D('',#4363,#4364,#4365);
#4363 = CARTESIAN_POINT('',(-6.2624E+03,246.53,2.0274E+03));
#4364 = DIRECTION('',(0.919145030018,0.,0.393919298579));
#4365 = DIRECTION('',(0.393919298579,0.,-0.919145030018));
#4366 = MANIFOLD_SOLID_BREP('',#4367);
#4367 = CLOSED_SHELL('',(#4368,#4401,#4410));
#4368 = ADVANCED_FACE('',(#4369),#4396,.T.);
#4369 = FACE_BOUND('',#4370,.F.);
#4370 = EDGE_LOOP('',(#4371,#4381,#4388,#4389));
#4371 = ORIENTED_EDGE('',*,*,#4372,.T.);
#4372 = EDGE_CURVE('',#4373,#4375,#4377,.T.);
#4373 = VERTEX_POINT('',#4374);
#4374 = CARTESIAN_POINT('',(-6.1974E+03,246.53,1.9674E+03));
#4375 = VERTEX_POINT('',#4376);
#4376 = CARTESIAN_POINT('',(-6.1974E+03,246.53,2.0424E+03));
#4377 = LINE('',#4378,#4379);
#4378 = CARTESIAN_POINT('',(-6.1974E+03,246.53,1.9674E+03));
#4379 = VECTOR('',#4380,1.);
#4380 = DIRECTION('',(0.,0.,1.));
#4381 = ORIENTED_EDGE('',*,*,#4382,.T.);
#4382 = EDGE_CURVE('',#4375,#4375,#4383,.T.);
#4383 = CIRCLE('',#4384,65.);
#4384 = AXIS2_PLACEMENT_3D('',#4385,#4386,#4387);
#4385 = CARTESIAN_POINT('',(-6.2624E+03,246.53,2.0424E+03));
#4386 = DIRECTION('',(0.,0.,1.));
#4387 = DIRECTION('',(1.,0.,0.));
#4388 = ORIENTED_EDGE('',*,*,#4372,.F.);
#4389 = ORIENTED_EDGE('',*,*,#4390,.F.);
#4390 = EDGE_CURVE('',#4373,#4373,#4391,.T.);
#4391 = CIRCLE('',#4392,65.);
#4392 = AXIS2_PLACEMENT_3D('',#4393,#4394,#4395);
#4393 = CARTESIAN_POINT('',(-6.2624E+03,246.53,1.9674E+03));
#4394 = DIRECTION('',(0.,0.,1.));
#4395 = DIRECTION('',(1.,0.,0.));
#4396 = CYLINDRICAL_SURFACE('',#4397,65.);
#4397 = AXIS2_PLACEMENT_3D('',#4398,#4399,#4400);
#4398 = CARTESIAN_POINT('',(-6.2624E+03,246.53,1.9674E+03));
#4399 = DIRECTION('',(-0.,-0.,-1.));
#4400 = DIRECTION('',(1.,0.,0.));
#4401 = ADVANCED_FACE('',(#4402),#4405,.F.);
#4402 = FACE_BOUND('',#4403,.T.);
#4403 = EDGE_LOOP('',(#4404));
#4404 = ORIENTED_EDGE('',*,*,#4390,.F.);
#4405 = PLANE('',#4406);
#4406 = AXIS2_PLACEMENT_3D('',#4407,#4408,#4409);
#4407 = CARTESIAN_POINT('',(-6.2624E+03,246.53,1.9674E+03));
#4408 = DIRECTION('',(0.,0.,1.));
#4409 = DIRECTION('',(1.,0.,0.));
#4410 = ADVANCED_FACE('',(#4411),#4414,.T.);
#4411 = FACE_BOUND('',#4412,.F.);
#4412 = EDGE_LOOP('',(#4413));
#4413 = ORIENTED_EDGE('',*,*,#4382,.F.);
#4414 = PLANE('',#4415);
#4415 = AXIS2_PLACEMENT_3D('',#4416,#4417,#4418);
#4416 = CARTESIAN_POINT('',(-6.2624E+03,246.53,2.0424E+03));
#4417 = DIRECTION('',(0.,0.,1.));
#4418 = DIRECTION('',(1.,0.,0.));
#4419 = MANIFOLD_SOLID_BREP('',#4420);
#4420 = CLOSED_SHELL('',(#4421,#4461,#4501,#4523,#4545,#4557));
#4421 = ADVANCED_FACE('',(#4422),#4456,.F.);
#4422 = FACE_BOUND('',#4423,.F.);
#4423 = EDGE_LOOP('',(#4424,#4434,#4442,#4450));
#4424 = ORIENTED_EDGE('',*,*,#4425,.F.);
#4425 = EDGE_CURVE('',#4426,#4428,#4430,.T.);
#4426 = VERTEX_POINT('',#4427);
#4427 = CARTESIAN_POINT('',(-6.336602E+03,-2.2648E+03,1.));
#4428 = VERTEX_POINT('',#4429);
#4429 = CARTESIAN_POINT('',(-6.336602E+03,-2.2648E+03,1.6774E+03));
#4430 = LINE('',#4431,#4432);
#4431 = CARTESIAN_POINT('',(-6.336602E+03,-2.2648E+03,1.));
#4432 = VECTOR('',#4433,1.);
#4433 = DIRECTION('',(0.,0.,1.));
#4434 = ORIENTED_EDGE('',*,*,#4435,.T.);
#4435 = EDGE_CURVE('',#4426,#4436,#4438,.T.);
#4436 = VERTEX_POINT('',#4437);
#4437 = CARTESIAN_POINT('',(-6.361602E+03,-2.2648E+03,1.));
#4438 = LINE('',#4439,#4440);
#4439 = CARTESIAN_POINT('',(-6.336602E+03,-2.2648E+03,1.));
#4440 = VECTOR('',#4441,1.);
#4441 = DIRECTION('',(-1.,2.22044604925E-16,0.));
#4442 = ORIENTED_EDGE('',*,*,#4443,.T.);
#4443 = EDGE_CURVE('',#4436,#4444,#4446,.T.);
#4444 = VERTEX_POINT('',#4445);
#4445 = CARTESIAN_POINT('',(-6.361602E+03,-2.2648E+03,1.6774E+03));
#4446 = LINE('',#4447,#4448);
#4447 = CARTESIAN_POINT('',(-6.361602E+03,-2.2648E+03,1.));
#4448 = VECTOR('',#4449,1.);
#4449 = DIRECTION('',(0.,0.,1.));
#4450 = ORIENTED_EDGE('',*,*,#4451,.F.);
#4451 = EDGE_CURVE('',#4428,#4444,#4452,.T.);
#4452 = LINE('',#4453,#4454);
#4453 = CARTESIAN_POINT('',(-6.336602E+03,-2.2648E+03,1.6774E+03));
#4454 = VECTOR('',#4455,1.);
#4455 = DIRECTION('',(-1.,2.22044604925E-16,0.));
#4456 = PLANE('',#4457);
#4457 = AXIS2_PLACEMENT_3D('',#4458,#4459,#4460);
#4458 = CARTESIAN_POINT('',(-6.336602E+03,-2.2648E+03,1.));
#4459 = DIRECTION('',(2.22044604925E-16,1.,0.));
#4460 = DIRECTION('',(0.,0.,1.));
#4461 = ADVANCED_FACE('',(#4462),#4496,.T.);
#4462 = FACE_BOUND('',#4463,.T.);
#4463 = EDGE_LOOP('',(#4464,#4474,#4482,#4490));
#4464 = ORIENTED_EDGE('',*,*,#4465,.F.);
#4465 = EDGE_CURVE('',#4466,#4468,#4470,.T.);
#4466 = VERTEX_POINT('',#4467);
#4467 = CARTESIAN_POINT('',(-6.336602E+03,-2.2398E+03,1.));
#4468 = VERTEX_POINT('',#4469);
#4469 = CARTESIAN_POINT('',(-6.336602E+03,-2.2398E+03,1.6774E+03));
#4470 = LINE('',#4471,#4472);
#4471 = CARTESIAN_POINT('',(-6.336602E+03,-2.2398E+03,1.));
#4472 = VECTOR('',#4473,1.);
#4473 = DIRECTION('',(0.,0.,1.));
#4474 = ORIENTED_EDGE('',*,*,#4475,.T.);
#4475 = EDGE_CURVE('',#4466,#4476,#4478,.T.);
#4476 = VERTEX_POINT('',#4477);
#4477 = CARTESIAN_POINT('',(-6.361602E+03,-2.2398E+03,1.));
#4478 = LINE('',#4479,#4480);
#4479 = CARTESIAN_POINT('',(-6.336602E+03,-2.2398E+03,1.));
#4480 = VECTOR('',#4481,1.);
#4481 = DIRECTION('',(-1.,2.22044604925E-16,0.));
#4482 = ORIENTED_EDGE('',*,*,#4483,.T.);
#4483 = EDGE_CURVE('',#4476,#4484,#4486,.T.);
#4484 = VERTEX_POINT('',#4485);
#4485 = CARTESIAN_POINT('',(-6.361602E+03,-2.2398E+03,1.6774E+03));
#4486 = LINE('',#4487,#4488);
#4487 = CARTESIAN_POINT('',(-6.361602E+03,-2.2398E+03,1.));
#4488 = VECTOR('',#4489,1.);
#4489 = DIRECTION('',(0.,0.,1.));
#4490 = ORIENTED_EDGE('',*,*,#4491,.F.);
#4491 = EDGE_CURVE('',#4468,#4484,#4492,.T.);
#4492 = LINE('',#4493,#4494);
#4493 = CARTESIAN_POINT('',(-6.336602E+03,-2.2398E+03,1.6774E+03));
#4494 = VECTOR('',#4495,1.);
#4495 = DIRECTION('',(-1.,2.22044604925E-16,0.));
#4496 = PLANE('',#4497);
#4497 = AXIS2_PLACEMENT_3D('',#4498,#4499,#4500);
#4498 = CARTESIAN_POINT('',(-6.336602E+03,-2.2398E+03,1.));
#4499 = DIRECTION('',(2.22044604925E-16,1.,0.));
#4500 = DIRECTION('',(0.,0.,1.));
#4501 = ADVANCED_FACE('',(#4502),#4518,.F.);
#4502 = FACE_BOUND('',#4503,.F.);
#4503 = EDGE_LOOP('',(#4504,#4510,#4511,#4517));
#4504 = ORIENTED_EDGE('',*,*,#4505,.F.);
#4505 = EDGE_CURVE('',#4426,#4466,#4506,.T.);
#4506 = LINE('',#4507,#4508);
#4507 = CARTESIAN_POINT('',(-6.336602E+03,-2.2648E+03,1.));
#4508 = VECTOR('',#4509,1.);
#4509 = DIRECTION('',(2.22044604925E-16,1.,0.));
#4510 = ORIENTED_EDGE('',*,*,#4425,.T.);
#4511 = ORIENTED_EDGE('',*,*,#4512,.T.);
#4512 = EDGE_CURVE('',#4428,#4468,#4513,.T.);
#4513 = LINE('',#4514,#4515);
#4514 = CARTESIAN_POINT('',(-6.336602E+03,-2.2648E+03,1.6774E+03));
#4515 = VECTOR('',#4516,1.);
#4516 = DIRECTION('',(2.22044604925E-16,1.,0.));
#4517 = ORIENTED_EDGE('',*,*,#4465,.F.);
#4518 = PLANE('',#4519);
#4519 = AXIS2_PLACEMENT_3D('',#4520,#4521,#4522);
#4520 = CARTESIAN_POINT('',(-6.336602E+03,-2.2648E+03,1.));
#4521 = DIRECTION('',(-1.,2.22044604925E-16,0.));
#4522 = DIRECTION('',(0.,0.,1.));
#4523 = ADVANCED_FACE('',(#4524),#4540,.T.);
#4524 = FACE_BOUND('',#4525,.T.);
#4525 = EDGE_LOOP('',(#4526,#4532,#4533,#4539));
#4526 = ORIENTED_EDGE('',*,*,#4527,.F.);
#4527 = EDGE_CURVE('',#4436,#4476,#4528,.T.);
#4528 = LINE('',#4529,#4530);
#4529 = CARTESIAN_POINT('',(-6.361602E+03,-2.2648E+03,1.));
#4530 = VECTOR('',#4531,1.);
#4531 = DIRECTION('',(2.22044604925E-16,1.,0.));
#4532 = ORIENTED_EDGE('',*,*,#4443,.T.);
#4533 = ORIENTED_EDGE('',*,*,#4534,.T.);
#4534 = EDGE_CURVE('',#4444,#4484,#4535,.T.);
#4535 = LINE('',#4536,#4537);
#4536 = CARTESIAN_POINT('',(-6.361602E+03,-2.2648E+03,1.6774E+03));
#4537 = VECTOR('',#4538,1.);
#4538 = DIRECTION('',(2.22044604925E-16,1.,0.));
#4539 = ORIENTED_EDGE('',*,*,#4483,.F.);
#4540 = PLANE('',#4541);
#4541 = AXIS2_PLACEMENT_3D('',#4542,#4543,#4544);
#4542 = CARTESIAN_POINT('',(-6.361602E+03,-2.2648E+03,1.));
#4543 = DIRECTION('',(-1.,2.22044604925E-16,0.));
#4544 = DIRECTION('',(0.,0.,1.));
#4545 = ADVANCED_FACE('',(#4546),#4552,.F.);
#4546 = FACE_BOUND('',#4547,.F.);
#4547 = EDGE_LOOP('',(#4548,#4549,#4550,#4551));
#4548 = ORIENTED_EDGE('',*,*,#4435,.F.);
#4549 = ORIENTED_EDGE('',*,*,#4505,.T.);
#4550 = ORIENTED_EDGE('',*,*,#4475,.T.);
#4551 = ORIENTED_EDGE('',*,*,#4527,.F.);
#4552 = PLANE('',#4553);
#4553 = AXIS2_PLACEMENT_3D('',#4554,#4555,#4556);
#4554 = CARTESIAN_POINT('',(-6.336602E+03,-2.2648E+03,1.));
#4555 = DIRECTION('',(0.,0.,1.));
#4556 = DIRECTION('',(2.22044604925E-16,1.,0.));
#4557 = ADVANCED_FACE('',(#4558),#4564,.T.);
#4558 = FACE_BOUND('',#4559,.T.);
#4559 = EDGE_LOOP('',(#4560,#4561,#4562,#4563));
#4560 = ORIENTED_EDGE('',*,*,#4451,.F.);
#4561 = ORIENTED_EDGE('',*,*,#4512,.T.);
#4562 = ORIENTED_EDGE('',*,*,#4491,.T.);
#4563 = ORIENTED_EDGE('',*,*,#4534,.F.);
#4564 = PLANE('',#4565);
#4565 = AXIS2_PLACEMENT_3D('',#4566,#4567,#4568);
#4566 = CARTESIAN_POINT('',(-6.336602E+03,-2.2648E+03,1.6774E+03));
#4567 = DIRECTION('',(0.,0.,1.));
#4568 = DIRECTION('',(2.22044604925E-16,1.,0.));
#4569 = MANIFOLD_SOLID_BREP('',#4570);
#4570 = CLOSED_SHELL('',(#4571,#4611,#4651,#4673,#4695,#4707));
#4571 = ADVANCED_FACE('',(#4572),#4606,.F.);
#4572 = FACE_BOUND('',#4573,.F.);
#4573 = EDGE_LOOP('',(#4574,#4584,#4592,#4600));
#4574 = ORIENTED_EDGE('',*,*,#4575,.F.);
#4575 = EDGE_CURVE('',#4576,#4578,#4580,.T.);
#4576 = VERTEX_POINT('',#4577);
#4577 = CARTESIAN_POINT('',(-6.565602E+03,-2.2648E+03,1.));
#4578 = VERTEX_POINT('',#4579);
#4579 = CARTESIAN_POINT('',(-6.565602E+03,-2.2648E+03,1.6774E+03));
#4580 = LINE('',#4581,#4582);
#4581 = CARTESIAN_POINT('',(-6.565602E+03,-2.2648E+03,1.));
#4582 = VECTOR('',#4583,1.);
#4583 = DIRECTION('',(0.,0.,1.));
#4584 = ORIENTED_EDGE('',*,*,#4585,.T.);
#4585 = EDGE_CURVE('',#4576,#4586,#4588,.T.);
#4586 = VERTEX_POINT('',#4587);
#4587 = CARTESIAN_POINT('',(-6.590602E+03,-2.2648E+03,1.));
#4588 = LINE('',#4589,#4590);
#4589 = CARTESIAN_POINT('',(-6.565602E+03,-2.2648E+03,1.));
#4590 = VECTOR('',#4591,1.);
#4591 = DIRECTION('',(-1.,2.22044604925E-16,0.));
#4592 = ORIENTED_EDGE('',*,*,#4593,.T.);
#4593 = EDGE_CURVE('',#4586,#4594,#4596,.T.);
#4594 = VERTEX_POINT('',#4595);
#4595 = CARTESIAN_POINT('',(-6.590602E+03,-2.2648E+03,1.6774E+03));
#4596 = LINE('',#4597,#4598);
#4597 = CARTESIAN_POINT('',(-6.590602E+03,-2.2648E+03,1.));
#4598 = VECTOR('',#4599,1.);
#4599 = DIRECTION('',(0.,0.,1.));
#4600 = ORIENTED_EDGE('',*,*,#4601,.F.);
#4601 = EDGE_CURVE('',#4578,#4594,#4602,.T.);
#4602 = LINE('',#4603,#4604);
#4603 = CARTESIAN_POINT('',(-6.565602E+03,-2.2648E+03,1.6774E+03));
#4604 = VECTOR('',#4605,1.);
#4605 = DIRECTION('',(-1.,2.22044604925E-16,0.));
#4606 = PLANE('',#4607);
#4607 = AXIS2_PLACEMENT_3D('',#4608,#4609,#4610);
#4608 = CARTESIAN_POINT('',(-6.565602E+03,-2.2648E+03,1.));
#4609 = DIRECTION('',(2.22044604925E-16,1.,0.));
#4610 = DIRECTION('',(0.,0.,1.));
#4611 = ADVANCED_FACE('',(#4612),#4646,.T.);
#4612 = FACE_BOUND('',#4613,.T.);
#4613 = EDGE_LOOP('',(#4614,#4624,#4632,#4640));
#4614 = ORIENTED_EDGE('',*,*,#4615,.F.);
#4615 = EDGE_CURVE('',#4616,#4618,#4620,.T.);
#4616 = VERTEX_POINT('',#4617);
#4617 = CARTESIAN_POINT('',(-6.565602E+03,-2.2398E+03,1.));
#4618 = VERTEX_POINT('',#4619);
#4619 = CARTESIAN_POINT('',(-6.565602E+03,-2.2398E+03,1.6774E+03));
#4620 = LINE('',#4621,#4622);
#4621 = CARTESIAN_POINT('',(-6.565602E+03,-2.2398E+03,1.));
#4622 = VECTOR('',#4623,1.);
#4623 = DIRECTION('',(0.,0.,1.));
#4624 = ORIENTED_EDGE('',*,*,#4625,.T.);
#4625 = EDGE_CURVE('',#4616,#4626,#4628,.T.);
#4626 = VERTEX_POINT('',#4627);
#4627 = CARTESIAN_POINT('',(-6.590602E+03,-2.2398E+03,1.));
#4628 = LINE('',#4629,#4630);
#4629 = CARTESIAN_POINT('',(-6.565602E+03,-2.2398E+03,1.));
#4630 = VECTOR('',#4631,1.);
#4631 = DIRECTION('',(-1.,2.22044604925E-16,0.));
#4632 = ORIENTED_EDGE('',*,*,#4633,.T.);
#4633 = EDGE_CURVE('',#4626,#4634,#4636,.T.);
#4634 = VERTEX_POINT('',#4635);
#4635 = CARTESIAN_POINT('',(-6.590602E+03,-2.2398E+03,1.6774E+03));
#4636 = LINE('',#4637,#4638);
#4637 = CARTESIAN_POINT('',(-6.590602E+03,-2.2398E+03,1.));
#4638 = VECTOR('',#4639,1.);
#4639 = DIRECTION('',(0.,0.,1.));
#4640 = ORIENTED_EDGE('',*,*,#4641,.F.);
#4641 = EDGE_CURVE('',#4618,#4634,#4642,.T.);
#4642 = LINE('',#4643,#4644);
#4643 = CARTESIAN_POINT('',(-6.565602E+03,-2.2398E+03,1.6774E+03));
#4644 = VECTOR('',#4645,1.);
#4645 = DIRECTION('',(-1.,2.22044604925E-16,0.));
#4646 = PLANE('',#4647);
#4647 = AXIS2_PLACEMENT_3D('',#4648,#4649,#4650);
#4648 = CARTESIAN_POINT('',(-6.565602E+03,-2.2398E+03,1.));
#4649 = DIRECTION('',(2.22044604925E-16,1.,0.));
#4650 = DIRECTION('',(0.,0.,1.));
#4651 = ADVANCED_FACE('',(#4652),#4668,.F.);
#4652 = FACE_BOUND('',#4653,.F.);
#4653 = EDGE_LOOP('',(#4654,#4660,#4661,#4667));
#4654 = ORIENTED_EDGE('',*,*,#4655,.F.);
#4655 = EDGE_CURVE('',#4576,#4616,#4656,.T.);
#4656 = LINE('',#4657,#4658);
#4657 = CARTESIAN_POINT('',(-6.565602E+03,-2.2648E+03,1.));
#4658 = VECTOR('',#4659,1.);
#4659 = DIRECTION('',(2.22044604925E-16,1.,0.));
#4660 = ORIENTED_EDGE('',*,*,#4575,.T.);
#4661 = ORIENTED_EDGE('',*,*,#4662,.T.);
#4662 = EDGE_CURVE('',#4578,#4618,#4663,.T.);
#4663 = LINE('',#4664,#4665);
#4664 = CARTESIAN_POINT('',(-6.565602E+03,-2.2648E+03,1.6774E+03));
#4665 = VECTOR('',#4666,1.);
#4666 = DIRECTION('',(2.22044604925E-16,1.,0.));
#4667 = ORIENTED_EDGE('',*,*,#4615,.F.);
#4668 = PLANE('',#4669);
#4669 = AXIS2_PLACEMENT_3D('',#4670,#4671,#4672);
#4670 = CARTESIAN_POINT('',(-6.565602E+03,-2.2648E+03,1.));
#4671 = DIRECTION('',(-1.,2.22044604925E-16,0.));
#4672 = DIRECTION('',(0.,0.,1.));
#4673 = ADVANCED_FACE('',(#4674),#4690,.T.);
#4674 = FACE_BOUND('',#4675,.T.);
#4675 = EDGE_LOOP('',(#4676,#4682,#4683,#4689));
#4676 = ORIENTED_EDGE('',*,*,#4677,.F.);
#4677 = EDGE_CURVE('',#4586,#4626,#4678,.T.);
#4678 = LINE('',#4679,#4680);
#4679 = CARTESIAN_POINT('',(-6.590602E+03,-2.2648E+03,1.));
#4680 = VECTOR('',#4681,1.);
#4681 = DIRECTION('',(2.22044604925E-16,1.,0.));
#4682 = ORIENTED_EDGE('',*,*,#4593,.T.);
#4683 = ORIENTED_EDGE('',*,*,#4684,.T.);
#4684 = EDGE_CURVE('',#4594,#4634,#4685,.T.);
#4685 = LINE('',#4686,#4687);
#4686 = CARTESIAN_POINT('',(-6.590602E+03,-2.2648E+03,1.6774E+03));
#4687 = VECTOR('',#4688,1.);
#4688 = DIRECTION('',(2.22044604925E-16,1.,0.));
#4689 = ORIENTED_EDGE('',*,*,#4633,.F.);
#4690 = PLANE('',#4691);
#4691 = AXIS2_PLACEMENT_3D('',#4692,#4693,#4694);
#4692 = CARTESIAN_POINT('',(-6.590602E+03,-2.2648E+03,1.));
#4693 = DIRECTION('',(-1.,2.22044604925E-16,0.));
#4694 = DIRECTION('',(0.,0.,1.));
#4695 = ADVANCED_FACE('',(#4696),#4702,.F.);
#4696 = FACE_BOUND('',#4697,.F.);
#4697 = EDGE_LOOP('',(#4698,#4699,#4700,#4701));
#4698 = ORIENTED_EDGE('',*,*,#4585,.F.);
#4699 = ORIENTED_EDGE('',*,*,#4655,.T.);
#4700 = ORIENTED_EDGE('',*,*,#4625,.T.);
#4701 = ORIENTED_EDGE('',*,*,#4677,.F.);
#4702 = PLANE('',#4703);
#4703 = AXIS2_PLACEMENT_3D('',#4704,#4705,#4706);
#4704 = CARTESIAN_POINT('',(-6.565602E+03,-2.2648E+03,1.));
#4705 = DIRECTION('',(0.,0.,1.));
#4706 = DIRECTION('',(2.22044604925E-16,1.,0.));
#4707 = ADVANCED_FACE('',(#4708),#4714,.T.);
#4708 = FACE_BOUND('',#4709,.T.);
#4709 = EDGE_LOOP('',(#4710,#4711,#4712,#4713));
#4710 = ORIENTED_EDGE('',*,*,#4601,.F.);
#4711 = ORIENTED_EDGE('',*,*,#4662,.T.);
#4712 = ORIENTED_EDGE('',*,*,#4641,.T.);
#4713 = ORIENTED_EDGE('',*,*,#4684,.F.);
#4714 = PLANE('',#4715);
#4715 = AXIS2_PLACEMENT_3D('',#4716,#4717,#4718);
#4716 = CARTESIAN_POINT('',(-6.565602E+03,-2.2648E+03,1.6774E+03));
#4717 = DIRECTION('',(0.,0.,1.));
#4718 = DIRECTION('',(2.22044604925E-16,1.,0.));
#4719 = MANIFOLD_SOLID_BREP('',#4720);
#4720 = CLOSED_SHELL('',(#4721,#4761,#4801,#4823,#4845,#4857));
#4721 = ADVANCED_FACE('',(#4722),#4756,.F.);
#4722 = FACE_BOUND('',#4723,.F.);
#4723 = EDGE_LOOP('',(#4724,#4734,#4742,#4750));
#4724 = ORIENTED_EDGE('',*,*,#4725,.F.);
#4725 = EDGE_CURVE('',#4726,#4728,#4730,.T.);
#4726 = VERTEX_POINT('',#4727);
#4727 = CARTESIAN_POINT('',(-6.336602E+03,-1.6802E+03,1.));
#4728 = VERTEX_POINT('',#4729);
#4729 = CARTESIAN_POINT('',(-6.336602E+03,-1.6802E+03,1.6774E+03));
#4730 = LINE('',#4731,#4732);
#4731 = CARTESIAN_POINT('',(-6.336602E+03,-1.6802E+03,1.));
#4732 = VECTOR('',#4733,1.);
#4733 = DIRECTION('',(0.,0.,1.));
#4734 = ORIENTED_EDGE('',*,*,#4735,.T.);
#4735 = EDGE_CURVE('',#4726,#4736,#4738,.T.);
#4736 = VERTEX_POINT('',#4737);
#4737 = CARTESIAN_POINT('',(-6.361602E+03,-1.6802E+03,1.));
#4738 = LINE('',#4739,#4740);
#4739 = CARTESIAN_POINT('',(-6.336602E+03,-1.6802E+03,1.));
#4740 = VECTOR('',#4741,1.);
#4741 = DIRECTION('',(-1.,2.22044604925E-16,0.));
#4742 = ORIENTED_EDGE('',*,*,#4743,.T.);
#4743 = EDGE_CURVE('',#4736,#4744,#4746,.T.);
#4744 = VERTEX_POINT('',#4745);
#4745 = CARTESIAN_POINT('',(-6.361602E+03,-1.6802E+03,1.6774E+03));
#4746 = LINE('',#4747,#4748);
#4747 = CARTESIAN_POINT('',(-6.361602E+03,-1.6802E+03,1.));
#4748 = VECTOR('',#4749,1.);
#4749 = DIRECTION('',(0.,0.,1.));
#4750 = ORIENTED_EDGE('',*,*,#4751,.F.);
#4751 = EDGE_CURVE('',#4728,#4744,#4752,.T.);
#4752 = LINE('',#4753,#4754);
#4753 = CARTESIAN_POINT('',(-6.336602E+03,-1.6802E+03,1.6774E+03));
#4754 = VECTOR('',#4755,1.);
#4755 = DIRECTION('',(-1.,2.22044604925E-16,0.));
#4756 = PLANE('',#4757);
#4757 = AXIS2_PLACEMENT_3D('',#4758,#4759,#4760);
#4758 = CARTESIAN_POINT('',(-6.336602E+03,-1.6802E+03,1.));
#4759 = DIRECTION('',(2.22044604925E-16,1.,0.));
#4760 = DIRECTION('',(0.,0.,1.));
#4761 = ADVANCED_FACE('',(#4762),#4796,.T.);
#4762 = FACE_BOUND('',#4763,.T.);
#4763 = EDGE_LOOP('',(#4764,#4774,#4782,#4790));
#4764 = ORIENTED_EDGE('',*,*,#4765,.F.);
#4765 = EDGE_CURVE('',#4766,#4768,#4770,.T.);
#4766 = VERTEX_POINT('',#4767);
#4767 = CARTESIAN_POINT('',(-6.336602E+03,-1.6552E+03,1.));
#4768 = VERTEX_POINT('',#4769);
#4769 = CARTESIAN_POINT('',(-6.336602E+03,-1.6552E+03,1.6774E+03));
#4770 = LINE('',#4771,#4772);
#4771 = CARTESIAN_POINT('',(-6.336602E+03,-1.6552E+03,1.));
#4772 = VECTOR('',#4773,1.);
#4773 = DIRECTION('',(0.,0.,1.));
#4774 = ORIENTED_EDGE('',*,*,#4775,.T.);
#4775 = EDGE_CURVE('',#4766,#4776,#4778,.T.);
#4776 = VERTEX_POINT('',#4777);
#4777 = CARTESIAN_POINT('',(-6.361602E+03,-1.6552E+03,1.));
#4778 = LINE('',#4779,#4780);
#4779 = CARTESIAN_POINT('',(-6.336602E+03,-1.6552E+03,1.));
#4780 = VECTOR('',#4781,1.);
#4781 = DIRECTION('',(-1.,2.22044604925E-16,0.));
#4782 = ORIENTED_EDGE('',*,*,#4783,.T.);
#4783 = EDGE_CURVE('',#4776,#4784,#4786,.T.);
#4784 = VERTEX_POINT('',#4785);
#4785 = CARTESIAN_POINT('',(-6.361602E+03,-1.6552E+03,1.6774E+03));
#4786 = LINE('',#4787,#4788);
#4787 = CARTESIAN_POINT('',(-6.361602E+03,-1.6552E+03,1.));
#4788 = VECTOR('',#4789,1.);
#4789 = DIRECTION('',(0.,0.,1.));
#4790 = ORIENTED_EDGE('',*,*,#4791,.F.);
#4791 = EDGE_CURVE('',#4768,#4784,#4792,.T.);
#4792 = LINE('',#4793,#4794);
#4793 = CARTESIAN_POINT('',(-6.336602E+03,-1.6552E+03,1.6774E+03));
#4794 = VECTOR('',#4795,1.);
#4795 = DIRECTION('',(-1.,2.22044604925E-16,0.));
#4796 = PLANE('',#4797);
#4797 = AXIS2_PLACEMENT_3D('',#4798,#4799,#4800);
#4798 = CARTESIAN_POINT('',(-6.336602E+03,-1.6552E+03,1.));
#4799 = DIRECTION('',(2.22044604925E-16,1.,0.));
#4800 = DIRECTION('',(0.,0.,1.));
#4801 = ADVANCED_FACE('',(#4802),#4818,.F.);
#4802 = FACE_BOUND('',#4803,.F.);
#4803 = EDGE_LOOP('',(#4804,#4810,#4811,#4817));
#4804 = ORIENTED_EDGE('',*,*,#4805,.F.);
#4805 = EDGE_CURVE('',#4726,#4766,#4806,.T.);
#4806 = LINE('',#4807,#4808);
#4807 = CARTESIAN_POINT('',(-6.336602E+03,-1.6802E+03,1.));
#4808 = VECTOR('',#4809,1.);
#4809 = DIRECTION('',(2.22044604925E-16,1.,0.));
#4810 = ORIENTED_EDGE('',*,*,#4725,.T.);
#4811 = ORIENTED_EDGE('',*,*,#4812,.T.);
#4812 = EDGE_CURVE('',#4728,#4768,#4813,.T.);
#4813 = LINE('',#4814,#4815);
#4814 = CARTESIAN_POINT('',(-6.336602E+03,-1.6802E+03,1.6774E+03));
#4815 = VECTOR('',#4816,1.);
#4816 = DIRECTION('',(2.22044604925E-16,1.,0.));
#4817 = ORIENTED_EDGE('',*,*,#4765,.F.);
#4818 = PLANE('',#4819);
#4819 = AXIS2_PLACEMENT_3D('',#4820,#4821,#4822);
#4820 = CARTESIAN_POINT('',(-6.336602E+03,-1.6802E+03,1.));
#4821 = DIRECTION('',(-1.,2.22044604925E-16,0.));
#4822 = DIRECTION('',(0.,0.,1.));
#4823 = ADVANCED_FACE('',(#4824),#4840,.T.);
#4824 = FACE_BOUND('',#4825,.T.);
#4825 = EDGE_LOOP('',(#4826,#4832,#4833,#4839));
#4826 = ORIENTED_EDGE('',*,*,#4827,.F.);
#4827 = EDGE_CURVE('',#4736,#4776,#4828,.T.);
#4828 = LINE('',#4829,#4830);
#4829 = CARTESIAN_POINT('',(-6.361602E+03,-1.6802E+03,1.));
#4830 = VECTOR('',#4831,1.);
#4831 = DIRECTION('',(2.22044604925E-16,1.,0.));
#4832 = ORIENTED_EDGE('',*,*,#4743,.T.);
#4833 = ORIENTED_EDGE('',*,*,#4834,.T.);
#4834 = EDGE_CURVE('',#4744,#4784,#4835,.T.);
#4835 = LINE('',#4836,#4837);
#4836 = CARTESIAN_POINT('',(-6.361602E+03,-1.6802E+03,1.6774E+03));
#4837 = VECTOR('',#4838,1.);
#4838 = DIRECTION('',(2.22044604925E-16,1.,0.));
#4839 = ORIENTED_EDGE('',*,*,#4783,.F.);
#4840 = PLANE('',#4841);
#4841 = AXIS2_PLACEMENT_3D('',#4842,#4843,#4844);
#4842 = CARTESIAN_POINT('',(-6.361602E+03,-1.6802E+03,1.));
#4843 = DIRECTION('',(-1.,2.22044604925E-16,0.));
#4844 = DIRECTION('',(0.,0.,1.));
#4845 = ADVANCED_FACE('',(#4846),#4852,.F.);
#4846 = FACE_BOUND('',#4847,.F.);
#4847 = EDGE_LOOP('',(#4848,#4849,#4850,#4851));
#4848 = ORIENTED_EDGE('',*,*,#4735,.F.);
#4849 = ORIENTED_EDGE('',*,*,#4805,.T.);
#4850 = ORIENTED_EDGE('',*,*,#4775,.T.);
#4851 = ORIENTED_EDGE('',*,*,#4827,.F.);
#4852 = PLANE('',#4853);
#4853 = AXIS2_PLACEMENT_3D('',#4854,#4855,#4856);
#4854 = CARTESIAN_POINT('',(-6.336602E+03,-1.6802E+03,1.));
#4855 = DIRECTION('',(0.,0.,1.));
#4856 = DIRECTION('',(2.22044604925E-16,1.,0.));
#4857 = ADVANCED_FACE('',(#4858),#4864,.T.);
#4858 = FACE_BOUND('',#4859,.T.);
#4859 = EDGE_LOOP('',(#4860,#4861,#4862,#4863));
#4860 = ORIENTED_EDGE('',*,*,#4751,.F.);
#4861 = ORIENTED_EDGE('',*,*,#4812,.T.);
#4862 = ORIENTED_EDGE('',*,*,#4791,.T.);
#4863 = ORIENTED_EDGE('',*,*,#4834,.F.);
#4864 = PLANE('',#4865);
#4865 = AXIS2_PLACEMENT_3D('',#4866,#4867,#4868);
#4866 = CARTESIAN_POINT('',(-6.336602E+03,-1.6802E+03,1.6774E+03));
#4867 = DIRECTION('',(0.,0.,1.));
#4868 = DIRECTION('',(2.22044604925E-16,1.,0.));
#4869 = MANIFOLD_SOLID_BREP('',#4870);
#4870 = CLOSED_SHELL('',(#4871,#4911,#4951,#4973,#4995,#5007));
#4871 = ADVANCED_FACE('',(#4872),#4906,.F.);
#4872 = FACE_BOUND('',#4873,.F.);
#4873 = EDGE_LOOP('',(#4874,#4884,#4892,#4900));
#4874 = ORIENTED_EDGE('',*,*,#4875,.F.);
#4875 = EDGE_CURVE('',#4876,#4878,#4880,.T.);
#4876 = VERTEX_POINT('',#4877);
#4877 = CARTESIAN_POINT('',(-6.565602E+03,-1.6802E+03,1.));
#4878 = VERTEX_POINT('',#4879);
#4879 = CARTESIAN_POINT('',(-6.565602E+03,-1.6802E+03,1.6774E+03));
#4880 = LINE('',#4881,#4882);
#4881 = CARTESIAN_POINT('',(-6.565602E+03,-1.6802E+03,1.));
#4882 = VECTOR('',#4883,1.);
#4883 = DIRECTION('',(0.,0.,1.));
#4884 = ORIENTED_EDGE('',*,*,#4885,.T.);
#4885 = EDGE_CURVE('',#4876,#4886,#4888,.T.);
#4886 = VERTEX_POINT('',#4887);
#4887 = CARTESIAN_POINT('',(-6.590602E+03,-1.6802E+03,1.));
#4888 = LINE('',#4889,#4890);
#4889 = CARTESIAN_POINT('',(-6.565602E+03,-1.6802E+03,1.));
#4890 = VECTOR('',#4891,1.);
#4891 = DIRECTION('',(-1.,2.22044604925E-16,0.));
#4892 = ORIENTED_EDGE('',*,*,#4893,.T.);
#4893 = EDGE_CURVE('',#4886,#4894,#4896,.T.);
#4894 = VERTEX_POINT('',#4895);
#4895 = CARTESIAN_POINT('',(-6.590602E+03,-1.6802E+03,1.6774E+03));
#4896 = LINE('',#4897,#4898);
#4897 = CARTESIAN_POINT('',(-6.590602E+03,-1.6802E+03,1.));
#4898 = VECTOR('',#4899,1.);
#4899 = DIRECTION('',(0.,0.,1.));
#4900 = ORIENTED_EDGE('',*,*,#4901,.F.);
#4901 = EDGE_CURVE('',#4878,#4894,#4902,.T.);
#4902 = LINE('',#4903,#4904);
#4903 = CARTESIAN_POINT('',(-6.565602E+03,-1.6802E+03,1.6774E+03));
#4904 = VECTOR('',#4905,1.);
#4905 = DIRECTION('',(-1.,2.22044604925E-16,0.));
#4906 = PLANE('',#4907);
#4907 = AXIS2_PLACEMENT_3D('',#4908,#4909,#4910);
#4908 = CARTESIAN_POINT('',(-6.565602E+03,-1.6802E+03,1.));
#4909 = DIRECTION('',(2.22044604925E-16,1.,0.));
#4910 = DIRECTION('',(0.,0.,1.));
#4911 = ADVANCED_FACE('',(#4912),#4946,.T.);
#4912 = FACE_BOUND('',#4913,.T.);
#4913 = EDGE_LOOP('',(#4914,#4924,#4932,#4940));
#4914 = ORIENTED_EDGE('',*,*,#4915,.F.);
#4915 = EDGE_CURVE('',#4916,#4918,#4920,.T.);
#4916 = VERTEX_POINT('',#4917);
#4917 = CARTESIAN_POINT('',(-6.565602E+03,-1.6552E+03,1.));
#4918 = VERTEX_POINT('',#4919);
#4919 = CARTESIAN_POINT('',(-6.565602E+03,-1.6552E+03,1.6774E+03));
#4920 = LINE('',#4921,#4922);
#4921 = CARTESIAN_POINT('',(-6.565602E+03,-1.6552E+03,1.));
#4922 = VECTOR('',#4923,1.);
#4923 = DIRECTION('',(0.,0.,1.));
#4924 = ORIENTED_EDGE('',*,*,#4925,.T.);
#4925 = EDGE_CURVE('',#4916,#4926,#4928,.T.);
#4926 = VERTEX_POINT('',#4927);
#4927 = CARTESIAN_POINT('',(-6.590602E+03,-1.6552E+03,1.));
#4928 = LINE('',#4929,#4930);
#4929 = CARTESIAN_POINT('',(-6.565602E+03,-1.6552E+03,1.));
#4930 = VECTOR('',#4931,1.);
#4931 = DIRECTION('',(-1.,2.22044604925E-16,0.));
#4932 = ORIENTED_EDGE('',*,*,#4933,.T.);
#4933 = EDGE_CURVE('',#4926,#4934,#4936,.T.);
#4934 = VERTEX_POINT('',#4935);
#4935 = CARTESIAN_POINT('',(-6.590602E+03,-1.6552E+03,1.6774E+03));
#4936 = LINE('',#4937,#4938);
#4937 = CARTESIAN_POINT('',(-6.590602E+03,-1.6552E+03,1.));
#4938 = VECTOR('',#4939,1.);
#4939 = DIRECTION('',(0.,0.,1.));
#4940 = ORIENTED_EDGE('',*,*,#4941,.F.);
#4941 = EDGE_CURVE('',#4918,#4934,#4942,.T.);
#4942 = LINE('',#4943,#4944);
#4943 = CARTESIAN_POINT('',(-6.565602E+03,-1.6552E+03,1.6774E+03));
#4944 = VECTOR('',#4945,1.);
#4945 = DIRECTION('',(-1.,2.22044604925E-16,0.));
#4946 = PLANE('',#4947);
#4947 = AXIS2_PLACEMENT_3D('',#4948,#4949,#4950);
#4948 = CARTESIAN_POINT('',(-6.565602E+03,-1.6552E+03,1.));
#4949 = DIRECTION('',(2.22044604925E-16,1.,0.));
#4950 = DIRECTION('',(0.,0.,1.));
#4951 = ADVANCED_FACE('',(#4952),#4968,.F.);
#4952 = FACE_BOUND('',#4953,.F.);
#4953 = EDGE_LOOP('',(#4954,#4960,#4961,#4967));
#4954 = ORIENTED_EDGE('',*,*,#4955,.F.);
#4955 = EDGE_CURVE('',#4876,#4916,#4956,.T.);
#4956 = LINE('',#4957,#4958);
#4957 = CARTESIAN_POINT('',(-6.565602E+03,-1.6802E+03,1.));
#4958 = VECTOR('',#4959,1.);
#4959 = DIRECTION('',(2.22044604925E-16,1.,0.));
#4960 = ORIENTED_EDGE('',*,*,#4875,.T.);
#4961 = ORIENTED_EDGE('',*,*,#4962,.T.);
#4962 = EDGE_CURVE('',#4878,#4918,#4963,.T.);
#4963 = LINE('',#4964,#4965);
#4964 = CARTESIAN_POINT('',(-6.565602E+03,-1.6802E+03,1.6774E+03));
#4965 = VECTOR('',#4966,1.);
#4966 = DIRECTION('',(2.22044604925E-16,1.,0.));
#4967 = ORIENTED_EDGE('',*,*,#4915,.F.);
#4968 = PLANE('',#4969);
#4969 = AXIS2_PLACEMENT_3D('',#4970,#4971,#4972);
#4970 = CARTESIAN_POINT('',(-6.565602E+03,-1.6802E+03,1.));
#4971 = DIRECTION('',(-1.,2.22044604925E-16,0.));
#4972 = DIRECTION('',(0.,0.,1.));
#4973 = ADVANCED_FACE('',(#4974),#4990,.T.);
#4974 = FACE_BOUND('',#4975,.T.);
#4975 = EDGE_LOOP('',(#4976,#4982,#4983,#4989));
#4976 = ORIENTED_EDGE('',*,*,#4977,.F.);
#4977 = EDGE_CURVE('',#4886,#4926,#4978,.T.);
#4978 = LINE('',#4979,#4980);
#4979 = CARTESIAN_POINT('',(-6.590602E+03,-1.6802E+03,1.));
#4980 = VECTOR('',#4981,1.);
#4981 = DIRECTION('',(2.22044604925E-16,1.,0.));
#4982 = ORIENTED_EDGE('',*,*,#4893,.T.);
#4983 = ORIENTED_EDGE('',*,*,#4984,.T.);
#4984 = EDGE_CURVE('',#4894,#4934,#4985,.T.);
#4985 = LINE('',#4986,#4987);
#4986 = CARTESIAN_POINT('',(-6.590602E+03,-1.6802E+03,1.6774E+03));
#4987 = VECTOR('',#4988,1.);
#4988 = DIRECTION('',(2.22044604925E-16,1.,0.));
#4989 = ORIENTED_EDGE('',*,*,#4933,.F.);
#4990 = PLANE('',#4991);
#4991 = AXIS2_PLACEMENT_3D('',#4992,#4993,#4994);
#4992 = CARTESIAN_POINT('',(-6.590602E+03,-1.6802E+03,1.));
#4993 = DIRECTION('',(-1.,2.22044604925E-16,0.));
#4994 = DIRECTION('',(0.,0.,1.));
#4995 = ADVANCED_FACE('',(#4996),#5002,.F.);
#4996 = FACE_BOUND('',#4997,.F.);
#4997 = EDGE_LOOP('',(#4998,#4999,#5000,#5001));
#4998 = ORIENTED_EDGE('',*,*,#4885,.F.);
#4999 = ORIENTED_EDGE('',*,*,#4955,.T.);
#5000 = ORIENTED_EDGE('',*,*,#4925,.T.);
#5001 = ORIENTED_EDGE('',*,*,#4977,.F.);
#5002 = PLANE('',#5003);
#5003 = AXIS2_PLACEMENT_3D('',#5004,#5005,#5006);
#5004 = CARTESIAN_POINT('',(-6.565602E+03,-1.6802E+03,1.));
#5005 = DIRECTION('',(0.,0.,1.));
#5006 = DIRECTION('',(2.22044604925E-16,1.,0.));
#5007 = ADVANCED_FACE('',(#5008),#5014,.T.);
#5008 = FACE_BOUND('',#5009,.T.);
#5009 = EDGE_LOOP('',(#5010,#5011,#5012,#5013));
#5010 = ORIENTED_EDGE('',*,*,#4901,.F.);
#5011 = ORIENTED_EDGE('',*,*,#4962,.T.);
#5012 = ORIENTED_EDGE('',*,*,#4941,.T.);
#5013 = ORIENTED_EDGE('',*,*,#4984,.F.);
#5014 = PLANE('',#5015);
#5015 = AXIS2_PLACEMENT_3D('',#5016,#5017,#5018);
#5016 = CARTESIAN_POINT('',(-6.565602E+03,-1.6802E+03,1.6774E+03));
#5017 = DIRECTION('',(0.,0.,1.));
#5018 = DIRECTION('',(2.22044604925E-16,1.,0.));
#5019 = MANIFOLD_SOLID_BREP('',#5020);
#5020 = CLOSED_SHELL('',(#5021,#5061,#5101,#5123,#5145,#5157));
#5021 = ADVANCED_FACE('',(#5022),#5056,.F.);
#5022 = FACE_BOUND('',#5023,.F.);
#5023 = EDGE_LOOP('',(#5024,#5034,#5042,#5050));
#5024 = ORIENTED_EDGE('',*,*,#5025,.F.);
#5025 = EDGE_CURVE('',#5026,#5028,#5030,.T.);
#5026 = VERTEX_POINT('',#5027);
#5027 = CARTESIAN_POINT('',(-6.346602E+03,-2.2548E+03,91.));
#5028 = VERTEX_POINT('',#5029);
#5029 = CARTESIAN_POINT('',(-6.346602E+03,-2.2548E+03,113.));
#5030 = LINE('',#5031,#5032);
#5031 = CARTESIAN_POINT('',(-6.346602E+03,-2.2548E+03,91.));
#5032 = VECTOR('',#5033,1.);
#5033 = DIRECTION('',(0.,0.,1.));
#5034 = ORIENTED_EDGE('',*,*,#5035,.T.);
#5035 = EDGE_CURVE('',#5026,#5036,#5038,.T.);
#5036 = VERTEX_POINT('',#5037);
#5037 = CARTESIAN_POINT('',(-6.580602E+03,-2.2548E+03,91.));
#5038 = LINE('',#5039,#5040);
#5039 = CARTESIAN_POINT('',(-6.346602E+03,-2.2548E+03,91.));
#5040 = VECTOR('',#5041,1.);
#5041 = DIRECTION('',(-1.,2.22044604925E-16,0.));
#5042 = ORIENTED_EDGE('',*,*,#5043,.T.);
#5043 = EDGE_CURVE('',#5036,#5044,#5046,.T.);
#5044 = VERTEX_POINT('',#5045);
#5045 = CARTESIAN_POINT('',(-6.580602E+03,-2.2548E+03,113.));
#5046 = LINE('',#5047,#5048);
#5047 = CARTESIAN_POINT('',(-6.580602E+03,-2.2548E+03,91.));
#5048 = VECTOR('',#5049,1.);
#5049 = DIRECTION('',(0.,0.,1.));
#5050 = ORIENTED_EDGE('',*,*,#5051,.F.);
#5051 = EDGE_CURVE('',#5028,#5044,#5052,.T.);
#5052 = LINE('',#5053,#5054);
#5053 = CARTESIAN_POINT('',(-6.346602E+03,-2.2548E+03,113.));
#5054 = VECTOR('',#5055,1.);
#5055 = DIRECTION('',(-1.,2.22044604925E-16,0.));
#5056 = PLANE('',#5057);
#5057 = AXIS2_PLACEMENT_3D('',#5058,#5059,#5060);
#5058 = CARTESIAN_POINT('',(-6.346602E+03,-2.2548E+03,91.));
#5059 = DIRECTION('',(2.22044604925E-16,1.,0.));
#5060 = DIRECTION('',(0.,0.,1.));
#5061 = ADVANCED_FACE('',(#5062),#5096,.T.);
#5062 = FACE_BOUND('',#5063,.T.);
#5063 = EDGE_LOOP('',(#5064,#5074,#5082,#5090));
#5064 = ORIENTED_EDGE('',*,*,#5065,.F.);
#5065 = EDGE_CURVE('',#5066,#5068,#5070,.T.);
#5066 = VERTEX_POINT('',#5067);
#5067 = CARTESIAN_POINT('',(-6.346602E+03,-1.6652E+03,91.));
#5068 = VERTEX_POINT('',#5069);
#5069 = CARTESIAN_POINT('',(-6.346602E+03,-1.6652E+03,113.));
#5070 = LINE('',#5071,#5072);
#5071 = CARTESIAN_POINT('',(-6.346602E+03,-1.6652E+03,91.));
#5072 = VECTOR('',#5073,1.);
#5073 = DIRECTION('',(0.,0.,1.));
#5074 = ORIENTED_EDGE('',*,*,#5075,.T.);
#5075 = EDGE_CURVE('',#5066,#5076,#5078,.T.);
#5076 = VERTEX_POINT('',#5077);
#5077 = CARTESIAN_POINT('',(-6.580602E+03,-1.6652E+03,91.));
#5078 = LINE('',#5079,#5080);
#5079 = CARTESIAN_POINT('',(-6.346602E+03,-1.6652E+03,91.));
#5080 = VECTOR('',#5081,1.);
#5081 = DIRECTION('',(-1.,2.22044604925E-16,0.));
#5082 = ORIENTED_EDGE('',*,*,#5083,.T.);
#5083 = EDGE_CURVE('',#5076,#5084,#5086,.T.);
#5084 = VERTEX_POINT('',#5085);
#5085 = CARTESIAN_POINT('',(-6.580602E+03,-1.6652E+03,113.));
#5086 = LINE('',#5087,#5088);
#5087 = CARTESIAN_POINT('',(-6.580602E+03,-1.6652E+03,91.));
#5088 = VECTOR('',#5089,1.);
#5089 = DIRECTION('',(0.,0.,1.));
#5090 = ORIENTED_EDGE('',*,*,#5091,.F.);
#5091 = EDGE_CURVE('',#5068,#5084,#5092,.T.);
#5092 = LINE('',#5093,#5094);
#5093 = CARTESIAN_POINT('',(-6.346602E+03,-1.6652E+03,113.));
#5094 = VECTOR('',#5095,1.);
#5095 = DIRECTION('',(-1.,2.22044604925E-16,0.));
#5096 = PLANE('',#5097);
#5097 = AXIS2_PLACEMENT_3D('',#5098,#5099,#5100);
#5098 = CARTESIAN_POINT('',(-6.346602E+03,-1.6652E+03,91.));
#5099 = DIRECTION('',(2.22044604925E-16,1.,0.));
#5100 = DIRECTION('',(0.,0.,1.));
#5101 = ADVANCED_FACE('',(#5102),#5118,.F.);
#5102 = FACE_BOUND('',#5103,.F.);
#5103 = EDGE_LOOP('',(#5104,#5110,#5111,#5117));
#5104 = ORIENTED_EDGE('',*,*,#5105,.F.);
#5105 = EDGE_CURVE('',#5026,#5066,#5106,.T.);
#5106 = LINE('',#5107,#5108);
#5107 = CARTESIAN_POINT('',(-6.346602E+03,-2.2548E+03,91.));
#5108 = VECTOR('',#5109,1.);
#5109 = DIRECTION('',(2.22044604925E-16,1.,0.));
#5110 = ORIENTED_EDGE('',*,*,#5025,.T.);
#5111 = ORIENTED_EDGE('',*,*,#5112,.T.);
#5112 = EDGE_CURVE('',#5028,#5068,#5113,.T.);
#5113 = LINE('',#5114,#5115);
#5114 = CARTESIAN_POINT('',(-6.346602E+03,-2.2548E+03,113.));
#5115 = VECTOR('',#5116,1.);
#5116 = DIRECTION('',(2.22044604925E-16,1.,0.));
#5117 = ORIENTED_EDGE('',*,*,#5065,.F.);
#5118 = PLANE('',#5119);
#5119 = AXIS2_PLACEMENT_3D('',#5120,#5121,#5122);
#5120 = CARTESIAN_POINT('',(-6.346602E+03,-2.2548E+03,91.));
#5121 = DIRECTION('',(-1.,2.22044604925E-16,0.));
#5122 = DIRECTION('',(0.,0.,1.));
#5123 = ADVANCED_FACE('',(#5124),#5140,.T.);
#5124 = FACE_BOUND('',#5125,.T.);
#5125 = EDGE_LOOP('',(#5126,#5132,#5133,#5139));
#5126 = ORIENTED_EDGE('',*,*,#5127,.F.);
#5127 = EDGE_CURVE('',#5036,#5076,#5128,.T.);
#5128 = LINE('',#5129,#5130);
#5129 = CARTESIAN_POINT('',(-6.580602E+03,-2.2548E+03,91.));
#5130 = VECTOR('',#5131,1.);
#5131 = DIRECTION('',(2.22044604925E-16,1.,0.));
#5132 = ORIENTED_EDGE('',*,*,#5043,.T.);
#5133 = ORIENTED_EDGE('',*,*,#5134,.T.);
#5134 = EDGE_CURVE('',#5044,#5084,#5135,.T.);
#5135 = LINE('',#5136,#5137);
#5136 = CARTESIAN_POINT('',(-6.580602E+03,-2.2548E+03,113.));
#5137 = VECTOR('',#5138,1.);
#5138 = DIRECTION('',(2.22044604925E-16,1.,0.));
#5139 = ORIENTED_EDGE('',*,*,#5083,.F.);
#5140 = PLANE('',#5141);
#5141 = AXIS2_PLACEMENT_3D('',#5142,#5143,#5144);
#5142 = CARTESIAN_POINT('',(-6.580602E+03,-2.2548E+03,91.));
#5143 = DIRECTION('',(-1.,2.22044604925E-16,0.));
#5144 = DIRECTION('',(0.,0.,1.));
#5145 = ADVANCED_FACE('',(#5146),#5152,.F.);
#5146 = FACE_BOUND('',#5147,.F.);
#5147 = EDGE_LOOP('',(#5148,#5149,#5150,#5151));
#5148 = ORIENTED_EDGE('',*,*,#5035,.F.);
#5149 = ORIENTED_EDGE('',*,*,#5105,.T.);
#5150 = ORIENTED_EDGE('',*,*,#5075,.T.);
#5151 = ORIENTED_EDGE('',*,*,#5127,.F.);
#5152 = PLANE('',#5153);
#5153 = AXIS2_PLACEMENT_3D('',#5154,#5155,#5156);
#5154 = CARTESIAN_POINT('',(-6.346602E+03,-2.2548E+03,91.));
#5155 = DIRECTION('',(0.,0.,1.));
#5156 = DIRECTION('',(2.22044604925E-16,1.,0.));
#5157 = ADVANCED_FACE('',(#5158),#5164,.T.);
#5158 = FACE_BOUND('',#5159,.T.);
#5159 = EDGE_LOOP('',(#5160,#5161,#5162,#5163));
#5160 = ORIENTED_EDGE('',*,*,#5051,.F.);
#5161 = ORIENTED_EDGE('',*,*,#5112,.T.);
#5162 = ORIENTED_EDGE('',*,*,#5091,.T.);
#5163 = ORIENTED_EDGE('',*,*,#5134,.F.);
#5164 = PLANE('',#5165);
#5165 = AXIS2_PLACEMENT_3D('',#5166,#5167,#5168);
#5166 = CARTESIAN_POINT('',(-6.346602E+03,-2.2548E+03,113.));
#5167 = DIRECTION('',(0.,0.,1.));
#5168 = DIRECTION('',(2.22044604925E-16,1.,0.));
#5169 = MANIFOLD_SOLID_BREP('',#5170);
#5170 = CLOSED_SHELL('',(#5171,#5211,#5251,#5273,#5295,#5307));
#5171 = ADVANCED_FACE('',(#5172),#5206,.F.);
#5172 = FACE_BOUND('',#5173,.F.);
#5173 = EDGE_LOOP('',(#5174,#5184,#5192,#5200));
#5174 = ORIENTED_EDGE('',*,*,#5175,.F.);
#5175 = EDGE_CURVE('',#5176,#5178,#5180,.T.);
#5176 = VERTEX_POINT('',#5177);
#5177 = CARTESIAN_POINT('',(-6.381052E+03,-2.179456E+03,113.));
#5178 = VERTEX_POINT('',#5179);
#5179 = CARTESIAN_POINT('',(-6.381052E+03,-2.179456E+03,213.));
#5180 = LINE('',#5181,#5182);
#5181 = CARTESIAN_POINT('',(-6.381052E+03,-2.179456E+03,113.));
#5182 = VECTOR('',#5183,1.);
#5183 = DIRECTION('',(0.,0.,1.));
#5184 = ORIENTED_EDGE('',*,*,#5185,.T.);
#5185 = EDGE_CURVE('',#5176,#5186,#5188,.T.);
#5186 = VERTEX_POINT('',#5187);
#5187 = CARTESIAN_POINT('',(-6.546152E+03,-2.179456E+03,113.));
#5188 = LINE('',#5189,#5190);
#5189 = CARTESIAN_POINT('',(-6.381052E+03,-2.179456E+03,113.));
#5190 = VECTOR('',#5191,1.);
#5191 = DIRECTION('',(-1.,2.22044604925E-16,0.));
#5192 = ORIENTED_EDGE('',*,*,#5193,.T.);
#5193 = EDGE_CURVE('',#5186,#5194,#5196,.T.);
#5194 = VERTEX_POINT('',#5195);
#5195 = CARTESIAN_POINT('',(-6.546152E+03,-2.179456E+03,213.));
#5196 = LINE('',#5197,#5198);
#5197 = CARTESIAN_POINT('',(-6.546152E+03,-2.179456E+03,113.));
#5198 = VECTOR('',#5199,1.);
#5199 = DIRECTION('',(0.,0.,1.));
#5200 = ORIENTED_EDGE('',*,*,#5201,.F.);
#5201 = EDGE_CURVE('',#5178,#5194,#5202,.T.);
#5202 = LINE('',#5203,#5204);
#5203 = CARTESIAN_POINT('',(-6.381052E+03,-2.179456E+03,213.));
#5204 = VECTOR('',#5205,1.);
#5205 = DIRECTION('',(-1.,2.22044604925E-16,0.));
#5206 = PLANE('',#5207);
#5207 = AXIS2_PLACEMENT_3D('',#5208,#5209,#5210);
#5208 = CARTESIAN_POINT('',(-6.381052E+03,-2.179456E+03,113.));
#5209 = DIRECTION('',(2.22044604925E-16,1.,0.));
#5210 = DIRECTION('',(0.,0.,1.));
#5211 = ADVANCED_FACE('',(#5212),#5246,.T.);
#5212 = FACE_BOUND('',#5213,.T.);
#5213 = EDGE_LOOP('',(#5214,#5224,#5232,#5240));
#5214 = ORIENTED_EDGE('',*,*,#5215,.F.);
#5215 = EDGE_CURVE('',#5216,#5218,#5220,.T.);
#5216 = VERTEX_POINT('',#5217);
#5217 = CARTESIAN_POINT('',(-6.381052E+03,-1.996576E+03,113.));
#5218 = VERTEX_POINT('',#5219);
#5219 = CARTESIAN_POINT('',(-6.381052E+03,-1.996576E+03,213.));
#5220 = LINE('',#5221,#5222);
#5221 = CARTESIAN_POINT('',(-6.381052E+03,-1.996576E+03,113.));
#5222 = VECTOR('',#5223,1.);
#5223 = DIRECTION('',(0.,0.,1.));
#5224 = ORIENTED_EDGE('',*,*,#5225,.T.);
#5225 = EDGE_CURVE('',#5216,#5226,#5228,.T.);
#5226 = VERTEX_POINT('',#5227);
#5227 = CARTESIAN_POINT('',(-6.546152E+03,-1.996576E+03,113.));
#5228 = LINE('',#5229,#5230);
#5229 = CARTESIAN_POINT('',(-6.381052E+03,-1.996576E+03,113.));
#5230 = VECTOR('',#5231,1.);
#5231 = DIRECTION('',(-1.,2.22044604925E-16,0.));
#5232 = ORIENTED_EDGE('',*,*,#5233,.T.);
#5233 = EDGE_CURVE('',#5226,#5234,#5236,.T.);
#5234 = VERTEX_POINT('',#5235);
#5235 = CARTESIAN_POINT('',(-6.546152E+03,-1.996576E+03,213.));
#5236 = LINE('',#5237,#5238);
#5237 = CARTESIAN_POINT('',(-6.546152E+03,-1.996576E+03,113.));
#5238 = VECTOR('',#5239,1.);
#5239 = DIRECTION('',(0.,0.,1.));
#5240 = ORIENTED_EDGE('',*,*,#5241,.F.);
#5241 = EDGE_CURVE('',#5218,#5234,#5242,.T.);
#5242 = LINE('',#5243,#5244);
#5243 = CARTESIAN_POINT('',(-6.381052E+03,-1.996576E+03,213.));
#5244 = VECTOR('',#5245,1.);
#5245 = DIRECTION('',(-1.,2.22044604925E-16,0.));
#5246 = PLANE('',#5247);
#5247 = AXIS2_PLACEMENT_3D('',#5248,#5249,#5250);
#5248 = CARTESIAN_POINT('',(-6.381052E+03,-1.996576E+03,113.));
#5249 = DIRECTION('',(2.22044604925E-16,1.,0.));
#5250 = DIRECTION('',(0.,0.,1.));
#5251 = ADVANCED_FACE('',(#5252),#5268,.F.);
#5252 = FACE_BOUND('',#5253,.F.);
#5253 = EDGE_LOOP('',(#5254,#5260,#5261,#5267));
#5254 = ORIENTED_EDGE('',*,*,#5255,.F.);
#5255 = EDGE_CURVE('',#5176,#5216,#5256,.T.);
#5256 = LINE('',#5257,#5258);
#5257 = CARTESIAN_POINT('',(-6.381052E+03,-2.179456E+03,113.));
#5258 = VECTOR('',#5259,1.);
#5259 = DIRECTION('',(2.22044604925E-16,1.,0.));
#5260 = ORIENTED_EDGE('',*,*,#5175,.T.);
#5261 = ORIENTED_EDGE('',*,*,#5262,.T.);
#5262 = EDGE_CURVE('',#5178,#5218,#5263,.T.);
#5263 = LINE('',#5264,#5265);
#5264 = CARTESIAN_POINT('',(-6.381052E+03,-2.179456E+03,213.));
#5265 = VECTOR('',#5266,1.);
#5266 = DIRECTION('',(2.22044604925E-16,1.,0.));
#5267 = ORIENTED_EDGE('',*,*,#5215,.F.);
#5268 = PLANE('',#5269);
#5269 = AXIS2_PLACEMENT_3D('',#5270,#5271,#5272);
#5270 = CARTESIAN_POINT('',(-6.381052E+03,-2.179456E+03,113.));
#5271 = DIRECTION('',(-1.,2.22044604925E-16,0.));
#5272 = DIRECTION('',(0.,0.,1.));
#5273 = ADVANCED_FACE('',(#5274),#5290,.T.);
#5274 = FACE_BOUND('',#5275,.T.);
#5275 = EDGE_LOOP('',(#5276,#5282,#5283,#5289));
#5276 = ORIENTED_EDGE('',*,*,#5277,.F.);
#5277 = EDGE_CURVE('',#5186,#5226,#5278,.T.);
#5278 = LINE('',#5279,#5280);
#5279 = CARTESIAN_POINT('',(-6.546152E+03,-2.179456E+03,113.));
#5280 = VECTOR('',#5281,1.);
#5281 = DIRECTION('',(2.22044604925E-16,1.,0.));
#5282 = ORIENTED_EDGE('',*,*,#5193,.T.);
#5283 = ORIENTED_EDGE('',*,*,#5284,.T.);
#5284 = EDGE_CURVE('',#5194,#5234,#5285,.T.);
#5285 = LINE('',#5286,#5287);
#5286 = CARTESIAN_POINT('',(-6.546152E+03,-2.179456E+03,213.));
#5287 = VECTOR('',#5288,1.);
#5288 = DIRECTION('',(2.22044604925E-16,1.,0.));
#5289 = ORIENTED_EDGE('',*,*,#5233,.F.);
#5290 = PLANE('',#5291);
#5291 = AXIS2_PLACEMENT_3D('',#5292,#5293,#5294);
#5292 = CARTESIAN_POINT('',(-6.546152E+03,-2.179456E+03,113.));
#5293 = DIRECTION('',(-1.,2.22044604925E-16,0.));
#5294 = DIRECTION('',(0.,0.,1.));
#5295 = ADVANCED_FACE('',(#5296),#5302,.F.);
#5296 = FACE_BOUND('',#5297,.F.);
#5297 = EDGE_LOOP('',(#5298,#5299,#5300,#5301));
#5298 = ORIENTED_EDGE('',*,*,#5185,.F.);
#5299 = ORIENTED_EDGE('',*,*,#5255,.T.);
#5300 = ORIENTED_EDGE('',*,*,#5225,.T.);
#5301 = ORIENTED_EDGE('',*,*,#5277,.F.);
#5302 = PLANE('',#5303);
#5303 = AXIS2_PLACEMENT_3D('',#5304,#5305,#5306);
#5304 = CARTESIAN_POINT('',(-6.381052E+03,-2.179456E+03,113.));
#5305 = DIRECTION('',(0.,0.,1.));
#5306 = DIRECTION('',(2.22044604925E-16,1.,0.));
#5307 = ADVANCED_FACE('',(#5308),#5314,.T.);
#5308 = FACE_BOUND('',#5309,.T.);
#5309 = EDGE_LOOP('',(#5310,#5311,#5312,#5313));
#5310 = ORIENTED_EDGE('',*,*,#5201,.F.);
#5311 = ORIENTED_EDGE('',*,*,#5262,.T.);
#5312 = ORIENTED_EDGE('',*,*,#5241,.T.);
#5313 = ORIENTED_EDGE('',*,*,#5284,.F.);
#5314 = PLANE('',#5315);
#5315 = AXIS2_PLACEMENT_3D('',#5316,#5317,#5318);
#5316 = CARTESIAN_POINT('',(-6.381052E+03,-2.179456E+03,213.));
#5317 = DIRECTION('',(0.,0.,1.));
#5318 = DIRECTION('',(2.22044604925E-16,1.,0.));
#5319 = MANIFOLD_SOLID_BREP('',#5320);
#5320 = CLOSED_SHELL('',(#5321,#5354,#5363));
#5321 = ADVANCED_FACE('',(#5322),#5349,.T.);
#5322 = FACE_BOUND('',#5323,.F.);
#5323 = EDGE_LOOP('',(#5324,#5334,#5341,#5342));
#5324 = ORIENTED_EDGE('',*,*,#5325,.T.);
#5325 = EDGE_CURVE('',#5326,#5328,#5330,.T.);
#5326 = VERTEX_POINT('',#5327);
#5327 = CARTESIAN_POINT('',(-6.463602E+03,-1.761696E+03,113.));
#5328 = VERTEX_POINT('',#5329);
#5329 = CARTESIAN_POINT('',(-6.463602E+03,-1.761696E+03,223.));
#5330 = LINE('',#5331,#5332);
#5331 = CARTESIAN_POINT('',(-6.463602E+03,-1.761696E+03,113.));
#5332 = VECTOR('',#5333,1.);
#5333 = DIRECTION('',(0.,0.,1.));
#5334 = ORIENTED_EDGE('',*,*,#5335,.T.);
#5335 = EDGE_CURVE('',#5328,#5328,#5336,.T.);
#5336 = CIRCLE('',#5337,52.);
#5337 = AXIS2_PLACEMENT_3D('',#5338,#5339,#5340);
#5338 = CARTESIAN_POINT('',(-6.463602E+03,-1.813696E+03,223.));
#5339 = DIRECTION('',(0.,-0.,1.));
#5340 = DIRECTION('',(2.22044604925E-16,1.,0.));
#5341 = ORIENTED_EDGE('',*,*,#5325,.F.);
#5342 = ORIENTED_EDGE('',*,*,#5343,.F.);
#5343 = EDGE_CURVE('',#5326,#5326,#5344,.T.);
#5344 = CIRCLE('',#5345,52.);
#5345 = AXIS2_PLACEMENT_3D('',#5346,#5347,#5348);
#5346 = CARTESIAN_POINT('',(-6.463602E+03,-1.813696E+03,113.));
#5347 = DIRECTION('',(0.,-0.,1.));
#5348 = DIRECTION('',(2.22044604925E-16,1.,0.));
#5349 = CYLINDRICAL_SURFACE('',#5350,52.);
#5350 = AXIS2_PLACEMENT_3D('',#5351,#5352,#5353);
#5351 = CARTESIAN_POINT('',(-6.463602E+03,-1.813696E+03,113.));
#5352 = DIRECTION('',(0.,-0.,-1.));
#5353 = DIRECTION('',(2.22044604925E-16,1.,0.));
#5354 = ADVANCED_FACE('',(#5355),#5358,.F.);
#5355 = FACE_BOUND('',#5356,.T.);
#5356 = EDGE_LOOP('',(#5357));
#5357 = ORIENTED_EDGE('',*,*,#5343,.F.);
#5358 = PLANE('',#5359);
#5359 = AXIS2_PLACEMENT_3D('',#5360,#5361,#5362);
#5360 = CARTESIAN_POINT('',(-6.463602E+03,-1.813696E+03,113.));
#5361 = DIRECTION('',(0.,0.,1.));
#5362 = DIRECTION('',(2.22044604925E-16,1.,0.));
#5363 = ADVANCED_FACE('',(#5364),#5367,.T.);
#5364 = FACE_BOUND('',#5365,.F.);
#5365 = EDGE_LOOP('',(#5366));
#5366 = ORIENTED_EDGE('',*,*,#5335,.F.);
#5367 = PLANE('',#5368);
#5368 = AXIS2_PLACEMENT_3D('',#5369,#5370,#5371);
#5369 = CARTESIAN_POINT('',(-6.463602E+03,-1.813696E+03,223.));
#5370 = DIRECTION('',(0.,0.,1.));
#5371 = DIRECTION('',(2.22044604925E-16,1.,0.));
#5372 = MANIFOLD_SOLID_BREP('',#5373);
#5373 = CLOSED_SHELL('',(#5374,#5414,#5454,#5476,#5498,#5510));
#5374 = ADVANCED_FACE('',(#5375),#5409,.F.);
#5375 = FACE_BOUND('',#5376,.F.);
#5376 = EDGE_LOOP('',(#5377,#5387,#5395,#5403));
#5377 = ORIENTED_EDGE('',*,*,#5378,.F.);
#5378 = EDGE_CURVE('',#5379,#5381,#5383,.T.);
#5379 = VERTEX_POINT('',#5380);
#5380 = CARTESIAN_POINT('',(-6.346602E+03,-2.2548E+03,609.8));
#5381 = VERTEX_POINT('',#5382);
#5382 = CARTESIAN_POINT('',(-6.346602E+03,-2.2548E+03,631.8));
#5383 = LINE('',#5384,#5385);
#5384 = CARTESIAN_POINT('',(-6.346602E+03,-2.2548E+03,609.8));
#5385 = VECTOR('',#5386,1.);
#5386 = DIRECTION('',(0.,0.,1.));
#5387 = ORIENTED_EDGE('',*,*,#5388,.T.);
#5388 = EDGE_CURVE('',#5379,#5389,#5391,.T.);
#5389 = VERTEX_POINT('',#5390);
#5390 = CARTESIAN_POINT('',(-6.580602E+03,-2.2548E+03,609.8));
#5391 = LINE('',#5392,#5393);
#5392 = CARTESIAN_POINT('',(-6.346602E+03,-2.2548E+03,609.8));
#5393 = VECTOR('',#5394,1.);
#5394 = DIRECTION('',(-1.,2.22044604925E-16,0.));
#5395 = ORIENTED_EDGE('',*,*,#5396,.T.);
#5396 = EDGE_CURVE('',#5389,#5397,#5399,.T.);
#5397 = VERTEX_POINT('',#5398);
#5398 = CARTESIAN_POINT('',(-6.580602E+03,-2.2548E+03,631.8));
#5399 = LINE('',#5400,#5401);
#5400 = CARTESIAN_POINT('',(-6.580602E+03,-2.2548E+03,609.8));
#5401 = VECTOR('',#5402,1.);
#5402 = DIRECTION('',(0.,0.,1.));
#5403 = ORIENTED_EDGE('',*,*,#5404,.F.);
#5404 = EDGE_CURVE('',#5381,#5397,#5405,.T.);
#5405 = LINE('',#5406,#5407);
#5406 = CARTESIAN_POINT('',(-6.346602E+03,-2.2548E+03,631.8));
#5407 = VECTOR('',#5408,1.);
#5408 = DIRECTION('',(-1.,2.22044604925E-16,0.));
#5409 = PLANE('',#5410);
#5410 = AXIS2_PLACEMENT_3D('',#5411,#5412,#5413);
#5411 = CARTESIAN_POINT('',(-6.346602E+03,-2.2548E+03,609.8));
#5412 = DIRECTION('',(2.22044604925E-16,1.,0.));
#5413 = DIRECTION('',(0.,0.,1.));
#5414 = ADVANCED_FACE('',(#5415),#5449,.T.);
#5415 = FACE_BOUND('',#5416,.T.);
#5416 = EDGE_LOOP('',(#5417,#5427,#5435,#5443));
#5417 = ORIENTED_EDGE('',*,*,#5418,.F.);
#5418 = EDGE_CURVE('',#5419,#5421,#5423,.T.);
#5419 = VERTEX_POINT('',#5420);
#5420 = CARTESIAN_POINT('',(-6.346602E+03,-1.6652E+03,609.8));
#5421 = VERTEX_POINT('',#5422);
#5422 = CARTESIAN_POINT('',(-6.346602E+03,-1.6652E+03,631.8));
#5423 = LINE('',#5424,#5425);
#5424 = CARTESIAN_POINT('',(-6.346602E+03,-1.6652E+03,609.8));
#5425 = VECTOR('',#5426,1.);
#5426 = DIRECTION('',(0.,0.,1.));
#5427 = ORIENTED_EDGE('',*,*,#5428,.T.);
#5428 = EDGE_CURVE('',#5419,#5429,#5431,.T.);
#5429 = VERTEX_POINT('',#5430);
#5430 = CARTESIAN_POINT('',(-6.580602E+03,-1.6652E+03,609.8));
#5431 = LINE('',#5432,#5433);
#5432 = CARTESIAN_POINT('',(-6.346602E+03,-1.6652E+03,609.8));
#5433 = VECTOR('',#5434,1.);
#5434 = DIRECTION('',(-1.,2.22044604925E-16,0.));
#5435 = ORIENTED_EDGE('',*,*,#5436,.T.);
#5436 = EDGE_CURVE('',#5429,#5437,#5439,.T.);
#5437 = VERTEX_POINT('',#5438);
#5438 = CARTESIAN_POINT('',(-6.580602E+03,-1.6652E+03,631.8));
#5439 = LINE('',#5440,#5441);
#5440 = CARTESIAN_POINT('',(-6.580602E+03,-1.6652E+03,609.8));
#5441 = VECTOR('',#5442,1.);
#5442 = DIRECTION('',(0.,0.,1.));
#5443 = ORIENTED_EDGE('',*,*,#5444,.F.);
#5444 = EDGE_CURVE('',#5421,#5437,#5445,.T.);
#5445 = LINE('',#5446,#5447);
#5446 = CARTESIAN_POINT('',(-6.346602E+03,-1.6652E+03,631.8));
#5447 = VECTOR('',#5448,1.);
#5448 = DIRECTION('',(-1.,2.22044604925E-16,0.));
#5449 = PLANE('',#5450);
#5450 = AXIS2_PLACEMENT_3D('',#5451,#5452,#5453);
#5451 = CARTESIAN_POINT('',(-6.346602E+03,-1.6652E+03,609.8));
#5452 = DIRECTION('',(2.22044604925E-16,1.,0.));
#5453 = DIRECTION('',(0.,0.,1.));
#5454 = ADVANCED_FACE('',(#5455),#5471,.F.);
#5455 = FACE_BOUND('',#5456,.F.);
#5456 = EDGE_LOOP('',(#5457,#5463,#5464,#5470));
#5457 = ORIENTED_EDGE('',*,*,#5458,.F.);
#5458 = EDGE_CURVE('',#5379,#5419,#5459,.T.);
#5459 = LINE('',#5460,#5461);
#5460 = CARTESIAN_POINT('',(-6.346602E+03,-2.2548E+03,609.8));
#5461 = VECTOR('',#5462,1.);
#5462 = DIRECTION('',(2.22044604925E-16,1.,0.));
#5463 = ORIENTED_EDGE('',*,*,#5378,.T.);
#5464 = ORIENTED_EDGE('',*,*,#5465,.T.);
#5465 = EDGE_CURVE('',#5381,#5421,#5466,.T.);
#5466 = LINE('',#5467,#5468);
#5467 = CARTESIAN_POINT('',(-6.346602E+03,-2.2548E+03,631.8));
#5468 = VECTOR('',#5469,1.);
#5469 = DIRECTION('',(2.22044604925E-16,1.,0.));
#5470 = ORIENTED_EDGE('',*,*,#5418,.F.);
#5471 = PLANE('',#5472);
#5472 = AXIS2_PLACEMENT_3D('',#5473,#5474,#5475);
#5473 = CARTESIAN_POINT('',(-6.346602E+03,-2.2548E+03,609.8));
#5474 = DIRECTION('',(-1.,2.22044604925E-16,0.));
#5475 = DIRECTION('',(0.,0.,1.));
#5476 = ADVANCED_FACE('',(#5477),#5493,.T.);
#5477 = FACE_BOUND('',#5478,.T.);
#5478 = EDGE_LOOP('',(#5479,#5485,#5486,#5492));
#5479 = ORIENTED_EDGE('',*,*,#5480,.F.);
#5480 = EDGE_CURVE('',#5389,#5429,#5481,.T.);
#5481 = LINE('',#5482,#5483);
#5482 = CARTESIAN_POINT('',(-6.580602E+03,-2.2548E+03,609.8));
#5483 = VECTOR('',#5484,1.);
#5484 = DIRECTION('',(2.22044604925E-16,1.,0.));
#5485 = ORIENTED_EDGE('',*,*,#5396,.T.);
#5486 = ORIENTED_EDGE('',*,*,#5487,.T.);
#5487 = EDGE_CURVE('',#5397,#5437,#5488,.T.);
#5488 = LINE('',#5489,#5490);
#5489 = CARTESIAN_POINT('',(-6.580602E+03,-2.2548E+03,631.8));
#5490 = VECTOR('',#5491,1.);
#5491 = DIRECTION('',(2.22044604925E-16,1.,0.));
#5492 = ORIENTED_EDGE('',*,*,#5436,.F.);
#5493 = PLANE('',#5494);
#5494 = AXIS2_PLACEMENT_3D('',#5495,#5496,#5497);
#5495 = CARTESIAN_POINT('',(-6.580602E+03,-2.2548E+03,609.8));
#5496 = DIRECTION('',(-1.,2.22044604925E-16,0.));
#5497 = DIRECTION('',(0.,0.,1.));
#5498 = ADVANCED_FACE('',(#5499),#5505,.F.);
#5499 = FACE_BOUND('',#5500,.F.);
#5500 = EDGE_LOOP('',(#5501,#5502,#5503,#5504));
#5501 = ORIENTED_EDGE('',*,*,#5388,.F.);
#5502 = ORIENTED_EDGE('',*,*,#5458,.T.);
#5503 = ORIENTED_EDGE('',*,*,#5428,.T.);
#5504 = ORIENTED_EDGE('',*,*,#5480,.F.);
#5505 = PLANE('',#5506);
#5506 = AXIS2_PLACEMENT_3D('',#5507,#5508,#5509);
#5507 = CARTESIAN_POINT('',(-6.346602E+03,-2.2548E+03,609.8));
#5508 = DIRECTION('',(0.,0.,1.));
#5509 = DIRECTION('',(2.22044604925E-16,1.,0.));
#5510 = ADVANCED_FACE('',(#5511),#5517,.T.);
#5511 = FACE_BOUND('',#5512,.T.);
#5512 = EDGE_LOOP('',(#5513,#5514,#5515,#5516));
#5513 = ORIENTED_EDGE('',*,*,#5404,.F.);
#5514 = ORIENTED_EDGE('',*,*,#5465,.T.);
#5515 = ORIENTED_EDGE('',*,*,#5444,.T.);
#5516 = ORIENTED_EDGE('',*,*,#5487,.F.);
#5517 = PLANE('',#5518);
#5518 = AXIS2_PLACEMENT_3D('',#5519,#5520,#5521);
#5519 = CARTESIAN_POINT('',(-6.346602E+03,-2.2548E+03,631.8));
#5520 = DIRECTION('',(0.,0.,1.));
#5521 = DIRECTION('',(2.22044604925E-16,1.,0.));
#5522 = MANIFOLD_SOLID_BREP('',#5523);
#5523 = CLOSED_SHELL('',(#5524,#5564,#5604,#5626,#5648,#5660));
#5524 = ADVANCED_FACE('',(#5525),#5559,.F.);
#5525 = FACE_BOUND('',#5526,.F.);
#5526 = EDGE_LOOP('',(#5527,#5537,#5545,#5553));
#5527 = ORIENTED_EDGE('',*,*,#5528,.F.);
#5528 = EDGE_CURVE('',#5529,#5531,#5533,.T.);
#5529 = VERTEX_POINT('',#5530);
#5530 = CARTESIAN_POINT('',(-6.381052E+03,-2.179456E+03,631.8));
#5531 = VERTEX_POINT('',#5532);
#5532 = CARTESIAN_POINT('',(-6.381052E+03,-2.179456E+03,731.8));
#5533 = LINE('',#5534,#5535);
#5534 = CARTESIAN_POINT('',(-6.381052E+03,-2.179456E+03,631.8));
#5535 = VECTOR('',#5536,1.);
#5536 = DIRECTION('',(0.,0.,1.));
#5537 = ORIENTED_EDGE('',*,*,#5538,.T.);
#5538 = EDGE_CURVE('',#5529,#5539,#5541,.T.);
#5539 = VERTEX_POINT('',#5540);
#5540 = CARTESIAN_POINT('',(-6.546152E+03,-2.179456E+03,631.8));
#5541 = LINE('',#5542,#5543);
#5542 = CARTESIAN_POINT('',(-6.381052E+03,-2.179456E+03,631.8));
#5543 = VECTOR('',#5544,1.);
#5544 = DIRECTION('',(-1.,2.22044604925E-16,0.));
#5545 = ORIENTED_EDGE('',*,*,#5546,.T.);
#5546 = EDGE_CURVE('',#5539,#5547,#5549,.T.);
#5547 = VERTEX_POINT('',#5548);
#5548 = CARTESIAN_POINT('',(-6.546152E+03,-2.179456E+03,731.8));
#5549 = LINE('',#5550,#5551);
#5550 = CARTESIAN_POINT('',(-6.546152E+03,-2.179456E+03,631.8));
#5551 = VECTOR('',#5552,1.);
#5552 = DIRECTION('',(0.,0.,1.));
#5553 = ORIENTED_EDGE('',*,*,#5554,.F.);
#5554 = EDGE_CURVE('',#5531,#5547,#5555,.T.);
#5555 = LINE('',#5556,#5557);
#5556 = CARTESIAN_POINT('',(-6.381052E+03,-2.179456E+03,731.8));
#5557 = VECTOR('',#5558,1.);
#5558 = DIRECTION('',(-1.,2.22044604925E-16,0.));
#5559 = PLANE('',#5560);
#5560 = AXIS2_PLACEMENT_3D('',#5561,#5562,#5563);
#5561 = CARTESIAN_POINT('',(-6.381052E+03,-2.179456E+03,631.8));
#5562 = DIRECTION('',(2.22044604925E-16,1.,0.));
#5563 = DIRECTION('',(0.,0.,1.));
#5564 = ADVANCED_FACE('',(#5565),#5599,.T.);
#5565 = FACE_BOUND('',#5566,.T.);
#5566 = EDGE_LOOP('',(#5567,#5577,#5585,#5593));
#5567 = ORIENTED_EDGE('',*,*,#5568,.F.);
#5568 = EDGE_CURVE('',#5569,#5571,#5573,.T.);
#5569 = VERTEX_POINT('',#5570);
#5570 = CARTESIAN_POINT('',(-6.381052E+03,-1.996576E+03,631.8));
#5571 = VERTEX_POINT('',#5572);
#5572 = CARTESIAN_POINT('',(-6.381052E+03,-1.996576E+03,731.8));
#5573 = LINE('',#5574,#5575);
#5574 = CARTESIAN_POINT('',(-6.381052E+03,-1.996576E+03,631.8));
#5575 = VECTOR('',#5576,1.);
#5576 = DIRECTION('',(0.,0.,1.));
#5577 = ORIENTED_EDGE('',*,*,#5578,.T.);
#5578 = EDGE_CURVE('',#5569,#5579,#5581,.T.);
#5579 = VERTEX_POINT('',#5580);
#5580 = CARTESIAN_POINT('',(-6.546152E+03,-1.996576E+03,631.8));
#5581 = LINE('',#5582,#5583);
#5582 = CARTESIAN_POINT('',(-6.381052E+03,-1.996576E+03,631.8));
#5583 = VECTOR('',#5584,1.);
#5584 = DIRECTION('',(-1.,2.22044604925E-16,0.));
#5585 = ORIENTED_EDGE('',*,*,#5586,.T.);
#5586 = EDGE_CURVE('',#5579,#5587,#5589,.T.);
#5587 = VERTEX_POINT('',#5588);
#5588 = CARTESIAN_POINT('',(-6.546152E+03,-1.996576E+03,731.8));
#5589 = LINE('',#5590,#5591);
#5590 = CARTESIAN_POINT('',(-6.546152E+03,-1.996576E+03,631.8));
#5591 = VECTOR('',#5592,1.);
#5592 = DIRECTION('',(0.,0.,1.));
#5593 = ORIENTED_EDGE('',*,*,#5594,.F.);
#5594 = EDGE_CURVE('',#5571,#5587,#5595,.T.);
#5595 = LINE('',#5596,#5597);
#5596 = CARTESIAN_POINT('',(-6.381052E+03,-1.996576E+03,731.8));
#5597 = VECTOR('',#5598,1.);
#5598 = DIRECTION('',(-1.,2.22044604925E-16,0.));
#5599 = PLANE('',#5600);
#5600 = AXIS2_PLACEMENT_3D('',#5601,#5602,#5603);
#5601 = CARTESIAN_POINT('',(-6.381052E+03,-1.996576E+03,631.8));
#5602 = DIRECTION('',(2.22044604925E-16,1.,0.));
#5603 = DIRECTION('',(0.,0.,1.));
#5604 = ADVANCED_FACE('',(#5605),#5621,.F.);
#5605 = FACE_BOUND('',#5606,.F.);
#5606 = EDGE_LOOP('',(#5607,#5613,#5614,#5620));
#5607 = ORIENTED_EDGE('',*,*,#5608,.F.);
#5608 = EDGE_CURVE('',#5529,#5569,#5609,.T.);
#5609 = LINE('',#5610,#5611);
#5610 = CARTESIAN_POINT('',(-6.381052E+03,-2.179456E+03,631.8));
#5611 = VECTOR('',#5612,1.);
#5612 = DIRECTION('',(2.22044604925E-16,1.,0.));
#5613 = ORIENTED_EDGE('',*,*,#5528,.T.);
#5614 = ORIENTED_EDGE('',*,*,#5615,.T.);
#5615 = EDGE_CURVE('',#5531,#5571,#5616,.T.);
#5616 = LINE('',#5617,#5618);
#5617 = CARTESIAN_POINT('',(-6.381052E+03,-2.179456E+03,731.8));
#5618 = VECTOR('',#5619,1.);
#5619 = DIRECTION('',(2.22044604925E-16,1.,0.));
#5620 = ORIENTED_EDGE('',*,*,#5568,.F.);
#5621 = PLANE('',#5622);
#5622 = AXIS2_PLACEMENT_3D('',#5623,#5624,#5625);
#5623 = CARTESIAN_POINT('',(-6.381052E+03,-2.179456E+03,631.8));
#5624 = DIRECTION('',(-1.,2.22044604925E-16,0.));
#5625 = DIRECTION('',(0.,0.,1.));
#5626 = ADVANCED_FACE('',(#5627),#5643,.T.);
#5627 = FACE_BOUND('',#5628,.T.);
#5628 = EDGE_LOOP('',(#5629,#5635,#5636,#5642));
#5629 = ORIENTED_EDGE('',*,*,#5630,.F.);
#5630 = EDGE_CURVE('',#5539,#5579,#5631,.T.);
#5631 = LINE('',#5632,#5633);
#5632 = CARTESIAN_POINT('',(-6.546152E+03,-2.179456E+03,631.8));
#5633 = VECTOR('',#5634,1.);
#5634 = DIRECTION('',(2.22044604925E-16,1.,0.));
#5635 = ORIENTED_EDGE('',*,*,#5546,.T.);
#5636 = ORIENTED_EDGE('',*,*,#5637,.T.);
#5637 = EDGE_CURVE('',#5547,#5587,#5638,.T.);
#5638 = LINE('',#5639,#5640);
#5639 = CARTESIAN_POINT('',(-6.546152E+03,-2.179456E+03,731.8));
#5640 = VECTOR('',#5641,1.);
#5641 = DIRECTION('',(2.22044604925E-16,1.,0.));
#5642 = ORIENTED_EDGE('',*,*,#5586,.F.);
#5643 = PLANE('',#5644);
#5644 = AXIS2_PLACEMENT_3D('',#5645,#5646,#5647);
#5645 = CARTESIAN_POINT('',(-6.546152E+03,-2.179456E+03,631.8));
#5646 = DIRECTION('',(-1.,2.22044604925E-16,0.));
#5647 = DIRECTION('',(0.,0.,1.));
#5648 = ADVANCED_FACE('',(#5649),#5655,.F.);
#5649 = FACE_BOUND('',#5650,.F.);
#5650 = EDGE_LOOP('',(#5651,#5652,#5653,#5654));
#5651 = ORIENTED_EDGE('',*,*,#5538,.F.);
#5652 = ORIENTED_EDGE('',*,*,#5608,.T.);
#5653 = ORIENTED_EDGE('',*,*,#5578,.T.);
#5654 = ORIENTED_EDGE('',*,*,#5630,.F.);
#5655 = PLANE('',#5656);
#5656 = AXIS2_PLACEMENT_3D('',#5657,#5658,#5659);
#5657 = CARTESIAN_POINT('',(-6.381052E+03,-2.179456E+03,631.8));
#5658 = DIRECTION('',(0.,0.,1.));
#5659 = DIRECTION('',(2.22044604925E-16,1.,0.));
#5660 = ADVANCED_FACE('',(#5661),#5667,.T.);
#5661 = FACE_BOUND('',#5662,.T.);
#5662 = EDGE_LOOP('',(#5663,#5664,#5665,#5666));
#5663 = ORIENTED_EDGE('',*,*,#5554,.F.);
#5664 = ORIENTED_EDGE('',*,*,#5615,.T.);
#5665 = ORIENTED_EDGE('',*,*,#5594,.T.);
#5666 = ORIENTED_EDGE('',*,*,#5637,.F.);
#5667 = PLANE('',#5668);
#5668 = AXIS2_PLACEMENT_3D('',#5669,#5670,#5671);
#5669 = CARTESIAN_POINT('',(-6.381052E+03,-2.179456E+03,731.8));
#5670 = DIRECTION('',(0.,0.,1.));
#5671 = DIRECTION('',(2.22044604925E-16,1.,0.));
#5672 = MANIFOLD_SOLID_BREP('',#5673);
#5673 = CLOSED_SHELL('',(#5674,#5707,#5716));
#5674 = ADVANCED_FACE('',(#5675),#5702,.T.);
#5675 = FACE_BOUND('',#5676,.F.);
#5676 = EDGE_LOOP('',(#5677,#5687,#5694,#5695));
#5677 = ORIENTED_EDGE('',*,*,#5678,.T.);
#5678 = EDGE_CURVE('',#5679,#5681,#5683,.T.);
#5679 = VERTEX_POINT('',#5680);
#5680 = CARTESIAN_POINT('',(-6.463602E+03,-1.761696E+03,631.8));
#5681 = VERTEX_POINT('',#5682);
#5682 = CARTESIAN_POINT('',(-6.463602E+03,-1.761696E+03,741.8));
#5683 = LINE('',#5684,#5685);
#5684 = CARTESIAN_POINT('',(-6.463602E+03,-1.761696E+03,631.8));
#5685 = VECTOR('',#5686,1.);
#5686 = DIRECTION('',(0.,0.,1.));
#5687 = ORIENTED_EDGE('',*,*,#5688,.T.);
#5688 = EDGE_CURVE('',#5681,#5681,#5689,.T.);
#5689 = CIRCLE('',#5690,52.);
#5690 = AXIS2_PLACEMENT_3D('',#5691,#5692,#5693);
#5691 = CARTESIAN_POINT('',(-6.463602E+03,-1.813696E+03,741.8));
#5692 = DIRECTION('',(0.,-0.,1.));
#5693 = DIRECTION('',(2.22044604925E-16,1.,0.));
#5694 = ORIENTED_EDGE('',*,*,#5678,.F.);
#5695 = ORIENTED_EDGE('',*,*,#5696,.F.);
#5696 = EDGE_CURVE('',#5679,#5679,#5697,.T.);
#5697 = CIRCLE('',#5698,52.);
#5698 = AXIS2_PLACEMENT_3D('',#5699,#5700,#5701);
#5699 = CARTESIAN_POINT('',(-6.463602E+03,-1.813696E+03,631.8));
#5700 = DIRECTION('',(0.,-0.,1.));
#5701 = DIRECTION('',(2.22044604925E-16,1.,0.));
#5702 = CYLINDRICAL_SURFACE('',#5703,52.);
#5703 = AXIS2_PLACEMENT_3D('',#5704,#5705,#5706);
#5704 = CARTESIAN_POINT('',(-6.463602E+03,-1.813696E+03,631.8));
#5705 = DIRECTION('',(0.,-0.,-1.));
#5706 = DIRECTION('',(2.22044604925E-16,1.,0.));
#5707 = ADVANCED_FACE('',(#5708),#5711,.F.);
#5708 = FACE_BOUND('',#5709,.T.);
#5709 = EDGE_LOOP('',(#5710));
#5710 = ORIENTED_EDGE('',*,*,#5696,.F.);
#5711 = PLANE('',#5712);
#5712 = AXIS2_PLACEMENT_3D('',#5713,#5714,#5715);
#5713 = CARTESIAN_POINT('',(-6.463602E+03,-1.813696E+03,631.8));
#5714 = DIRECTION('',(0.,0.,1.));
#5715 = DIRECTION('',(2.22044604925E-16,1.,0.));
#5716 = ADVANCED_FACE('',(#5717),#5720,.T.);
#5717 = FACE_BOUND('',#5718,.F.);
#5718 = EDGE_LOOP('',(#5719));
#5719 = ORIENTED_EDGE('',*,*,#5688,.F.);
#5720 = PLANE('',#5721);
#5721 = AXIS2_PLACEMENT_3D('',#5722,#5723,#5724);
#5722 = CARTESIAN_POINT('',(-6.463602E+03,-1.813696E+03,741.8));
#5723 = DIRECTION('',(0.,0.,1.));
#5724 = DIRECTION('',(2.22044604925E-16,1.,0.));
#5725 = MANIFOLD_SOLID_BREP('',#5726);
#5726 = CLOSED_SHELL('',(#5727,#5767,#5807,#5829,#5851,#5863));
#5727 = ADVANCED_FACE('',(#5728),#5762,.F.);
#5728 = FACE_BOUND('',#5729,.F.);
#5729 = EDGE_LOOP('',(#5730,#5740,#5748,#5756));
#5730 = ORIENTED_EDGE('',*,*,#5731,.F.);
#5731 = EDGE_CURVE('',#5732,#5734,#5736,.T.);
#5732 = VERTEX_POINT('',#5733);
#5733 = CARTESIAN_POINT('',(-6.346602E+03,-2.2548E+03,1.1286E+03));
#5734 = VERTEX_POINT('',#5735);
#5735 = CARTESIAN_POINT('',(-6.346602E+03,-2.2548E+03,1.1506E+03));
#5736 = LINE('',#5737,#5738);
#5737 = CARTESIAN_POINT('',(-6.346602E+03,-2.2548E+03,1.1286E+03));
#5738 = VECTOR('',#5739,1.);
#5739 = DIRECTION('',(0.,0.,1.));
#5740 = ORIENTED_EDGE('',*,*,#5741,.T.);
#5741 = EDGE_CURVE('',#5732,#5742,#5744,.T.);
#5742 = VERTEX_POINT('',#5743);
#5743 = CARTESIAN_POINT('',(-6.580602E+03,-2.2548E+03,1.1286E+03));
#5744 = LINE('',#5745,#5746);
#5745 = CARTESIAN_POINT('',(-6.346602E+03,-2.2548E+03,1.1286E+03));
#5746 = VECTOR('',#5747,1.);
#5747 = DIRECTION('',(-1.,2.22044604925E-16,0.));
#5748 = ORIENTED_EDGE('',*,*,#5749,.T.);
#5749 = EDGE_CURVE('',#5742,#5750,#5752,.T.);
#5750 = VERTEX_POINT('',#5751);
#5751 = CARTESIAN_POINT('',(-6.580602E+03,-2.2548E+03,1.1506E+03));
#5752 = LINE('',#5753,#5754);
#5753 = CARTESIAN_POINT('',(-6.580602E+03,-2.2548E+03,1.1286E+03));
#5754 = VECTOR('',#5755,1.);
#5755 = DIRECTION('',(0.,0.,1.));
#5756 = ORIENTED_EDGE('',*,*,#5757,.F.);
#5757 = EDGE_CURVE('',#5734,#5750,#5758,.T.);
#5758 = LINE('',#5759,#5760);
#5759 = CARTESIAN_POINT('',(-6.346602E+03,-2.2548E+03,1.1506E+03));
#5760 = VECTOR('',#5761,1.);
#5761 = DIRECTION('',(-1.,2.22044604925E-16,0.));
#5762 = PLANE('',#5763);
#5763 = AXIS2_PLACEMENT_3D('',#5764,#5765,#5766);
#5764 = CARTESIAN_POINT('',(-6.346602E+03,-2.2548E+03,1.1286E+03));
#5765 = DIRECTION('',(2.22044604925E-16,1.,0.));
#5766 = DIRECTION('',(0.,0.,1.));
#5767 = ADVANCED_FACE('',(#5768),#5802,.T.);
#5768 = FACE_BOUND('',#5769,.T.);
#5769 = EDGE_LOOP('',(#5770,#5780,#5788,#5796));
#5770 = ORIENTED_EDGE('',*,*,#5771,.F.);
#5771 = EDGE_CURVE('',#5772,#5774,#5776,.T.);
#5772 = VERTEX_POINT('',#5773);
#5773 = CARTESIAN_POINT('',(-6.346602E+03,-1.6652E+03,1.1286E+03));
#5774 = VERTEX_POINT('',#5775);
#5775 = CARTESIAN_POINT('',(-6.346602E+03,-1.6652E+03,1.1506E+03));
#5776 = LINE('',#5777,#5778);
#5777 = CARTESIAN_POINT('',(-6.346602E+03,-1.6652E+03,1.1286E+03));
#5778 = VECTOR('',#5779,1.);
#5779 = DIRECTION('',(0.,0.,1.));
#5780 = ORIENTED_EDGE('',*,*,#5781,.T.);
#5781 = EDGE_CURVE('',#5772,#5782,#5784,.T.);
#5782 = VERTEX_POINT('',#5783);
#5783 = CARTESIAN_POINT('',(-6.580602E+03,-1.6652E+03,1.1286E+03));
#5784 = LINE('',#5785,#5786);
#5785 = CARTESIAN_POINT('',(-6.346602E+03,-1.6652E+03,1.1286E+03));
#5786 = VECTOR('',#5787,1.);
#5787 = DIRECTION('',(-1.,2.22044604925E-16,0.));
#5788 = ORIENTED_EDGE('',*,*,#5789,.T.);
#5789 = EDGE_CURVE('',#5782,#5790,#5792,.T.);
#5790 = VERTEX_POINT('',#5791);
#5791 = CARTESIAN_POINT('',(-6.580602E+03,-1.6652E+03,1.1506E+03));
#5792 = LINE('',#5793,#5794);
#5793 = CARTESIAN_POINT('',(-6.580602E+03,-1.6652E+03,1.1286E+03));
#5794 = VECTOR('',#5795,1.);
#5795 = DIRECTION('',(0.,0.,1.));
#5796 = ORIENTED_EDGE('',*,*,#5797,.F.);
#5797 = EDGE_CURVE('',#5774,#5790,#5798,.T.);
#5798 = LINE('',#5799,#5800);
#5799 = CARTESIAN_POINT('',(-6.346602E+03,-1.6652E+03,1.1506E+03));
#5800 = VECTOR('',#5801,1.);
#5801 = DIRECTION('',(-1.,2.22044604925E-16,0.));
#5802 = PLANE('',#5803);
#5803 = AXIS2_PLACEMENT_3D('',#5804,#5805,#5806);
#5804 = CARTESIAN_POINT('',(-6.346602E+03,-1.6652E+03,1.1286E+03));
#5805 = DIRECTION('',(2.22044604925E-16,1.,0.));
#5806 = DIRECTION('',(0.,0.,1.));
#5807 = ADVANCED_FACE('',(#5808),#5824,.F.);
#5808 = FACE_BOUND('',#5809,.F.);
#5809 = EDGE_LOOP('',(#5810,#5816,#5817,#5823));
#5810 = ORIENTED_EDGE('',*,*,#5811,.F.);
#5811 = EDGE_CURVE('',#5732,#5772,#5812,.T.);
#5812 = LINE('',#5813,#5814);
#5813 = CARTESIAN_POINT('',(-6.346602E+03,-2.2548E+03,1.1286E+03));
#5814 = VECTOR('',#5815,1.);
#5815 = DIRECTION('',(2.22044604925E-16,1.,0.));
#5816 = ORIENTED_EDGE('',*,*,#5731,.T.);
#5817 = ORIENTED_EDGE('',*,*,#5818,.T.);
#5818 = EDGE_CURVE('',#5734,#5774,#5819,.T.);
#5819 = LINE('',#5820,#5821);
#5820 = CARTESIAN_POINT('',(-6.346602E+03,-2.2548E+03,1.1506E+03));
#5821 = VECTOR('',#5822,1.);
#5822 = DIRECTION('',(2.22044604925E-16,1.,0.));
#5823 = ORIENTED_EDGE('',*,*,#5771,.F.);
#5824 = PLANE('',#5825);
#5825 = AXIS2_PLACEMENT_3D('',#5826,#5827,#5828);
#5826 = CARTESIAN_POINT('',(-6.346602E+03,-2.2548E+03,1.1286E+03));
#5827 = DIRECTION('',(-1.,2.22044604925E-16,0.));
#5828 = DIRECTION('',(0.,0.,1.));
#5829 = ADVANCED_FACE('',(#5830),#5846,.T.);
#5830 = FACE_BOUND('',#5831,.T.);
#5831 = EDGE_LOOP('',(#5832,#5838,#5839,#5845));
#5832 = ORIENTED_EDGE('',*,*,#5833,.F.);
#5833 = EDGE_CURVE('',#5742,#5782,#5834,.T.);
#5834 = LINE('',#5835,#5836);
#5835 = CARTESIAN_POINT('',(-6.580602E+03,-2.2548E+03,1.1286E+03));
#5836 = VECTOR('',#5837,1.);
#5837 = DIRECTION('',(2.22044604925E-16,1.,0.));
#5838 = ORIENTED_EDGE('',*,*,#5749,.T.);
#5839 = ORIENTED_EDGE('',*,*,#5840,.T.);
#5840 = EDGE_CURVE('',#5750,#5790,#5841,.T.);
#5841 = LINE('',#5842,#5843);
#5842 = CARTESIAN_POINT('',(-6.580602E+03,-2.2548E+03,1.1506E+03));
#5843 = VECTOR('',#5844,1.);
#5844 = DIRECTION('',(2.22044604925E-16,1.,0.));
#5845 = ORIENTED_EDGE('',*,*,#5789,.F.);
#5846 = PLANE('',#5847);
#5847 = AXIS2_PLACEMENT_3D('',#5848,#5849,#5850);
#5848 = CARTESIAN_POINT('',(-6.580602E+03,-2.2548E+03,1.1286E+03));
#5849 = DIRECTION('',(-1.,2.22044604925E-16,0.));
#5850 = DIRECTION('',(0.,0.,1.));
#5851 = ADVANCED_FACE('',(#5852),#5858,.F.);
#5852 = FACE_BOUND('',#5853,.F.);
#5853 = EDGE_LOOP('',(#5854,#5855,#5856,#5857));
#5854 = ORIENTED_EDGE('',*,*,#5741,.F.);
#5855 = ORIENTED_EDGE('',*,*,#5811,.T.);
#5856 = ORIENTED_EDGE('',*,*,#5781,.T.);
#5857 = ORIENTED_EDGE('',*,*,#5833,.F.);
#5858 = PLANE('',#5859);
#5859 = AXIS2_PLACEMENT_3D('',#5860,#5861,#5862);
#5860 = CARTESIAN_POINT('',(-6.346602E+03,-2.2548E+03,1.1286E+03));
#5861 = DIRECTION('',(0.,0.,1.));
#5862 = DIRECTION('',(2.22044604925E-16,1.,0.));
#5863 = ADVANCED_FACE('',(#5864),#5870,.T.);
#5864 = FACE_BOUND('',#5865,.T.);
#5865 = EDGE_LOOP('',(#5866,#5867,#5868,#5869));
#5866 = ORIENTED_EDGE('',*,*,#5757,.F.);
#5867 = ORIENTED_EDGE('',*,*,#5818,.T.);
#5868 = ORIENTED_EDGE('',*,*,#5797,.T.);
#5869 = ORIENTED_EDGE('',*,*,#5840,.F.);
#5870 = PLANE('',#5871);
#5871 = AXIS2_PLACEMENT_3D('',#5872,#5873,#5874);
#5872 = CARTESIAN_POINT('',(-6.346602E+03,-2.2548E+03,1.1506E+03));
#5873 = DIRECTION('',(0.,0.,1.));
#5874 = DIRECTION('',(2.22044604925E-16,1.,0.));
#5875 = MANIFOLD_SOLID_BREP('',#5876);
#5876 = CLOSED_SHELL('',(#5877,#5917,#5957,#5979,#6001,#6013));
#5877 = ADVANCED_FACE('',(#5878),#5912,.F.);
#5878 = FACE_BOUND('',#5879,.F.);
#5879 = EDGE_LOOP('',(#5880,#5890,#5898,#5906));
#5880 = ORIENTED_EDGE('',*,*,#5881,.F.);
#5881 = EDGE_CURVE('',#5882,#5884,#5886,.T.);
#5882 = VERTEX_POINT('',#5883);
#5883 = CARTESIAN_POINT('',(-6.381052E+03,-2.179456E+03,1.1506E+03));
#5884 = VERTEX_POINT('',#5885);
#5885 = CARTESIAN_POINT('',(-6.381052E+03,-2.179456E+03,1.2506E+03));
#5886 = LINE('',#5887,#5888);
#5887 = CARTESIAN_POINT('',(-6.381052E+03,-2.179456E+03,1.1506E+03));
#5888 = VECTOR('',#5889,1.);
#5889 = DIRECTION('',(0.,0.,1.));
#5890 = ORIENTED_EDGE('',*,*,#5891,.T.);
#5891 = EDGE_CURVE('',#5882,#5892,#5894,.T.);
#5892 = VERTEX_POINT('',#5893);
#5893 = CARTESIAN_POINT('',(-6.546152E+03,-2.179456E+03,1.1506E+03));
#5894 = LINE('',#5895,#5896);
#5895 = CARTESIAN_POINT('',(-6.381052E+03,-2.179456E+03,1.1506E+03));
#5896 = VECTOR('',#5897,1.);
#5897 = DIRECTION('',(-1.,2.22044604925E-16,0.));
#5898 = ORIENTED_EDGE('',*,*,#5899,.T.);
#5899 = EDGE_CURVE('',#5892,#5900,#5902,.T.);
#5900 = VERTEX_POINT('',#5901);
#5901 = CARTESIAN_POINT('',(-6.546152E+03,-2.179456E+03,1.2506E+03));
#5902 = LINE('',#5903,#5904);
#5903 = CARTESIAN_POINT('',(-6.546152E+03,-2.179456E+03,1.1506E+03));
#5904 = VECTOR('',#5905,1.);
#5905 = DIRECTION('',(0.,0.,1.));
#5906 = ORIENTED_EDGE('',*,*,#5907,.F.);
#5907 = EDGE_CURVE('',#5884,#5900,#5908,.T.);
#5908 = LINE('',#5909,#5910);
#5909 = CARTESIAN_POINT('',(-6.381052E+03,-2.179456E+03,1.2506E+03));
#5910 = VECTOR('',#5911,1.);
#5911 = DIRECTION('',(-1.,2.22044604925E-16,0.));
#5912 = PLANE('',#5913);
#5913 = AXIS2_PLACEMENT_3D('',#5914,#5915,#5916);
#5914 = CARTESIAN_POINT('',(-6.381052E+03,-2.179456E+03,1.1506E+03));
#5915 = DIRECTION('',(2.22044604925E-16,1.,0.));
#5916 = DIRECTION('',(0.,0.,1.));
#5917 = ADVANCED_FACE('',(#5918),#5952,.T.);
#5918 = FACE_BOUND('',#5919,.T.);
#5919 = EDGE_LOOP('',(#5920,#5930,#5938,#5946));
#5920 = ORIENTED_EDGE('',*,*,#5921,.F.);
#5921 = EDGE_CURVE('',#5922,#5924,#5926,.T.);
#5922 = VERTEX_POINT('',#5923);
#5923 = CARTESIAN_POINT('',(-6.381052E+03,-1.996576E+03,1.1506E+03));
#5924 = VERTEX_POINT('',#5925);
#5925 = CARTESIAN_POINT('',(-6.381052E+03,-1.996576E+03,1.2506E+03));
#5926 = LINE('',#5927,#5928);
#5927 = CARTESIAN_POINT('',(-6.381052E+03,-1.996576E+03,1.1506E+03));
#5928 = VECTOR('',#5929,1.);
#5929 = DIRECTION('',(0.,0.,1.));
#5930 = ORIENTED_EDGE('',*,*,#5931,.T.);
#5931 = EDGE_CURVE('',#5922,#5932,#5934,.T.);
#5932 = VERTEX_POINT('',#5933);
#5933 = CARTESIAN_POINT('',(-6.546152E+03,-1.996576E+03,1.1506E+03));
#5934 = LINE('',#5935,#5936);
#5935 = CARTESIAN_POINT('',(-6.381052E+03,-1.996576E+03,1.1506E+03));
#5936 = VECTOR('',#5937,1.);
#5937 = DIRECTION('',(-1.,2.22044604925E-16,0.));
#5938 = ORIENTED_EDGE('',*,*,#5939,.T.);
#5939 = EDGE_CURVE('',#5932,#5940,#5942,.T.);
#5940 = VERTEX_POINT('',#5941);
#5941 = CARTESIAN_POINT('',(-6.546152E+03,-1.996576E+03,1.2506E+03));
#5942 = LINE('',#5943,#5944);
#5943 = CARTESIAN_POINT('',(-6.546152E+03,-1.996576E+03,1.1506E+03));
#5944 = VECTOR('',#5945,1.);
#5945 = DIRECTION('',(0.,0.,1.));
#5946 = ORIENTED_EDGE('',*,*,#5947,.F.);
#5947 = EDGE_CURVE('',#5924,#5940,#5948,.T.);
#5948 = LINE('',#5949,#5950);
#5949 = CARTESIAN_POINT('',(-6.381052E+03,-1.996576E+03,1.2506E+03));
#5950 = VECTOR('',#5951,1.);
#5951 = DIRECTION('',(-1.,2.22044604925E-16,0.));
#5952 = PLANE('',#5953);
#5953 = AXIS2_PLACEMENT_3D('',#5954,#5955,#5956);
#5954 = CARTESIAN_POINT('',(-6.381052E+03,-1.996576E+03,1.1506E+03));
#5955 = DIRECTION('',(2.22044604925E-16,1.,0.));
#5956 = DIRECTION('',(0.,0.,1.));
#5957 = ADVANCED_FACE('',(#5958),#5974,.F.);
#5958 = FACE_BOUND('',#5959,.F.);
#5959 = EDGE_LOOP('',(#5960,#5966,#5967,#5973));
#5960 = ORIENTED_EDGE('',*,*,#5961,.F.);
#5961 = EDGE_CURVE('',#5882,#5922,#5962,.T.);
#5962 = LINE('',#5963,#5964);
#5963 = CARTESIAN_POINT('',(-6.381052E+03,-2.179456E+03,1.1506E+03));
#5964 = VECTOR('',#5965,1.);
#5965 = DIRECTION('',(2.22044604925E-16,1.,0.));
#5966 = ORIENTED_EDGE('',*,*,#5881,.T.);
#5967 = ORIENTED_EDGE('',*,*,#5968,.T.);
#5968 = EDGE_CURVE('',#5884,#5924,#5969,.T.);
#5969 = LINE('',#5970,#5971);
#5970 = CARTESIAN_POINT('',(-6.381052E+03,-2.179456E+03,1.2506E+03));
#5971 = VECTOR('',#5972,1.);
#5972 = DIRECTION('',(2.22044604925E-16,1.,0.));
#5973 = ORIENTED_EDGE('',*,*,#5921,.F.);
#5974 = PLANE('',#5975);
#5975 = AXIS2_PLACEMENT_3D('',#5976,#5977,#5978);
#5976 = CARTESIAN_POINT('',(-6.381052E+03,-2.179456E+03,1.1506E+03));
#5977 = DIRECTION('',(-1.,2.22044604925E-16,0.));
#5978 = DIRECTION('',(0.,0.,1.));
#5979 = ADVANCED_FACE('',(#5980),#5996,.T.);
#5980 = FACE_BOUND('',#5981,.T.);
#5981 = EDGE_LOOP('',(#5982,#5988,#5989,#5995));
#5982 = ORIENTED_EDGE('',*,*,#5983,.F.);
#5983 = EDGE_CURVE('',#5892,#5932,#5984,.T.);
#5984 = LINE('',#5985,#5986);
#5985 = CARTESIAN_POINT('',(-6.546152E+03,-2.179456E+03,1.1506E+03));
#5986 = VECTOR('',#5987,1.);
#5987 = DIRECTION('',(2.22044604925E-16,1.,0.));
#5988 = ORIENTED_EDGE('',*,*,#5899,.T.);
#5989 = ORIENTED_EDGE('',*,*,#5990,.T.);
#5990 = EDGE_CURVE('',#5900,#5940,#5991,.T.);
#5991 = LINE('',#5992,#5993);
#5992 = CARTESIAN_POINT('',(-6.546152E+03,-2.179456E+03,1.2506E+03));
#5993 = VECTOR('',#5994,1.);
#5994 = DIRECTION('',(2.22044604925E-16,1.,0.));
#5995 = ORIENTED_EDGE('',*,*,#5939,.F.);
#5996 = PLANE('',#5997);
#5997 = AXIS2_PLACEMENT_3D('',#5998,#5999,#6000);
#5998 = CARTESIAN_POINT('',(-6.546152E+03,-2.179456E+03,1.1506E+03));
#5999 = DIRECTION('',(-1.,2.22044604925E-16,0.));
#6000 = DIRECTION('',(0.,0.,1.));
#6001 = ADVANCED_FACE('',(#6002),#6008,.F.);
#6002 = FACE_BOUND('',#6003,.F.);
#6003 = EDGE_LOOP('',(#6004,#6005,#6006,#6007));
#6004 = ORIENTED_EDGE('',*,*,#5891,.F.);
#6005 = ORIENTED_EDGE('',*,*,#5961,.T.);
#6006 = ORIENTED_EDGE('',*,*,#5931,.T.);
#6007 = ORIENTED_EDGE('',*,*,#5983,.F.);
#6008 = PLANE('',#6009);
#6009 = AXIS2_PLACEMENT_3D('',#6010,#6011,#6012);
#6010 = CARTESIAN_POINT('',(-6.381052E+03,-2.179456E+03,1.1506E+03));
#6011 = DIRECTION('',(0.,0.,1.));
#6012 = DIRECTION('',(2.22044604925E-16,1.,0.));
#6013 = ADVANCED_FACE('',(#6014),#6020,.T.);
#6014 = FACE_BOUND('',#6015,.T.);
#6015 = EDGE_LOOP('',(#6016,#6017,#6018,#6019));
#6016 = ORIENTED_EDGE('',*,*,#5907,.F.);
#6017 = ORIENTED_EDGE('',*,*,#5968,.T.);
#6018 = ORIENTED_EDGE('',*,*,#5947,.T.);
#6019 = ORIENTED_EDGE('',*,*,#5990,.F.);
#6020 = PLANE('',#6021);
#6021 = AXIS2_PLACEMENT_3D('',#6022,#6023,#6024);
#6022 = CARTESIAN_POINT('',(-6.381052E+03,-2.179456E+03,1.2506E+03));
#6023 = DIRECTION('',(0.,0.,1.));
#6024 = DIRECTION('',(2.22044604925E-16,1.,0.));
#6025 = MANIFOLD_SOLID_BREP('',#6026);
#6026 = CLOSED_SHELL('',(#6027,#6060,#6069));
#6027 = ADVANCED_FACE('',(#6028),#6055,.T.);
#6028 = FACE_BOUND('',#6029,.F.);
#6029 = EDGE_LOOP('',(#6030,#6040,#6047,#6048));
#6030 = ORIENTED_EDGE('',*,*,#6031,.T.);
#6031 = EDGE_CURVE('',#6032,#6034,#6036,.T.);
#6032 = VERTEX_POINT('',#6033);
#6033 = CARTESIAN_POINT('',(-6.463602E+03,-1.761696E+03,1.1506E+03));
#6034 = VERTEX_POINT('',#6035);
#6035 = CARTESIAN_POINT('',(-6.463602E+03,-1.761696E+03,1.2606E+03));
#6036 = LINE('',#6037,#6038);
#6037 = CARTESIAN_POINT('',(-6.463602E+03,-1.761696E+03,1.1506E+03));
#6038 = VECTOR('',#6039,1.);
#6039 = DIRECTION('',(0.,0.,1.));
#6040 = ORIENTED_EDGE('',*,*,#6041,.T.);
#6041 = EDGE_CURVE('',#6034,#6034,#6042,.T.);
#6042 = CIRCLE('',#6043,52.);
#6043 = AXIS2_PLACEMENT_3D('',#6044,#6045,#6046);
#6044 = CARTESIAN_POINT('',(-6.463602E+03,-1.813696E+03,1.2606E+03));
#6045 = DIRECTION('',(0.,-0.,1.));
#6046 = DIRECTION('',(2.22044604925E-16,1.,0.));
#6047 = ORIENTED_EDGE('',*,*,#6031,.F.);
#6048 = ORIENTED_EDGE('',*,*,#6049,.F.);
#6049 = EDGE_CURVE('',#6032,#6032,#6050,.T.);
#6050 = CIRCLE('',#6051,52.);
#6051 = AXIS2_PLACEMENT_3D('',#6052,#6053,#6054);
#6052 = CARTESIAN_POINT('',(-6.463602E+03,-1.813696E+03,1.1506E+03));
#6053 = DIRECTION('',(0.,-0.,1.));
#6054 = DIRECTION('',(2.22044604925E-16,1.,0.));
#6055 = CYLINDRICAL_SURFACE('',#6056,52.);
#6056 = AXIS2_PLACEMENT_3D('',#6057,#6058,#6059);
#6057 = CARTESIAN_POINT('',(-6.463602E+03,-1.813696E+03,1.1506E+03));
#6058 = DIRECTION('',(0.,-0.,-1.));
#6059 = DIRECTION('',(2.22044604925E-16,1.,0.));
#6060 = ADVANCED_FACE('',(#6061),#6064,.F.);
#6061 = FACE_BOUND('',#6062,.T.);
#6062 = EDGE_LOOP('',(#6063));
#6063 = ORIENTED_EDGE('',*,*,#6049,.F.);
#6064 = PLANE('',#6065);
#6065 = AXIS2_PLACEMENT_3D('',#6066,#6067,#6068);
#6066 = CARTESIAN_POINT('',(-6.463602E+03,-1.813696E+03,1.1506E+03));
#6067 = DIRECTION('',(0.,0.,1.));
#6068 = DIRECTION('',(2.22044604925E-16,1.,0.));
#6069 = ADVANCED_FACE('',(#6070),#6073,.T.);
#6070 = FACE_BOUND('',#6071,.F.);
#6071 = EDGE_LOOP('',(#6072));
#6072 = ORIENTED_EDGE('',*,*,#6041,.F.);
#6073 = PLANE('',#6074);
#6074 = AXIS2_PLACEMENT_3D('',#6075,#6076,#6077);
#6075 = CARTESIAN_POINT('',(-6.463602E+03,-1.813696E+03,1.2606E+03));
#6076 = DIRECTION('',(0.,0.,1.));
#6077 = DIRECTION('',(2.22044604925E-16,1.,0.));
#6078 = MANIFOLD_SOLID_BREP('',#6079);
#6079 = CLOSED_SHELL('',(#6080,#6120,#6160,#6182,#6204,#6216));
#6080 = ADVANCED_FACE('',(#6081),#6115,.F.);
#6081 = FACE_BOUND('',#6082,.F.);
#6082 = EDGE_LOOP('',(#6083,#6093,#6101,#6109));
#6083 = ORIENTED_EDGE('',*,*,#6084,.F.);
#6084 = EDGE_CURVE('',#6085,#6087,#6089,.T.);
#6085 = VERTEX_POINT('',#6086);
#6086 = CARTESIAN_POINT('',(-6.346602E+03,-2.2548E+03,1.6474E+03));
#6087 = VERTEX_POINT('',#6088);
#6088 = CARTESIAN_POINT('',(-6.346602E+03,-2.2548E+03,1.6694E+03));
#6089 = LINE('',#6090,#6091);
#6090 = CARTESIAN_POINT('',(-6.346602E+03,-2.2548E+03,1.6474E+03));
#6091 = VECTOR('',#6092,1.);
#6092 = DIRECTION('',(0.,0.,1.));
#6093 = ORIENTED_EDGE('',*,*,#6094,.T.);
#6094 = EDGE_CURVE('',#6085,#6095,#6097,.T.);
#6095 = VERTEX_POINT('',#6096);
#6096 = CARTESIAN_POINT('',(-6.580602E+03,-2.2548E+03,1.6474E+03));
#6097 = LINE('',#6098,#6099);
#6098 = CARTESIAN_POINT('',(-6.346602E+03,-2.2548E+03,1.6474E+03));
#6099 = VECTOR('',#6100,1.);
#6100 = DIRECTION('',(-1.,2.22044604925E-16,0.));
#6101 = ORIENTED_EDGE('',*,*,#6102,.T.);
#6102 = EDGE_CURVE('',#6095,#6103,#6105,.T.);
#6103 = VERTEX_POINT('',#6104);
#6104 = CARTESIAN_POINT('',(-6.580602E+03,-2.2548E+03,1.6694E+03));
#6105 = LINE('',#6106,#6107);
#6106 = CARTESIAN_POINT('',(-6.580602E+03,-2.2548E+03,1.6474E+03));
#6107 = VECTOR('',#6108,1.);
#6108 = DIRECTION('',(0.,0.,1.));
#6109 = ORIENTED_EDGE('',*,*,#6110,.F.);
#6110 = EDGE_CURVE('',#6087,#6103,#6111,.T.);
#6111 = LINE('',#6112,#6113);
#6112 = CARTESIAN_POINT('',(-6.346602E+03,-2.2548E+03,1.6694E+03));
#6113 = VECTOR('',#6114,1.);
#6114 = DIRECTION('',(-1.,2.22044604925E-16,0.));
#6115 = PLANE('',#6116);
#6116 = AXIS2_PLACEMENT_3D('',#6117,#6118,#6119);
#6117 = CARTESIAN_POINT('',(-6.346602E+03,-2.2548E+03,1.6474E+03));
#6118 = DIRECTION('',(2.22044604925E-16,1.,0.));
#6119 = DIRECTION('',(0.,0.,1.));
#6120 = ADVANCED_FACE('',(#6121),#6155,.T.);
#6121 = FACE_BOUND('',#6122,.T.);
#6122 = EDGE_LOOP('',(#6123,#6133,#6141,#6149));
#6123 = ORIENTED_EDGE('',*,*,#6124,.F.);
#6124 = EDGE_CURVE('',#6125,#6127,#6129,.T.);
#6125 = VERTEX_POINT('',#6126);
#6126 = CARTESIAN_POINT('',(-6.346602E+03,-1.6652E+03,1.6474E+03));
#6127 = VERTEX_POINT('',#6128);
#6128 = CARTESIAN_POINT('',(-6.346602E+03,-1.6652E+03,1.6694E+03));
#6129 = LINE('',#6130,#6131);
#6130 = CARTESIAN_POINT('',(-6.346602E+03,-1.6652E+03,1.6474E+03));
#6131 = VECTOR('',#6132,1.);
#6132 = DIRECTION('',(0.,0.,1.));
#6133 = ORIENTED_EDGE('',*,*,#6134,.T.);
#6134 = EDGE_CURVE('',#6125,#6135,#6137,.T.);
#6135 = VERTEX_POINT('',#6136);
#6136 = CARTESIAN_POINT('',(-6.580602E+03,-1.6652E+03,1.6474E+03));
#6137 = LINE('',#6138,#6139);
#6138 = CARTESIAN_POINT('',(-6.346602E+03,-1.6652E+03,1.6474E+03));
#6139 = VECTOR('',#6140,1.);
#6140 = DIRECTION('',(-1.,2.22044604925E-16,0.));
#6141 = ORIENTED_EDGE('',*,*,#6142,.T.);
#6142 = EDGE_CURVE('',#6135,#6143,#6145,.T.);
#6143 = VERTEX_POINT('',#6144);
#6144 = CARTESIAN_POINT('',(-6.580602E+03,-1.6652E+03,1.6694E+03));
#6145 = LINE('',#6146,#6147);
#6146 = CARTESIAN_POINT('',(-6.580602E+03,-1.6652E+03,1.6474E+03));
#6147 = VECTOR('',#6148,1.);
#6148 = DIRECTION('',(0.,0.,1.));
#6149 = ORIENTED_EDGE('',*,*,#6150,.F.);
#6150 = EDGE_CURVE('',#6127,#6143,#6151,.T.);
#6151 = LINE('',#6152,#6153);
#6152 = CARTESIAN_POINT('',(-6.346602E+03,-1.6652E+03,1.6694E+03));
#6153 = VECTOR('',#6154,1.);
#6154 = DIRECTION('',(-1.,2.22044604925E-16,0.));
#6155 = PLANE('',#6156);
#6156 = AXIS2_PLACEMENT_3D('',#6157,#6158,#6159);
#6157 = CARTESIAN_POINT('',(-6.346602E+03,-1.6652E+03,1.6474E+03));
#6158 = DIRECTION('',(2.22044604925E-16,1.,0.));
#6159 = DIRECTION('',(0.,0.,1.));
#6160 = ADVANCED_FACE('',(#6161),#6177,.F.);
#6161 = FACE_BOUND('',#6162,.F.);
#6162 = EDGE_LOOP('',(#6163,#6169,#6170,#6176));
#6163 = ORIENTED_EDGE('',*,*,#6164,.F.);
#6164 = EDGE_CURVE('',#6085,#6125,#6165,.T.);
#6165 = LINE('',#6166,#6167);
#6166 = CARTESIAN_POINT('',(-6.346602E+03,-2.2548E+03,1.6474E+03));
#6167 = VECTOR('',#6168,1.);
#6168 = DIRECTION('',(2.22044604925E-16,1.,0.));
#6169 = ORIENTED_EDGE('',*,*,#6084,.T.);
#6170 = ORIENTED_EDGE('',*,*,#6171,.T.);
#6171 = EDGE_CURVE('',#6087,#6127,#6172,.T.);
#6172 = LINE('',#6173,#6174);
#6173 = CARTESIAN_POINT('',(-6.346602E+03,-2.2548E+03,1.6694E+03));
#6174 = VECTOR('',#6175,1.);
#6175 = DIRECTION('',(2.22044604925E-16,1.,0.));
#6176 = ORIENTED_EDGE('',*,*,#6124,.F.);
#6177 = PLANE('',#6178);
#6178 = AXIS2_PLACEMENT_3D('',#6179,#6180,#6181);
#6179 = CARTESIAN_POINT('',(-6.346602E+03,-2.2548E+03,1.6474E+03));
#6180 = DIRECTION('',(-1.,2.22044604925E-16,0.));
#6181 = DIRECTION('',(0.,0.,1.));
#6182 = ADVANCED_FACE('',(#6183),#6199,.T.);
#6183 = FACE_BOUND('',#6184,.T.);
#6184 = EDGE_LOOP('',(#6185,#6191,#6192,#6198));
#6185 = ORIENTED_EDGE('',*,*,#6186,.F.);
#6186 = EDGE_CURVE('',#6095,#6135,#6187,.T.);
#6187 = LINE('',#6188,#6189);
#6188 = CARTESIAN_POINT('',(-6.580602E+03,-2.2548E+03,1.6474E+03));
#6189 = VECTOR('',#6190,1.);
#6190 = DIRECTION('',(2.22044604925E-16,1.,0.));
#6191 = ORIENTED_EDGE('',*,*,#6102,.T.);
#6192 = ORIENTED_EDGE('',*,*,#6193,.T.);
#6193 = EDGE_CURVE('',#6103,#6143,#6194,.T.);
#6194 = LINE('',#6195,#6196);
#6195 = CARTESIAN_POINT('',(-6.580602E+03,-2.2548E+03,1.6694E+03));
#6196 = VECTOR('',#6197,1.);
#6197 = DIRECTION('',(2.22044604925E-16,1.,0.));
#6198 = ORIENTED_EDGE('',*,*,#6142,.F.);
#6199 = PLANE('',#6200);
#6200 = AXIS2_PLACEMENT_3D('',#6201,#6202,#6203);
#6201 = CARTESIAN_POINT('',(-6.580602E+03,-2.2548E+03,1.6474E+03));
#6202 = DIRECTION('',(-1.,2.22044604925E-16,0.));
#6203 = DIRECTION('',(0.,0.,1.));
#6204 = ADVANCED_FACE('',(#6205),#6211,.F.);
#6205 = FACE_BOUND('',#6206,.F.);
#6206 = EDGE_LOOP('',(#6207,#6208,#6209,#6210));
#6207 = ORIENTED_EDGE('',*,*,#6094,.F.);
#6208 = ORIENTED_EDGE('',*,*,#6164,.T.);
#6209 = ORIENTED_EDGE('',*,*,#6134,.T.);
#6210 = ORIENTED_EDGE('',*,*,#6186,.F.);
#6211 = PLANE('',#6212);
#6212 = AXIS2_PLACEMENT_3D('',#6213,#6214,#6215);
#6213 = CARTESIAN_POINT('',(-6.346602E+03,-2.2548E+03,1.6474E+03));
#6214 = DIRECTION('',(0.,0.,1.));
#6215 = DIRECTION('',(2.22044604925E-16,1.,0.));
#6216 = ADVANCED_FACE('',(#6217),#6223,.T.);
#6217 = FACE_BOUND('',#6218,.T.);
#6218 = EDGE_LOOP('',(#6219,#6220,#6221,#6222));
#6219 = ORIENTED_EDGE('',*,*,#6110,.F.);
#6220 = ORIENTED_EDGE('',*,*,#6171,.T.);
#6221 = ORIENTED_EDGE('',*,*,#6150,.T.);
#6222 = ORIENTED_EDGE('',*,*,#6193,.F.);
#6223 = PLANE('',#6224);
#6224 = AXIS2_PLACEMENT_3D('',#6225,#6226,#6227);
#6225 = CARTESIAN_POINT('',(-6.346602E+03,-2.2548E+03,1.6694E+03));
#6226 = DIRECTION('',(0.,0.,1.));
#6227 = DIRECTION('',(2.22044604925E-16,1.,0.));
#6228 = MANIFOLD_SOLID_BREP('',#6229);
#6229 = CLOSED_SHELL('',(#6230,#6263,#6272));
#6230 = ADVANCED_FACE('',(#6231),#6258,.T.);
#6231 = FACE_BOUND('',#6232,.F.);
#6232 = EDGE_LOOP('',(#6233,#6243,#6250,#6251));
#6233 = ORIENTED_EDGE('',*,*,#6234,.T.);
#6234 = EDGE_CURVE('',#6235,#6237,#6239,.T.);
#6235 = VERTEX_POINT('',#6236);
#6236 = CARTESIAN_POINT('',(-6.463602E+03,-2.0324E+03,1.6274E+03));
#6237 = VERTEX_POINT('',#6238);
#6238 = CARTESIAN_POINT('',(-6.463602E+03,-2.0324E+03,1.6474E+03));
#6239 = LINE('',#6240,#6241);
#6240 = CARTESIAN_POINT('',(-6.463602E+03,-2.0324E+03,1.6274E+03));
#6241 = VECTOR('',#6242,1.);
#6242 = DIRECTION('',(0.,0.,1.));
#6243 = ORIENTED_EDGE('',*,*,#6244,.T.);
#6244 = EDGE_CURVE('',#6237,#6237,#6245,.T.);
#6245 = CIRCLE('',#6246,80.);
#6246 = AXIS2_PLACEMENT_3D('',#6247,#6248,#6249);
#6247 = CARTESIAN_POINT('',(-6.463602E+03,-2.1124E+03,1.6474E+03));
#6248 = DIRECTION('',(0.,-0.,1.));
#6249 = DIRECTION('',(2.22044604925E-16,1.,0.));
#6250 = ORIENTED_EDGE('',*,*,#6234,.F.);
#6251 = ORIENTED_EDGE('',*,*,#6252,.F.);
#6252 = EDGE_CURVE('',#6235,#6235,#6253,.T.);
#6253 = CIRCLE('',#6254,80.);
#6254 = AXIS2_PLACEMENT_3D('',#6255,#6256,#6257);
#6255 = CARTESIAN_POINT('',(-6.463602E+03,-2.1124E+03,1.6274E+03));
#6256 = DIRECTION('',(0.,-0.,1.));
#6257 = DIRECTION('',(2.22044604925E-16,1.,0.));
#6258 = CYLINDRICAL_SURFACE('',#6259,80.);
#6259 = AXIS2_PLACEMENT_3D('',#6260,#6261,#6262);
#6260 = CARTESIAN_POINT('',(-6.463602E+03,-2.1124E+03,1.6274E+03));
#6261 = DIRECTION('',(0.,-0.,-1.));
#6262 = DIRECTION('',(2.22044604925E-16,1.,0.));
#6263 = ADVANCED_FACE('',(#6264),#6267,.F.);
#6264 = FACE_BOUND('',#6265,.T.);
#6265 = EDGE_LOOP('',(#6266));
#6266 = ORIENTED_EDGE('',*,*,#6252,.F.);
#6267 = PLANE('',#6268);
#6268 = AXIS2_PLACEMENT_3D('',#6269,#6270,#6271);
#6269 = CARTESIAN_POINT('',(-6.463602E+03,-2.1124E+03,1.6274E+03));
#6270 = DIRECTION('',(0.,0.,1.));
#6271 = DIRECTION('',(2.22044604925E-16,1.,0.));
#6272 = ADVANCED_FACE('',(#6273),#6276,.T.);
#6273 = FACE_BOUND('',#6274,.F.);
#6274 = EDGE_LOOP('',(#6275));
#6275 = ORIENTED_EDGE('',*,*,#6244,.F.);
#6276 = PLANE('',#6277);
#6277 = AXIS2_PLACEMENT_3D('',#6278,#6279,#6280);
#6278 = CARTESIAN_POINT('',(-6.463602E+03,-2.1124E+03,1.6474E+03));
#6279 = DIRECTION('',(0.,0.,1.));
#6280 = DIRECTION('',(2.22044604925E-16,1.,0.));
#6281 = MANIFOLD_SOLID_BREP('',#6282);
#6282 = CLOSED_SHELL('',(#6283,#6316,#6325));
#6283 = ADVANCED_FACE('',(#6284),#6311,.T.);
#6284 = FACE_BOUND('',#6285,.F.);
#6285 = EDGE_LOOP('',(#6286,#6296,#6303,#6304));
#6286 = ORIENTED_EDGE('',*,*,#6287,.T.);
#6287 = EDGE_CURVE('',#6288,#6290,#6292,.T.);
#6288 = VERTEX_POINT('',#6289);
#6289 = CARTESIAN_POINT('',(-6.463602E+03,-2.1014E+03,1.6474E+03));
#6290 = VERTEX_POINT('',#6291);
#6291 = CARTESIAN_POINT('',(-6.463602E+03,-2.1014E+03,1.9674E+03));
#6292 = LINE('',#6293,#6294);
#6293 = CARTESIAN_POINT('',(-6.463602E+03,-2.1014E+03,1.6474E+03));
#6294 = VECTOR('',#6295,1.);
#6295 = DIRECTION('',(0.,0.,1.));
#6296 = ORIENTED_EDGE('',*,*,#6297,.T.);
#6297 = EDGE_CURVE('',#6290,#6290,#6298,.T.);
#6298 = CIRCLE('',#6299,11.);
#6299 = AXIS2_PLACEMENT_3D('',#6300,#6301,#6302);
#6300 = CARTESIAN_POINT('',(-6.463602E+03,-2.1124E+03,1.9674E+03));
#6301 = DIRECTION('',(0.,-0.,1.));
#6302 = DIRECTION('',(2.22044604925E-16,1.,0.));
#6303 = ORIENTED_EDGE('',*,*,#6287,.F.);
#6304 = ORIENTED_EDGE('',*,*,#6305,.F.);
#6305 = EDGE_CURVE('',#6288,#6288,#6306,.T.);
#6306 = CIRCLE('',#6307,11.);
#6307 = AXIS2_PLACEMENT_3D('',#6308,#6309,#6310);
#6308 = CARTESIAN_POINT('',(-6.463602E+03,-2.1124E+03,1.6474E+03));
#6309 = DIRECTION('',(0.,-0.,1.));
#6310 = DIRECTION('',(2.22044604925E-16,1.,0.));
#6311 = CYLINDRICAL_SURFACE('',#6312,11.);
#6312 = AXIS2_PLACEMENT_3D('',#6313,#6314,#6315);
#6313 = CARTESIAN_POINT('',(-6.463602E+03,-2.1124E+03,1.6474E+03));
#6314 = DIRECTION('',(0.,-0.,-1.));
#6315 = DIRECTION('',(2.22044604925E-16,1.,0.));
#6316 = ADVANCED_FACE('',(#6317),#6320,.F.);
#6317 = FACE_BOUND('',#6318,.T.);
#6318 = EDGE_LOOP('',(#6319));
#6319 = ORIENTED_EDGE('',*,*,#6305,.F.);
#6320 = PLANE('',#6321);
#6321 = AXIS2_PLACEMENT_3D('',#6322,#6323,#6324);
#6322 = CARTESIAN_POINT('',(-6.463602E+03,-2.1124E+03,1.6474E+03));
#6323 = DIRECTION('',(0.,0.,1.));
#6324 = DIRECTION('',(2.22044604925E-16,1.,0.));
#6325 = ADVANCED_FACE('',(#6326),#6329,.T.);
#6326 = FACE_BOUND('',#6327,.F.);
#6327 = EDGE_LOOP('',(#6328));
#6328 = ORIENTED_EDGE('',*,*,#6297,.F.);
#6329 = PLANE('',#6330);
#6330 = AXIS2_PLACEMENT_3D('',#6331,#6332,#6333);
#6331 = CARTESIAN_POINT('',(-6.463602E+03,-2.1124E+03,1.9674E+03));
#6332 = DIRECTION('',(0.,0.,1.));
#6333 = DIRECTION('',(2.22044604925E-16,1.,0.));
#6334 = MANIFOLD_SOLID_BREP('',#6335);
#6335 = CLOSED_SHELL('',(#6336,#6369,#6378));
#6336 = ADVANCED_FACE('',(#6337),#6364,.T.);
#6337 = FACE_BOUND('',#6338,.F.);
#6338 = EDGE_LOOP('',(#6339,#6349,#6356,#6357));
#6339 = ORIENTED_EDGE('',*,*,#6340,.T.);
#6340 = EDGE_CURVE('',#6341,#6343,#6345,.T.);
#6341 = VERTEX_POINT('',#6342);
#6342 = CARTESIAN_POINT('',(-6.463602E+03,-2.108066887716E+03,
    1.95728940467E+03));
#6343 = VERTEX_POINT('',#6344);
#6344 = CARTESIAN_POINT('',(-6.463602E+03,-1.968066887716E+03,
    2.01728940467E+03));
#6345 = LINE('',#6346,#6347);
#6346 = CARTESIAN_POINT('',(-6.463602E+03,-2.108066887716E+03,
    1.95728940467E+03));
#6347 = VECTOR('',#6348,1.);
#6348 = DIRECTION('',(-1.977373439138E-16,0.919145030018,0.393919298579)
  );
#6349 = ORIENTED_EDGE('',*,*,#6350,.T.);
#6350 = EDGE_CURVE('',#6343,#6343,#6351,.T.);
#6351 = CIRCLE('',#6352,11.);
#6352 = AXIS2_PLACEMENT_3D('',#6353,#6354,#6355);
#6353 = CARTESIAN_POINT('',(-6.463602E+03,-1.9724E+03,2.0274E+03));
#6354 = DIRECTION('',(-1.977373439138E-16,0.919145030018,0.393919298579)
  );
#6355 = DIRECTION('',(-2.22044604925E-16,0.393919298579,-0.919145030018)
  );
#6356 = ORIENTED_EDGE('',*,*,#6340,.F.);
#6357 = ORIENTED_EDGE('',*,*,#6358,.F.);
#6358 = EDGE_CURVE('',#6341,#6341,#6359,.T.);
#6359 = CIRCLE('',#6360,11.);
#6360 = AXIS2_PLACEMENT_3D('',#6361,#6362,#6363);
#6361 = CARTESIAN_POINT('',(-6.463602E+03,-2.1124E+03,1.9674E+03));
#6362 = DIRECTION('',(-1.977373439138E-16,0.919145030018,0.393919298579)
  );
#6363 = DIRECTION('',(-2.22044604925E-16,0.393919298579,-0.919145030018)
  );
#6364 = CYLINDRICAL_SURFACE('',#6365,11.);
#6365 = AXIS2_PLACEMENT_3D('',#6366,#6367,#6368);
#6366 = CARTESIAN_POINT('',(-6.463602E+03,-2.1124E+03,1.9674E+03));
#6367 = DIRECTION('',(1.977373439138E-16,-0.919145030018,-0.393919298579
    ));
#6368 = DIRECTION('',(-2.22044604925E-16,0.393919298579,-0.919145030018)
  );
#6369 = ADVANCED_FACE('',(#6370),#6373,.F.);
#6370 = FACE_BOUND('',#6371,.T.);
#6371 = EDGE_LOOP('',(#6372));
#6372 = ORIENTED_EDGE('',*,*,#6358,.F.);
#6373 = PLANE('',#6374);
#6374 = AXIS2_PLACEMENT_3D('',#6375,#6376,#6377);
#6375 = CARTESIAN_POINT('',(-6.463602E+03,-2.1124E+03,1.9674E+03));
#6376 = DIRECTION('',(-1.977373439138E-16,0.919145030018,0.393919298579)
  );
#6377 = DIRECTION('',(-2.22044604925E-16,0.393919298579,-0.919145030018)
  );
#6378 = ADVANCED_FACE('',(#6379),#6382,.T.);
#6379 = FACE_BOUND('',#6380,.F.);
#6380 = EDGE_LOOP('',(#6381));
#6381 = ORIENTED_EDGE('',*,*,#6350,.F.);
#6382 = PLANE('',#6383);
#6383 = AXIS2_PLACEMENT_3D('',#6384,#6385,#6386);
#6384 = CARTESIAN_POINT('',(-6.463602E+03,-1.9724E+03,2.0274E+03));
#6385 = DIRECTION('',(-1.977373439138E-16,0.919145030018,0.393919298579)
  );
#6386 = DIRECTION('',(-2.22044604925E-16,0.393919298579,-0.919145030018)
  );
#6387 = MANIFOLD_SOLID_BREP('',#6388);
#6388 = CLOSED_SHELL('',(#6389,#6422,#6431));
#6389 = ADVANCED_FACE('',(#6390),#6417,.T.);
#6390 = FACE_BOUND('',#6391,.F.);
#6391 = EDGE_LOOP('',(#6392,#6402,#6409,#6410));
#6392 = ORIENTED_EDGE('',*,*,#6393,.T.);
#6393 = EDGE_CURVE('',#6394,#6396,#6398,.T.);
#6394 = VERTEX_POINT('',#6395);
#6395 = CARTESIAN_POINT('',(-6.463602E+03,-1.9074E+03,1.9674E+03));
#6396 = VERTEX_POINT('',#6397);
#6397 = CARTESIAN_POINT('',(-6.463602E+03,-1.9074E+03,2.0424E+03));
#6398 = LINE('',#6399,#6400);
#6399 = CARTESIAN_POINT('',(-6.463602E+03,-1.9074E+03,1.9674E+03));
#6400 = VECTOR('',#6401,1.);
#6401 = DIRECTION('',(0.,0.,1.));
#6402 = ORIENTED_EDGE('',*,*,#6403,.T.);
#6403 = EDGE_CURVE('',#6396,#6396,#6404,.T.);
#6404 = CIRCLE('',#6405,65.);
#6405 = AXIS2_PLACEMENT_3D('',#6406,#6407,#6408);
#6406 = CARTESIAN_POINT('',(-6.463602E+03,-1.9724E+03,2.0424E+03));
#6407 = DIRECTION('',(0.,-0.,1.));
#6408 = DIRECTION('',(2.22044604925E-16,1.,0.));
#6409 = ORIENTED_EDGE('',*,*,#6393,.F.);
#6410 = ORIENTED_EDGE('',*,*,#6411,.F.);
#6411 = EDGE_CURVE('',#6394,#6394,#6412,.T.);
#6412 = CIRCLE('',#6413,65.);
#6413 = AXIS2_PLACEMENT_3D('',#6414,#6415,#6416);
#6414 = CARTESIAN_POINT('',(-6.463602E+03,-1.9724E+03,1.9674E+03));
#6415 = DIRECTION('',(0.,-0.,1.));
#6416 = DIRECTION('',(2.22044604925E-16,1.,0.));
#6417 = CYLINDRICAL_SURFACE('',#6418,65.);
#6418 = AXIS2_PLACEMENT_3D('',#6419,#6420,#6421);
#6419 = CARTESIAN_POINT('',(-6.463602E+03,-1.9724E+03,1.9674E+03));
#6420 = DIRECTION('',(0.,-0.,-1.));
#6421 = DIRECTION('',(2.22044604925E-16,1.,0.));
#6422 = ADVANCED_FACE('',(#6423),#6426,.F.);
#6423 = FACE_BOUND('',#6424,.T.);
#6424 = EDGE_LOOP('',(#6425));
#6425 = ORIENTED_EDGE('',*,*,#6411,.F.);
#6426 = PLANE('',#6427);
#6427 = AXIS2_PLACEMENT_3D('',#6428,#6429,#6430);
#6428 = CARTESIAN_POINT('',(-6.463602E+03,-1.9724E+03,1.9674E+03));
#6429 = DIRECTION('',(0.,0.,1.));
#6430 = DIRECTION('',(2.22044604925E-16,1.,0.));
#6431 = ADVANCED_FACE('',(#6432),#6435,.T.);
#6432 = FACE_BOUND('',#6433,.F.);
#6433 = EDGE_LOOP('',(#6434));
#6434 = ORIENTED_EDGE('',*,*,#6403,.F.);
#6435 = PLANE('',#6436);
#6436 = AXIS2_PLACEMENT_3D('',#6437,#6438,#6439);
#6437 = CARTESIAN_POINT('',(-6.463602E+03,-1.9724E+03,2.0424E+03));
#6438 = DIRECTION('',(0.,0.,1.));
#6439 = DIRECTION('',(2.22044604925E-16,1.,0.));
#6440 = MANIFOLD_SOLID_BREP('',#6441);
#6441 = CLOSED_SHELL('',(#6442,#6475,#6484));
#6442 = ADVANCED_FACE('',(#6443),#6470,.T.);
#6443 = FACE_BOUND('',#6444,.F.);
#6444 = EDGE_LOOP('',(#6445,#6455,#6462,#6463));
#6445 = ORIENTED_EDGE('',*,*,#6446,.T.);
#6446 = EDGE_CURVE('',#6447,#6449,#6451,.T.);
#6447 = VERTEX_POINT('',#6448);
#6448 = CARTESIAN_POINT('',(-5.981E+03,-1.98E+03,1.));
#6449 = VERTEX_POINT('',#6450);
#6450 = CARTESIAN_POINT('',(-5.981E+03,-1.98E+03,347.5));
#6451 = LINE('',#6452,#6453);
#6452 = CARTESIAN_POINT('',(-5.981E+03,-1.98E+03,1.));
#6453 = VECTOR('',#6454,1.);
#6454 = DIRECTION('',(0.,0.,1.));
#6455 = ORIENTED_EDGE('',*,*,#6456,.T.);
#6456 = EDGE_CURVE('',#6449,#6449,#6457,.T.);
#6457 = CIRCLE('',#6458,119.);
#6458 = AXIS2_PLACEMENT_3D('',#6459,#6460,#6461);
#6459 = CARTESIAN_POINT('',(-6.1E+03,-1.98E+03,347.5));
#6460 = DIRECTION('',(0.,0.,1.));
#6461 = DIRECTION('',(1.,0.,0.));
#6462 = ORIENTED_EDGE('',*,*,#6446,.F.);
#6463 = ORIENTED_EDGE('',*,*,#6464,.F.);
#6464 = EDGE_CURVE('',#6447,#6447,#6465,.T.);
#6465 = CIRCLE('',#6466,119.);
#6466 = AXIS2_PLACEMENT_3D('',#6467,#6468,#6469);
#6467 = CARTESIAN_POINT('',(-6.1E+03,-1.98E+03,1.));
#6468 = DIRECTION('',(0.,0.,1.));
#6469 = DIRECTION('',(1.,0.,0.));
#6470 = CYLINDRICAL_SURFACE('',#6471,119.);
#6471 = AXIS2_PLACEMENT_3D('',#6472,#6473,#6474);
#6472 = CARTESIAN_POINT('',(-6.1E+03,-1.98E+03,1.));
#6473 = DIRECTION('',(-0.,-0.,-1.));
#6474 = DIRECTION('',(1.,0.,0.));
#6475 = ADVANCED_FACE('',(#6476),#6479,.F.);
#6476 = FACE_BOUND('',#6477,.T.);
#6477 = EDGE_LOOP('',(#6478));
#6478 = ORIENTED_EDGE('',*,*,#6464,.F.);
#6479 = PLANE('',#6480);
#6480 = AXIS2_PLACEMENT_3D('',#6481,#6482,#6483);
#6481 = CARTESIAN_POINT('',(-6.1E+03,-1.98E+03,1.));
#6482 = DIRECTION('',(0.,0.,1.));
#6483 = DIRECTION('',(1.,0.,0.));
#6484 = ADVANCED_FACE('',(#6485),#6488,.T.);
#6485 = FACE_BOUND('',#6486,.F.);
#6486 = EDGE_LOOP('',(#6487));
#6487 = ORIENTED_EDGE('',*,*,#6456,.F.);
#6488 = PLANE('',#6489);
#6489 = AXIS2_PLACEMENT_3D('',#6490,#6491,#6492);
#6490 = CARTESIAN_POINT('',(-6.1E+03,-1.98E+03,347.5));
#6491 = DIRECTION('',(0.,0.,1.));
#6492 = DIRECTION('',(1.,0.,0.));
#6493 = MANIFOLD_SOLID_BREP('',#6494);
#6494 = CLOSED_SHELL('',(#6495,#6528,#6537));
#6495 = ADVANCED_FACE('',(#6496),#6523,.T.);
#6496 = FACE_BOUND('',#6497,.F.);
#6497 = EDGE_LOOP('',(#6498,#6508,#6515,#6516));
#6498 = ORIENTED_EDGE('',*,*,#6499,.T.);
#6499 = EDGE_CURVE('',#6500,#6502,#6504,.T.);
#6500 = VERTEX_POINT('',#6501);
#6501 = CARTESIAN_POINT('',(-6.088E+03,-1.98E+03,347.5));
#6502 = VERTEX_POINT('',#6503);
#6503 = CARTESIAN_POINT('',(-6.088E+03,-1.98E+03,967.));
#6504 = LINE('',#6505,#6506);
#6505 = CARTESIAN_POINT('',(-6.088E+03,-1.98E+03,347.5));
#6506 = VECTOR('',#6507,1.);
#6507 = DIRECTION('',(0.,0.,1.));
#6508 = ORIENTED_EDGE('',*,*,#6509,.T.);
#6509 = EDGE_CURVE('',#6502,#6502,#6510,.T.);
#6510 = CIRCLE('',#6511,12.);
#6511 = AXIS2_PLACEMENT_3D('',#6512,#6513,#6514);
#6512 = CARTESIAN_POINT('',(-6.1E+03,-1.98E+03,967.));
#6513 = DIRECTION('',(0.,0.,1.));
#6514 = DIRECTION('',(1.,0.,0.));
#6515 = ORIENTED_EDGE('',*,*,#6499,.F.);
#6516 = ORIENTED_EDGE('',*,*,#6517,.F.);
#6517 = EDGE_CURVE('',#6500,#6500,#6518,.T.);
#6518 = CIRCLE('',#6519,12.);
#6519 = AXIS2_PLACEMENT_3D('',#6520,#6521,#6522);
#6520 = CARTESIAN_POINT('',(-6.1E+03,-1.98E+03,347.5));
#6521 = DIRECTION('',(0.,0.,1.));
#6522 = DIRECTION('',(1.,0.,0.));
#6523 = CYLINDRICAL_SURFACE('',#6524,12.);
#6524 = AXIS2_PLACEMENT_3D('',#6525,#6526,#6527);
#6525 = CARTESIAN_POINT('',(-6.1E+03,-1.98E+03,347.5));
#6526 = DIRECTION('',(-0.,-0.,-1.));
#6527 = DIRECTION('',(1.,0.,0.));
#6528 = ADVANCED_FACE('',(#6529),#6532,.F.);
#6529 = FACE_BOUND('',#6530,.T.);
#6530 = EDGE_LOOP('',(#6531));
#6531 = ORIENTED_EDGE('',*,*,#6517,.F.);
#6532 = PLANE('',#6533);
#6533 = AXIS2_PLACEMENT_3D('',#6534,#6535,#6536);
#6534 = CARTESIAN_POINT('',(-6.1E+03,-1.98E+03,347.5));
#6535 = DIRECTION('',(0.,0.,1.));
#6536 = DIRECTION('',(1.,0.,0.));
#6537 = ADVANCED_FACE('',(#6538),#6541,.T.);
#6538 = FACE_BOUND('',#6539,.F.);
#6539 = EDGE_LOOP('',(#6540));
#6540 = ORIENTED_EDGE('',*,*,#6509,.F.);
#6541 = PLANE('',#6542);
#6542 = AXIS2_PLACEMENT_3D('',#6543,#6544,#6545);
#6543 = CARTESIAN_POINT('',(-6.1E+03,-1.98E+03,967.));
#6544 = DIRECTION('',(0.,0.,1.));
#6545 = DIRECTION('',(1.,0.,0.));
#6546 = MANIFOLD_SOLID_BREP('',#6547);
#6547 = CLOSED_SHELL('',(#6548,#6581,#6590));
#6548 = ADVANCED_FACE('',(#6549),#6576,.T.);
#6549 = FACE_BOUND('',#6550,.F.);
#6550 = EDGE_LOOP('',(#6551,#6561,#6568,#6569));
#6551 = ORIENTED_EDGE('',*,*,#6552,.T.);
#6552 = EDGE_CURVE('',#6553,#6555,#6557,.T.);
#6553 = VERTEX_POINT('',#6554);
#6554 = CARTESIAN_POINT('',(-6.088471974529E+03,-1.98E+03,
    597.95299364939));
#6555 = VERTEX_POINT('',#6556);
#6556 = CARTESIAN_POINT('',(-5.937971974529E+03,-1.98E+03,
    650.45299364939));
#6557 = LINE('',#6558,#6559);
#6558 = CARTESIAN_POINT('',(-6.088471974529E+03,-1.98E+03,
    597.95299364939));
#6559 = VECTOR('',#6560,1.);
#6560 = DIRECTION('',(0.944200181446,0.,0.329372156318));
#6561 = ORIENTED_EDGE('',*,*,#6562,.T.);
#6562 = EDGE_CURVE('',#6555,#6555,#6563,.T.);
#6563 = CIRCLE('',#6564,35.);
#6564 = AXIS2_PLACEMENT_3D('',#6565,#6566,#6567);
#6565 = CARTESIAN_POINT('',(-5.9495E+03,-1.98E+03,683.5));
#6566 = DIRECTION('',(0.944200181446,-0.,0.329372156318));
#6567 = DIRECTION('',(0.329372156318,0.,-0.944200181446));
#6568 = ORIENTED_EDGE('',*,*,#6552,.F.);
#6569 = ORIENTED_EDGE('',*,*,#6570,.F.);
#6570 = EDGE_CURVE('',#6553,#6553,#6571,.T.);
#6571 = CIRCLE('',#6572,35.);
#6572 = AXIS2_PLACEMENT_3D('',#6573,#6574,#6575);
#6573 = CARTESIAN_POINT('',(-6.1E+03,-1.98E+03,631.));
#6574 = DIRECTION('',(0.944200181446,-0.,0.329372156318));
#6575 = DIRECTION('',(0.329372156318,0.,-0.944200181446));
#6576 = CYLINDRICAL_SURFACE('',#6577,35.);
#6577 = AXIS2_PLACEMENT_3D('',#6578,#6579,#6580);
#6578 = CARTESIAN_POINT('',(-6.1E+03,-1.98E+03,631.));
#6579 = DIRECTION('',(-0.944200181446,-0.,-0.329372156318));
#6580 = DIRECTION('',(0.329372156318,0.,-0.944200181446));
#6581 = ADVANCED_FACE('',(#6582),#6585,.F.);
#6582 = FACE_BOUND('',#6583,.T.);
#6583 = EDGE_LOOP('',(#6584));
#6584 = ORIENTED_EDGE('',*,*,#6570,.F.);
#6585 = PLANE('',#6586);
#6586 = AXIS2_PLACEMENT_3D('',#6587,#6588,#6589);
#6587 = CARTESIAN_POINT('',(-6.1E+03,-1.98E+03,631.));
#6588 = DIRECTION('',(0.944200181446,0.,0.329372156318));
#6589 = DIRECTION('',(0.329372156318,0.,-0.944200181446));
#6590 = ADVANCED_FACE('',(#6591),#6594,.T.);
#6591 = FACE_BOUND('',#6592,.F.);
#6592 = EDGE_LOOP('',(#6593));
#6593 = ORIENTED_EDGE('',*,*,#6562,.F.);
#6594 = PLANE('',#6595);
#6595 = AXIS2_PLACEMENT_3D('',#6596,#6597,#6598);
#6596 = CARTESIAN_POINT('',(-5.9495E+03,-1.98E+03,683.5));
#6597 = DIRECTION('',(0.944200181446,0.,0.329372156318));
#6598 = DIRECTION('',(0.329372156318,0.,-0.944200181446));
#6599 = MANIFOLD_SOLID_BREP('',#6600);
#6600 = CLOSED_SHELL('',(#6601,#6634,#6643));
#6601 = ADVANCED_FACE('',(#6602),#6629,.T.);
#6602 = FACE_BOUND('',#6603,.F.);
#6603 = EDGE_LOOP('',(#6604,#6614,#6621,#6622));
#6604 = ORIENTED_EDGE('',*,*,#6605,.T.);
#6605 = EDGE_CURVE('',#6606,#6608,#6610,.T.);
#6606 = VERTEX_POINT('',#6607);
#6607 = CARTESIAN_POINT('',(-6.066307406873E+03,-1.984023784609E+03,
    622.41988777546));
#6608 = VERTEX_POINT('',#6609);
#6609 = CARTESIAN_POINT('',(-6.019800349219E+03,-1.840889778906E+03,
    737.91988777546));
#6610 = LINE('',#6611,#6612);
#6611 = CARTESIAN_POINT('',(-6.066307406873E+03,-1.984023784609E+03,
    622.41988777546));
#6612 = VECTOR('',#6613,1.);
#6613 = DIRECTION('',(0.245146063558,0.754482004016,0.608818785139));
#6614 = ORIENTED_EDGE('',*,*,#6615,.T.);
#6615 = EDGE_CURVE('',#6608,#6608,#6616,.T.);
#6616 = CIRCLE('',#6617,35.);
#6617 = AXIS2_PLACEMENT_3D('',#6618,#6619,#6620);
#6618 = CARTESIAN_POINT('',(-6.053492942347E+03,-1.836865994298E+03,
    746.5));
#6619 = DIRECTION('',(0.245146063558,0.754482004016,0.608818785139));
#6620 = DIRECTION('',(0.962645517921,-0.114965274535,-0.245146063558));
#6621 = ORIENTED_EDGE('',*,*,#6605,.F.);
#6622 = ORIENTED_EDGE('',*,*,#6623,.F.);
#6623 = EDGE_CURVE('',#6606,#6606,#6624,.T.);
#6624 = CIRCLE('',#6625,35.);
#6625 = AXIS2_PLACEMENT_3D('',#6626,#6627,#6628);
#6626 = CARTESIAN_POINT('',(-6.1E+03,-1.98E+03,631.));
#6627 = DIRECTION('',(0.245146063558,0.754482004016,0.608818785139));
#6628 = DIRECTION('',(0.962645517921,-0.114965274535,-0.245146063558));
#6629 = CYLINDRICAL_SURFACE('',#6630,35.);
#6630 = AXIS2_PLACEMENT_3D('',#6631,#6632,#6633);
#6631 = CARTESIAN_POINT('',(-6.1E+03,-1.98E+03,631.));
#6632 = DIRECTION('',(-0.245146063558,-0.754482004016,-0.608818785139));
#6633 = DIRECTION('',(0.962645517921,-0.114965274535,-0.245146063558));
#6634 = ADVANCED_FACE('',(#6635),#6638,.F.);
#6635 = FACE_BOUND('',#6636,.T.);
#6636 = EDGE_LOOP('',(#6637));
#6637 = ORIENTED_EDGE('',*,*,#6623,.F.);
#6638 = PLANE('',#6639);
#6639 = AXIS2_PLACEMENT_3D('',#6640,#6641,#6642);
#6640 = CARTESIAN_POINT('',(-6.1E+03,-1.98E+03,631.));
#6641 = DIRECTION('',(0.245146063558,0.754482004016,0.608818785139));
#6642 = DIRECTION('',(0.962645517921,-0.114965274535,-0.245146063558));
#6643 = ADVANCED_FACE('',(#6644),#6647,.T.);
#6644 = FACE_BOUND('',#6645,.F.);
#6645 = EDGE_LOOP('',(#6646));
#6646 = ORIENTED_EDGE('',*,*,#6615,.F.);
#6647 = PLANE('',#6648);
#6648 = AXIS2_PLACEMENT_3D('',#6649,#6650,#6651);
#6649 = CARTESIAN_POINT('',(-6.053492942347E+03,-1.836865994298E+03,
    746.5));
#6650 = DIRECTION('',(0.245146063558,0.754482004016,0.608818785139));
#6651 = DIRECTION('',(0.962645517921,-0.114965274535,-0.245146063558));
#6652 = MANIFOLD_SOLID_BREP('',#6653);
#6653 = CLOSED_SHELL('',(#6654,#6687,#6696));
#6654 = ADVANCED_FACE('',(#6655),#6682,.T.);
#6655 = FACE_BOUND('',#6656,.F.);
#6656 = EDGE_LOOP('',(#6657,#6667,#6674,#6675));
#6657 = ORIENTED_EDGE('',*,*,#6658,.T.);
#6658 = EDGE_CURVE('',#6659,#6661,#6663,.T.);
#6659 = VERTEX_POINT('',#6660);
#6660 = CARTESIAN_POINT('',(-6.080362606775E+03,-1.968838412837E+03,
    657.73558975085));
#6661 = VERTEX_POINT('',#6662);
#6662 = CARTESIAN_POINT('',(-6.202119664428E+03,-1.880376732367E+03,
    710.23558975085));
#6663 = LINE('',#6664,#6665);
#6664 = CARTESIAN_POINT('',(-6.080362606775E+03,-1.968838412837E+03,
    657.73558975085));
#6665 = VECTOR('',#6666,1.);
#6666 = DIRECTION('',(-0.763873992882,0.554986941866,0.329372156318));
#6667 = ORIENTED_EDGE('',*,*,#6668,.T.);
#6668 = EDGE_CURVE('',#6661,#6661,#6669,.T.);
#6669 = CIRCLE('',#6670,35.);
#6670 = AXIS2_PLACEMENT_3D('',#6671,#6672,#6673);
#6671 = CARTESIAN_POINT('',(-6.221757057653E+03,-1.89153831953E+03,683.5
    ));
#6672 = DIRECTION('',(-0.763873992882,0.554986941866,0.329372156318));
#6673 = DIRECTION('',(0.56106837786,0.318902490371,0.763873992882));
#6674 = ORIENTED_EDGE('',*,*,#6658,.F.);
#6675 = ORIENTED_EDGE('',*,*,#6676,.F.);
#6676 = EDGE_CURVE('',#6659,#6659,#6677,.T.);
#6677 = CIRCLE('',#6678,35.);
#6678 = AXIS2_PLACEMENT_3D('',#6679,#6680,#6681);
#6679 = CARTESIAN_POINT('',(-6.1E+03,-1.98E+03,631.));
#6680 = DIRECTION('',(-0.763873992882,0.554986941866,0.329372156318));
#6681 = DIRECTION('',(0.56106837786,0.318902490371,0.763873992882));
#6682 = CYLINDRICAL_SURFACE('',#6683,35.);
#6683 = AXIS2_PLACEMENT_3D('',#6684,#6685,#6686);
#6684 = CARTESIAN_POINT('',(-6.1E+03,-1.98E+03,631.));
#6685 = DIRECTION('',(0.763873992882,-0.554986941866,-0.329372156318));
#6686 = DIRECTION('',(0.56106837786,0.318902490371,0.763873992882));
#6687 = ADVANCED_FACE('',(#6688),#6691,.F.);
#6688 = FACE_BOUND('',#6689,.T.);
#6689 = EDGE_LOOP('',(#6690));
#6690 = ORIENTED_EDGE('',*,*,#6676,.F.);
#6691 = PLANE('',#6692);
#6692 = AXIS2_PLACEMENT_3D('',#6693,#6694,#6695);
#6693 = CARTESIAN_POINT('',(-6.1E+03,-1.98E+03,631.));
#6694 = DIRECTION('',(-0.763873992882,0.554986941866,0.329372156318));
#6695 = DIRECTION('',(0.56106837786,0.318902490371,0.763873992882));
#6696 = ADVANCED_FACE('',(#6697),#6700,.T.);
#6697 = FACE_BOUND('',#6698,.F.);
#6698 = EDGE_LOOP('',(#6699));
#6699 = ORIENTED_EDGE('',*,*,#6668,.F.);
#6700 = PLANE('',#6701);
#6701 = AXIS2_PLACEMENT_3D('',#6702,#6703,#6704);
#6702 = CARTESIAN_POINT('',(-6.221757057653E+03,-1.89153831953E+03,683.5
    ));
#6703 = DIRECTION('',(-0.763873992882,0.554986941866,0.329372156318));
#6704 = DIRECTION('',(0.56106837786,0.318902490371,0.763873992882));
#6705 = MANIFOLD_SOLID_BREP('',#6706);
#6706 = CLOSED_SHELL('',(#6707,#6740,#6749));
#6707 = ADVANCED_FACE('',(#6708),#6735,.T.);
#6708 = FACE_BOUND('',#6709,.F.);
#6709 = EDGE_LOOP('',(#6710,#6720,#6727,#6728));
#6710 = ORIENTED_EDGE('',*,*,#6711,.T.);
#6711 = EDGE_CURVE('',#6712,#6714,#6716,.T.);
#6712 = VERTEX_POINT('',#6713);
#6713 = CARTESIAN_POINT('',(-6.073961100017E+03,-1.98651062026E+03,
    653.46302543111));
#6714 = VERTEX_POINT('',#6715);
#6715 = CARTESIAN_POINT('',(-6.195718157671E+03,-2.07497230073E+03,
    768.96302543111));
#6716 = LINE('',#6717,#6718);
#6717 = CARTESIAN_POINT('',(-6.073961100017E+03,-1.98651062026E+03,
    653.46302543111));
#6718 = VECTOR('',#6719,1.);
#6719 = DIRECTION('',(-0.641800726603,-0.466295522382,0.608818785139));
#6720 = ORIENTED_EDGE('',*,*,#6721,.T.);
#6721 = EDGE_CURVE('',#6714,#6714,#6722,.T.);
#6722 = CIRCLE('',#6723,35.);
#6723 = AXIS2_PLACEMENT_3D('',#6724,#6725,#6726);
#6724 = CARTESIAN_POINT('',(-6.221757057653E+03,-2.06846168047E+03,746.5
    ));
#6725 = DIRECTION('',(-0.641800726603,-0.466295522382,0.608818785139));
#6726 = DIRECTION('',(0.743968570933,-0.186017721723,0.641800726603));
#6727 = ORIENTED_EDGE('',*,*,#6711,.F.);
#6728 = ORIENTED_EDGE('',*,*,#6729,.F.);
#6729 = EDGE_CURVE('',#6712,#6712,#6730,.T.);
#6730 = CIRCLE('',#6731,35.);
#6731 = AXIS2_PLACEMENT_3D('',#6732,#6733,#6734);
#6732 = CARTESIAN_POINT('',(-6.1E+03,-1.98E+03,631.));
#6733 = DIRECTION('',(-0.641800726603,-0.466295522382,0.608818785139));
#6734 = DIRECTION('',(0.743968570933,-0.186017721723,0.641800726603));
#6735 = CYLINDRICAL_SURFACE('',#6736,35.);
#6736 = AXIS2_PLACEMENT_3D('',#6737,#6738,#6739);
#6737 = CARTESIAN_POINT('',(-6.1E+03,-1.98E+03,631.));
#6738 = DIRECTION('',(0.641800726603,0.466295522382,-0.608818785139));
#6739 = DIRECTION('',(0.743968570933,-0.186017721723,0.641800726603));
#6740 = ADVANCED_FACE('',(#6741),#6744,.F.);
#6741 = FACE_BOUND('',#6742,.T.);
#6742 = EDGE_LOOP('',(#6743));
#6743 = ORIENTED_EDGE('',*,*,#6729,.F.);
#6744 = PLANE('',#6745);
#6745 = AXIS2_PLACEMENT_3D('',#6746,#6747,#6748);
#6746 = CARTESIAN_POINT('',(-6.1E+03,-1.98E+03,631.));
#6747 = DIRECTION('',(-0.641800726603,-0.466295522382,0.608818785139));
#6748 = DIRECTION('',(0.743968570933,-0.186017721723,0.641800726603));
#6749 = ADVANCED_FACE('',(#6750),#6753,.T.);
#6750 = FACE_BOUND('',#6751,.F.);
#6751 = EDGE_LOOP('',(#6752));
#6752 = ORIENTED_EDGE('',*,*,#6721,.F.);
#6753 = PLANE('',#6754);
#6754 = AXIS2_PLACEMENT_3D('',#6755,#6756,#6757);
#6755 = CARTESIAN_POINT('',(-6.221757057653E+03,-2.06846168047E+03,746.5
    ));
#6756 = DIRECTION('',(-0.641800726603,-0.466295522382,0.608818785139));
#6757 = DIRECTION('',(0.743968570933,-0.186017721723,0.641800726603));
#6758 = MANIFOLD_SOLID_BREP('',#6759);
#6759 = CLOSED_SHELL('',(#6760,#6793,#6802));
#6760 = ADVANCED_FACE('',(#6761),#6788,.T.);
#6761 = FACE_BOUND('',#6762,.F.);
#6762 = EDGE_LOOP('',(#6763,#6773,#6780,#6781));
#6763 = ORIENTED_EDGE('',*,*,#6764,.T.);
#6764 = EDGE_CURVE('',#6765,#6767,#6769,.T.);
#6765 = VERTEX_POINT('',#6766);
#6766 = CARTESIAN_POINT('',(-6.067241374122E+03,-1.973101759765E+03,
    620.78791342444));
#6767 = VERTEX_POINT('',#6768);
#6768 = CARTESIAN_POINT('',(-6.020734316468E+03,-2.116235765467E+03,
    673.28791342444));
#6769 = LINE('',#6770,#6771);
#6770 = CARTESIAN_POINT('',(-6.067241374122E+03,-1.973101759765E+03,
    620.78791342444));
#6771 = VECTOR('',#6772,1.);
#6772 = DIRECTION('',(0.291773902159,-0.897987735251,0.329372156318));
#6773 = ORIENTED_EDGE('',*,*,#6774,.T.);
#6774 = EDGE_CURVE('',#6767,#6767,#6775,.T.);
#6775 = CIRCLE('',#6776,35.);
#6776 = AXIS2_PLACEMENT_3D('',#6777,#6778,#6779);
#6777 = CARTESIAN_POINT('',(-6.053492942347E+03,-2.123134005702E+03,
    683.5));
#6778 = DIRECTION('',(0.291773902159,-0.897987735251,0.329372156318));
#6779 = DIRECTION('',(0.935960739379,0.197092578146,-0.291773902159));
#6780 = ORIENTED_EDGE('',*,*,#6764,.F.);
#6781 = ORIENTED_EDGE('',*,*,#6782,.F.);
#6782 = EDGE_CURVE('',#6765,#6765,#6783,.T.);
#6783 = CIRCLE('',#6784,35.);
#6784 = AXIS2_PLACEMENT_3D('',#6785,#6786,#6787);
#6785 = CARTESIAN_POINT('',(-6.1E+03,-1.98E+03,631.));
#6786 = DIRECTION('',(0.291773902159,-0.897987735251,0.329372156318));
#6787 = DIRECTION('',(0.935960739379,0.197092578146,-0.291773902159));
#6788 = CYLINDRICAL_SURFACE('',#6789,35.);
#6789 = AXIS2_PLACEMENT_3D('',#6790,#6791,#6792);
#6790 = CARTESIAN_POINT('',(-6.1E+03,-1.98E+03,631.));
#6791 = DIRECTION('',(-0.291773902159,0.897987735251,-0.329372156318));
#6792 = DIRECTION('',(0.935960739379,0.197092578146,-0.291773902159));
#6793 = ADVANCED_FACE('',(#6794),#6797,.F.);
#6794 = FACE_BOUND('',#6795,.T.);
#6795 = EDGE_LOOP('',(#6796));
#6796 = ORIENTED_EDGE('',*,*,#6782,.F.);
#6797 = PLANE('',#6798);
#6798 = AXIS2_PLACEMENT_3D('',#6799,#6800,#6801);
#6799 = CARTESIAN_POINT('',(-6.1E+03,-1.98E+03,631.));
#6800 = DIRECTION('',(0.291773902159,-0.897987735251,0.329372156318));
#6801 = DIRECTION('',(0.935960739379,0.197092578146,-0.291773902159));
#6802 = ADVANCED_FACE('',(#6803),#6806,.T.);
#6803 = FACE_BOUND('',#6804,.F.);
#6804 = EDGE_LOOP('',(#6805));
#6805 = ORIENTED_EDGE('',*,*,#6774,.F.);
#6806 = PLANE('',#6807);
#6807 = AXIS2_PLACEMENT_3D('',#6808,#6809,#6810);
#6808 = CARTESIAN_POINT('',(-6.053492942347E+03,-2.123134005702E+03,
    683.5));
#6809 = DIRECTION('',(0.291773902159,-0.897987735251,0.329372156318));
#6810 = DIRECTION('',(0.935960739379,0.197092578146,-0.291773902159));
#6811 = MANIFOLD_SOLID_BREP('',#6812);
#6812 = CLOSED_SHELL('',(#6813,#6846,#6855));
#6813 = ADVANCED_FACE('',(#6814),#6841,.T.);
#6814 = FACE_BOUND('',#6815,.F.);
#6815 = EDGE_LOOP('',(#6816,#6826,#6833,#6834));
#6816 = ORIENTED_EDGE('',*,*,#6817,.T.);
#6817 = EDGE_CURVE('',#6818,#6820,#6822,.T.);
#6818 = VERTEX_POINT('',#6819);
#6819 = CARTESIAN_POINT('',(-5.005E+03,-900.,2.7038E+03));
#6820 = VERTEX_POINT('',#6821);
#6821 = CARTESIAN_POINT('',(-5.005E+03,-900.,2.8038E+03));
#6822 = LINE('',#6823,#6824);
#6823 = CARTESIAN_POINT('',(-5.005E+03,-900.,2.7038E+03));
#6824 = VECTOR('',#6825,1.);
#6825 = DIRECTION('',(0.,0.,1.));
#6826 = ORIENTED_EDGE('',*,*,#6827,.T.);
#6827 = EDGE_CURVE('',#6820,#6820,#6828,.T.);
#6828 = CIRCLE('',#6829,95.);
#6829 = AXIS2_PLACEMENT_3D('',#6830,#6831,#6832);
#6830 = CARTESIAN_POINT('',(-5.1E+03,-900.,2.8038E+03));
#6831 = DIRECTION('',(0.,0.,1.));
#6832 = DIRECTION('',(1.,0.,0.));
#6833 = ORIENTED_EDGE('',*,*,#6817,.F.);
#6834 = ORIENTED_EDGE('',*,*,#6835,.F.);
#6835 = EDGE_CURVE('',#6818,#6818,#6836,.T.);
#6836 = CIRCLE('',#6837,95.);
#6837 = AXIS2_PLACEMENT_3D('',#6838,#6839,#6840);
#6838 = CARTESIAN_POINT('',(-5.1E+03,-900.,2.7038E+03));
#6839 = DIRECTION('',(0.,0.,1.));
#6840 = DIRECTION('',(1.,0.,0.));
#6841 = CYLINDRICAL_SURFACE('',#6842,95.);
#6842 = AXIS2_PLACEMENT_3D('',#6843,#6844,#6845);
#6843 = CARTESIAN_POINT('',(-5.1E+03,-900.,2.7038E+03));
#6844 = DIRECTION('',(-0.,-0.,-1.));
#6845 = DIRECTION('',(1.,0.,0.));
#6846 = ADVANCED_FACE('',(#6847),#6850,.F.);
#6847 = FACE_BOUND('',#6848,.T.);
#6848 = EDGE_LOOP('',(#6849));
#6849 = ORIENTED_EDGE('',*,*,#6835,.F.);
#6850 = PLANE('',#6851);
#6851 = AXIS2_PLACEMENT_3D('',#6852,#6853,#6854);
#6852 = CARTESIAN_POINT('',(-5.1E+03,-900.,2.7038E+03));
#6853 = DIRECTION('',(0.,0.,1.));
#6854 = DIRECTION('',(1.,0.,0.));
#6855 = ADVANCED_FACE('',(#6856),#6859,.T.);
#6856 = FACE_BOUND('',#6857,.F.);
#6857 = EDGE_LOOP('',(#6858));
#6858 = ORIENTED_EDGE('',*,*,#6827,.F.);
#6859 = PLANE('',#6860);
#6860 = AXIS2_PLACEMENT_3D('',#6861,#6862,#6863);
#6861 = CARTESIAN_POINT('',(-5.1E+03,-900.,2.8038E+03));
#6862 = DIRECTION('',(0.,0.,1.));
#6863 = DIRECTION('',(1.,0.,0.));
#6864 = MANIFOLD_SOLID_BREP('',#6865);
#6865 = CLOSED_SHELL('',(#6866,#6899,#6908));
#6866 = ADVANCED_FACE('',(#6867),#6894,.T.);
#6867 = FACE_BOUND('',#6868,.F.);
#6868 = EDGE_LOOP('',(#6869,#6879,#6886,#6887));
#6869 = ORIENTED_EDGE('',*,*,#6870,.T.);
#6870 = EDGE_CURVE('',#6871,#6873,#6875,.T.);
#6871 = VERTEX_POINT('',#6872);
#6872 = CARTESIAN_POINT('',(-5.086E+03,-900.,2.8038E+03));
#6873 = VERTEX_POINT('',#6874);
#6874 = CARTESIAN_POINT('',(-5.086E+03,-900.,3.3288E+03));
#6875 = LINE('',#6876,#6877);
#6876 = CARTESIAN_POINT('',(-5.086E+03,-900.,2.8038E+03));
#6877 = VECTOR('',#6878,1.);
#6878 = DIRECTION('',(0.,0.,1.));
#6879 = ORIENTED_EDGE('',*,*,#6880,.T.);
#6880 = EDGE_CURVE('',#6873,#6873,#6881,.T.);
#6881 = CIRCLE('',#6882,14.);
#6882 = AXIS2_PLACEMENT_3D('',#6883,#6884,#6885);
#6883 = CARTESIAN_POINT('',(-5.1E+03,-900.,3.3288E+03));
#6884 = DIRECTION('',(0.,0.,1.));
#6885 = DIRECTION('',(1.,0.,0.));
#6886 = ORIENTED_EDGE('',*,*,#6870,.F.);
#6887 = ORIENTED_EDGE('',*,*,#6888,.F.);
#6888 = EDGE_CURVE('',#6871,#6871,#6889,.T.);
#6889 = CIRCLE('',#6890,14.);
#6890 = AXIS2_PLACEMENT_3D('',#6891,#6892,#6893);
#6891 = CARTESIAN_POINT('',(-5.1E+03,-900.,2.8038E+03));
#6892 = DIRECTION('',(0.,0.,1.));
#6893 = DIRECTION('',(1.,0.,0.));
#6894 = CYLINDRICAL_SURFACE('',#6895,14.);
#6895 = AXIS2_PLACEMENT_3D('',#6896,#6897,#6898);
#6896 = CARTESIAN_POINT('',(-5.1E+03,-900.,2.8038E+03));
#6897 = DIRECTION('',(-0.,-0.,-1.));
#6898 = DIRECTION('',(1.,0.,0.));
#6899 = ADVANCED_FACE('',(#6900),#6903,.F.);
#6900 = FACE_BOUND('',#6901,.T.);
#6901 = EDGE_LOOP('',(#6902));
#6902 = ORIENTED_EDGE('',*,*,#6888,.F.);
#6903 = PLANE('',#6904);
#6904 = AXIS2_PLACEMENT_3D('',#6905,#6906,#6907);
#6905 = CARTESIAN_POINT('',(-5.1E+03,-900.,2.8038E+03));
#6906 = DIRECTION('',(0.,0.,1.));
#6907 = DIRECTION('',(1.,0.,0.));
#6908 = ADVANCED_FACE('',(#6909),#6912,.T.);
#6909 = FACE_BOUND('',#6910,.F.);
#6910 = EDGE_LOOP('',(#6911));
#6911 = ORIENTED_EDGE('',*,*,#6880,.F.);
#6912 = PLANE('',#6913);
#6913 = AXIS2_PLACEMENT_3D('',#6914,#6915,#6916);
#6914 = CARTESIAN_POINT('',(-5.1E+03,-900.,3.3288E+03));
#6915 = DIRECTION('',(0.,0.,1.));
#6916 = DIRECTION('',(1.,0.,0.));
#6917 = MANIFOLD_SOLID_BREP('',#6918);
#6918 = CLOSED_SHELL('',(#6919,#6952,#6961));
#6919 = ADVANCED_FACE('',(#6920),#6947,.T.);
#6920 = FACE_BOUND('',#6921,.F.);
#6921 = EDGE_LOOP('',(#6922,#6932,#6939,#6940));
#6922 = ORIENTED_EDGE('',*,*,#6923,.T.);
#6923 = EDGE_CURVE('',#6924,#6926,#6928,.T.);
#6924 = VERTEX_POINT('',#6925);
#6925 = CARTESIAN_POINT('',(-5.02E+03,-900.,3.3288E+03));
#6926 = VERTEX_POINT('',#6927);
#6927 = CARTESIAN_POINT('',(-5.02E+03,-900.,3.3538E+03));
#6928 = LINE('',#6929,#6930);
#6929 = CARTESIAN_POINT('',(-5.02E+03,-900.,3.3288E+03));
#6930 = VECTOR('',#6931,1.);
#6931 = DIRECTION('',(0.,0.,1.));
#6932 = ORIENTED_EDGE('',*,*,#6933,.T.);
#6933 = EDGE_CURVE('',#6926,#6926,#6934,.T.);
#6934 = CIRCLE('',#6935,80.);
#6935 = AXIS2_PLACEMENT_3D('',#6936,#6937,#6938);
#6936 = CARTESIAN_POINT('',(-5.1E+03,-900.,3.3538E+03));
#6937 = DIRECTION('',(0.,0.,1.));
#6938 = DIRECTION('',(1.,0.,0.));
#6939 = ORIENTED_EDGE('',*,*,#6923,.F.);
#6940 = ORIENTED_EDGE('',*,*,#6941,.F.);
#6941 = EDGE_CURVE('',#6924,#6924,#6942,.T.);
#6942 = CIRCLE('',#6943,80.);
#6943 = AXIS2_PLACEMENT_3D('',#6944,#6945,#6946);
#6944 = CARTESIAN_POINT('',(-5.1E+03,-900.,3.3288E+03));
#6945 = DIRECTION('',(0.,0.,1.));
#6946 = DIRECTION('',(1.,0.,0.));
#6947 = CYLINDRICAL_SURFACE('',#6948,80.);
#6948 = AXIS2_PLACEMENT_3D('',#6949,#6950,#6951);
#6949 = CARTESIAN_POINT('',(-5.1E+03,-900.,3.3288E+03));
#6950 = DIRECTION('',(-0.,-0.,-1.));
#6951 = DIRECTION('',(1.,0.,0.));
#6952 = ADVANCED_FACE('',(#6953),#6956,.F.);
#6953 = FACE_BOUND('',#6954,.T.);
#6954 = EDGE_LOOP('',(#6955));
#6955 = ORIENTED_EDGE('',*,*,#6941,.F.);
#6956 = PLANE('',#6957);
#6957 = AXIS2_PLACEMENT_3D('',#6958,#6959,#6960);
#6958 = CARTESIAN_POINT('',(-5.1E+03,-900.,3.3288E+03));
#6959 = DIRECTION('',(0.,0.,1.));
#6960 = DIRECTION('',(1.,0.,0.));
#6961 = ADVANCED_FACE('',(#6962),#6965,.T.);
#6962 = FACE_BOUND('',#6963,.F.);
#6963 = EDGE_LOOP('',(#6964));
#6964 = ORIENTED_EDGE('',*,*,#6933,.F.);
#6965 = PLANE('',#6966);
#6966 = AXIS2_PLACEMENT_3D('',#6967,#6968,#6969);
#6967 = CARTESIAN_POINT('',(-5.1E+03,-900.,3.3538E+03));
#6968 = DIRECTION('',(0.,0.,1.));
#6969 = DIRECTION('',(1.,0.,0.));
#6970 = MANIFOLD_SOLID_BREP('',#6971);
#6971 = CLOSED_SHELL('',(#6972,#7012,#7052,#7074,#7096,#7108));
#6972 = ADVANCED_FACE('',(#6973),#7007,.F.);
#6973 = FACE_BOUND('',#6974,.F.);
#6974 = EDGE_LOOP('',(#6975,#6985,#6993,#7001));
#6975 = ORIENTED_EDGE('',*,*,#6976,.F.);
#6976 = EDGE_CURVE('',#6977,#6979,#6981,.T.);
#6977 = VERTEX_POINT('',#6978);
#6978 = CARTESIAN_POINT('',(-5.02E+03,-960.,2.7488E+03));
#6979 = VERTEX_POINT('',#6980);
#6980 = CARTESIAN_POINT('',(-5.02E+03,-960.,2.7668E+03));
#6981 = LINE('',#6982,#6983);
#6982 = CARTESIAN_POINT('',(-5.02E+03,-960.,2.7488E+03));
#6983 = VECTOR('',#6984,1.);
#6984 = DIRECTION('',(0.,0.,1.));
#6985 = ORIENTED_EDGE('',*,*,#6986,.T.);
#6986 = EDGE_CURVE('',#6977,#6987,#6989,.T.);
#6987 = VERTEX_POINT('',#6988);
#6988 = CARTESIAN_POINT('',(-5.02E+03,-840.,2.7488E+03));
#6989 = LINE('',#6990,#6991);
#6990 = CARTESIAN_POINT('',(-5.02E+03,-960.,2.7488E+03));
#6991 = VECTOR('',#6992,1.);
#6992 = DIRECTION('',(0.,1.,0.));
#6993 = ORIENTED_EDGE('',*,*,#6994,.T.);
#6994 = EDGE_CURVE('',#6987,#6995,#6997,.T.);
#6995 = VERTEX_POINT('',#6996);
#6996 = CARTESIAN_POINT('',(-5.02E+03,-840.,2.7668E+03));
#6997 = LINE('',#6998,#6999);
#6998 = CARTESIAN_POINT('',(-5.02E+03,-840.,2.7488E+03));
#6999 = VECTOR('',#7000,1.);
#7000 = DIRECTION('',(0.,0.,1.));
#7001 = ORIENTED_EDGE('',*,*,#7002,.F.);
#7002 = EDGE_CURVE('',#6979,#6995,#7003,.T.);
#7003 = LINE('',#7004,#7005);
#7004 = CARTESIAN_POINT('',(-5.02E+03,-960.,2.7668E+03));
#7005 = VECTOR('',#7006,1.);
#7006 = DIRECTION('',(0.,1.,0.));
#7007 = PLANE('',#7008);
#7008 = AXIS2_PLACEMENT_3D('',#7009,#7010,#7011);
#7009 = CARTESIAN_POINT('',(-5.02E+03,-960.,2.7488E+03));
#7010 = DIRECTION('',(1.,0.,0.));
#7011 = DIRECTION('',(0.,0.,1.));
#7012 = ADVANCED_FACE('',(#7013),#7047,.T.);
#7013 = FACE_BOUND('',#7014,.T.);
#7014 = EDGE_LOOP('',(#7015,#7025,#7033,#7041));
#7015 = ORIENTED_EDGE('',*,*,#7016,.F.);
#7016 = EDGE_CURVE('',#7017,#7019,#7021,.T.);
#7017 = VERTEX_POINT('',#7018);
#7018 = CARTESIAN_POINT('',(-4.452775154989E+03,-960.,2.7488E+03));
#7019 = VERTEX_POINT('',#7020);
#7020 = CARTESIAN_POINT('',(-4.452775154989E+03,-960.,2.7668E+03));
#7021 = LINE('',#7022,#7023);
#7022 = CARTESIAN_POINT('',(-4.452775154989E+03,-960.,2.7488E+03));
#7023 = VECTOR('',#7024,1.);
#7024 = DIRECTION('',(0.,0.,1.));
#7025 = ORIENTED_EDGE('',*,*,#7026,.T.);
#7026 = EDGE_CURVE('',#7017,#7027,#7029,.T.);
#7027 = VERTEX_POINT('',#7028);
#7028 = CARTESIAN_POINT('',(-4.452775154989E+03,-840.,2.7488E+03));
#7029 = LINE('',#7030,#7031);
#7030 = CARTESIAN_POINT('',(-4.452775154989E+03,-960.,2.7488E+03));
#7031 = VECTOR('',#7032,1.);
#7032 = DIRECTION('',(0.,1.,0.));
#7033 = ORIENTED_EDGE('',*,*,#7034,.T.);
#7034 = EDGE_CURVE('',#7027,#7035,#7037,.T.);
#7035 = VERTEX_POINT('',#7036);
#7036 = CARTESIAN_POINT('',(-4.452775154989E+03,-840.,2.7668E+03));
#7037 = LINE('',#7038,#7039);
#7038 = CARTESIAN_POINT('',(-4.452775154989E+03,-840.,2.7488E+03));
#7039 = VECTOR('',#7040,1.);
#7040 = DIRECTION('',(0.,0.,1.));
#7041 = ORIENTED_EDGE('',*,*,#7042,.F.);
#7042 = EDGE_CURVE('',#7019,#7035,#7043,.T.);
#7043 = LINE('',#7044,#7045);
#7044 = CARTESIAN_POINT('',(-4.452775154989E+03,-960.,2.7668E+03));
#7045 = VECTOR('',#7046,1.);
#7046 = DIRECTION('',(0.,1.,0.));
#7047 = PLANE('',#7048);
#7048 = AXIS2_PLACEMENT_3D('',#7049,#7050,#7051);
#7049 = CARTESIAN_POINT('',(-4.452775154989E+03,-960.,2.7488E+03));
#7050 = DIRECTION('',(1.,0.,0.));
#7051 = DIRECTION('',(0.,0.,1.));
#7052 = ADVANCED_FACE('',(#7053),#7069,.F.);
#7053 = FACE_BOUND('',#7054,.F.);
#7054 = EDGE_LOOP('',(#7055,#7061,#7062,#7068));
#7055 = ORIENTED_EDGE('',*,*,#7056,.F.);
#7056 = EDGE_CURVE('',#6977,#7017,#7057,.T.);
#7057 = LINE('',#7058,#7059);
#7058 = CARTESIAN_POINT('',(-5.02E+03,-960.,2.7488E+03));
#7059 = VECTOR('',#7060,1.);
#7060 = DIRECTION('',(1.,0.,0.));
#7061 = ORIENTED_EDGE('',*,*,#6976,.T.);
#7062 = ORIENTED_EDGE('',*,*,#7063,.T.);
#7063 = EDGE_CURVE('',#6979,#7019,#7064,.T.);
#7064 = LINE('',#7065,#7066);
#7065 = CARTESIAN_POINT('',(-5.02E+03,-960.,2.7668E+03));
#7066 = VECTOR('',#7067,1.);
#7067 = DIRECTION('',(1.,0.,0.));
#7068 = ORIENTED_EDGE('',*,*,#7016,.F.);
#7069 = PLANE('',#7070);
#7070 = AXIS2_PLACEMENT_3D('',#7071,#7072,#7073);
#7071 = CARTESIAN_POINT('',(-5.02E+03,-960.,2.7488E+03));
#7072 = DIRECTION('',(0.,1.,0.));
#7073 = DIRECTION('',(0.,0.,1.));
#7074 = ADVANCED_FACE('',(#7075),#7091,.T.);
#7075 = FACE_BOUND('',#7076,.T.);
#7076 = EDGE_LOOP('',(#7077,#7083,#7084,#7090));
#7077 = ORIENTED_EDGE('',*,*,#7078,.F.);
#7078 = EDGE_CURVE('',#6987,#7027,#7079,.T.);
#7079 = LINE('',#7080,#7081);
#7080 = CARTESIAN_POINT('',(-5.02E+03,-840.,2.7488E+03));
#7081 = VECTOR('',#7082,1.);
#7082 = DIRECTION('',(1.,0.,0.));
#7083 = ORIENTED_EDGE('',*,*,#6994,.T.);
#7084 = ORIENTED_EDGE('',*,*,#7085,.T.);
#7085 = EDGE_CURVE('',#6995,#7035,#7086,.T.);
#7086 = LINE('',#7087,#7088);
#7087 = CARTESIAN_POINT('',(-5.02E+03,-840.,2.7668E+03));
#7088 = VECTOR('',#7089,1.);
#7089 = DIRECTION('',(1.,0.,0.));
#7090 = ORIENTED_EDGE('',*,*,#7034,.F.);
#7091 = PLANE('',#7092);
#7092 = AXIS2_PLACEMENT_3D('',#7093,#7094,#7095);
#7093 = CARTESIAN_POINT('',(-5.02E+03,-840.,2.7488E+03));
#7094 = DIRECTION('',(0.,1.,0.));
#7095 = DIRECTION('',(0.,0.,1.));
#7096 = ADVANCED_FACE('',(#7097),#7103,.F.);
#7097 = FACE_BOUND('',#7098,.F.);
#7098 = EDGE_LOOP('',(#7099,#7100,#7101,#7102));
#7099 = ORIENTED_EDGE('',*,*,#6986,.F.);
#7100 = ORIENTED_EDGE('',*,*,#7056,.T.);
#7101 = ORIENTED_EDGE('',*,*,#7026,.T.);
#7102 = ORIENTED_EDGE('',*,*,#7078,.F.);
#7103 = PLANE('',#7104);
#7104 = AXIS2_PLACEMENT_3D('',#7105,#7106,#7107);
#7105 = CARTESIAN_POINT('',(-5.02E+03,-960.,2.7488E+03));
#7106 = DIRECTION('',(0.,0.,1.));
#7107 = DIRECTION('',(1.,0.,0.));
#7108 = ADVANCED_FACE('',(#7109),#7115,.T.);
#7109 = FACE_BOUND('',#7110,.T.);
#7110 = EDGE_LOOP('',(#7111,#7112,#7113,#7114));
#7111 = ORIENTED_EDGE('',*,*,#7002,.F.);
#7112 = ORIENTED_EDGE('',*,*,#7063,.T.);
#7113 = ORIENTED_EDGE('',*,*,#7042,.T.);
#7114 = ORIENTED_EDGE('',*,*,#7085,.F.);
#7115 = PLANE('',#7116);
#7116 = AXIS2_PLACEMENT_3D('',#7117,#7118,#7119);
#7117 = CARTESIAN_POINT('',(-5.02E+03,-960.,2.7668E+03));
#7118 = DIRECTION('',(0.,0.,1.));
#7119 = DIRECTION('',(1.,0.,0.));
#7120 = MANIFOLD_SOLID_BREP('',#7121);
#7121 = CLOSED_SHELL('',(#7122,#7162,#7202,#7224,#7246,#7258));
#7122 = ADVANCED_FACE('',(#7123),#7157,.F.);
#7123 = FACE_BOUND('',#7124,.F.);
#7124 = EDGE_LOOP('',(#7125,#7135,#7143,#7151));
#7125 = ORIENTED_EDGE('',*,*,#7126,.F.);
#7126 = EDGE_CURVE('',#7127,#7129,#7131,.T.);
#7127 = VERTEX_POINT('',#7128);
#7128 = CARTESIAN_POINT('',(-5.088038475773E+03,-800.7179676972,
    2.7488E+03));
#7129 = VERTEX_POINT('',#7130);
#7130 = CARTESIAN_POINT('',(-5.088038475773E+03,-800.7179676972,
    2.7668E+03));
#7131 = LINE('',#7132,#7133);
#7132 = CARTESIAN_POINT('',(-5.088038475773E+03,-800.7179676972,
    2.7488E+03));
#7133 = VECTOR('',#7134,1.);
#7134 = DIRECTION('',(0.,0.,1.));
#7135 = ORIENTED_EDGE('',*,*,#7136,.T.);
#7136 = EDGE_CURVE('',#7127,#7137,#7139,.T.);
#7137 = VERTEX_POINT('',#7138);
#7138 = CARTESIAN_POINT('',(-5.191961524227E+03,-860.7179676972,
    2.7488E+03));
#7139 = LINE('',#7140,#7141);
#7140 = CARTESIAN_POINT('',(-5.088038475773E+03,-800.7179676972,
    2.7488E+03));
#7141 = VECTOR('',#7142,1.);
#7142 = DIRECTION('',(-0.866025403784,-0.5,0.));
#7143 = ORIENTED_EDGE('',*,*,#7144,.T.);
#7144 = EDGE_CURVE('',#7137,#7145,#7147,.T.);
#7145 = VERTEX_POINT('',#7146);
#7146 = CARTESIAN_POINT('',(-5.191961524227E+03,-860.7179676972,
    2.7668E+03));
#7147 = LINE('',#7148,#7149);
#7148 = CARTESIAN_POINT('',(-5.191961524227E+03,-860.7179676972,
    2.7488E+03));
#7149 = VECTOR('',#7150,1.);
#7150 = DIRECTION('',(0.,0.,1.));
#7151 = ORIENTED_EDGE('',*,*,#7152,.F.);
#7152 = EDGE_CURVE('',#7129,#7145,#7153,.T.);
#7153 = LINE('',#7154,#7155);
#7154 = CARTESIAN_POINT('',(-5.088038475773E+03,-800.7179676972,
    2.7668E+03));
#7155 = VECTOR('',#7156,1.);
#7156 = DIRECTION('',(-0.866025403784,-0.5,0.));
#7157 = PLANE('',#7158);
#7158 = AXIS2_PLACEMENT_3D('',#7159,#7160,#7161);
#7159 = CARTESIAN_POINT('',(-5.088038475773E+03,-800.7179676972,
    2.7488E+03));
#7160 = DIRECTION('',(-0.5,0.866025403784,0.));
#7161 = DIRECTION('',(0.,0.,1.));
#7162 = ADVANCED_FACE('',(#7163),#7197,.T.);
#7163 = FACE_BOUND('',#7164,.T.);
#7164 = EDGE_LOOP('',(#7165,#7175,#7183,#7191));
#7165 = ORIENTED_EDGE('',*,*,#7166,.F.);
#7166 = EDGE_CURVE('',#7167,#7169,#7171,.T.);
#7167 = VERTEX_POINT('',#7168);
#7168 = CARTESIAN_POINT('',(-5.371650898279E+03,-309.4868422597,
    2.7488E+03));
#7169 = VERTEX_POINT('',#7170);
#7170 = CARTESIAN_POINT('',(-5.371650898279E+03,-309.4868422597,
    2.7668E+03));
#7171 = LINE('',#7172,#7173);
#7172 = CARTESIAN_POINT('',(-5.371650898279E+03,-309.4868422597,
    2.7488E+03));
#7173 = VECTOR('',#7174,1.);
#7174 = DIRECTION('',(0.,0.,1.));
#7175 = ORIENTED_EDGE('',*,*,#7176,.T.);
#7176 = EDGE_CURVE('',#7167,#7177,#7179,.T.);
#7177 = VERTEX_POINT('',#7178);
#7178 = CARTESIAN_POINT('',(-5.475573946733E+03,-369.4868422597,
    2.7488E+03));
#7179 = LINE('',#7180,#7181);
#7180 = CARTESIAN_POINT('',(-5.371650898279E+03,-309.4868422597,
    2.7488E+03));
#7181 = VECTOR('',#7182,1.);
#7182 = DIRECTION('',(-0.866025403784,-0.5,0.));
#7183 = ORIENTED_EDGE('',*,*,#7184,.T.);
#7184 = EDGE_CURVE('',#7177,#7185,#7187,.T.);
#7185 = VERTEX_POINT('',#7186);
#7186 = CARTESIAN_POINT('',(-5.475573946733E+03,-369.4868422597,
    2.7668E+03));
#7187 = LINE('',#7188,#7189);
#7188 = CARTESIAN_POINT('',(-5.475573946733E+03,-369.4868422597,
    2.7488E+03));
#7189 = VECTOR('',#7190,1.);
#7190 = DIRECTION('',(0.,0.,1.));
#7191 = ORIENTED_EDGE('',*,*,#7192,.F.);
#7192 = EDGE_CURVE('',#7169,#7185,#7193,.T.);
#7193 = LINE('',#7194,#7195);
#7194 = CARTESIAN_POINT('',(-5.371650898279E+03,-309.4868422597,
    2.7668E+03));
#7195 = VECTOR('',#7196,1.);
#7196 = DIRECTION('',(-0.866025403784,-0.5,0.));
#7197 = PLANE('',#7198);
#7198 = AXIS2_PLACEMENT_3D('',#7199,#7200,#7201);
#7199 = CARTESIAN_POINT('',(-5.371650898279E+03,-309.4868422597,
    2.7488E+03));
#7200 = DIRECTION('',(-0.5,0.866025403784,0.));
#7201 = DIRECTION('',(0.,0.,1.));
#7202 = ADVANCED_FACE('',(#7203),#7219,.F.);
#7203 = FACE_BOUND('',#7204,.F.);
#7204 = EDGE_LOOP('',(#7205,#7211,#7212,#7218));
#7205 = ORIENTED_EDGE('',*,*,#7206,.F.);
#7206 = EDGE_CURVE('',#7127,#7167,#7207,.T.);
#7207 = LINE('',#7208,#7209);
#7208 = CARTESIAN_POINT('',(-5.088038475773E+03,-800.7179676972,
    2.7488E+03));
#7209 = VECTOR('',#7210,1.);
#7210 = DIRECTION('',(-0.5,0.866025403784,0.));
#7211 = ORIENTED_EDGE('',*,*,#7126,.T.);
#7212 = ORIENTED_EDGE('',*,*,#7213,.T.);
#7213 = EDGE_CURVE('',#7129,#7169,#7214,.T.);
#7214 = LINE('',#7215,#7216);
#7215 = CARTESIAN_POINT('',(-5.088038475773E+03,-800.7179676972,
    2.7668E+03));
#7216 = VECTOR('',#7217,1.);
#7217 = DIRECTION('',(-0.5,0.866025403784,0.));
#7218 = ORIENTED_EDGE('',*,*,#7166,.F.);
#7219 = PLANE('',#7220);
#7220 = AXIS2_PLACEMENT_3D('',#7221,#7222,#7223);
#7221 = CARTESIAN_POINT('',(-5.088038475773E+03,-800.7179676972,
    2.7488E+03));
#7222 = DIRECTION('',(-0.866025403784,-0.5,0.));
#7223 = DIRECTION('',(0.,0.,1.));
#7224 = ADVANCED_FACE('',(#7225),#7241,.T.);
#7225 = FACE_BOUND('',#7226,.T.);
#7226 = EDGE_LOOP('',(#7227,#7233,#7234,#7240));
#7227 = ORIENTED_EDGE('',*,*,#7228,.F.);
#7228 = EDGE_CURVE('',#7137,#7177,#7229,.T.);
#7229 = LINE('',#7230,#7231);
#7230 = CARTESIAN_POINT('',(-5.191961524227E+03,-860.7179676972,
    2.7488E+03));
#7231 = VECTOR('',#7232,1.);
#7232 = DIRECTION('',(-0.5,0.866025403784,0.));
#7233 = ORIENTED_EDGE('',*,*,#7144,.T.);
#7234 = ORIENTED_EDGE('',*,*,#7235,.T.);
#7235 = EDGE_CURVE('',#7145,#7185,#7236,.T.);
#7236 = LINE('',#7237,#7238);
#7237 = CARTESIAN_POINT('',(-5.191961524227E+03,-860.7179676972,
    2.7668E+03));
#7238 = VECTOR('',#7239,1.);
#7239 = DIRECTION('',(-0.5,0.866025403784,0.));
#7240 = ORIENTED_EDGE('',*,*,#7184,.F.);
#7241 = PLANE('',#7242);
#7242 = AXIS2_PLACEMENT_3D('',#7243,#7244,#7245);
#7243 = CARTESIAN_POINT('',(-5.191961524227E+03,-860.7179676972,
    2.7488E+03));
#7244 = DIRECTION('',(-0.866025403784,-0.5,0.));
#7245 = DIRECTION('',(0.,0.,1.));
#7246 = ADVANCED_FACE('',(#7247),#7253,.F.);
#7247 = FACE_BOUND('',#7248,.F.);
#7248 = EDGE_LOOP('',(#7249,#7250,#7251,#7252));
#7249 = ORIENTED_EDGE('',*,*,#7136,.F.);
#7250 = ORIENTED_EDGE('',*,*,#7206,.T.);
#7251 = ORIENTED_EDGE('',*,*,#7176,.T.);
#7252 = ORIENTED_EDGE('',*,*,#7228,.F.);
#7253 = PLANE('',#7254);
#7254 = AXIS2_PLACEMENT_3D('',#7255,#7256,#7257);
#7255 = CARTESIAN_POINT('',(-5.088038475773E+03,-800.7179676972,
    2.7488E+03));
#7256 = DIRECTION('',(0.,0.,1.));
#7257 = DIRECTION('',(-0.5,0.866025403784,0.));
#7258 = ADVANCED_FACE('',(#7259),#7265,.T.);
#7259 = FACE_BOUND('',#7260,.T.);
#7260 = EDGE_LOOP('',(#7261,#7262,#7263,#7264));
#7261 = ORIENTED_EDGE('',*,*,#7152,.F.);
#7262 = ORIENTED_EDGE('',*,*,#7213,.T.);
#7263 = ORIENTED_EDGE('',*,*,#7192,.T.);
#7264 = ORIENTED_EDGE('',*,*,#7235,.F.);
#7265 = PLANE('',#7266);
#7266 = AXIS2_PLACEMENT_3D('',#7267,#7268,#7269);
#7267 = CARTESIAN_POINT('',(-5.088038475773E+03,-800.7179676972,
    2.7668E+03));
#7268 = DIRECTION('',(0.,0.,1.));
#7269 = DIRECTION('',(-0.5,0.866025403784,0.));
#7270 = MANIFOLD_SOLID_BREP('',#7271);
#7271 = CLOSED_SHELL('',(#7272,#7312,#7352,#7374,#7396,#7408));
#7272 = ADVANCED_FACE('',(#7273),#7307,.F.);
#7273 = FACE_BOUND('',#7274,.F.);
#7274 = EDGE_LOOP('',(#7275,#7285,#7293,#7301));
#7275 = ORIENTED_EDGE('',*,*,#7276,.F.);
#7276 = EDGE_CURVE('',#7277,#7279,#7281,.T.);
#7277 = VERTEX_POINT('',#7278);
#7278 = CARTESIAN_POINT('',(-5.191961524227E+03,-939.2820323027,
    2.7488E+03));
#7279 = VERTEX_POINT('',#7280);
#7280 = CARTESIAN_POINT('',(-5.191961524227E+03,-939.2820323027,
    2.7668E+03));
#7281 = LINE('',#7282,#7283);
#7282 = CARTESIAN_POINT('',(-5.191961524227E+03,-939.2820323027,
    2.7488E+03));
#7283 = VECTOR('',#7284,1.);
#7284 = DIRECTION('',(0.,0.,1.));
#7285 = ORIENTED_EDGE('',*,*,#7286,.T.);
#7286 = EDGE_CURVE('',#7277,#7287,#7289,.T.);
#7287 = VERTEX_POINT('',#7288);
#7288 = CARTESIAN_POINT('',(-5.088038475773E+03,-999.2820323027,
    2.7488E+03));
#7289 = LINE('',#7290,#7291);
#7290 = CARTESIAN_POINT('',(-5.191961524227E+03,-939.2820323027,
    2.7488E+03));
#7291 = VECTOR('',#7292,1.);
#7292 = DIRECTION('',(0.866025403784,-0.5,0.));
#7293 = ORIENTED_EDGE('',*,*,#7294,.T.);
#7294 = EDGE_CURVE('',#7287,#7295,#7297,.T.);
#7295 = VERTEX_POINT('',#7296);
#7296 = CARTESIAN_POINT('',(-5.088038475773E+03,-999.2820323027,
    2.7668E+03));
#7297 = LINE('',#7298,#7299);
#7298 = CARTESIAN_POINT('',(-5.088038475773E+03,-999.2820323027,
    2.7488E+03));
#7299 = VECTOR('',#7300,1.);
#7300 = DIRECTION('',(0.,0.,1.));
#7301 = ORIENTED_EDGE('',*,*,#7302,.F.);
#7302 = EDGE_CURVE('',#7279,#7295,#7303,.T.);
#7303 = LINE('',#7304,#7305);
#7304 = CARTESIAN_POINT('',(-5.191961524227E+03,-939.2820323027,
    2.7668E+03));
#7305 = VECTOR('',#7306,1.);
#7306 = DIRECTION('',(0.866025403784,-0.5,0.));
#7307 = PLANE('',#7308);
#7308 = AXIS2_PLACEMENT_3D('',#7309,#7310,#7311);
#7309 = CARTESIAN_POINT('',(-5.191961524227E+03,-939.2820323027,
    2.7488E+03));
#7310 = DIRECTION('',(-0.5,-0.866025403784,0.));
#7311 = DIRECTION('',(0.,0.,1.));
#7312 = ADVANCED_FACE('',(#7313),#7347,.T.);
#7313 = FACE_BOUND('',#7314,.T.);
#7314 = EDGE_LOOP('',(#7315,#7325,#7333,#7341));
#7315 = ORIENTED_EDGE('',*,*,#7316,.F.);
#7316 = EDGE_CURVE('',#7317,#7319,#7321,.T.);
#7317 = VERTEX_POINT('',#7318);
#7318 = CARTESIAN_POINT('',(-5.475573946733E+03,-1.43051315774E+03,
    2.7488E+03));
#7319 = VERTEX_POINT('',#7320);
#7320 = CARTESIAN_POINT('',(-5.475573946733E+03,-1.43051315774E+03,
    2.7668E+03));
#7321 = LINE('',#7322,#7323);
#7322 = CARTESIAN_POINT('',(-5.475573946733E+03,-1.43051315774E+03,
    2.7488E+03));
#7323 = VECTOR('',#7324,1.);
#7324 = DIRECTION('',(0.,0.,1.));
#7325 = ORIENTED_EDGE('',*,*,#7326,.T.);
#7326 = EDGE_CURVE('',#7317,#7327,#7329,.T.);
#7327 = VERTEX_POINT('',#7328);
#7328 = CARTESIAN_POINT('',(-5.371650898279E+03,-1.49051315774E+03,
    2.7488E+03));
#7329 = LINE('',#7330,#7331);
#7330 = CARTESIAN_POINT('',(-5.475573946733E+03,-1.43051315774E+03,
    2.7488E+03));
#7331 = VECTOR('',#7332,1.);
#7332 = DIRECTION('',(0.866025403784,-0.5,0.));
#7333 = ORIENTED_EDGE('',*,*,#7334,.T.);
#7334 = EDGE_CURVE('',#7327,#7335,#7337,.T.);
#7335 = VERTEX_POINT('',#7336);
#7336 = CARTESIAN_POINT('',(-5.371650898279E+03,-1.49051315774E+03,
    2.7668E+03));
#7337 = LINE('',#7338,#7339);
#7338 = CARTESIAN_POINT('',(-5.371650898279E+03,-1.49051315774E+03,
    2.7488E+03));
#7339 = VECTOR('',#7340,1.);
#7340 = DIRECTION('',(0.,0.,1.));
#7341 = ORIENTED_EDGE('',*,*,#7342,.F.);
#7342 = EDGE_CURVE('',#7319,#7335,#7343,.T.);
#7343 = LINE('',#7344,#7345);
#7344 = CARTESIAN_POINT('',(-5.475573946733E+03,-1.43051315774E+03,
    2.7668E+03));
#7345 = VECTOR('',#7346,1.);
#7346 = DIRECTION('',(0.866025403784,-0.5,0.));
#7347 = PLANE('',#7348);
#7348 = AXIS2_PLACEMENT_3D('',#7349,#7350,#7351);
#7349 = CARTESIAN_POINT('',(-5.475573946733E+03,-1.43051315774E+03,
    2.7488E+03));
#7350 = DIRECTION('',(-0.5,-0.866025403784,0.));
#7351 = DIRECTION('',(0.,0.,1.));
#7352 = ADVANCED_FACE('',(#7353),#7369,.F.);
#7353 = FACE_BOUND('',#7354,.F.);
#7354 = EDGE_LOOP('',(#7355,#7361,#7362,#7368));
#7355 = ORIENTED_EDGE('',*,*,#7356,.F.);
#7356 = EDGE_CURVE('',#7277,#7317,#7357,.T.);
#7357 = LINE('',#7358,#7359);
#7358 = CARTESIAN_POINT('',(-5.191961524227E+03,-939.2820323027,
    2.7488E+03));
#7359 = VECTOR('',#7360,1.);
#7360 = DIRECTION('',(-0.5,-0.866025403784,0.));
#7361 = ORIENTED_EDGE('',*,*,#7276,.T.);
#7362 = ORIENTED_EDGE('',*,*,#7363,.T.);
#7363 = EDGE_CURVE('',#7279,#7319,#7364,.T.);
#7364 = LINE('',#7365,#7366);
#7365 = CARTESIAN_POINT('',(-5.191961524227E+03,-939.2820323027,
    2.7668E+03));
#7366 = VECTOR('',#7367,1.);
#7367 = DIRECTION('',(-0.5,-0.866025403784,0.));
#7368 = ORIENTED_EDGE('',*,*,#7316,.F.);
#7369 = PLANE('',#7370);
#7370 = AXIS2_PLACEMENT_3D('',#7371,#7372,#7373);
#7371 = CARTESIAN_POINT('',(-5.191961524227E+03,-939.2820323027,
    2.7488E+03));
#7372 = DIRECTION('',(0.866025403784,-0.5,0.));
#7373 = DIRECTION('',(0.,0.,1.));
#7374 = ADVANCED_FACE('',(#7375),#7391,.T.);
#7375 = FACE_BOUND('',#7376,.T.);
#7376 = EDGE_LOOP('',(#7377,#7383,#7384,#7390));
#7377 = ORIENTED_EDGE('',*,*,#7378,.F.);
#7378 = EDGE_CURVE('',#7287,#7327,#7379,.T.);
#7379 = LINE('',#7380,#7381);
#7380 = CARTESIAN_POINT('',(-5.088038475773E+03,-999.2820323027,
    2.7488E+03));
#7381 = VECTOR('',#7382,1.);
#7382 = DIRECTION('',(-0.5,-0.866025403784,0.));
#7383 = ORIENTED_EDGE('',*,*,#7294,.T.);
#7384 = ORIENTED_EDGE('',*,*,#7385,.T.);
#7385 = EDGE_CURVE('',#7295,#7335,#7386,.T.);
#7386 = LINE('',#7387,#7388);
#7387 = CARTESIAN_POINT('',(-5.088038475773E+03,-999.2820323027,
    2.7668E+03));
#7388 = VECTOR('',#7389,1.);
#7389 = DIRECTION('',(-0.5,-0.866025403784,0.));
#7390 = ORIENTED_EDGE('',*,*,#7334,.F.);
#7391 = PLANE('',#7392);
#7392 = AXIS2_PLACEMENT_3D('',#7393,#7394,#7395);
#7393 = CARTESIAN_POINT('',(-5.088038475773E+03,-999.2820323027,
    2.7488E+03));
#7394 = DIRECTION('',(0.866025403784,-0.5,0.));
#7395 = DIRECTION('',(0.,0.,1.));
#7396 = ADVANCED_FACE('',(#7397),#7403,.F.);
#7397 = FACE_BOUND('',#7398,.F.);
#7398 = EDGE_LOOP('',(#7399,#7400,#7401,#7402));
#7399 = ORIENTED_EDGE('',*,*,#7286,.F.);
#7400 = ORIENTED_EDGE('',*,*,#7356,.T.);
#7401 = ORIENTED_EDGE('',*,*,#7326,.T.);
#7402 = ORIENTED_EDGE('',*,*,#7378,.F.);
#7403 = PLANE('',#7404);
#7404 = AXIS2_PLACEMENT_3D('',#7405,#7406,#7407);
#7405 = CARTESIAN_POINT('',(-5.191961524227E+03,-939.2820323027,
    2.7488E+03));
#7406 = DIRECTION('',(0.,0.,1.));
#7407 = DIRECTION('',(-0.5,-0.866025403784,0.));
#7408 = ADVANCED_FACE('',(#7409),#7415,.T.);
#7409 = FACE_BOUND('',#7410,.T.);
#7410 = EDGE_LOOP('',(#7411,#7412,#7413,#7414));
#7411 = ORIENTED_EDGE('',*,*,#7302,.F.);
#7412 = ORIENTED_EDGE('',*,*,#7363,.T.);
#7413 = ORIENTED_EDGE('',*,*,#7342,.T.);
#7414 = ORIENTED_EDGE('',*,*,#7385,.F.);
#7415 = PLANE('',#7416);
#7416 = AXIS2_PLACEMENT_3D('',#7417,#7418,#7419);
#7417 = CARTESIAN_POINT('',(-5.191961524227E+03,-939.2820323027,
    2.7668E+03));
#7418 = DIRECTION('',(0.,0.,1.));
#7419 = DIRECTION('',(-0.5,-0.866025403784,0.));
#7420 = MANIFOLD_SOLID_BREP('',#7421);
#7421 = CLOSED_SHELL('',(#7422,#7462,#7502,#7524,#7546,#7558));
#7422 = ADVANCED_FACE('',(#7423),#7457,.F.);
#7423 = FACE_BOUND('',#7424,.F.);
#7424 = EDGE_LOOP('',(#7425,#7435,#7443,#7451));
#7425 = ORIENTED_EDGE('',*,*,#7426,.F.);
#7426 = EDGE_CURVE('',#7427,#7429,#7431,.T.);
#7427 = VERTEX_POINT('',#7428);
#7428 = CARTESIAN_POINT('',(-6.28E+03,392.,2.861E+03));
#7429 = VERTEX_POINT('',#7430);
#7430 = CARTESIAN_POINT('',(-6.28E+03,392.,3.001E+03));
#7431 = LINE('',#7432,#7433);
#7432 = CARTESIAN_POINT('',(-6.28E+03,392.,2.861E+03));
#7433 = VECTOR('',#7434,1.);
#7434 = DIRECTION('',(0.,0.,1.));
#7435 = ORIENTED_EDGE('',*,*,#7436,.T.);
#7436 = EDGE_CURVE('',#7427,#7437,#7439,.T.);
#7437 = VERTEX_POINT('',#7438);
#7438 = CARTESIAN_POINT('',(-6.28E+03,410.,2.861E+03));
#7439 = LINE('',#7440,#7441);
#7440 = CARTESIAN_POINT('',(-6.28E+03,392.,2.861E+03));
#7441 = VECTOR('',#7442,1.);
#7442 = DIRECTION('',(0.,1.,0.));
#7443 = ORIENTED_EDGE('',*,*,#7444,.T.);
#7444 = EDGE_CURVE('',#7437,#7445,#7447,.T.);
#7445 = VERTEX_POINT('',#7446);
#7446 = CARTESIAN_POINT('',(-6.28E+03,410.,3.001E+03));
#7447 = LINE('',#7448,#7449);
#7448 = CARTESIAN_POINT('',(-6.28E+03,410.,2.861E+03));
#7449 = VECTOR('',#7450,1.);
#7450 = DIRECTION('',(0.,0.,1.));
#7451 = ORIENTED_EDGE('',*,*,#7452,.F.);
#7452 = EDGE_CURVE('',#7429,#7445,#7453,.T.);
#7453 = LINE('',#7454,#7455);
#7454 = CARTESIAN_POINT('',(-6.28E+03,392.,3.001E+03));
#7455 = VECTOR('',#7456,1.);
#7456 = DIRECTION('',(0.,1.,0.));
#7457 = PLANE('',#7458);
#7458 = AXIS2_PLACEMENT_3D('',#7459,#7460,#7461);
#7459 = CARTESIAN_POINT('',(-6.28E+03,392.,2.861E+03));
#7460 = DIRECTION('',(1.,0.,0.));
#7461 = DIRECTION('',(0.,0.,1.));
#7462 = ADVANCED_FACE('',(#7463),#7497,.T.);
#7463 = FACE_BOUND('',#7464,.T.);
#7464 = EDGE_LOOP('',(#7465,#7475,#7483,#7491));
#7465 = ORIENTED_EDGE('',*,*,#7466,.F.);
#7466 = EDGE_CURVE('',#7467,#7469,#7471,.T.);
#7467 = VERTEX_POINT('',#7468);
#7468 = CARTESIAN_POINT('',(-6.16E+03,392.,2.861E+03));
#7469 = VERTEX_POINT('',#7470);
#7470 = CARTESIAN_POINT('',(-6.16E+03,392.,3.001E+03));
#7471 = LINE('',#7472,#7473);
#7472 = CARTESIAN_POINT('',(-6.16E+03,392.,2.861E+03));
#7473 = VECTOR('',#7474,1.);
#7474 = DIRECTION('',(0.,0.,1.));
#7475 = ORIENTED_EDGE('',*,*,#7476,.T.);
#7476 = EDGE_CURVE('',#7467,#7477,#7479,.T.);
#7477 = VERTEX_POINT('',#7478);
#7478 = CARTESIAN_POINT('',(-6.16E+03,410.,2.861E+03));
#7479 = LINE('',#7480,#7481);
#7480 = CARTESIAN_POINT('',(-6.16E+03,392.,2.861E+03));
#7481 = VECTOR('',#7482,1.);
#7482 = DIRECTION('',(0.,1.,0.));
#7483 = ORIENTED_EDGE('',*,*,#7484,.T.);
#7484 = EDGE_CURVE('',#7477,#7485,#7487,.T.);
#7485 = VERTEX_POINT('',#7486);
#7486 = CARTESIAN_POINT('',(-6.16E+03,410.,3.001E+03));
#7487 = LINE('',#7488,#7489);
#7488 = CARTESIAN_POINT('',(-6.16E+03,410.,2.861E+03));
#7489 = VECTOR('',#7490,1.);
#7490 = DIRECTION('',(0.,0.,1.));
#7491 = ORIENTED_EDGE('',*,*,#7492,.F.);
#7492 = EDGE_CURVE('',#7469,#7485,#7493,.T.);
#7493 = LINE('',#7494,#7495);
#7494 = CARTESIAN_POINT('',(-6.16E+03,392.,3.001E+03));
#7495 = VECTOR('',#7496,1.);
#7496 = DIRECTION('',(0.,1.,0.));
#7497 = PLANE('',#7498);
#7498 = AXIS2_PLACEMENT_3D('',#7499,#7500,#7501);
#7499 = CARTESIAN_POINT('',(-6.16E+03,392.,2.861E+03));
#7500 = DIRECTION('',(1.,0.,0.));
#7501 = DIRECTION('',(0.,0.,1.));
#7502 = ADVANCED_FACE('',(#7503),#7519,.F.);
#7503 = FACE_BOUND('',#7504,.F.);
#7504 = EDGE_LOOP('',(#7505,#7511,#7512,#7518));
#7505 = ORIENTED_EDGE('',*,*,#7506,.F.);
#7506 = EDGE_CURVE('',#7427,#7467,#7507,.T.);
#7507 = LINE('',#7508,#7509);
#7508 = CARTESIAN_POINT('',(-6.28E+03,392.,2.861E+03));
#7509 = VECTOR('',#7510,1.);
#7510 = DIRECTION('',(1.,0.,0.));
#7511 = ORIENTED_EDGE('',*,*,#7426,.T.);
#7512 = ORIENTED_EDGE('',*,*,#7513,.T.);
#7513 = EDGE_CURVE('',#7429,#7469,#7514,.T.);
#7514 = LINE('',#7515,#7516);
#7515 = CARTESIAN_POINT('',(-6.28E+03,392.,3.001E+03));
#7516 = VECTOR('',#7517,1.);
#7517 = DIRECTION('',(1.,0.,0.));
#7518 = ORIENTED_EDGE('',*,*,#7466,.F.);
#7519 = PLANE('',#7520);
#7520 = AXIS2_PLACEMENT_3D('',#7521,#7522,#7523);
#7521 = CARTESIAN_POINT('',(-6.28E+03,392.,2.861E+03));
#7522 = DIRECTION('',(0.,1.,0.));
#7523 = DIRECTION('',(0.,0.,1.));
#7524 = ADVANCED_FACE('',(#7525),#7541,.T.);
#7525 = FACE_BOUND('',#7526,.T.);
#7526 = EDGE_LOOP('',(#7527,#7533,#7534,#7540));
#7527 = ORIENTED_EDGE('',*,*,#7528,.F.);
#7528 = EDGE_CURVE('',#7437,#7477,#7529,.T.);
#7529 = LINE('',#7530,#7531);
#7530 = CARTESIAN_POINT('',(-6.28E+03,410.,2.861E+03));
#7531 = VECTOR('',#7532,1.);
#7532 = DIRECTION('',(1.,0.,0.));
#7533 = ORIENTED_EDGE('',*,*,#7444,.T.);
#7534 = ORIENTED_EDGE('',*,*,#7535,.T.);
#7535 = EDGE_CURVE('',#7445,#7485,#7536,.T.);
#7536 = LINE('',#7537,#7538);
#7537 = CARTESIAN_POINT('',(-6.28E+03,410.,3.001E+03));
#7538 = VECTOR('',#7539,1.);
#7539 = DIRECTION('',(1.,0.,0.));
#7540 = ORIENTED_EDGE('',*,*,#7484,.F.);
#7541 = PLANE('',#7542);
#7542 = AXIS2_PLACEMENT_3D('',#7543,#7544,#7545);
#7543 = CARTESIAN_POINT('',(-6.28E+03,410.,2.861E+03));
#7544 = DIRECTION('',(0.,1.,0.));
#7545 = DIRECTION('',(0.,0.,1.));
#7546 = ADVANCED_FACE('',(#7547),#7553,.F.);
#7547 = FACE_BOUND('',#7548,.F.);
#7548 = EDGE_LOOP('',(#7549,#7550,#7551,#7552));
#7549 = ORIENTED_EDGE('',*,*,#7436,.F.);
#7550 = ORIENTED_EDGE('',*,*,#7506,.T.);
#7551 = ORIENTED_EDGE('',*,*,#7476,.T.);
#7552 = ORIENTED_EDGE('',*,*,#7528,.F.);
#7553 = PLANE('',#7554);
#7554 = AXIS2_PLACEMENT_3D('',#7555,#7556,#7557);
#7555 = CARTESIAN_POINT('',(-6.28E+03,392.,2.861E+03));
#7556 = DIRECTION('',(0.,0.,1.));
#7557 = DIRECTION('',(1.,0.,0.));
#7558 = ADVANCED_FACE('',(#7559),#7565,.T.);
#7559 = FACE_BOUND('',#7560,.T.);
#7560 = EDGE_LOOP('',(#7561,#7562,#7563,#7564));
#7561 = ORIENTED_EDGE('',*,*,#7452,.F.);
#7562 = ORIENTED_EDGE('',*,*,#7513,.T.);
#7563 = ORIENTED_EDGE('',*,*,#7492,.T.);
#7564 = ORIENTED_EDGE('',*,*,#7535,.F.);
#7565 = PLANE('',#7566);
#7566 = AXIS2_PLACEMENT_3D('',#7567,#7568,#7569);
#7567 = CARTESIAN_POINT('',(-6.28E+03,392.,3.001E+03));
#7568 = DIRECTION('',(0.,0.,1.));
#7569 = DIRECTION('',(1.,0.,0.));
#7570 = MANIFOLD_SOLID_BREP('',#7571);
#7571 = CLOSED_SHELL('',(#7572,#7605,#7614));
#7572 = ADVANCED_FACE('',(#7573),#7600,.T.);
#7573 = FACE_BOUND('',#7574,.F.);
#7574 = EDGE_LOOP('',(#7575,#7585,#7592,#7593));
#7575 = ORIENTED_EDGE('',*,*,#7576,.T.);
#7576 = EDGE_CURVE('',#7577,#7579,#7581,.T.);
#7577 = VERTEX_POINT('',#7578);
#7578 = CARTESIAN_POINT('',(-6.185E+03,365.,2.851E+03));
#7579 = VERTEX_POINT('',#7580);
#7580 = CARTESIAN_POINT('',(-6.185E+03,365.,3.011E+03));
#7581 = LINE('',#7582,#7583);
#7582 = CARTESIAN_POINT('',(-6.185E+03,365.,2.851E+03));
#7583 = VECTOR('',#7584,1.);
#7584 = DIRECTION('',(0.,0.,1.));
#7585 = ORIENTED_EDGE('',*,*,#7586,.T.);
#7586 = EDGE_CURVE('',#7579,#7579,#7587,.T.);
#7587 = CIRCLE('',#7588,35.);
#7588 = AXIS2_PLACEMENT_3D('',#7589,#7590,#7591);
#7589 = CARTESIAN_POINT('',(-6.22E+03,365.,3.011E+03));
#7590 = DIRECTION('',(0.,0.,1.));
#7591 = DIRECTION('',(1.,0.,0.));
#7592 = ORIENTED_EDGE('',*,*,#7576,.F.);
#7593 = ORIENTED_EDGE('',*,*,#7594,.F.);
#7594 = EDGE_CURVE('',#7577,#7577,#7595,.T.);
#7595 = CIRCLE('',#7596,35.);
#7596 = AXIS2_PLACEMENT_3D('',#7597,#7598,#7599);
#7597 = CARTESIAN_POINT('',(-6.22E+03,365.,2.851E+03));
#7598 = DIRECTION('',(0.,0.,1.));
#7599 = DIRECTION('',(1.,0.,0.));
#7600 = CYLINDRICAL_SURFACE('',#7601,35.);
#7601 = AXIS2_PLACEMENT_3D('',#7602,#7603,#7604);
#7602 = CARTESIAN_POINT('',(-6.22E+03,365.,2.851E+03));
#7603 = DIRECTION('',(-0.,-0.,-1.));
#7604 = DIRECTION('',(1.,0.,0.));
#7605 = ADVANCED_FACE('',(#7606),#7609,.F.);
#7606 = FACE_BOUND('',#7607,.T.);
#7607 = EDGE_LOOP('',(#7608));
#7608 = ORIENTED_EDGE('',*,*,#7594,.F.);
#7609 = PLANE('',#7610);
#7610 = AXIS2_PLACEMENT_3D('',#7611,#7612,#7613);
#7611 = CARTESIAN_POINT('',(-6.22E+03,365.,2.851E+03));
#7612 = DIRECTION('',(0.,0.,1.));
#7613 = DIRECTION('',(1.,0.,0.));
#7614 = ADVANCED_FACE('',(#7615),#7618,.T.);
#7615 = FACE_BOUND('',#7616,.F.);
#7616 = EDGE_LOOP('',(#7617));
#7617 = ORIENTED_EDGE('',*,*,#7586,.F.);
#7618 = PLANE('',#7619);
#7619 = AXIS2_PLACEMENT_3D('',#7620,#7621,#7622);
#7620 = CARTESIAN_POINT('',(-6.22E+03,365.,3.011E+03));
#7621 = DIRECTION('',(0.,0.,1.));
#7622 = DIRECTION('',(1.,0.,0.));
#7623 = MANIFOLD_SOLID_BREP('',#7624);
#7624 = CLOSED_SHELL('',(#7625,#7665,#7705,#7727,#7749,#7761));
#7625 = ADVANCED_FACE('',(#7626),#7660,.F.);
#7626 = FACE_BOUND('',#7627,.F.);
#7627 = EDGE_LOOP('',(#7628,#7638,#7646,#7654));
#7628 = ORIENTED_EDGE('',*,*,#7629,.F.);
#7629 = EDGE_CURVE('',#7630,#7632,#7634,.T.);
#7630 = VERTEX_POINT('',#7631);
#7631 = CARTESIAN_POINT('',(-4.34E+03,392.,2.861E+03));
#7632 = VERTEX_POINT('',#7633);
#7633 = CARTESIAN_POINT('',(-4.34E+03,392.,3.001E+03));
#7634 = LINE('',#7635,#7636);
#7635 = CARTESIAN_POINT('',(-4.34E+03,392.,2.861E+03));
#7636 = VECTOR('',#7637,1.);
#7637 = DIRECTION('',(0.,0.,1.));
#7638 = ORIENTED_EDGE('',*,*,#7639,.T.);
#7639 = EDGE_CURVE('',#7630,#7640,#7642,.T.);
#7640 = VERTEX_POINT('',#7641);
#7641 = CARTESIAN_POINT('',(-4.34E+03,410.,2.861E+03));
#7642 = LINE('',#7643,#7644);
#7643 = CARTESIAN_POINT('',(-4.34E+03,392.,2.861E+03));
#7644 = VECTOR('',#7645,1.);
#7645 = DIRECTION('',(0.,1.,0.));
#7646 = ORIENTED_EDGE('',*,*,#7647,.T.);
#7647 = EDGE_CURVE('',#7640,#7648,#7650,.T.);
#7648 = VERTEX_POINT('',#7649);
#7649 = CARTESIAN_POINT('',(-4.34E+03,410.,3.001E+03));
#7650 = LINE('',#7651,#7652);
#7651 = CARTESIAN_POINT('',(-4.34E+03,410.,2.861E+03));
#7652 = VECTOR('',#7653,1.);
#7653 = DIRECTION('',(0.,0.,1.));
#7654 = ORIENTED_EDGE('',*,*,#7655,.F.);
#7655 = EDGE_CURVE('',#7632,#7648,#7656,.T.);
#7656 = LINE('',#7657,#7658);
#7657 = CARTESIAN_POINT('',(-4.34E+03,392.,3.001E+03));
#7658 = VECTOR('',#7659,1.);
#7659 = DIRECTION('',(0.,1.,0.));
#7660 = PLANE('',#7661);
#7661 = AXIS2_PLACEMENT_3D('',#7662,#7663,#7664);
#7662 = CARTESIAN_POINT('',(-4.34E+03,392.,2.861E+03));
#7663 = DIRECTION('',(1.,0.,0.));
#7664 = DIRECTION('',(0.,0.,1.));
#7665 = ADVANCED_FACE('',(#7666),#7700,.T.);
#7666 = FACE_BOUND('',#7667,.T.);
#7667 = EDGE_LOOP('',(#7668,#7678,#7686,#7694));
#7668 = ORIENTED_EDGE('',*,*,#7669,.F.);
#7669 = EDGE_CURVE('',#7670,#7672,#7674,.T.);
#7670 = VERTEX_POINT('',#7671);
#7671 = CARTESIAN_POINT('',(-4.22E+03,392.,2.861E+03));
#7672 = VERTEX_POINT('',#7673);
#7673 = CARTESIAN_POINT('',(-4.22E+03,392.,3.001E+03));
#7674 = LINE('',#7675,#7676);
#7675 = CARTESIAN_POINT('',(-4.22E+03,392.,2.861E+03));
#7676 = VECTOR('',#7677,1.);
#7677 = DIRECTION('',(0.,0.,1.));
#7678 = ORIENTED_EDGE('',*,*,#7679,.T.);
#7679 = EDGE_CURVE('',#7670,#7680,#7682,.T.);
#7680 = VERTEX_POINT('',#7681);
#7681 = CARTESIAN_POINT('',(-4.22E+03,410.,2.861E+03));
#7682 = LINE('',#7683,#7684);
#7683 = CARTESIAN_POINT('',(-4.22E+03,392.,2.861E+03));
#7684 = VECTOR('',#7685,1.);
#7685 = DIRECTION('',(0.,1.,0.));
#7686 = ORIENTED_EDGE('',*,*,#7687,.T.);
#7687 = EDGE_CURVE('',#7680,#7688,#7690,.T.);
#7688 = VERTEX_POINT('',#7689);
#7689 = CARTESIAN_POINT('',(-4.22E+03,410.,3.001E+03));
#7690 = LINE('',#7691,#7692);
#7691 = CARTESIAN_POINT('',(-4.22E+03,410.,2.861E+03));
#7692 = VECTOR('',#7693,1.);
#7693 = DIRECTION('',(0.,0.,1.));
#7694 = ORIENTED_EDGE('',*,*,#7695,.F.);
#7695 = EDGE_CURVE('',#7672,#7688,#7696,.T.);
#7696 = LINE('',#7697,#7698);
#7697 = CARTESIAN_POINT('',(-4.22E+03,392.,3.001E+03));
#7698 = VECTOR('',#7699,1.);
#7699 = DIRECTION('',(0.,1.,0.));
#7700 = PLANE('',#7701);
#7701 = AXIS2_PLACEMENT_3D('',#7702,#7703,#7704);
#7702 = CARTESIAN_POINT('',(-4.22E+03,392.,2.861E+03));
#7703 = DIRECTION('',(1.,0.,0.));
#7704 = DIRECTION('',(0.,0.,1.));
#7705 = ADVANCED_FACE('',(#7706),#7722,.F.);
#7706 = FACE_BOUND('',#7707,.F.);
#7707 = EDGE_LOOP('',(#7708,#7714,#7715,#7721));
#7708 = ORIENTED_EDGE('',*,*,#7709,.F.);
#7709 = EDGE_CURVE('',#7630,#7670,#7710,.T.);
#7710 = LINE('',#7711,#7712);
#7711 = CARTESIAN_POINT('',(-4.34E+03,392.,2.861E+03));
#7712 = VECTOR('',#7713,1.);
#7713 = DIRECTION('',(1.,0.,0.));
#7714 = ORIENTED_EDGE('',*,*,#7629,.T.);
#7715 = ORIENTED_EDGE('',*,*,#7716,.T.);
#7716 = EDGE_CURVE('',#7632,#7672,#7717,.T.);
#7717 = LINE('',#7718,#7719);
#7718 = CARTESIAN_POINT('',(-4.34E+03,392.,3.001E+03));
#7719 = VECTOR('',#7720,1.);
#7720 = DIRECTION('',(1.,0.,0.));
#7721 = ORIENTED_EDGE('',*,*,#7669,.F.);
#7722 = PLANE('',#7723);
#7723 = AXIS2_PLACEMENT_3D('',#7724,#7725,#7726);
#7724 = CARTESIAN_POINT('',(-4.34E+03,392.,2.861E+03));
#7725 = DIRECTION('',(0.,1.,0.));
#7726 = DIRECTION('',(0.,0.,1.));
#7727 = ADVANCED_FACE('',(#7728),#7744,.T.);
#7728 = FACE_BOUND('',#7729,.T.);
#7729 = EDGE_LOOP('',(#7730,#7736,#7737,#7743));
#7730 = ORIENTED_EDGE('',*,*,#7731,.F.);
#7731 = EDGE_CURVE('',#7640,#7680,#7732,.T.);
#7732 = LINE('',#7733,#7734);
#7733 = CARTESIAN_POINT('',(-4.34E+03,410.,2.861E+03));
#7734 = VECTOR('',#7735,1.);
#7735 = DIRECTION('',(1.,0.,0.));
#7736 = ORIENTED_EDGE('',*,*,#7647,.T.);
#7737 = ORIENTED_EDGE('',*,*,#7738,.T.);
#7738 = EDGE_CURVE('',#7648,#7688,#7739,.T.);
#7739 = LINE('',#7740,#7741);
#7740 = CARTESIAN_POINT('',(-4.34E+03,410.,3.001E+03));
#7741 = VECTOR('',#7742,1.);
#7742 = DIRECTION('',(1.,0.,0.));
#7743 = ORIENTED_EDGE('',*,*,#7687,.F.);
#7744 = PLANE('',#7745);
#7745 = AXIS2_PLACEMENT_3D('',#7746,#7747,#7748);
#7746 = CARTESIAN_POINT('',(-4.34E+03,410.,2.861E+03));
#7747 = DIRECTION('',(0.,1.,0.));
#7748 = DIRECTION('',(0.,0.,1.));
#7749 = ADVANCED_FACE('',(#7750),#7756,.F.);
#7750 = FACE_BOUND('',#7751,.F.);
#7751 = EDGE_LOOP('',(#7752,#7753,#7754,#7755));
#7752 = ORIENTED_EDGE('',*,*,#7639,.F.);
#7753 = ORIENTED_EDGE('',*,*,#7709,.T.);
#7754 = ORIENTED_EDGE('',*,*,#7679,.T.);
#7755 = ORIENTED_EDGE('',*,*,#7731,.F.);
#7756 = PLANE('',#7757);
#7757 = AXIS2_PLACEMENT_3D('',#7758,#7759,#7760);
#7758 = CARTESIAN_POINT('',(-4.34E+03,392.,2.861E+03));
#7759 = DIRECTION('',(0.,0.,1.));
#7760 = DIRECTION('',(1.,0.,0.));
#7761 = ADVANCED_FACE('',(#7762),#7768,.T.);
#7762 = FACE_BOUND('',#7763,.T.);
#7763 = EDGE_LOOP('',(#7764,#7765,#7766,#7767));
#7764 = ORIENTED_EDGE('',*,*,#7655,.F.);
#7765 = ORIENTED_EDGE('',*,*,#7716,.T.);
#7766 = ORIENTED_EDGE('',*,*,#7695,.T.);
#7767 = ORIENTED_EDGE('',*,*,#7738,.F.);
#7768 = PLANE('',#7769);
#7769 = AXIS2_PLACEMENT_3D('',#7770,#7771,#7772);
#7770 = CARTESIAN_POINT('',(-4.34E+03,392.,3.001E+03));
#7771 = DIRECTION('',(0.,0.,1.));
#7772 = DIRECTION('',(1.,0.,0.));
#7773 = MANIFOLD_SOLID_BREP('',#7774);
#7774 = CLOSED_SHELL('',(#7775,#7808,#7817));
#7775 = ADVANCED_FACE('',(#7776),#7803,.T.);
#7776 = FACE_BOUND('',#7777,.F.);
#7777 = EDGE_LOOP('',(#7778,#7788,#7795,#7796));
#7778 = ORIENTED_EDGE('',*,*,#7779,.T.);
#7779 = EDGE_CURVE('',#7780,#7782,#7784,.T.);
#7780 = VERTEX_POINT('',#7781);
#7781 = CARTESIAN_POINT('',(-4.245E+03,365.,2.851E+03));
#7782 = VERTEX_POINT('',#7783);
#7783 = CARTESIAN_POINT('',(-4.245E+03,365.,3.011E+03));
#7784 = LINE('',#7785,#7786);
#7785 = CARTESIAN_POINT('',(-4.245E+03,365.,2.851E+03));
#7786 = VECTOR('',#7787,1.);
#7787 = DIRECTION('',(0.,0.,1.));
#7788 = ORIENTED_EDGE('',*,*,#7789,.T.);
#7789 = EDGE_CURVE('',#7782,#7782,#7790,.T.);
#7790 = CIRCLE('',#7791,35.);
#7791 = AXIS2_PLACEMENT_3D('',#7792,#7793,#7794);
#7792 = CARTESIAN_POINT('',(-4.28E+03,365.,3.011E+03));
#7793 = DIRECTION('',(0.,0.,1.));
#7794 = DIRECTION('',(1.,0.,0.));
#7795 = ORIENTED_EDGE('',*,*,#7779,.F.);
#7796 = ORIENTED_EDGE('',*,*,#7797,.F.);
#7797 = EDGE_CURVE('',#7780,#7780,#7798,.T.);
#7798 = CIRCLE('',#7799,35.);
#7799 = AXIS2_PLACEMENT_3D('',#7800,#7801,#7802);
#7800 = CARTESIAN_POINT('',(-4.28E+03,365.,2.851E+03));
#7801 = DIRECTION('',(0.,0.,1.));
#7802 = DIRECTION('',(1.,0.,0.));
#7803 = CYLINDRICAL_SURFACE('',#7804,35.);
#7804 = AXIS2_PLACEMENT_3D('',#7805,#7806,#7807);
#7805 = CARTESIAN_POINT('',(-4.28E+03,365.,2.851E+03));
#7806 = DIRECTION('',(-0.,-0.,-1.));
#7807 = DIRECTION('',(1.,0.,0.));
#7808 = ADVANCED_FACE('',(#7809),#7812,.F.);
#7809 = FACE_BOUND('',#7810,.T.);
#7810 = EDGE_LOOP('',(#7811));
#7811 = ORIENTED_EDGE('',*,*,#7797,.F.);
#7812 = PLANE('',#7813);
#7813 = AXIS2_PLACEMENT_3D('',#7814,#7815,#7816);
#7814 = CARTESIAN_POINT('',(-4.28E+03,365.,2.851E+03));
#7815 = DIRECTION('',(0.,0.,1.));
#7816 = DIRECTION('',(1.,0.,0.));
#7817 = ADVANCED_FACE('',(#7818),#7821,.T.);
#7818 = FACE_BOUND('',#7819,.F.);
#7819 = EDGE_LOOP('',(#7820));
#7820 = ORIENTED_EDGE('',*,*,#7789,.F.);
#7821 = PLANE('',#7822);
#7822 = AXIS2_PLACEMENT_3D('',#7823,#7824,#7825);
#7823 = CARTESIAN_POINT('',(-4.28E+03,365.,3.011E+03));
#7824 = DIRECTION('',(0.,0.,1.));
#7825 = DIRECTION('',(1.,0.,0.));
#7826 = MANIFOLD_SOLID_BREP('',#7827);
#7827 = CLOSED_SHELL('',(#7828,#7868,#7908,#7930,#7952,#7964));
#7828 = ADVANCED_FACE('',(#7829),#7863,.F.);
#7829 = FACE_BOUND('',#7830,.F.);
#7830 = EDGE_LOOP('',(#7831,#7841,#7849,#7857));
#7831 = ORIENTED_EDGE('',*,*,#7832,.F.);
#7832 = EDGE_CURVE('',#7833,#7835,#7837,.T.);
#7833 = VERTEX_POINT('',#7834);
#7834 = CARTESIAN_POINT('',(-6.612E+03,-260.,2.861E+03));
#7835 = VERTEX_POINT('',#7836);
#7836 = CARTESIAN_POINT('',(-6.612E+03,-260.,3.001E+03));
#7837 = LINE('',#7838,#7839);
#7838 = CARTESIAN_POINT('',(-6.612E+03,-260.,2.861E+03));
#7839 = VECTOR('',#7840,1.);
#7840 = DIRECTION('',(0.,0.,1.));
#7841 = ORIENTED_EDGE('',*,*,#7842,.T.);
#7842 = EDGE_CURVE('',#7833,#7843,#7845,.T.);
#7843 = VERTEX_POINT('',#7844);
#7844 = CARTESIAN_POINT('',(-6.63E+03,-260.,2.861E+03));
#7845 = LINE('',#7846,#7847);
#7846 = CARTESIAN_POINT('',(-6.612E+03,-260.,2.861E+03));
#7847 = VECTOR('',#7848,1.);
#7848 = DIRECTION('',(-1.,2.22044604925E-16,0.));
#7849 = ORIENTED_EDGE('',*,*,#7850,.T.);
#7850 = EDGE_CURVE('',#7843,#7851,#7853,.T.);
#7851 = VERTEX_POINT('',#7852);
#7852 = CARTESIAN_POINT('',(-6.63E+03,-260.,3.001E+03));
#7853 = LINE('',#7854,#7855);
#7854 = CARTESIAN_POINT('',(-6.63E+03,-260.,2.861E+03));
#7855 = VECTOR('',#7856,1.);
#7856 = DIRECTION('',(0.,0.,1.));
#7857 = ORIENTED_EDGE('',*,*,#7858,.F.);
#7858 = EDGE_CURVE('',#7835,#7851,#7859,.T.);
#7859 = LINE('',#7860,#7861);
#7860 = CARTESIAN_POINT('',(-6.612E+03,-260.,3.001E+03));
#7861 = VECTOR('',#7862,1.);
#7862 = DIRECTION('',(-1.,2.22044604925E-16,0.));
#7863 = PLANE('',#7864);
#7864 = AXIS2_PLACEMENT_3D('',#7865,#7866,#7867);
#7865 = CARTESIAN_POINT('',(-6.612E+03,-260.,2.861E+03));
#7866 = DIRECTION('',(2.22044604925E-16,1.,0.));
#7867 = DIRECTION('',(0.,0.,1.));
#7868 = ADVANCED_FACE('',(#7869),#7903,.T.);
#7869 = FACE_BOUND('',#7870,.T.);
#7870 = EDGE_LOOP('',(#7871,#7881,#7889,#7897));
#7871 = ORIENTED_EDGE('',*,*,#7872,.F.);
#7872 = EDGE_CURVE('',#7873,#7875,#7877,.T.);
#7873 = VERTEX_POINT('',#7874);
#7874 = CARTESIAN_POINT('',(-6.612E+03,-140.,2.861E+03));
#7875 = VERTEX_POINT('',#7876);
#7876 = CARTESIAN_POINT('',(-6.612E+03,-140.,3.001E+03));
#7877 = LINE('',#7878,#7879);
#7878 = CARTESIAN_POINT('',(-6.612E+03,-140.,2.861E+03));
#7879 = VECTOR('',#7880,1.);
#7880 = DIRECTION('',(0.,0.,1.));
#7881 = ORIENTED_EDGE('',*,*,#7882,.T.);
#7882 = EDGE_CURVE('',#7873,#7883,#7885,.T.);
#7883 = VERTEX_POINT('',#7884);
#7884 = CARTESIAN_POINT('',(-6.63E+03,-140.,2.861E+03));
#7885 = LINE('',#7886,#7887);
#7886 = CARTESIAN_POINT('',(-6.612E+03,-140.,2.861E+03));
#7887 = VECTOR('',#7888,1.);
#7888 = DIRECTION('',(-1.,2.22044604925E-16,0.));
#7889 = ORIENTED_EDGE('',*,*,#7890,.T.);
#7890 = EDGE_CURVE('',#7883,#7891,#7893,.T.);
#7891 = VERTEX_POINT('',#7892);
#7892 = CARTESIAN_POINT('',(-6.63E+03,-140.,3.001E+03));
#7893 = LINE('',#7894,#7895);
#7894 = CARTESIAN_POINT('',(-6.63E+03,-140.,2.861E+03));
#7895 = VECTOR('',#7896,1.);
#7896 = DIRECTION('',(0.,0.,1.));
#7897 = ORIENTED_EDGE('',*,*,#7898,.F.);
#7898 = EDGE_CURVE('',#7875,#7891,#7899,.T.);
#7899 = LINE('',#7900,#7901);
#7900 = CARTESIAN_POINT('',(-6.612E+03,-140.,3.001E+03));
#7901 = VECTOR('',#7902,1.);
#7902 = DIRECTION('',(-1.,2.22044604925E-16,0.));
#7903 = PLANE('',#7904);
#7904 = AXIS2_PLACEMENT_3D('',#7905,#7906,#7907);
#7905 = CARTESIAN_POINT('',(-6.612E+03,-140.,2.861E+03));
#7906 = DIRECTION('',(2.22044604925E-16,1.,0.));
#7907 = DIRECTION('',(0.,0.,1.));
#7908 = ADVANCED_FACE('',(#7909),#7925,.F.);
#7909 = FACE_BOUND('',#7910,.F.);
#7910 = EDGE_LOOP('',(#7911,#7917,#7918,#7924));
#7911 = ORIENTED_EDGE('',*,*,#7912,.F.);
#7912 = EDGE_CURVE('',#7833,#7873,#7913,.T.);
#7913 = LINE('',#7914,#7915);
#7914 = CARTESIAN_POINT('',(-6.612E+03,-260.,2.861E+03));
#7915 = VECTOR('',#7916,1.);
#7916 = DIRECTION('',(2.22044604925E-16,1.,0.));
#7917 = ORIENTED_EDGE('',*,*,#7832,.T.);
#7918 = ORIENTED_EDGE('',*,*,#7919,.T.);
#7919 = EDGE_CURVE('',#7835,#7875,#7920,.T.);
#7920 = LINE('',#7921,#7922);
#7921 = CARTESIAN_POINT('',(-6.612E+03,-260.,3.001E+03));
#7922 = VECTOR('',#7923,1.);
#7923 = DIRECTION('',(2.22044604925E-16,1.,0.));
#7924 = ORIENTED_EDGE('',*,*,#7872,.F.);
#7925 = PLANE('',#7926);
#7926 = AXIS2_PLACEMENT_3D('',#7927,#7928,#7929);
#7927 = CARTESIAN_POINT('',(-6.612E+03,-260.,2.861E+03));
#7928 = DIRECTION('',(-1.,2.22044604925E-16,0.));
#7929 = DIRECTION('',(0.,0.,1.));
#7930 = ADVANCED_FACE('',(#7931),#7947,.T.);
#7931 = FACE_BOUND('',#7932,.T.);
#7932 = EDGE_LOOP('',(#7933,#7939,#7940,#7946));
#7933 = ORIENTED_EDGE('',*,*,#7934,.F.);
#7934 = EDGE_CURVE('',#7843,#7883,#7935,.T.);
#7935 = LINE('',#7936,#7937);
#7936 = CARTESIAN_POINT('',(-6.63E+03,-260.,2.861E+03));
#7937 = VECTOR('',#7938,1.);
#7938 = DIRECTION('',(2.22044604925E-16,1.,0.));
#7939 = ORIENTED_EDGE('',*,*,#7850,.T.);
#7940 = ORIENTED_EDGE('',*,*,#7941,.T.);
#7941 = EDGE_CURVE('',#7851,#7891,#7942,.T.);
#7942 = LINE('',#7943,#7944);
#7943 = CARTESIAN_POINT('',(-6.63E+03,-260.,3.001E+03));
#7944 = VECTOR('',#7945,1.);
#7945 = DIRECTION('',(2.22044604925E-16,1.,0.));
#7946 = ORIENTED_EDGE('',*,*,#7890,.F.);
#7947 = PLANE('',#7948);
#7948 = AXIS2_PLACEMENT_3D('',#7949,#7950,#7951);
#7949 = CARTESIAN_POINT('',(-6.63E+03,-260.,2.861E+03));
#7950 = DIRECTION('',(-1.,2.22044604925E-16,0.));
#7951 = DIRECTION('',(0.,0.,1.));
#7952 = ADVANCED_FACE('',(#7953),#7959,.F.);
#7953 = FACE_BOUND('',#7954,.F.);
#7954 = EDGE_LOOP('',(#7955,#7956,#7957,#7958));
#7955 = ORIENTED_EDGE('',*,*,#7842,.F.);
#7956 = ORIENTED_EDGE('',*,*,#7912,.T.);
#7957 = ORIENTED_EDGE('',*,*,#7882,.T.);
#7958 = ORIENTED_EDGE('',*,*,#7934,.F.);
#7959 = PLANE('',#7960);
#7960 = AXIS2_PLACEMENT_3D('',#7961,#7962,#7963);
#7961 = CARTESIAN_POINT('',(-6.612E+03,-260.,2.861E+03));
#7962 = DIRECTION('',(0.,0.,1.));
#7963 = DIRECTION('',(2.22044604925E-16,1.,0.));
#7964 = ADVANCED_FACE('',(#7965),#7971,.T.);
#7965 = FACE_BOUND('',#7966,.T.);
#7966 = EDGE_LOOP('',(#7967,#7968,#7969,#7970));
#7967 = ORIENTED_EDGE('',*,*,#7858,.F.);
#7968 = ORIENTED_EDGE('',*,*,#7919,.T.);
#7969 = ORIENTED_EDGE('',*,*,#7898,.T.);
#7970 = ORIENTED_EDGE('',*,*,#7941,.F.);
#7971 = PLANE('',#7972);
#7972 = AXIS2_PLACEMENT_3D('',#7973,#7974,#7975);
#7973 = CARTESIAN_POINT('',(-6.612E+03,-260.,3.001E+03));
#7974 = DIRECTION('',(0.,0.,1.));
#7975 = DIRECTION('',(2.22044604925E-16,1.,0.));
#7976 = MANIFOLD_SOLID_BREP('',#7977);
#7977 = CLOSED_SHELL('',(#7978,#8011,#8020));
#7978 = ADVANCED_FACE('',(#7979),#8006,.T.);
#7979 = FACE_BOUND('',#7980,.F.);
#7980 = EDGE_LOOP('',(#7981,#7991,#7998,#7999));
#7981 = ORIENTED_EDGE('',*,*,#7982,.T.);
#7982 = EDGE_CURVE('',#7983,#7985,#7987,.T.);
#7983 = VERTEX_POINT('',#7984);
#7984 = CARTESIAN_POINT('',(-6.585E+03,-165.,2.851E+03));
#7985 = VERTEX_POINT('',#7986);
#7986 = CARTESIAN_POINT('',(-6.585E+03,-165.,3.011E+03));
#7987 = LINE('',#7988,#7989);
#7988 = CARTESIAN_POINT('',(-6.585E+03,-165.,2.851E+03));
#7989 = VECTOR('',#7990,1.);
#7990 = DIRECTION('',(0.,0.,1.));
#7991 = ORIENTED_EDGE('',*,*,#7992,.T.);
#7992 = EDGE_CURVE('',#7985,#7985,#7993,.T.);
#7993 = CIRCLE('',#7994,35.);
#7994 = AXIS2_PLACEMENT_3D('',#7995,#7996,#7997);
#7995 = CARTESIAN_POINT('',(-6.585E+03,-200.,3.011E+03));
#7996 = DIRECTION('',(0.,-0.,1.));
#7997 = DIRECTION('',(2.22044604925E-16,1.,0.));
#7998 = ORIENTED_EDGE('',*,*,#7982,.F.);
#7999 = ORIENTED_EDGE('',*,*,#8000,.F.);
#8000 = EDGE_CURVE('',#7983,#7983,#8001,.T.);
#8001 = CIRCLE('',#8002,35.);
#8002 = AXIS2_PLACEMENT_3D('',#8003,#8004,#8005);
#8003 = CARTESIAN_POINT('',(-6.585E+03,-200.,2.851E+03));
#8004 = DIRECTION('',(0.,-0.,1.));
#8005 = DIRECTION('',(2.22044604925E-16,1.,0.));
#8006 = CYLINDRICAL_SURFACE('',#8007,35.);
#8007 = AXIS2_PLACEMENT_3D('',#8008,#8009,#8010);
#8008 = CARTESIAN_POINT('',(-6.585E+03,-200.,2.851E+03));
#8009 = DIRECTION('',(0.,-0.,-1.));
#8010 = DIRECTION('',(2.22044604925E-16,1.,0.));
#8011 = ADVANCED_FACE('',(#8012),#8015,.F.);
#8012 = FACE_BOUND('',#8013,.T.);
#8013 = EDGE_LOOP('',(#8014));
#8014 = ORIENTED_EDGE('',*,*,#8000,.F.);
#8015 = PLANE('',#8016);
#8016 = AXIS2_PLACEMENT_3D('',#8017,#8018,#8019);
#8017 = CARTESIAN_POINT('',(-6.585E+03,-200.,2.851E+03));
#8018 = DIRECTION('',(0.,0.,1.));
#8019 = DIRECTION('',(2.22044604925E-16,1.,0.));
#8020 = ADVANCED_FACE('',(#8021),#8024,.T.);
#8021 = FACE_BOUND('',#8022,.F.);
#8022 = EDGE_LOOP('',(#8023));
#8023 = ORIENTED_EDGE('',*,*,#7992,.F.);
#8024 = PLANE('',#8025);
#8025 = AXIS2_PLACEMENT_3D('',#8026,#8027,#8028);
#8026 = CARTESIAN_POINT('',(-6.585E+03,-200.,3.011E+03));
#8027 = DIRECTION('',(0.,0.,1.));
#8028 = DIRECTION('',(2.22044604925E-16,1.,0.));
#8029 = GEOMETRIC_CURVE_SET('',(#8030));
#8030 = TRIMMED_CURVE('',#8031,(#8035,PARAMETER_VALUE(0.)),(#8036,
    PARAMETER_VALUE(853.803499)),.T.,.PARAMETER.);
#8031 = LINE('',#8032,#8033);
#8032 = CARTESIAN_POINT('',(-6.670602E+03,453.53,0.));
#8033 = VECTOR('',#8034,1.);
#8034 = DIRECTION('',(1.,0.,0.));
#8035 = CARTESIAN_POINT('',(-6.670602E+03,453.53,0.));
#8036 = CARTESIAN_POINT('',(-5.816798501E+03,453.53,0.));
#8037 = GEOMETRIC_CURVE_SET('',(#8038));
#8038 = TRIMMED_CURVE('',#8039,(#8043,PARAMETER_VALUE(0.)),(#8044,
    PARAMETER_VALUE(1.191123501E+03)),.T.,.PARAMETER.);
#8039 = LINE('',#8040,#8041);
#8040 = CARTESIAN_POINT('',(-4.915325501E+03,453.53,0.));
#8041 = VECTOR('',#8042,1.);
#8042 = DIRECTION('',(1.,0.,0.));
#8043 = CARTESIAN_POINT('',(-4.915325501E+03,453.53,0.));
#8044 = CARTESIAN_POINT('',(-3.724202E+03,453.53,0.));
#8045 = GEOMETRIC_CURVE_SET('',(#8046));
#8046 = TRIMMED_CURVE('',#8047,(#8051,PARAMETER_VALUE(0.)),(#8052,
    PARAMETER_VALUE(853.803499)),.T.,.PARAMETER.);
#8047 = LINE('',#8048,#8049);
#8048 = CARTESIAN_POINT('',(-6.670602E+03,573.53,0.));
#8049 = VECTOR('',#8050,1.);
#8050 = DIRECTION('',(1.,0.,0.));
#8051 = CARTESIAN_POINT('',(-6.670602E+03,573.53,0.));
#8052 = CARTESIAN_POINT('',(-5.816798501E+03,573.53,0.));
#8053 = GEOMETRIC_CURVE_SET('',(#8054));
#8054 = TRIMMED_CURVE('',#8055,(#8059,PARAMETER_VALUE(0.)),(#8060,
    PARAMETER_VALUE(1.191123501E+03)),.T.,.PARAMETER.);
#8055 = LINE('',#8056,#8057);
#8056 = CARTESIAN_POINT('',(-4.915325501E+03,573.53,0.));
#8057 = VECTOR('',#8058,1.);
#8058 = DIRECTION('',(1.,0.,0.));
#8059 = CARTESIAN_POINT('',(-4.915325501E+03,573.53,0.));
#8060 = CARTESIAN_POINT('',(-3.724202E+03,573.53,0.));
#8061 = GEOMETRIC_CURVE_SET('',(#8062));
#8062 = TRIMMED_CURVE('',#8063,(#8067,PARAMETER_VALUE(0.)),(#8068,
    PARAMETER_VALUE(244.8)),.T.,.PARAMETER.);
#8063 = LINE('',#8064,#8065);
#8064 = CARTESIAN_POINT('',(-3.724202E+03,393.53,0.));
#8065 = VECTOR('',#8066,1.);
#8066 = DIRECTION('',(0.,-1.,0.));
#8067 = CARTESIAN_POINT('',(-3.724202E+03,393.53,0.));
#8068 = CARTESIAN_POINT('',(-3.724202E+03,148.73,0.));
#8069 = GEOMETRIC_CURVE_SET('',(#8070));
#8070 = TRIMMED_CURVE('',#8071,(#8075,PARAMETER_VALUE(0.)),(#8076,
    PARAMETER_VALUE(1.6256E+03)),.T.,.PARAMETER.);
#8071 = LINE('',#8072,#8073);
#8072 = CARTESIAN_POINT('',(-3.724202E+03,-765.67,0.));
#8073 = VECTOR('',#8074,1.);
#8074 = DIRECTION('',(0.,-1.,0.));
#8075 = CARTESIAN_POINT('',(-3.724202E+03,-765.67,0.));
#8076 = CARTESIAN_POINT('',(-3.724202E+03,-2.39127E+03,0.));
#8077 = GEOMETRIC_CURVE_SET('',(#8078));
#8078 = TRIMMED_CURVE('',#8079,(#8083,PARAMETER_VALUE(0.)),(#8084,
    PARAMETER_VALUE(244.8)),.T.,.PARAMETER.);
#8079 = LINE('',#8080,#8081);
#8080 = CARTESIAN_POINT('',(-3.604202E+03,393.53,0.));
#8081 = VECTOR('',#8082,1.);
#8082 = DIRECTION('',(0.,-1.,0.));
#8083 = CARTESIAN_POINT('',(-3.604202E+03,393.53,0.));
#8084 = CARTESIAN_POINT('',(-3.604202E+03,148.73,0.));
#8085 = GEOMETRIC_CURVE_SET('',(#8086));
#8086 = TRIMMED_CURVE('',#8087,(#8091,PARAMETER_VALUE(0.)),(#8092,
    PARAMETER_VALUE(1.6256E+03)),.T.,.PARAMETER.);
#8087 = LINE('',#8088,#8089);
#8088 = CARTESIAN_POINT('',(-3.604202E+03,-765.67,0.));
#8089 = VECTOR('',#8090,1.);
#8090 = DIRECTION('',(0.,-1.,0.));
#8091 = CARTESIAN_POINT('',(-3.604202E+03,-765.67,0.));
#8092 = CARTESIAN_POINT('',(-3.604202E+03,-2.39127E+03,0.));
#8093 = GEOMETRIC_CURVE_SET('',(#8094));
#8094 = TRIMMED_CURVE('',#8095,(#8099,PARAMETER_VALUE(0.)),(#8100,
    PARAMETER_VALUE(863.59999999999)),.T.,.PARAMETER.);
#8095 = LINE('',#8096,#8097);
#8096 = CARTESIAN_POINT('',(-3.724202E+03,-2.39127E+03,0.));
#8097 = VECTOR('',#8098,1.);
#8098 = DIRECTION('',(-1.,0.,0.));
#8099 = CARTESIAN_POINT('',(-3.724202E+03,-2.39127E+03,0.));
#8100 = CARTESIAN_POINT('',(-4.587802E+03,-2.39127E+03,0.));
#8101 = GEOMETRIC_CURVE_SET('',(#8102));
#8102 = TRIMMED_CURVE('',#8103,(#8107,PARAMETER_VALUE(0.)),(#8108,
    PARAMETER_VALUE(863.59999999999)),.T.,.PARAMETER.);
#8103 = LINE('',#8104,#8105);
#8104 = CARTESIAN_POINT('',(-5.807002E+03,-2.39127E+03,0.));
#8105 = VECTOR('',#8106,1.);
#8106 = DIRECTION('',(-1.,0.,0.));
#8107 = CARTESIAN_POINT('',(-5.807002E+03,-2.39127E+03,0.));
#8108 = CARTESIAN_POINT('',(-6.670602E+03,-2.39127E+03,0.));
#8109 = GEOMETRIC_CURVE_SET('',(#8110));
#8110 = TRIMMED_CURVE('',#8111,(#8115,PARAMETER_VALUE(0.)),(#8116,
    PARAMETER_VALUE(863.59999999999)),.T.,.PARAMETER.);
#8111 = LINE('',#8112,#8113);
#8112 = CARTESIAN_POINT('',(-3.724202E+03,-2.51127E+03,0.));
#8113 = VECTOR('',#8114,1.);
#8114 = DIRECTION('',(-1.,0.,0.));
#8115 = CARTESIAN_POINT('',(-3.724202E+03,-2.51127E+03,0.));
#8116 = CARTESIAN_POINT('',(-4.587802E+03,-2.51127E+03,0.));
#8117 = GEOMETRIC_CURVE_SET('',(#8118));
#8118 = TRIMMED_CURVE('',#8119,(#8123,PARAMETER_VALUE(0.)),(#8124,
    PARAMETER_VALUE(863.59999999999)),.T.,.PARAMETER.);
#8119 = LINE('',#8120,#8121);
#8120 = CARTESIAN_POINT('',(-5.807002E+03,-2.51127E+03,0.));
#8121 = VECTOR('',#8122,1.);
#8122 = DIRECTION('',(-1.,0.,0.));
#8123 = CARTESIAN_POINT('',(-5.807002E+03,-2.51127E+03,0.));
#8124 = CARTESIAN_POINT('',(-6.670602E+03,-2.51127E+03,0.));
#8125 = GEOMETRIC_CURVE_SET('',(#8126));
#8126 = TRIMMED_CURVE('',#8127,(#8131,PARAMETER_VALUE(0.)),(#8132,
    PARAMETER_VALUE(861.702102)),.T.,.PARAMETER.);
#8127 = LINE('',#8128,#8129);
#8128 = CARTESIAN_POINT('',(-6.670602E+03,-2.39127E+03,0.));
#8129 = VECTOR('',#8130,1.);
#8130 = DIRECTION('',(0.,1.,0.));
#8131 = CARTESIAN_POINT('',(-6.670602E+03,-2.39127E+03,0.));
#8132 = CARTESIAN_POINT('',(-6.670602E+03,-1.529567898E+03,0.));
#8133 = GEOMETRIC_CURVE_SET('',(#8134));
#8134 = TRIMMED_CURVE('',#8135,(#8139,PARAMETER_VALUE(0.)),(#8140,
    PARAMETER_VALUE(827.404898)),.T.,.PARAMETER.);
#8135 = LINE('',#8136,#8137);
#8136 = CARTESIAN_POINT('',(-6.670602E+03,-373.874898,0.));
#8137 = VECTOR('',#8138,1.);
#8138 = DIRECTION('',(0.,1.,0.));
#8139 = CARTESIAN_POINT('',(-6.670602E+03,-373.874898,0.));
#8140 = CARTESIAN_POINT('',(-6.670602E+03,453.53,0.));
#8141 = GEOMETRIC_CURVE_SET('',(#8142));
#8142 = TRIMMED_CURVE('',#8143,(#8147,PARAMETER_VALUE(0.)),(#8148,
    PARAMETER_VALUE(861.702102)),.T.,.PARAMETER.);
#8143 = LINE('',#8144,#8145);
#8144 = CARTESIAN_POINT('',(-6.790602E+03,-2.39127E+03,0.));
#8145 = VECTOR('',#8146,1.);
#8146 = DIRECTION('',(0.,1.,0.));
#8147 = CARTESIAN_POINT('',(-6.790602E+03,-2.39127E+03,0.));
#8148 = CARTESIAN_POINT('',(-6.790602E+03,-1.529567898E+03,0.));
#8149 = GEOMETRIC_CURVE_SET('',(#8150));
#8150 = TRIMMED_CURVE('',#8151,(#8155,PARAMETER_VALUE(0.)),(#8156,
    PARAMETER_VALUE(827.404898)),.T.,.PARAMETER.);
#8151 = LINE('',#8152,#8153);
#8152 = CARTESIAN_POINT('',(-6.790602E+03,-373.874898,0.));
#8153 = VECTOR('',#8154,1.);
#8154 = DIRECTION('',(0.,1.,0.));
#8155 = CARTESIAN_POINT('',(-6.790602E+03,-373.874898,0.));
#8156 = CARTESIAN_POINT('',(-6.790602E+03,453.53,0.));
#8157 = GEOMETRIC_CURVE_SET('',(#8158));
#8158 = TRIMMED_CURVE('',#8159,(#8163,PARAMETER_VALUE(0.)),(#8164,
    PARAMETER_VALUE(180.)),.T.,.PARAMETER.);
#8159 = LINE('',#8160,#8161);
#8160 = CARTESIAN_POINT('',(-5.816798501E+03,363.53,0.));
#8161 = VECTOR('',#8162,1.);
#8162 = DIRECTION('',(0.,1.,0.));
#8163 = CARTESIAN_POINT('',(-5.816798501E+03,363.53,0.));
#8164 = CARTESIAN_POINT('',(-5.816798501E+03,543.53,0.));
#8165 = GEOMETRIC_CURVE_SET('',(#8166));
#8166 = TRIMMED_CURVE('',#8167,(#8171,PARAMETER_VALUE(0.)),(#8172,
    PARAMETER_VALUE(180.)),.T.,.PARAMETER.);
#8167 = LINE('',#8168,#8169);
#8168 = CARTESIAN_POINT('',(-4.915325501E+03,363.53,0.));
#8169 = VECTOR('',#8170,1.);
#8170 = DIRECTION('',(0.,1.,0.));
#8171 = CARTESIAN_POINT('',(-4.915325501E+03,363.53,0.));
#8172 = CARTESIAN_POINT('',(-4.915325501E+03,543.53,0.));
#8173 = GEOMETRIC_CURVE_SET('',(#8174));
#8174 = TRIMMED_CURVE('',#8175,(#8179,PARAMETER_VALUE(0.)),(#8180,
    PARAMETER_VALUE(180.)),.T.,.PARAMETER.);
#8175 = LINE('',#8176,#8177);
#8176 = CARTESIAN_POINT('',(-6.580602E+03,-1.529567898E+03,0.));
#8177 = VECTOR('',#8178,1.);
#8178 = DIRECTION('',(-1.,0.,0.));
#8179 = CARTESIAN_POINT('',(-6.580602E+03,-1.529567898E+03,0.));
#8180 = CARTESIAN_POINT('',(-6.760602E+03,-1.529567898E+03,0.));
#8181 = GEOMETRIC_CURVE_SET('',(#8182));
#8182 = TRIMMED_CURVE('',#8183,(#8187,PARAMETER_VALUE(0.)),(#8188,
    PARAMETER_VALUE(180.)),.T.,.PARAMETER.);
#8183 = LINE('',#8184,#8185);
#8184 = CARTESIAN_POINT('',(-6.580602E+03,-373.874898,0.));
#8185 = VECTOR('',#8186,1.);
#8186 = DIRECTION('',(-1.,0.,0.));
#8187 = CARTESIAN_POINT('',(-6.580602E+03,-373.874898,0.));
#8188 = CARTESIAN_POINT('',(-6.760602E+03,-373.874898,0.));
#8189 = GEOMETRIC_CURVE_SET('',(#8190));
#8190 = TRIMMED_CURVE('',#8191,(#8195,PARAMETER_VALUE(0.)),(#8196,
    PARAMETER_VALUE(1.155693E+03)),.T.,.PARAMETER.);
#8191 = LINE('',#8192,#8193);
#8192 = CARTESIAN_POINT('',(-6.670602E+03,-1.529567898E+03,0.));
#8193 = VECTOR('',#8194,1.);
#8194 = DIRECTION('',(0.,1.,0.));
#8195 = CARTESIAN_POINT('',(-6.670602E+03,-1.529567898E+03,0.));
#8196 = CARTESIAN_POINT('',(-6.670602E+03,-373.874898,0.));
#8197 = GEOMETRIC_CURVE_SET('',(#8198));
#8198 = TRIMMED_CURVE('',#8199,(#8203,PARAMETER_VALUE(0.)),(#8204,
    PARAMETER_VALUE(180.)),.T.,.PARAMETER.);
#8199 = LINE('',#8200,#8201);
#8200 = CARTESIAN_POINT('',(-5.807002E+03,-2.48127E+03,0.));
#8201 = VECTOR('',#8202,1.);
#8202 = DIRECTION('',(0.,1.,0.));
#8203 = CARTESIAN_POINT('',(-5.807002E+03,-2.48127E+03,0.));
#8204 = CARTESIAN_POINT('',(-5.807002E+03,-2.30127E+03,0.));
#8205 = GEOMETRIC_CURVE_SET('',(#8206));
#8206 = TRIMMED_CURVE('',#8207,(#8211,PARAMETER_VALUE(0.)),(#8212,
    PARAMETER_VALUE(180.)),.T.,.PARAMETER.);
#8207 = LINE('',#8208,#8209);
#8208 = CARTESIAN_POINT('',(-4.587802E+03,-2.48127E+03,0.));
#8209 = VECTOR('',#8210,1.);
#8210 = DIRECTION('',(0.,1.,0.));
#8211 = CARTESIAN_POINT('',(-4.587802E+03,-2.48127E+03,0.));
#8212 = CARTESIAN_POINT('',(-4.587802E+03,-2.30127E+03,0.));
#8213 = GEOMETRIC_CURVE_SET('',(#8214));
#8214 = TRIMMED_CURVE('',#8215,(#8219,PARAMETER_VALUE(0.)),(#8220,
    PARAMETER_VALUE(180.)),.T.,.PARAMETER.);
#8215 = LINE('',#8216,#8217);
#8216 = CARTESIAN_POINT('',(-3.814202E+03,148.73,0.));
#8217 = VECTOR('',#8218,1.);
#8218 = DIRECTION('',(1.,0.,0.));
#8219 = CARTESIAN_POINT('',(-3.814202E+03,148.73,0.));
#8220 = CARTESIAN_POINT('',(-3.634202E+03,148.73,0.));
#8221 = GEOMETRIC_CURVE_SET('',(#8222));
#8222 = TRIMMED_CURVE('',#8223,(#8227,PARAMETER_VALUE(0.)),(#8228,
    PARAMETER_VALUE(180.)),.T.,.PARAMETER.);
#8223 = LINE('',#8224,#8225);
#8224 = CARTESIAN_POINT('',(-3.814202E+03,-765.67,0.));
#8225 = VECTOR('',#8226,1.);
#8226 = DIRECTION('',(1.,0.,0.));
#8227 = CARTESIAN_POINT('',(-3.814202E+03,-765.67,0.));
#8228 = CARTESIAN_POINT('',(-3.634202E+03,-765.67,0.));
#8229 = ( GEOMETRIC_REPRESENTATION_CONTEXT(3) 
GLOBAL_UNCERTAINTY_ASSIGNED_CONTEXT((#8233)) 
GLOBAL_UNIT_ASSIGNED_CONTEXT((#8230,#8231,#8232)) REPRESENTATION_CONTEXT
('Context #1','3D Context with UNIT and UNCERTAINTY') );
#8230 = ( LENGTH_UNIT() NAMED_UNIT(*) SI_UNIT(.MILLI.,.METRE.) );
#8231 = ( NAMED_UNIT(*) PLANE_ANGLE_UNIT() SI_UNIT($,.RADIAN.) );
#8232 = ( NAMED_UNIT(*) SI_UNIT($,.STERADIAN.) SOLID_ANGLE_UNIT() );
#8233 = UNCERTAINTY_MEASURE_WITH_UNIT(LENGTH_MEASURE(1.E-07),#8230,
  'distance_accuracy_value','confusion accuracy');
#8234 = PRODUCT_RELATED_PRODUCT_CATEGORY('part',$,(#7));
ENDSEC;
END-ISO-10303-21;
